#tactical-fusion-cyber/1	cveattack	2026-09-24T15:06:55Z	kev-attack-enterprise.json
CVE-2007-5659	[{"id":"T1204.002","types":["exploitation technique"]}]
CVE-2008-0655	[{"id":"T1204.002","types":["exploitation technique"]}]
CVE-2008-2992	[{"id":"T1204.002","types":["exploitation technique"]}]
CVE-2009-1862	[{"id":"T1204.002","types":["exploitation technique"]}]
CVE-2009-3953	[{"id":"T1204.002","types":["exploitation technique"]}]
CVE-2009-3960	[{"id":"T1190","types":["exploitation technique"]},{"id":"T1486","types":["primary impact"]}]
CVE-2009-4324	[{"id":"T1204.002","types":["exploitation technique"]},{"id":"T1071.001","types":["primary impact"]}]
CVE-2010-0188	[{"id":"T1189","types":["exploitation technique"]},{"id":"T1105","types":["primary impact"]}]
CVE-2010-1297	[{"id":"T1189","types":["exploitation technique"]},{"id":"T1204.002","types":["exploitation technique"]},{"id":"T1105","types":["primary impact"]}]
CVE-2010-2861	[{"id":"T1190","types":["exploitation technique"]},{"id":"T1105","types":["primary impact"]},{"id":"T1119","types":["secondary impact"]}]
CVE-2010-2883	[{"id":"T1204.002","types":["exploitation technique"]},{"id":"T1027","types":["primary impact"]},{"id":"T1059","types":["secondary impact"]}]
CVE-2011-0611	[{"id":"T1204.002","types":["exploitation technique"]},{"id":"T1105","types":["primary impact"]}]
CVE-2011-2462	[{"id":"T1204.002","types":["exploitation technique"]}]
CVE-2012-0754	[{"id":"T1204.002","types":["exploitation technique"]},{"id":"T1105","types":["primary impact"]}]
CVE-2012-0767	[{"id":"T1204.001","types":["exploitation technique"]},{"id":"T1185","types":["primary impact"]},{"id":"T1098","types":["secondary impact"]},{"id":"T1114.002","types":["secondary impact"]}]
CVE-2012-1535	[{"id":"T1204.002","types":["exploitation technique"]},{"id":"T1105","types":["primary impact"]}]
CVE-2012-2034	[{"id":"T1189","types":["exploitation technique"]}]
CVE-2012-5054	[{"id":"T1189","types":["exploitation technique"]}]
CVE-2013-0625	[{"id":"T1190","types":["exploitation technique"]}]
CVE-2013-0629	[{"id":"T1190","types":["exploitation technique"]},{"id":"T1202","types":["primary impact"]},{"id":"T1005","types":["secondary impact"]}]
CVE-2013-0631	[{"id":"T1190","types":["exploitation technique"]},{"id":"T1592","types":["primary impact"]}]
CVE-2013-0632	[{"id":"T1190","types":["exploitation technique"]}]
CVE-2013-0640	[{"id":"T1566.001","types":["exploitation technique"]}]
CVE-2013-0641	[{"id":"T1204.002","types":["exploitation technique"]},{"id":"T1105","types":["primary impact"]},{"id":"T1048","types":["secondary impact"]}]
CVE-2013-3346	[{"id":"T1059.007","types":["exploitation technique"]}]
CVE-2014-0496	[{"id":"T1204.002","types":["exploitation technique"]}]
CVE-2014-0546	[{"id":"T1068","types":["primary impact"]},{"id":"T1497","types":["primary impact"]}]
CVE-2014-6271	[{"id":"T1133","types":["exploitation technique"]},{"id":"T1190","types":["exploitation technique"]},{"id":"T1059.004","types":["primary impact"]}]
CVE-2014-7169	[{"id":"T1133","types":["exploitation technique"]},{"id":"T1190","types":["exploitation technique"]},{"id":"T1059.004","types":["primary impact"]}]
CVE-2014-8439	[{"id":"T1189","types":["exploitation technique"]}]
CVE-2015-0310	[{"id":"T1189","types":["exploitation technique"]}]
CVE-2015-0313	[{"id":"T1189","types":["exploitation technique"]}]
CVE-2015-3043	[{"id":"T1189","types":["exploitation technique"]},{"id":"T1204.002","types":["exploitation technique"]},{"id":"T1499.004","types":["primary impact"]}]
CVE-2015-3113	[{"id":"T1204.002","types":["exploitation technique"]},{"id":"T1071.001","types":["primary impact"]},{"id":"T1497","types":["secondary impact"]},{"id":"T1622","types":["secondary impact"]}]
CVE-2015-5119	[{"id":"T1059.007","types":["exploitation technique"]},{"id":"T1203","types":["exploitation technique"]},{"id":"T1204.001","types":["exploitation technique"]},{"id":"T1566.002","types":["exploitation technique"]},{"id":"T1105","types":["primary impact"]},{"id":"T1055.001","types":["secondary impact"]},{"id":"T1071.001","types":["secondary impact"]}]
CVE-2015-7645	[{"id":"T1204.002","types":["exploitation technique"]}]
CVE-2015-8651	[{"id":"T1189","types":["exploitation technique"]},{"id":"T1105","types":["primary impact"]},{"id":"T1486","types":["secondary impact"]}]
CVE-2016-0984	[{"id":"T1204.002","types":["exploitation technique"]},{"id":"T1105","types":["primary impact"]}]
CVE-2016-10033	[{"id":"T1190","types":["exploitation technique"]},{"id":"T1059.004","types":["primary impact"]}]
CVE-2016-1010	[{"id":"T1574","types":["exploitation technique"]}]
CVE-2016-1019	[{"id":"T1189","types":["exploitation technique"]},{"id":"T1105","types":["primary impact"]},{"id":"T1486","types":["secondary impact"]}]
CVE-2016-4117	[{"id":"T1204.002","types":["exploitation technique"]},{"id":"T1105","types":["primary impact"]}]
CVE-2016-4437	[{"id":"T1190","types":["exploitation technique"]},{"id":"T1059","types":["primary impact"]}]
CVE-2016-7855	[{"id":"T1189","types":["exploitation technique"]}]
CVE-2017-11292	[{"id":"T1204.002","types":["exploitation technique"]},{"id":"T1566.001","types":["exploitation technique"]},{"id":"T1105","types":["primary impact"]},{"id":"T1005","types":["secondary impact"]}]
CVE-2017-11882	[{"id":"T1566.001","types":["exploitation technique"]},{"id":"T1059","types":["primary impact"]}]
CVE-2017-12637	[{"id":"T1190","types":["exploitation technique"]},{"id":"T1083","types":["primary impact"]},{"id":"T1555","types":["secondary impact"]},{"id":"T1592","types":["secondary impact"]}]
CVE-2017-5638	[{"id":"T1190","types":["exploitation technique"]},{"id":"T1059","types":["primary impact"]},{"id":"T1005","types":["secondary impact"]}]
CVE-2017-6742	[{"id":"T1574","types":["exploitation technique"]},{"id":"T1059","types":["primary impact"]},{"id":"T1048","types":["secondary impact"]},{"id":"T1542.005","types":["secondary impact"]}]
CVE-2017-9805	[{"id":"T1190","types":["exploitation technique"]},{"id":"T1059","types":["primary impact"]}]
CVE-2017-9822	[{"id":"T1190","types":["exploitation technique"]},{"id":"T1059","types":["primary impact"]},{"id":"T1496","types":["secondary impact"]}]
CVE-2018-0296	[{"id":"T1202","types":["exploitation technique"]},{"id":"T1005","types":["primary impact"]}]
CVE-2018-11776	[{"id":"T1190","types":["exploitation technique"]},{"id":"T1059","types":["primary impact"]},{"id":"T1496","types":["secondary impact"]}]
CVE-2018-13379	[{"id":"T1190","types":["exploitation technique"]}]
CVE-2018-15961	[{"id":"T1190","types":["exploitation technique"]},{"id":"T1491.002","types":["primary impact"]}]
CVE-2018-15982	[{"id":"T1204.002","types":["exploitation technique"]},{"id":"T1105","types":["primary impact"]}]
CVE-2018-4878	[{"id":"T1204.002","types":["exploitation technique"]},{"id":"T1219","types":["primary impact"]},{"id":"T1041","types":["secondary impact"]}]
CVE-2018-4939	[{"id":"T1203","types":["exploitation technique"]},{"id":"T1133","types":["primary impact"]},{"id":"T1190","types":["primary impact"]}]
CVE-2018-4990	[{"id":"T1059.007","types":["exploitation technique"]},{"id":"T1204.002","types":["exploitation technique"]}]
CVE-2018-6789	[{"id":"T1190","types":["exploitation technique"]},{"id":"T1059","types":["primary impact"]}]
CVE-2018-7600	[{"id":"T1190","types":["exploitation technique"]},{"id":"T1059","types":["primary impact"]},{"id":"T1485","types":["secondary impact"]},{"id":"T1496","types":["secondary impact"]}]
CVE-2019-0211	[{"id":"T1068","types":["exploitation technique"]}]
CVE-2019-0604	[{"id":"T1190","types":["exploitation technique"]},{"id":"T1041","types":["primary impact"]},{"id":"T1505.003","types":["primary impact"]},{"id":"T1608.001","types":["primary impact"]},{"id":"T1003","types":["secondary impact"]}]
CVE-2019-0708	[{"id":"T1133","types":["exploitation technique"]},{"id":"T1059.004","types":["primary impact"]},{"id":"T1498","types":["secondary impact"]}]
CVE-2019-11510	[{"id":"T1133","types":["exploitation technique"]},{"id":"T1059","types":["primary impact"]},{"id":"T1083","types":["secondary impact"]},{"id":"T1552.001","types":["secondary impact"]}]
CVE-2019-11580	[{"id":"T1059","types":["primary impact"]}]
CVE-2019-11634	[{"id":"T1190","types":["exploitation technique"]},{"id":"T1059","types":["primary impact"]},{"id":"T1003","types":["secondary impact"]},{"id":"T1005","types":["secondary impact"]},{"id":"T1046","types":["secondary impact"]},{"id":"T1078","types":["secondary impact"]},{"id":"T1486","types":["secondary impact"]}]
CVE-2019-13608	[{"id":"T1059","types":["primary impact"]},{"id":"T1003","types":["secondary impact"]},{"id":"T1005","types":["secondary impact"]},{"id":"T1046","types":["secondary impact"]},{"id":"T1078","types":["secondary impact"]}]
CVE-2019-1653	[{"id":"T1190","types":["exploitation technique"]},{"id":"T1082","types":["primary impact"]},{"id":"T1005","types":["secondary impact"]},{"id":"T1007","types":["secondary impact"]}]
CVE-2019-17558	[{"id":"T1190","types":["exploitation technique"]},{"id":"T1059","types":["primary impact"]}]
CVE-2019-18935	[{"id":"T1190","types":["exploitation technique"]},{"id":"T1041","types":["primary impact"]},{"id":"T1496","types":["primary impact"]},{"id":"T1505.003","types":["primary impact"]}]
CVE-2019-19781	[{"id":"T1133","types":["exploitation technique"]},{"id":"T1059","types":["primary impact"]},{"id":"T1083","types":["secondary impact"]}]
CVE-2019-3396	[{"id":"T1133","types":["exploitation technique"]},{"id":"T1090","types":["primary impact"]},{"id":"T1202","types":["secondary impact"]}]
CVE-2019-3398	[{"id":"T1202","types":["exploitation technique"]},{"id":"T1059","types":["primary impact"]}]
CVE-2019-5591	[{"id":"T1133","types":["exploitation technique"]},{"id":"T1557","types":["primary impact"]},{"id":"T1005","types":["secondary impact"]}]
CVE-2020-0069	[{"id":"T1068","types":["exploitation technique"]}]
CVE-2020-0688	[{"id":"T1190","types":["exploitation technique"]},{"id":"T1110","types":["primary impact"]},{"id":"T1114","types":["primary impact"]},{"id":"T1505.003","types":["secondary impact"]}]
CVE-2020-0787	[{"id":"T1068","types":["exploitation technique"]},{"id":"T1059","types":["primary impact"]}]
CVE-2020-12812	[{"id":"T1556","types":["exploitation technique","primary impact"]}]
CVE-2020-1472	[{"id":"T1110","types":["exploitation technique"]},{"id":"T1133","types":["exploitation technique","secondary impact"]},{"id":"T1021","types":["primary impact"]},{"id":"T1068","types":["primary impact"]},{"id":"T1087.002","types":["primary impact","secondary impact"]},{"id":"T1486","types":["secondary impact"]}]
CVE-2020-15505	[{"id":"T1190","types":["exploitation technique"]},{"id":"T1059","types":["primary impact"]}]
CVE-2020-17530	[{"id":"T1190","types":["exploitation technique"]},{"id":"T1059","types":["primary impact"]}]
CVE-2020-25506	[{"id":"T1133","types":["exploitation technique"]},{"id":"T1059","types":["primary impact"]},{"id":"T1584.005","types":["secondary impact"]}]
CVE-2020-29557	[{"id":"T1190","types":["exploitation technique"]},{"id":"T1059","types":["primary impact"]},{"id":"T1584.005","types":["secondary impact"]}]
CVE-2020-29574	[{"id":"T1055","types":["exploitation technique"]},{"id":"T1059","types":["primary impact"]}]
CVE-2020-3452	[{"id":"T1202","types":["exploitation technique"]},{"id":"T1005","types":["primary impact"]}]
CVE-2020-3580	[{"id":"T1204.001","types":["exploitation technique"]},{"id":"T1059","types":["primary impact"]},{"id":"T1217","types":["secondary impact"]}]
CVE-2020-5735	[{"id":"T1574","types":["primary impact"]},{"id":"T1499","types":["secondary impact"]}]
CVE-2020-5902	[{"id":"T1133","types":["exploitation technique"]},{"id":"T1190","types":["exploitation technique"]},{"id":"T1059","types":["primary impact"]},{"id":"T1003","types":["secondary impact"]},{"id":"T1005","types":["secondary impact"]},{"id":"T1070.004","types":["secondary impact"]},{"id":"T1552","types":["secondary impact"]},{"id":"T1562.001","types":["secondary impact"]}]
CVE-2020-8193	[{"id":"T1556","types":["exploitation technique"]},{"id":"T1005","types":["primary impact"]}]
CVE-2020-8195	[{"id":"T1056","types":["exploitation technique"]},{"id":"T1005","types":["primary impact"]},{"id":"T1082","types":["primary impact"]}]
CVE-2020-8196	[{"id":"T1056","types":["exploitation technique"]},{"id":"T1082","types":["primary impact"]},{"id":"T1005","types":["secondary impact"]}]
CVE-2020-8515	[{"id":"T1133","types":["exploitation technique"]},{"id":"T1059","types":["primary impact"]},{"id":"T1496","types":["secondary impact"]}]
CVE-2020-8657	[{"id":"T1106","types":["exploitation technique"]}]
CVE-2021-1497	[{"id":"T1133","types":["exploitation technique"]},{"id":"T1059","types":["primary impact"]}]
CVE-2021-1498	[{"id":"T1133","types":["exploitation technique"]},{"id":"T1059","types":["primary impact"]}]
CVE-2021-20035	[{"id":"T1059","types":["exploitation technique"]},{"id":"T1078","types":["exploitation technique"]}]
CVE-2021-21017	[{"id":"T1204.002","types":["exploitation technique"]}]
CVE-2021-21148	[{"id":"T1059.007","types":["exploitation technique"]},{"id":"T1203","types":["primary impact"]}]
CVE-2021-21166	[{"id":"T1059.007","types":["exploitation technique"]},{"id":"T1203","types":["primary impact"]}]
CVE-2021-21206	[{"id":"T1059.007","types":["exploitation technique"]},{"id":"T1203","types":["exploitation technique"]}]
CVE-2021-21972	[{"id":"T1190","types":["exploitation technique"]},{"id":"T1059","types":["primary impact"]}]
CVE-2021-21973	[{"id":"T1190","types":["exploitation technique"]},{"id":"T1046","types":["primary impact"]}]
CVE-2021-21975	[{"id":"T1190","types":["exploitation technique"]}]
CVE-2021-22005	[{"id":"T1190","types":["exploitation technique"]},{"id":"T1059","types":["primary impact"]}]
CVE-2021-22017	[{"id":"T1190","types":["exploitation technique"]},{"id":"T1090.001","types":["primary impact"]}]
CVE-2021-22204	[{"id":"T1190","types":["exploitation technique"]},{"id":"T1059","types":["primary impact"]}]
CVE-2021-22205	[{"id":"T1190","types":["exploitation technique"]},{"id":"T1059","types":["primary impact"]},{"id":"T1498","types":["primary impact","secondary impact"]},{"id":"T1496","types":["secondary impact"]}]
CVE-2021-22893	[{"id":"T1190","types":["exploitation technique"]},{"id":"T1059","types":["primary impact"]},{"id":"T1003","types":["secondary impact"]}]
CVE-2021-22894	[{"id":"T1078","types":["exploitation technique"]},{"id":"T1059","types":["primary impact"]}]
CVE-2021-22899	[{"id":"T1078","types":["exploitation technique"]},{"id":"T1059.003","types":["primary impact"]}]
CVE-2021-22900	[{"id":"T1059","types":["exploitation technique"]},{"id":"T1068","types":["primary impact"]}]
CVE-2021-22986	[{"id":"T1133","types":["exploitation technique"]},{"id":"T1190","types":["exploitation technique"]},{"id":"T1059","types":["primary impact"]},{"id":"T1090","types":["primary impact"]},{"id":"T1485","types":["secondary impact"]}]
CVE-2021-26084	[{"id":"T1059","types":["primary impact"]},{"id":"T1496","types":["secondary impact"]}]
CVE-2021-26085	[{"id":"T1190","types":["exploitation technique"]},{"id":"T1005","types":["primary impact"]}]
CVE-2021-26855	[{"id":"T1133","types":["exploitation technique"]},{"id":"T1090","types":["primary impact"]},{"id":"T1005","types":["secondary impact"]},{"id":"T1505.003","types":["secondary impact"]}]
CVE-2021-26857	[{"id":"T1505.003","types":["primary impact"]},{"id":"T1133","types":["secondary impact"]}]
CVE-2021-26858	[{"id":"T1190","types":["exploitation technique"]},{"id":"T1505.003","types":["primary impact"]}]
CVE-2021-27059	[{"id":"T1203","types":["exploitation technique"]}]
CVE-2021-27065	[{"id":"T1190","types":["exploitation technique"]},{"id":"T1505.003","types":["primary impact"]}]
CVE-2021-27101	[{"id":"T1059","types":["primary impact"]},{"id":"T1005","types":["secondary impact"]}]
CVE-2021-27102	[{"id":"T1190","types":["exploitation technique"]},{"id":"T1059","types":["primary impact"]},{"id":"T1005","types":["secondary impact"]}]
CVE-2021-27103	[{"id":"T1190","types":["exploitation technique"]},{"id":"T1005","types":["secondary impact"]}]
CVE-2021-27104	[{"id":"T1190","types":["exploitation technique"]},{"id":"T1059","types":["primary impact"]},{"id":"T1005","types":["secondary impact"]}]
CVE-2021-27860	[{"id":"T1190","types":["exploitation technique"]},{"id":"T1505.003","types":["primary impact"]}]
CVE-2021-28550	[{"id":"T1204.002","types":["exploitation technique"]}]
CVE-2021-29256	[{"id":"T1203","types":["exploitation technique"]},{"id":"T1068","types":["primary impact"]},{"id":"T1005","types":["secondary impact"]}]
CVE-2021-30554	[{"id":"T1059.007","types":["exploitation technique"]},{"id":"T1203","types":["exploitation technique"]}]
CVE-2021-31166	[{"id":"T1190","types":["exploitation technique"]},{"id":"T1059","types":["primary impact"]}]
CVE-2021-31207	[{"id":"T1548.002","types":["exploitation technique"]},{"id":"T1565","types":["primary impact"]}]
CVE-2021-3129	[{"id":"T1190","types":["exploitation technique"]},{"id":"T1059","types":["primary impact"]}]
CVE-2021-32030	[{"id":"T1068","types":["exploitation technique"]},{"id":"T1040","types":["primary impact"]},{"id":"T1098","types":["primary impact"]}]
CVE-2021-33739	[{"id":"T1598.002","types":["exploitation technique"]},{"id":"T1068","types":["primary impact"]}]
CVE-2021-34473	[{"id":"T1190","types":["exploitation technique"]},{"id":"T1053.005","types":["primary impact"]},{"id":"T1048.003","types":["secondary impact"]},{"id":"T1136","types":["secondary impact"]},{"id":"T1486","types":["secondary impact"]}]
CVE-2021-34523	[{"id":"T1190","types":["exploitation technique"]}]
CVE-2021-35394	[{"id":"T1190","types":["exploitation technique"]},{"id":"T1059","types":["primary impact"]},{"id":"T1071.001","types":["secondary impact"]},{"id":"T1105","types":["secondary impact"]},{"id":"T1496","types":["secondary impact"]},{"id":"T1499","types":["secondary impact"]},{"id":"T1569.002","types":["secondary impact"]}]
CVE-2021-35464	[{"id":"T1190","types":["exploitation technique"]},{"id":"T1059","types":["primary impact"]}]
CVE-2021-36380	[{"id":"T1190","types":["exploitation technique"]},{"id":"T1059.004","types":["primary impact"]}]
CVE-2021-36934	[{"id":"T1078","types":["exploitation technique"]},{"id":"T1068","types":["primary impact"]}]
CVE-2021-37415	[{"id":"T1190","types":["exploitation technique"]}]
CVE-2021-37975	[{"id":"T1059.007","types":["exploitation technique"]},{"id":"T1203","types":["primary impact"]}]
CVE-2021-38000	[{"id":"T1660","types":["exploitation technique"]},{"id":"T1437","types":["primary impact"]},{"id":"T1658","types":["primary impact"]}]
CVE-2021-39144	[{"id":"T1190","types":["exploitation technique"]},{"id":"T1203","types":["primary impact"]}]
CVE-2021-39226	[{"id":"T1190","types":["exploitation technique"]},{"id":"T1485","types":["primary impact"]}]
CVE-2021-4034	[{"id":"T1068","types":["exploitation technique"]}]
CVE-2021-40449	[{"id":"T1566","types":["exploitation technique"]},{"id":"T1068","types":["primary impact"]},{"id":"T1016","types":["secondary impact"]},{"id":"T1027","types":["secondary impact"]},{"id":"T1059.003","types":["secondary impact"]},{"id":"T1071.001","types":["secondary impact"]},{"id":"T1082","types":["secondary impact"]},{"id":"T1573.001","types":["secondary impact"]}]
CVE-2021-40539	[{"id":"T1190","types":["exploitation technique"]},{"id":"T1505.003","types":["primary impact","secondary impact"]},{"id":"T1003","types":["secondary impact"]},{"id":"T1003.003","types":["secondary impact"]},{"id":"T1027","types":["secondary impact"]},{"id":"T1047","types":["secondary impact"]},{"id":"T1070.004","types":["secondary impact"]},{"id":"T1087.002","types":["secondary impact"]},{"id":"T1136","types":["secondary impact"]},{"id":"T1140","types":["secondary impact"]},{"id":"T1218","types":["secondary impact"]},{"id":"T1560.001","types":["secondary impact"]},{"id":"T1573.001","types":["secondary impact"]}]
CVE-2021-40655	[{"id":"T1190","types":["exploitation technique"]}]
CVE-2021-41379	[{"id":"T1078","types":["exploitation technique"]},{"id":"T1068","types":["primary impact"]}]
CVE-2021-41773	[{"id":"T1210","types":["exploitation technique"]},{"id":"T1059","types":["primary impact"]}]
CVE-2021-42013	[{"id":"T1210","types":["exploitation technique"]},{"id":"T1059","types":["primary impact"]}]
CVE-2021-42237	[{"id":"T1059","types":["primary impact"]}]
CVE-2021-42258	[{"id":"T1059","types":["primary impact"]},{"id":"T1486","types":["secondary impact"]}]
CVE-2021-42321	[{"id":"T1078","types":["exploitation technique"]},{"id":"T1059","types":["primary impact"]}]
CVE-2021-44077	[{"id":"T1190","types":["exploitation technique"]},{"id":"T1505.003","types":["primary impact"]},{"id":"T1003","types":["secondary impact"]},{"id":"T1003.003","types":["secondary impact"]},{"id":"T1027","types":["secondary impact"]},{"id":"T1047","types":["secondary impact"]},{"id":"T1070.004","types":["secondary impact"]},{"id":"T1087.002","types":["secondary impact"]},{"id":"T1136","types":["secondary impact"]},{"id":"T1140","types":["secondary impact"]},{"id":"T1218","types":["secondary impact"]},{"id":"T1560.001","types":["secondary impact"]},{"id":"T1573.001","types":["secondary impact"]}]
CVE-2021-44168	[{"id":"T1078.003","types":["exploitation technique"]},{"id":"T1601","types":["primary impact"]}]
CVE-2021-44228	[{"id":"T1190","types":["exploitation technique"]},{"id":"T1486","types":["secondary impact"]},{"id":"T1496","types":["secondary impact"]},{"id":"T1505.003","types":["secondary impact"]},{"id":"T1608.001","types":["secondary impact"]}]
CVE-2021-44515	[{"id":"T1190","types":["exploitation technique"]},{"id":"T1105","types":["primary impact"]},{"id":"T1003","types":["secondary impact"]},{"id":"T1069","types":["secondary impact"]},{"id":"T1087","types":["secondary impact"]}]
CVE-2021-44529	[{"id":"T1190","types":["exploitation technique"]},{"id":"T1195.002","types":["primary impact"]}]
CVE-2021-45046	[{"id":"T1059","types":["primary impact"]},{"id":"T1486","types":["secondary impact"]}]
CVE-2021-45382	[{"id":"T1190","types":["exploitation technique"]},{"id":"T1059","types":["primary impact"]},{"id":"T1070","types":["secondary impact"]},{"id":"T1071","types":["secondary impact"]},{"id":"T1499.002","types":["secondary impact"]},{"id":"T1543","types":["secondary impact"]}]
CVE-2022-0028	[{"id":"T1190","types":["exploitation technique"]},{"id":"T1498","types":["primary impact"]}]
CVE-2022-1040	[{"id":"T1190","types":["exploitation technique"]},{"id":"T1059","types":["primary impact"]},{"id":"T1040","types":["secondary impact"]},{"id":"T1078","types":["secondary impact"]},{"id":"T1557","types":["secondary impact"]},{"id":"T1574","types":["secondary impact"]}]
CVE-2022-1388	[{"id":"T1548","types":["exploitation technique"]}]
CVE-2022-20699	[{"id":"T1133","types":["exploitation technique"]},{"id":"T1059.004","types":["primary impact"]}]
CVE-2022-20700	[{"id":"T1190","types":["exploitation technique"]},{"id":"T1059.004","types":["primary impact"]}]
CVE-2022-20701	[{"id":"T1078","types":["exploitation technique"]},{"id":"T1203","types":["primary impact"]}]
CVE-2022-20703	[{"id":"T1203","types":["exploitation technique"]}]
CVE-2022-20708	[{"id":"T1190","types":["exploitation technique"]},{"id":"T1068","types":["primary impact"]}]
CVE-2022-20821	[{"id":"T1190","types":["exploitation technique"]}]
CVE-2022-21919	[{"id":"T1078","types":["exploitation technique"]},{"id":"T1068","types":["primary impact"]}]
CVE-2022-21971	[{"id":"T1204.001","types":["exploitation technique"]},{"id":"T1059","types":["primary impact"]}]
CVE-2022-21999	[{"id":"T1078","types":["exploitation technique"]},{"id":"T1068","types":["primary impact"]},{"id":"T1059","types":["secondary impact"]},{"id":"T1136.001","types":["secondary impact"]},{"id":"T1211","types":["secondary impact"]}]
CVE-2022-22047	[{"id":"T1078","types":["exploitation technique"]},{"id":"T1068","types":["primary impact"]},{"id":"T1059","types":["secondary impact"]},{"id":"T1547.001","types":["secondary impact"]}]
CVE-2022-22718	[{"id":"T1078","types":["exploitation technique"]},{"id":"T1068","types":["primary impact"]}]
CVE-2022-22947	[{"id":"T1190","types":["exploitation technique"]},{"id":"T1059","types":["primary impact"]},{"id":"T1486","types":["secondary impact"]}]
CVE-2022-22948	[{"id":"T1078","types":["exploitation technique"]},{"id":"T1212","types":["primary impact"]},{"id":"T1068","types":["secondary impact"]}]
CVE-2022-22954	[{"id":"T1221","types":["exploitation technique"]},{"id":"T1505.003","types":["primary impact"]}]
CVE-2022-22960	[{"id":"T1222","types":["exploitation technique"]}]
CVE-2022-22963	[{"id":"T1190","types":["exploitation technique"]},{"id":"T1059.007","types":["primary impact"]},{"id":"T1505.003","types":["secondary impact"]}]
CVE-2022-22965	[{"id":"T1190","types":["exploitation technique"]},{"id":"T1059","types":["primary impact"]}]
CVE-2022-23131	[{"id":"T1190","types":["exploitation technique"]},{"id":"T1548","types":["primary impact"]},{"id":"T1059","types":["secondary impact"]},{"id":"T1078","types":["secondary impact"]}]
CVE-2022-23748	[{"id":"T1059","types":["exploitation technique"]},{"id":"T1203","types":["exploitation technique"]}]
CVE-2022-24086	[{"id":"T1190","types":["exploitation technique"]},{"id":"T1027","types":["primary impact"]},{"id":"T1213","types":["secondary impact"]}]
CVE-2022-24521	[{"id":"T1078","types":["exploitation technique"]},{"id":"T1068","types":["primary impact"]},{"id":"T1059","types":["secondary impact"]}]
CVE-2022-24682	[{"id":"T1204.001","types":["exploitation technique"]},{"id":"T1059.007","types":["primary impact"]},{"id":"T1185","types":["secondary impact"]}]
CVE-2022-26134	[{"id":"T1190","types":["exploitation technique"]}]
CVE-2022-26138	[{"id":"T1552.001","types":["exploitation technique"]}]
CVE-2022-26258	[{"id":"T1190","types":["exploitation technique"]},{"id":"T1059","types":["primary impact"]},{"id":"T1499.002","types":["secondary impact"]}]
CVE-2022-26500	[{"id":"T1078","types":["exploitation technique"]},{"id":"T1190","types":["exploitation technique"]},{"id":"T1059","types":["primary impact"]},{"id":"T1036","types":["secondary impact"]},{"id":"T1048","types":["secondary impact"]}]
CVE-2022-26501	[{"id":"T1190","types":["exploitation technique"]},{"id":"T1059","types":["primary impact"]},{"id":"T1036","types":["secondary impact"]},{"id":"T1048","types":["secondary impact"]}]
CVE-2022-26904	[{"id":"T1078","types":["exploitation technique"]},{"id":"T1068","types":["primary impact"]}]
CVE-2022-28810	[{"id":"T1190","types":["exploitation technique"]}]
CVE-2022-29303	[{"id":"T1505","types":["exploitation technique"]},{"id":"T1059","types":["primary impact"]},{"id":"T1496","types":["secondary impact"]}]
CVE-2022-29464	[{"id":"T1190","types":["exploitation technique"]},{"id":"T1202","types":["primary impact"]},{"id":"T1496","types":["secondary impact"]}]
CVE-2022-30190	[{"id":"T1204.002","types":["exploitation technique"]},{"id":"T1105","types":["primary impact"]}]
CVE-2022-3038	[{"id":"T1204.001","types":["exploitation technique"]},{"id":"T1574","types":["primary impact"]}]
CVE-2022-3075	[{"id":"T1204.001","types":["exploitation technique"]}]
CVE-2022-34713	[{"id":"T1566","types":["exploitation technique"]},{"id":"T1204.002","types":["primary impact"]},{"id":"T1059","types":["secondary impact"]}]
CVE-2022-35405	[{"id":"T1059","types":["exploitation technique"]}]
CVE-2022-35914	[{"id":"T1059","types":["exploitation technique"]},{"id":"T1190","types":["exploitation technique"]}]
CVE-2022-36804	[{"id":"T1190","types":["exploitation technique"]},{"id":"T1059","types":["primary impact"]}]
CVE-2022-37969	[{"id":"T1078","types":["exploitation technique"]},{"id":"T1068","types":["primary impact"]},{"id":"T1059","types":["secondary impact"]}]
CVE-2022-38181	[{"id":"T1660","types":["exploitation technique"]},{"id":"T1404","types":["primary impact"]},{"id":"T1437.001","types":["primary impact"]}]
CVE-2022-39197	[{"id":"T1190","types":["exploitation technique"]},{"id":"T1059","types":["primary impact"]}]
CVE-2022-40684	[{"id":"T1190","types":["exploitation technique"]},{"id":"T1098.004","types":["primary impact"]}]
CVE-2022-41033	[{"id":"T1566.001","types":["exploitation technique"]},{"id":"T1068","types":["primary impact"]}]
CVE-2022-41073	[{"id":"T1078","types":["exploitation technique"]},{"id":"T1068","types":["primary impact"]},{"id":"T1574","types":["secondary impact"]}]
CVE-2022-41082	[{"id":"T1059.001","types":["exploitation technique","primary impact"]},{"id":"T1078","types":["exploitation technique"]},{"id":"T1087","types":["secondary impact"]},{"id":"T1482","types":["secondary impact"]},{"id":"T1505.003","types":["secondary impact"]},{"id":"T1567","types":["secondary impact"]}]
CVE-2022-41125	[{"id":"T1078","types":["exploitation technique"]},{"id":"T1068","types":["primary impact"]},{"id":"T1059","types":["secondary impact"]}]
CVE-2022-41128	[{"id":"T1566","types":["exploitation technique"]},{"id":"T1203","types":["primary impact"]},{"id":"T1070","types":["secondary impact"]}]
CVE-2022-41328	[{"id":"T1574","types":["exploitation technique"]},{"id":"T1037","types":["primary impact"]},{"id":"T1049","types":["secondary impact"]},{"id":"T1565.001","types":["secondary impact"]}]
CVE-2022-42475	[{"id":"T1190","types":["exploitation technique"]},{"id":"T1574","types":["primary impact"]},{"id":"T1071.001","types":["secondary impact"]},{"id":"T1622","types":["secondary impact"]}]
CVE-2022-42948	[{"id":"T1190","types":["exploitation technique"]},{"id":"T1059","types":["primary impact"]}]
CVE-2022-43769	[{"id":"T1203","types":["exploitation technique"]},{"id":"T1059","types":["primary impact"]}]
CVE-2022-43939	[{"id":"T1190","types":["exploitation technique"]},{"id":"T1059","types":["primary impact"]}]
CVE-2022-47966	[{"id":"T1190","types":["exploitation technique"]},{"id":"T1068","types":["primary impact"]},{"id":"T1136.001","types":["primary impact"]}]
CVE-2023-0386	[{"id":"T1055.012","types":["exploitation technique"]},{"id":"T1548.001","types":["exploitation technique"]},{"id":"T1543","types":["primary impact"]},{"id":"T1562","types":["secondary impact"]}]
CVE-2023-0669	[{"id":"T1190","types":["exploitation technique"]},{"id":"T1210","types":["primary impact"]},{"id":"T1486","types":["secondary impact"]}]
CVE-2023-1389	[{"id":"T1106","types":["exploitation technique"]},{"id":"T1496","types":["primary impact"]},{"id":"T1041","types":["secondary impact"]},{"id":"T1070","types":["secondary impact"]},{"id":"T1498","types":["secondary impact"]}]
CVE-2023-20109	[{"id":"T1078","types":["exploitation technique"]},{"id":"T1059","types":["primary impact"]},{"id":"T1499","types":["primary impact"]}]
CVE-2023-20118	[{"id":"T1068","types":["exploitation technique"]},{"id":"T1078","types":["exploitation technique"]},{"id":"T1059","types":["primary impact"]},{"id":"T1505.003","types":["secondary impact"]}]
CVE-2023-20198	[{"id":"T1190","types":["exploitation technique"]},{"id":"T1136","types":["primary impact"]}]
CVE-2023-20269	[{"id":"T1133","types":["exploitation technique"]},{"id":"T1078","types":["primary impact"]}]
CVE-2023-20273	[{"id":"T1078","types":["exploitation technique"]},{"id":"T1068","types":["primary impact"]},{"id":"T1059","types":["secondary impact"]}]
CVE-2023-20867	[{"id":"T1078","types":["exploitation technique"]},{"id":"T1059","types":["primary impact"]},{"id":"T1105","types":["secondary impact"]}]
CVE-2023-20887	[{"id":"T1190","types":["exploitation technique"]},{"id":"T1059","types":["primary impact"]}]
CVE-2023-2136	[{"id":"T1204.001","types":["exploitation technique"]}]
CVE-2023-21608	[{"id":"T1204.002","types":["exploitation technique"]},{"id":"T1203","types":["primary impact"]}]
CVE-2023-21674	[{"id":"T1078","types":["exploitation technique"]},{"id":"T1068","types":["primary impact"]}]
CVE-2023-21715	[{"id":"T1204.002","types":["exploitation technique"]}]
CVE-2023-22515	[{"id":"T1190","types":["exploitation technique"]},{"id":"T1059.007","types":["primary impact"]},{"id":"T1136","types":["primary impact"]},{"id":"T1059","types":["secondary impact"]},{"id":"T1078","types":["secondary impact"]}]
CVE-2023-22518	[{"id":"T1190","types":["exploitation technique"]},{"id":"T1033","types":["primary impact"]},{"id":"T1105","types":["secondary impact"]}]
CVE-2023-22527	[{"id":"T1221","types":["exploitation technique"]},{"id":"T1496","types":["primary impact"]}]
CVE-2023-22952	[{"id":"T1190","types":["exploitation technique"]},{"id":"T1059","types":["primary impact"]},{"id":"T1021.001","types":["secondary impact"]},{"id":"T1070.004","types":["secondary impact"]},{"id":"T1078","types":["secondary impact"]},{"id":"T1083","types":["secondary impact"]},{"id":"T1482","types":["secondary impact"]},{"id":"T1505.003","types":["secondary impact"]},{"id":"T1530","types":["secondary impact"]},{"id":"T1562.001","types":["secondary impact"]}]
CVE-2023-23397	[{"id":"T1203","types":["exploitation technique"]},{"id":"T1550.002","types":["primary impact"]},{"id":"T1078","types":["secondary impact"]}]
CVE-2023-2533	[{"id":"T1566.002","types":["exploitation technique"]},{"id":"T1059","types":["primary impact"]},{"id":"T1547","types":["primary impact"]}]
CVE-2023-26359	[{"id":"T1190","types":["exploitation technique"]},{"id":"T1059","types":["primary impact"]}]
CVE-2023-26360	[{"id":"T1190","types":["exploitation technique"]},{"id":"T1059.007","types":["primary impact"]},{"id":"T1003.001","types":["secondary impact"]},{"id":"T1036.005","types":["secondary impact"]},{"id":"T1046","types":["secondary impact"]},{"id":"T1071.001","types":["secondary impact"]},{"id":"T1105","types":["secondary impact"]},{"id":"T1484.001","types":["secondary impact"]},{"id":"T1505.003","types":["secondary impact"]}]
CVE-2023-26369	[{"id":"T1204.002","types":["exploitation technique"]},{"id":"T1203","types":["primary impact"]}]
CVE-2023-27350	[{"id":"T1190","types":["exploitation technique"]},{"id":"T1059","types":["primary impact"]},{"id":"T1105","types":["secondary impact"]}]
CVE-2023-27524	[{"id":"T1190","types":["exploitation technique"]},{"id":"T1078","types":["primary impact"]}]
CVE-2023-27532	[{"id":"T1133","types":["exploitation technique"]},{"id":"T1059.003","types":["primary impact"]},{"id":"T1087","types":["secondary impact"]},{"id":"T1087.001","types":["secondary impact"]},{"id":"T1486","types":["secondary impact"]},{"id":"T1555","types":["secondary impact"]}]
CVE-2023-27997	[{"id":"T1190","types":["exploitation technique"]},{"id":"T1574","types":["exploitation technique"]},{"id":"T1136","types":["primary impact"]}]
CVE-2023-28229	[{"id":"T1078","types":["exploitation technique"]},{"id":"T1068","types":["primary impact"]}]
CVE-2023-28252	[{"id":"T1078","types":["exploitation technique"]},{"id":"T1068","types":["primary impact"]},{"id":"T1003","types":["secondary impact"]},{"id":"T1021","types":["secondary impact"]},{"id":"T1059","types":["secondary impact"]},{"id":"T1136","types":["secondary impact"]},{"id":"T1486","types":["secondary impact"]}]
CVE-2023-2868	[{"id":"T1566.001","types":["exploitation technique"]},{"id":"T1059","types":["primary impact"]},{"id":"T1041","types":["secondary impact"]},{"id":"T1105","types":["secondary impact"]}]
CVE-2023-29298	[{"id":"T1190","types":["exploitation technique"]}]
CVE-2023-29300	[{"id":"T1190","types":["exploitation technique"]},{"id":"T1105","types":["primary impact"]}]
CVE-2023-29492	[{"id":"T1190","types":["exploitation technique"]}]
CVE-2023-32315	[{"id":"T1202","types":["exploitation technique"]},{"id":"T1505.003","types":["primary impact"]},{"id":"T1087.002","types":["secondary impact"]},{"id":"T1496","types":["secondary impact"]}]
CVE-2023-33246	[{"id":"T1190","types":["exploitation technique"]},{"id":"T1059","types":["primary impact"]},{"id":"T1608.001","types":["secondary impact"]}]
CVE-2023-33538	[{"id":"T1068","types":["exploitation technique"]},{"id":"T1059","types":["primary impact"]}]
CVE-2023-34048	[{"id":"T1203","types":["primary impact"]},{"id":"T1588.001","types":["secondary impact"]}]
CVE-2023-34192	[{"id":"T1055","types":["exploitation technique"]},{"id":"T1059","types":["primary impact"]},{"id":"T1185","types":["secondary impact"]}]
CVE-2023-34362	[{"id":"T1190","types":["exploitation technique"]},{"id":"T1059","types":["primary impact"]},{"id":"T1005","types":["secondary impact"]},{"id":"T1082","types":["secondary impact"]},{"id":"T1105","types":["secondary impact"]},{"id":"T1136","types":["secondary impact"]},{"id":"T1531","types":["secondary impact"]}]
CVE-2023-35078	[{"id":"T1190","types":["exploitation technique"]},{"id":"T1136","types":["primary impact"]},{"id":"T1213","types":["primary impact"]}]
CVE-2023-35081	[{"id":"T1190","types":["exploitation technique"]},{"id":"T1059","types":["primary impact"]}]
CVE-2023-3519	[{"id":"T1190","types":["exploitation technique"]},{"id":"T1574","types":["exploitation technique"]},{"id":"T1105","types":["primary impact"]},{"id":"T1087.002","types":["secondary impact"]}]
CVE-2023-36844	[{"id":"T1203","types":["exploitation technique"]},{"id":"T1190","types":["primary impact"]}]
CVE-2023-36845	[{"id":"T1190","types":["exploitation technique"]},{"id":"T1059","types":["primary impact"]}]
CVE-2023-36846	[{"id":"T1190","types":["exploitation technique"]},{"id":"T1059","types":["primary impact"]}]
CVE-2023-36847	[{"id":"T1190","types":["exploitation technique"]},{"id":"T1059","types":["primary impact"]}]
CVE-2023-36851	[{"id":"T1190","types":["exploitation technique"]},{"id":"T1059","types":["primary impact"]}]
CVE-2023-36884	[{"id":"T1566","types":["exploitation technique"]},{"id":"T1204.002","types":["primary impact"]},{"id":"T1005","types":["secondary impact"]},{"id":"T1070.001","types":["secondary impact"]},{"id":"T1486","types":["secondary impact"]},{"id":"T1489","types":["secondary impact"]},{"id":"T1490","types":["secondary impact"]},{"id":"T1553.005","types":["secondary impact"]}]
CVE-2023-38035	[{"id":"T1190","types":["exploitation technique"]},{"id":"T1059","types":["primary impact"]},{"id":"T1018","types":["secondary impact"]},{"id":"T1046","types":["secondary impact"]},{"id":"T1071.001","types":["secondary impact"]},{"id":"T1105","types":["secondary impact"]},{"id":"T1496","types":["secondary impact"]},{"id":"T1557.001","types":["secondary impact"]},{"id":"T1571","types":["secondary impact"]}]
CVE-2023-38203	[{"id":"T1190","types":["exploitation technique"]},{"id":"T1105","types":["primary impact"]}]
CVE-2023-38205	[{"id":"T1190","types":["exploitation technique"]}]
CVE-2023-38831	[{"id":"T1204","types":["exploitation technique"]},{"id":"T1059.004","types":["primary impact"]},{"id":"T1005","types":["secondary impact"]},{"id":"T1041","types":["secondary impact"]},{"id":"T1053","types":["secondary impact"]},{"id":"T1105","types":["secondary impact"]},{"id":"T1112","types":["secondary impact"]},{"id":"T1486","types":["secondary impact"]}]
CVE-2023-38950	[{"id":"T1190","types":["exploitation technique"]},{"id":"T1005","types":["primary impact"]}]
CVE-2023-39780	[{"id":"T1078","types":["exploitation technique"]},{"id":"T1133","types":["exploitation technique"]},{"id":"T1588","types":["exploitation technique"]},{"id":"T1059.004","types":["primary impact"]},{"id":"T1021.004","types":["secondary impact"]}]
CVE-2023-40044	[{"id":"T1059","types":["exploitation technique"]},{"id":"T1071.002","types":["primary impact"]},{"id":"T1202","types":["secondary impact"]}]
CVE-2023-41179	[{"id":"T1078","types":["exploitation technique"]},{"id":"T1059","types":["primary impact"]}]
CVE-2023-42793	[{"id":"T1190","types":["exploitation technique"]},{"id":"T1059.003","types":["primary impact"]}]
CVE-2023-43770	[{"id":"T1189","types":["exploitation technique"]},{"id":"T1059","types":["primary impact"]},{"id":"T1082","types":["secondary impact"]}]
CVE-2023-44221	[{"id":"T1068","types":["exploitation technique"]},{"id":"T1548","types":["exploitation technique"]},{"id":"T1059.004","types":["primary impact"]},{"id":"T1543","types":["secondary impact"]}]
CVE-2023-44487	[{"id":"T1190","types":["exploitation technique"]},{"id":"T1499","types":["primary impact"]}]
CVE-2023-46604	[{"id":"T1190","types":["exploitation technique"]},{"id":"T1059.004","types":["primary impact"]},{"id":"T1053.005","types":["secondary impact"]}]
CVE-2023-46805	[{"id":"T1190","types":["exploitation technique"]},{"id":"T1078","types":["primary impact"]},{"id":"T1505.003","types":["secondary impact"]},{"id":"T1555","types":["secondary impact"]}]
CVE-2023-47565	[{"id":"T1203","types":["exploitation technique"]},{"id":"T1496","types":["primary impact"]},{"id":"T1498","types":["secondary impact"]}]
CVE-2023-48365	[{"id":"T1133","types":["exploitation technique"]},{"id":"T1190","types":["exploitation technique"]},{"id":"T1059","types":["primary impact"]}]
CVE-2023-4863	[{"id":"T1456","types":["exploitation technique"]},{"id":"T1658","types":["primary impact"]}]
CVE-2023-48788	[{"id":"T1190","types":["exploitation technique"]},{"id":"T1059","types":["primary impact"]},{"id":"T1105","types":["secondary impact"]}]
CVE-2023-49103	[{"id":"T1190","types":["exploitation technique"]},{"id":"T1005","types":["primary impact"]},{"id":"T1552","types":["primary impact"]}]
CVE-2023-4966	[{"id":"T1574","types":["exploitation technique"]},{"id":"T1005","types":["primary impact"]},{"id":"T1134.001","types":["secondary impact"]}]
CVE-2023-49897	[{"id":"T1203","types":["exploitation technique"]},{"id":"T1496","types":["primary impact"]},{"id":"T1498","types":["secondary impact"]}]
CVE-2023-5217	[{"id":"T1204.001","types":["exploitation technique"]},{"id":"T1574","types":["primary impact"]}]
CVE-2023-5631	[{"id":"T1204.001","types":["exploitation technique"]},{"id":"T1059.007","types":["primary impact"]},{"id":"T1041","types":["secondary impact"]}]
CVE-2023-6548	[{"id":"T1055","types":["exploitation technique"]}]
CVE-2023-6549	[{"id":"T1574","types":["exploitation technique"]},{"id":"T1499","types":["primary impact"]}]
CVE-2023-7024	[{"id":"T1189","types":["exploitation technique"]},{"id":"T1574","types":["primary impact"]}]
CVE-2023-7101	[{"id":"T1190","types":["exploitation technique"]},{"id":"T1059","types":["primary impact"]},{"id":"T1105","types":["secondary impact"]}]
CVE-2024-0769	[{"id":"T1190","types":["exploitation technique"]},{"id":"T1005","types":["primary impact"]}]
CVE-2024-11120	[{"id":"T1133","types":["exploitation technique"]},{"id":"T1203","types":["exploitation technique"]},{"id":"T1498","types":["primary impact"]}]
CVE-2024-11182	[{"id":"T1566","types":["exploitation technique"]},{"id":"T1059","types":["primary impact"]},{"id":"T1567","types":["primary impact"]}]
CVE-2024-12686	[{"id":"T1059","types":["exploitation technique"]},{"id":"T1068","types":["exploitation technique"]}]
CVE-2024-12987	[{"id":"T1068","types":["exploitation technique"]},{"id":"T1059","types":["primary impact"]}]
CVE-2024-13159	[{"id":"T1190","types":["exploitation technique"]},{"id":"T1558","types":["exploitation technique"]},{"id":"T1550.002","types":["primary impact"]},{"id":"T1087","types":["secondary impact"]}]
CVE-2024-13160	[{"id":"T1190","types":["exploitation technique"]},{"id":"T1558","types":["exploitation technique"]},{"id":"T1550.002","types":["primary impact"]},{"id":"T1087","types":["secondary impact"]}]
CVE-2024-13161	[{"id":"T1190","types":["exploitation technique"]},{"id":"T1558","types":["exploitation technique"]},{"id":"T1550.002","types":["primary impact"]},{"id":"T1087","types":["secondary impact"]}]
CVE-2024-20353	[{"id":"T1190","types":["exploitation technique"]},{"id":"T1653","types":["primary impact"]},{"id":"T1037","types":["secondary impact"]},{"id":"T1608.001","types":["secondary impact"]}]
CVE-2024-20359	[{"id":"T1078","types":["exploitation technique"]},{"id":"T1059","types":["primary impact"]},{"id":"T1037","types":["secondary impact"]}]
CVE-2024-20399	[{"id":"T1078","types":["exploitation technique"]},{"id":"T1059","types":["primary impact"]}]
CVE-2024-20439	[{"id":"T1552","types":["exploitation technique"]},{"id":"T1106","types":["primary impact"]}]
CVE-2024-20953	[{"id":"T1190","types":["exploitation technique"]},{"id":"T1059","types":["primary impact"]}]
CVE-2024-21413	[{"id":"T1566.002","types":["exploitation technique"]},{"id":"T1059","types":["primary impact"]}]
CVE-2024-21762	[{"id":"T1190","types":["exploitation technique"]},{"id":"T1574","types":["primary impact"]},{"id":"T1547.009","types":["secondary impact"]}]
CVE-2024-21887	[{"id":"T1190","types":["exploitation technique"]},{"id":"T1059","types":["primary impact"]},{"id":"T1505.003","types":["secondary impact"]},{"id":"T1552","types":["secondary impact"]}]
CVE-2024-21893	[{"id":"T1190","types":["exploitation technique"]},{"id":"T1078","types":["primary impact"]},{"id":"T1505.003","types":["secondary impact"]},{"id":"T1555","types":["secondary impact"]}]
CVE-2024-23692	[{"id":"T1221","types":["exploitation technique"]},{"id":"T1082","types":["primary impact"]},{"id":"T1005","types":["secondary impact"]},{"id":"T1105","types":["secondary impact"]},{"id":"T1496","types":["secondary impact"]}]
CVE-2024-24919	[{"id":"T1202","types":["exploitation technique"]},{"id":"T1005","types":["primary impact"]},{"id":"T1003.003","types":["secondary impact"]},{"id":"T1003.008","types":["secondary impact"]},{"id":"T1059.004","types":["secondary impact"]}]
CVE-2024-26169	[{"id":"T1112","types":["exploitation technique"]},{"id":"T1203","types":["exploitation technique"]},{"id":"T1059","types":["primary impact"]}]
CVE-2024-27198	[{"id":"T1190","types":["exploitation technique"]},{"id":"T1059","types":["primary impact"]}]
CVE-2024-27443	[{"id":"T1566.002","types":["exploitation technique"]},{"id":"T1059.004","types":["primary impact"]},{"id":"T1114","types":["primary impact"]},{"id":"T1041","types":["secondary impact"]}]
CVE-2024-29059	[{"id":"T1068","types":["exploitation technique"]},{"id":"T1059","types":["primary impact"]}]
CVE-2024-30051	[{"id":"T1068","types":["primary impact"]}]
CVE-2024-34102	[{"id":"T1190","types":["exploitation technique"]},{"id":"T1059","types":["primary impact"]},{"id":"T1005","types":["secondary impact"]}]
CVE-2024-37085	[{"id":"T1078","types":["exploitation technique"]},{"id":"T1068","types":["primary impact"]},{"id":"T1608.001","types":["secondary impact"]}]
CVE-2024-38080	[{"id":"T1204.002","types":["exploitation technique"]},{"id":"T1068","types":["primary impact"]}]
CVE-2024-38112	[{"id":"T1189","types":["exploitation technique"]},{"id":"T1204.001","types":["exploitation technique"]}]
CVE-2024-38475	[{"id":"T1190","types":["exploitation technique"]},{"id":"T1005","types":["primary impact"]},{"id":"T1059","types":["primary impact"]},{"id":"T1528","types":["primary impact"]}]
CVE-2024-40890	[{"id":"T1055","types":["exploitation technique"]},{"id":"T1011","types":["primary impact"]}]
CVE-2024-40891	[{"id":"T1055","types":["exploitation technique"]},{"id":"T1011","types":["primary impact"]}]
CVE-2024-41710	[{"id":"T1068","types":["exploitation technique"]},{"id":"T1059","types":["primary impact"]}]
CVE-2024-41713	[{"id":"T1068","types":["exploitation technique"]},{"id":"T1005","types":["primary impact"]}]
CVE-2024-42009	[{"id":"T1566.002","types":["exploitation technique"]},{"id":"T1056","types":["primary impact"]},{"id":"T1114","types":["primary impact"]}]
CVE-2024-4358	[{"id":"T1190","types":["exploitation technique"]}]
CVE-2024-45195	[{"id":"T1133","types":["exploitation technique"]},{"id":"T1203","types":["exploitation technique"]},{"id":"T1059","types":["primary impact"]},{"id":"T1498.001","types":["secondary impact"]}]
CVE-2024-4577	[{"id":"T1190","types":["exploitation technique"]},{"id":"T1059","types":["primary impact"]},{"id":"T1003","types":["secondary impact"]},{"id":"T1003.001","types":["secondary impact"]},{"id":"T1033","types":["secondary impact"]},{"id":"T1041","types":["secondary impact"]},{"id":"T1053","types":["secondary impact"]},{"id":"T1068","types":["secondary impact"]},{"id":"T1071.001","types":["secondary impact"]},{"id":"T1112","types":["secondary impact"]},{"id":"T1543","types":["secondary impact"]},{"id":"T1570","types":["secondary impact"]}]
CVE-2024-4671	[{"id":"T1189","types":["exploitation technique"]},{"id":"T1059","types":["primary impact"]}]
CVE-2024-4761	[{"id":"T1059","types":["exploitation technique"]}]
CVE-2024-48248	[{"id":"T1190","types":["exploitation technique"]},{"id":"T1005","types":["primary impact"]},{"id":"T1003","types":["secondary impact"]}]
CVE-2024-4879	[{"id":"T1059","types":["exploitation technique"]},{"id":"T1005","types":["primary impact"]},{"id":"T1190","types":["primary impact"]}]
CVE-2024-4885	[{"id":"T1068","types":["exploitation technique"]},{"id":"T1059","types":["primary impact"]}]
CVE-2024-49035	[{"id":"T1068","types":["exploitation technique"]},{"id":"T1195","types":["primary impact"]},{"id":"T1530","types":["primary impact"]}]
CVE-2024-4947	[{"id":"T1189","types":["exploitation technique"]},{"id":"T1059","types":["primary impact"]}]
CVE-2024-4978	[{"id":"T1195.002","types":["exploitation technique"]},{"id":"T1105","types":["primary impact"]},{"id":"T1005","types":["secondary impact"]},{"id":"T1071.001","types":["secondary impact"]}]
CVE-2024-50302	[{"id":"T1091","types":["exploitation technique"]},{"id":"T1005","types":["primary impact"]},{"id":"T1011","types":["secondary impact"]}]
CVE-2024-50603	[{"id":"T1055","types":["exploitation technique"]},{"id":"T1059","types":["primary impact"]}]
CVE-2024-5217	[{"id":"T1059","types":["exploitation technique"]},{"id":"T1005","types":["primary impact"]}]
CVE-2024-5274	[{"id":"T1189","types":["exploitation technique"]},{"id":"T1203","types":["primary impact"]}]
CVE-2024-53104	[{"id":"T1068","types":["exploitation technique"]},{"id":"T1091","types":["exploitation technique"]},{"id":"T1059","types":["primary impact"]}]
CVE-2024-53150	[{"id":"T1091","types":["exploitation technique"]},{"id":"T1005","types":["primary impact"]},{"id":"T1011","types":["secondary impact"]}]
CVE-2024-53197	[{"id":"T1068","types":["exploitation technique"]},{"id":"T1091","types":["exploitation technique"]},{"id":"T1059","types":["primary impact"]}]
CVE-2024-53704	[{"id":"T1199","types":["exploitation technique"]},{"id":"T1212","types":["exploitation technique"]},{"id":"T1078.004","types":["primary impact"]},{"id":"T1083","types":["primary impact"]},{"id":"T1021.001","types":["secondary impact"]}]
CVE-2024-54085	[{"id":"T1068","types":["exploitation technique"]},{"id":"T1210","types":["primary impact"]},{"id":"T1495","types":["primary impact"]},{"id":"T1499","types":["primary impact"]},{"id":"T1608.001","types":["primary impact"]}]
CVE-2024-55550	[{"id":"T1190","types":["exploitation technique"]},{"id":"T1005","types":["primary impact"]},{"id":"T1041","types":["secondary impact"]}]
CVE-2024-55591	[{"id":"T1068","types":["exploitation technique"]},{"id":"T1078","types":["primary impact"]},{"id":"T1555","types":["primary impact"]},{"id":"T1021","types":["secondary impact"]}]
CVE-2024-56145	[{"id":"T1055","types":["exploitation technique"]},{"id":"T1059","types":["primary impact"]}]
CVE-2024-57727	[{"id":"T1190","types":["exploitation technique"]},{"id":"T1003","types":["primary impact"]},{"id":"T1552.001","types":["primary impact"]},{"id":"T1552.004","types":["primary impact"]},{"id":"T1059","types":["secondary impact"]}]
CVE-2024-57968	[{"id":"T1078","types":["exploitation technique"]},{"id":"T1059","types":["primary impact"]}]
CVE-2024-58136	[{"id":"T1055","types":["exploitation technique"]},{"id":"T1059","types":["primary impact"]}]
CVE-2024-6047	[{"id":"T1055","types":["exploitation technique"]},{"id":"T1059","types":["primary impact"]}]
CVE-2025-0108	[{"id":"T1190","types":["exploitation technique"]},{"id":"T1055","types":["primary impact"]},{"id":"T1565.001","types":["primary impact"]}]
CVE-2025-0111	[{"id":"T1068","types":["exploitation technique"]},{"id":"T1005","types":["primary impact"]}]
CVE-2025-0282	[{"id":"T1190","types":["exploitation technique"]},{"id":"T1595","types":["exploitation technique"]},{"id":"T1003","types":["primary impact"]},{"id":"T1055","types":["primary impact"]},{"id":"T1018","types":["secondary impact"]},{"id":"T1046","types":["secondary impact"]}]
CVE-2025-0411	[{"id":"T1553.005","types":["exploitation technique"]},{"id":"T1566.001","types":["exploitation technique"]},{"id":"T1588.001","types":["primary impact"]}]
CVE-2025-0994	[{"id":"T1068","types":["exploitation technique"]},{"id":"T1059","types":["primary impact"]}]
CVE-2025-1316	[{"id":"T1190","types":["exploitation technique"]},{"id":"T1055","types":["primary impact"]}]
CVE-2025-1976	[{"id":"T1068","types":["exploitation technique"]},{"id":"T1059","types":["primary impact"]}]
CVE-2025-20281	[{"id":"T1106","types":["exploitation technique"]},{"id":"T1059","types":["primary impact"]}]
CVE-2025-20337	[{"id":"T1106","types":["exploitation technique"]},{"id":"T1059","types":["primary impact"]}]
CVE-2025-21333	[{"id":"T1068","types":["exploitation technique"]},{"id":"T1003","types":["primary impact"]}]
CVE-2025-21334	[{"id":"T1068","types":["exploitation technique"]},{"id":"T1003","types":["primary impact"]}]
CVE-2025-21335	[{"id":"T1068","types":["exploitation technique"]},{"id":"T1003","types":["primary impact"]}]
CVE-2025-21391	[{"id":"T1068","types":["exploitation technique"]},{"id":"T1485","types":["primary impact"]},{"id":"T1490","types":["primary impact"]}]
CVE-2025-21418	[{"id":"T1068","types":["exploitation technique"]},{"id":"T1005","types":["primary impact"]},{"id":"T1055","types":["primary impact"]}]
CVE-2025-21479	[{"id":"T1631","types":["exploitation technique"]},{"id":"T1642","types":["primary impact"]}]
CVE-2025-21480	[{"id":"T1055","types":["exploitation technique"]},{"id":"T1495","types":["primary impact"]}]
CVE-2025-21590	[{"id":"T1068","types":["exploitation technique"]},{"id":"T1059","types":["primary impact"]}]
CVE-2025-22224	[{"id":"T1055","types":["exploitation technique"]},{"id":"T1611","types":["primary impact"]}]
CVE-2025-22225	[{"id":"T1068","types":["exploitation technique"]},{"id":"T1611","types":["primary impact"]}]
CVE-2025-22226	[{"id":"T1005","types":["primary impact"]},{"id":"T1611","types":["secondary impact"]}]
CVE-2025-22457	[{"id":"T1190","types":["exploitation technique"]},{"id":"T1059","types":["primary impact"]}]
CVE-2025-23006	[{"id":"T1190","types":["exploitation technique"]},{"id":"T1059","types":["primary impact"]}]
CVE-2025-24016	[{"id":"T1078","types":["exploitation technique"]},{"id":"T1059","types":["primary impact"]},{"id":"T1203","types":["secondary impact"]}]
CVE-2025-24054	[{"id":"T1566","types":["exploitation technique"]},{"id":"T1555","types":["primary impact"]}]
CVE-2025-24085	[{"id":"T1068","types":["exploitation technique"]},{"id":"T1404","types":["exploitation technique"]},{"id":"T1059","types":["primary impact"]},{"id":"T1623","types":["primary impact"]}]
CVE-2025-24200	[{"id":"T1461","types":["exploitation technique"]},{"id":"T1629","types":["primary impact"]},{"id":"T1458","types":["secondary impact"]}]
CVE-2025-24201	[{"id":"T1189","types":["exploitation technique"]},{"id":"T1456","types":["exploitation technique"]},{"id":"T1059","types":["primary impact"]},{"id":"T1623","types":["primary impact"]}]
CVE-2025-24985	[{"id":"T1091","types":["exploitation technique"]},{"id":"T1059","types":["primary impact"]}]
CVE-2025-24991	[{"id":"T1091","types":["exploitation technique"]},{"id":"T1005","types":["primary impact"]}]
CVE-2025-24993	[{"id":"T1068","types":["exploitation technique"]},{"id":"T1203","types":["exploitation technique"]},{"id":"T1204","types":["exploitation technique"]},{"id":"T1055","types":["primary impact"]},{"id":"T1565","types":["secondary impact"]}]
CVE-2025-25181	[{"id":"T1055","types":["exploitation technique"]},{"id":"T1068","types":["exploitation technique"]},{"id":"T1485","types":["primary impact"]}]
CVE-2025-25257	[{"id":"T1055","types":["exploitation technique"]},{"id":"T1068","types":["exploitation technique"]},{"id":"T1190","types":["exploitation technique"]},{"id":"T1059.004","types":["primary impact"]},{"id":"T1485","types":["secondary impact"]}]
CVE-2025-27038	[{"id":"T1203","types":["exploitation technique"]},{"id":"T1059","types":["primary impact"]}]
CVE-2025-27363	[{"id":"T1204.002","types":["exploitation technique"]},{"id":"T1658","types":["exploitation technique"]},{"id":"T1574","types":["primary impact"]},{"id":"T1625","types":["primary impact"]},{"id":"T1499.004","types":["secondary impact"]},{"id":"T1642","types":["secondary impact"]}]
CVE-2025-2783	[{"id":"T1203","types":["exploitation technique"]},{"id":"T1548","types":["primary impact"]},{"id":"T1497","types":["secondary impact"]}]
CVE-2025-30397	[{"id":"T1203","types":["exploitation technique"]},{"id":"T1059","types":["primary impact"]}]
CVE-2025-30400	[{"id":"T1068","types":["exploitation technique"]},{"id":"T1112","types":["primary impact"]}]
CVE-2025-30406	[{"id":"T1203","types":["exploitation technique"]},{"id":"T1059","types":["primary impact"]}]
CVE-2025-31161	[{"id":"T1078","types":["exploitation technique"]},{"id":"T1059","types":["primary impact"]},{"id":"T1136","types":["primary impact"]}]
CVE-2025-31200	[{"id":"T1203","types":["exploitation technique"]},{"id":"T1658","types":["exploitation technique"]},{"id":"T1105","types":["primary impact"]},{"id":"T1544","types":["primary impact"]},{"id":"T1001","types":["secondary impact"]},{"id":"T1059","types":["secondary impact"]},{"id":"T1106","types":["secondary impact"]},{"id":"T1406","types":["secondary impact"]},{"id":"T1557","types":["secondary impact"]},{"id":"T1562","types":["secondary impact"]},{"id":"T1575","types":["secondary impact"]},{"id":"T1623","types":["secondary impact"]},{"id":"T1629","types":["secondary impact"]},{"id":"T1638","types":["secondary impact"]}]
CVE-2025-31201	[{"id":"T1203","types":["exploitation technique"]},{"id":"T1658","types":["exploitation technique"]},{"id":"T1105","types":["primary impact"]},{"id":"T1544","types":["primary impact"]},{"id":"T1001","types":["secondary impact"]},{"id":"T1059","types":["secondary impact"]},{"id":"T1106","types":["secondary impact"]},{"id":"T1406","types":["secondary impact"]},{"id":"T1557","types":["secondary impact"]},{"id":"T1562","types":["secondary impact"]},{"id":"T1575","types":["secondary impact"]},{"id":"T1623","types":["secondary impact"]},{"id":"T1629","types":["secondary impact"]},{"id":"T1638","types":["secondary impact"]}]
CVE-2025-31324	[{"id":"T1055","types":["exploitation technique"]},{"id":"T1505.003","types":["exploitation technique"]},{"id":"T1059","types":["primary impact"]},{"id":"T1602","types":["secondary impact"]}]
CVE-2025-32433	[{"id":"T1021.004","types":["exploitation technique"]},{"id":"T1059","types":["primary impact"]}]
CVE-2025-3248	[{"id":"T1203","types":["exploitation technique"]},{"id":"T1059","types":["primary impact"]}]
CVE-2025-32701	[{"id":"T1059","types":["exploitation technique"]},{"id":"T1068","types":["exploitation technique"]},{"id":"T1003.001","types":["primary impact"]},{"id":"T1543","types":["primary impact"]},{"id":"T1608.001","types":["primary impact"]}]
CVE-2025-32706	[{"id":"T1059","types":["exploitation technique"]},{"id":"T1068","types":["exploitation technique"]},{"id":"T1003.001","types":["primary impact"]},{"id":"T1543","types":["primary impact"]},{"id":"T1608.001","types":["primary impact"]}]
CVE-2025-32709	[{"id":"T1068","types":["exploitation technique"]},{"id":"T1003","types":["primary impact"]},{"id":"T1059","types":["primary impact"]},{"id":"T1543","types":["primary impact"]},{"id":"T1608.001","types":["primary impact"]}]
CVE-2025-32756	[{"id":"T1133","types":["exploitation technique"]},{"id":"T1059","types":["primary impact"]},{"id":"T1003","types":["secondary impact"]},{"id":"T1041","types":["secondary impact"]},{"id":"T1046","types":["secondary impact"]},{"id":"T1070.004","types":["secondary impact"]},{"id":"T1608.001","types":["secondary impact"]}]
CVE-2025-33053	[{"id":"T1566.001","types":["exploitation technique"]},{"id":"T1059","types":["primary impact"]},{"id":"T1041","types":["secondary impact"]},{"id":"T1056.001","types":["secondary impact"]},{"id":"T1543","types":["secondary impact"]}]
CVE-2025-34028	[{"id":"T1190","types":["exploitation technique"]},{"id":"T1059.007","types":["primary impact"]}]
CVE-2025-35939	[{"id":"T1190","types":["exploitation technique"]},{"id":"T1505.003","types":["primary impact"]},{"id":"T1059","types":["secondary impact"]}]
CVE-2025-3928	[{"id":"T1059","types":["primary impact"]},{"id":"T1505.003","types":["secondary impact"]}]
CVE-2025-3935	[{"id":"T1203","types":["exploitation technique"]},{"id":"T1059","types":["primary impact"]}]
CVE-2025-42599	[{"id":"T1190","types":["exploitation technique"]},{"id":"T1588.006","types":["exploitation technique"]},{"id":"T1059","types":["primary impact"]},{"id":"T1499","types":["primary impact"]}]
CVE-2025-42999	[{"id":"T1190","types":["exploitation technique"]},{"id":"T1203","types":["exploitation technique"]},{"id":"T1059","types":["primary impact"]},{"id":"T1505.003","types":["secondary impact"]}]
CVE-2025-43200	[{"id":"T1203","types":["exploitation technique"]},{"id":"T1658","types":["exploitation technique"]},{"id":"T1105","types":["primary impact"]},{"id":"T1544","types":["primary impact"]},{"id":"T1005","types":["secondary impact"]},{"id":"T1533","types":["secondary impact"]}]
CVE-2025-4427	[{"id":"T1190","types":["exploitation technique"]},{"id":"T1203","types":["exploitation technique"]},{"id":"T1059","types":["primary impact"]},{"id":"T1505.003","types":["secondary impact"]}]
CVE-2025-4428	[{"id":"T1190","types":["exploitation technique"]},{"id":"T1059","types":["primary impact"]},{"id":"T1543","types":["secondary impact"]}]
CVE-2025-4632	[{"id":"T1068","types":["exploitation technique"]},{"id":"T1059","types":["primary impact"]},{"id":"T1496","types":["secondary impact"]},{"id":"T1608.001","types":["secondary impact"]}]
CVE-2025-47812	[{"id":"T1068","types":["exploitation technique"]},{"id":"T1059","types":["primary impact"]}]
CVE-2025-48927	[{"id":"T1212","types":["exploitation technique"]},{"id":"T1005","types":["primary impact"]},{"id":"T1555","types":["primary impact"]}]
CVE-2025-48928	[{"id":"T1212","types":["exploitation technique"]},{"id":"T1005","types":["primary impact"]},{"id":"T1555","types":["primary impact"]}]
CVE-2025-49704	[{"id":"T1190","types":["exploitation technique"]},{"id":"T1059.003","types":["primary impact"]}]
CVE-2025-49706	[{"id":"T1190","types":["exploitation technique"]},{"id":"T1505","types":["primary impact"]},{"id":"T1059.003","types":["secondary impact"]}]
CVE-2025-53770	[{"id":"T1059","types":["exploitation technique"]},{"id":"T1190","types":["exploitation technique"]}]
CVE-2025-5419	[{"id":"T1189","types":["exploitation technique"]},{"id":"T1203","types":["exploitation technique"]},{"id":"T1456","types":["exploitation technique"]},{"id":"T1658","types":["exploitation technique"]}]
CVE-2025-54309	[{"id":"T1068","types":["exploitation technique"]},{"id":"T1567","types":["primary impact"]},{"id":"T1021","types":["secondary impact"]}]
CVE-2025-5777	[{"id":"T1190","types":["exploitation technique"]},{"id":"T1555","types":["primary impact"]}]
CVE-2025-6543	[{"id":"T1203","types":["exploitation technique"]},{"id":"T1498","types":["primary impact"]},{"id":"T1059","types":["secondary impact"]}]
CVE-2025-6554	[{"id":"T1189","types":["exploitation technique"]},{"id":"T1203","types":["exploitation technique"]},{"id":"T1456","types":["exploitation technique"]},{"id":"T1658","types":["exploitation technique"]},{"id":"T1059","types":["primary impact"]},{"id":"T1623","types":["primary impact"]}]
CVE-2025-6558	[{"id":"T1189","types":["exploitation technique"]},{"id":"T1203","types":["exploitation technique"]},{"id":"T1456","types":["exploitation technique"]},{"id":"T1658","types":["exploitation technique"]},{"id":"T1497","types":["primary impact"]},{"id":"T1633","types":["primary impact"]}]
T1001	[{"id":"CVE-2025-31201","types":["secondary impact"]},{"id":"CVE-2025-31200","types":["secondary impact"]}]
T1003	[{"id":"CVE-2025-32756","types":["secondary impact"]},{"id":"CVE-2025-32709","types":["primary impact"]},{"id":"CVE-2025-21335","types":["primary impact"]},{"id":"CVE-2025-21334","types":["primary impact"]},{"id":"CVE-2025-21333","types":["primary impact"]},{"id":"CVE-2025-0282","types":["primary impact"]},{"id":"CVE-2024-57727","types":["primary impact"]},{"id":"CVE-2024-48248","types":["secondary impact"]},{"id":"CVE-2024-4577","types":["secondary impact"]},{"id":"CVE-2023-28252","types":["secondary impact"]},{"id":"CVE-2021-44515","types":["secondary impact"]},{"id":"CVE-2021-44077","types":["secondary impact"]},{"id":"CVE-2021-40539","types":["secondary impact"]},{"id":"CVE-2021-22893","types":["secondary impact"]},{"id":"CVE-2020-5902","types":["secondary impact"]},{"id":"CVE-2019-13608","types":["secondary impact"]},{"id":"CVE-2019-11634","types":["secondary impact"]},{"id":"CVE-2019-0604","types":["secondary impact"]}]
T1003.001	[{"id":"CVE-2025-32706","types":["primary impact"]},{"id":"CVE-2025-32701","types":["primary impact"]},{"id":"CVE-2024-4577","types":["secondary impact"]},{"id":"CVE-2023-26360","types":["secondary impact"]}]
T1003.003	[{"id":"CVE-2024-24919","types":["secondary impact"]},{"id":"CVE-2021-44077","types":["secondary impact"]},{"id":"CVE-2021-40539","types":["secondary impact"]}]
T1003.008	[{"id":"CVE-2024-24919","types":["secondary impact"]}]
T1005	[{"id":"CVE-2025-48928","types":["primary impact"]},{"id":"CVE-2025-48927","types":["primary impact"]},{"id":"CVE-2025-43200","types":["secondary impact"]},{"id":"CVE-2025-24991","types":["primary impact"]},{"id":"CVE-2025-22226","types":["primary impact"]},{"id":"CVE-2025-21418","types":["primary impact"]},{"id":"CVE-2025-0111","types":["primary impact"]},{"id":"CVE-2024-55550","types":["primary impact"]},{"id":"CVE-2024-53150","types":["primary impact"]},{"id":"CVE-2024-50302","types":["primary impact"]},{"id":"CVE-2024-48248","types":["primary impact"]},{"id":"CVE-2024-41713","types":["primary impact"]},{"id":"CVE-2024-38475","types":["primary impact"]},{"id":"CVE-2024-34102","types":["secondary impact"]},{"id":"CVE-2024-24919","types":["primary impact"]},{"id":"CVE-2024-23692","types":["secondary impact"]},{"id":"CVE-2024-5217","types":["primary impact"]},{"id":"CVE-2024-4978","types":["secondary impact"]},{"id":"CVE-2024-4879","types":["primary impact"]},{"id":"CVE-2024-0769","types":["primary impact"]},{"id":"CVE-2023-49103","types":["primary impact"]},{"id":"CVE-2023-38950","types":["primary impact"]},{"id":"CVE-2023-38831","types":["secondary impact"]},{"id":"CVE-2023-36884","types":["secondary impact"]},{"id":"CVE-2023-34362","types":["secondary impact"]},{"id":"CVE-2023-4966","types":["primary impact"]},{"id":"CVE-2021-29256","types":["secondary impact"]},{"id":"CVE-2021-27104","types":["secondary impact"]},{"id":"CVE-2021-27103","types":["secondary impact"]},{"id":"CVE-2021-27102","types":["secondary impact"]},{"id":"CVE-2021-27101","types":["secondary impact"]},{"id":"CVE-2021-26855","types":["secondary impact"]},{"id":"CVE-2021-26085","types":["primary impact"]},{"id":"CVE-2020-8196","types":["secondary impact"]},{"id":"CVE-2020-8195","types":["primary impact"]},{"id":"CVE-2020-8193","types":["primary impact"]},{"id":"CVE-2020-5902","types":["secondary impact"]},{"id":"CVE-2020-3452","types":["primary impact"]},{"id":"CVE-2019-13608","types":["secondary impact"]},{"id":"CVE-2019-11634","types":["secondary impact"]},{"id":"CVE-2019-5591","types":["secondary impact"]},{"id":"CVE-2019-1653","types":["secondary impact"]},{"id":"CVE-2018-0296","types":["primary impact"]},{"id":"CVE-2017-11292","types":["secondary impact"]},{"id":"CVE-2017-5638","types":["secondary impact"]},{"id":"CVE-2013-0629","types":["secondary impact"]}]
T1007	[{"id":"CVE-2019-1653","types":["secondary impact"]}]
T1011	[{"id":"CVE-2024-53150","types":["secondary impact"]},{"id":"CVE-2024-50302","types":["secondary impact"]},{"id":"CVE-2024-40891","types":["primary impact"]},{"id":"CVE-2024-40890","types":["primary impact"]}]
T1016	[{"id":"CVE-2021-40449","types":["secondary impact"]}]
T1018	[{"id":"CVE-2025-0282","types":["secondary impact"]},{"id":"CVE-2023-38035","types":["secondary impact"]}]
T1021	[{"id":"CVE-2025-54309","types":["secondary impact"]},{"id":"CVE-2024-55591","types":["secondary impact"]},{"id":"CVE-2023-28252","types":["secondary impact"]},{"id":"CVE-2020-1472","types":["primary impact"]}]
T1021.001	[{"id":"CVE-2024-53704","types":["secondary impact"]},{"id":"CVE-2023-22952","types":["secondary impact"]}]
T1021.004	[{"id":"CVE-2025-32433","types":["exploitation technique"]},{"id":"CVE-2023-39780","types":["secondary impact"]}]
T1027	[{"id":"CVE-2022-24086","types":["primary impact"]},{"id":"CVE-2021-44077","types":["secondary impact"]},{"id":"CVE-2021-40539","types":["secondary impact"]},{"id":"CVE-2021-40449","types":["secondary impact"]},{"id":"CVE-2010-2883","types":["primary impact"]}]
T1033	[{"id":"CVE-2024-4577","types":["secondary impact"]},{"id":"CVE-2023-22518","types":["primary impact"]}]
T1036	[{"id":"CVE-2022-26501","types":["secondary impact"]},{"id":"CVE-2022-26500","types":["secondary impact"]}]
T1036.005	[{"id":"CVE-2023-26360","types":["secondary impact"]}]
T1037	[{"id":"CVE-2024-20359","types":["secondary impact"]},{"id":"CVE-2024-20353","types":["secondary impact"]},{"id":"CVE-2022-41328","types":["primary impact"]}]
T1040	[{"id":"CVE-2022-1040","types":["secondary impact"]},{"id":"CVE-2021-32030","types":["primary impact"]}]
T1041	[{"id":"CVE-2025-33053","types":["secondary impact"]},{"id":"CVE-2025-32756","types":["secondary impact"]},{"id":"CVE-2024-55550","types":["secondary impact"]},{"id":"CVE-2024-27443","types":["secondary impact"]},{"id":"CVE-2024-4577","types":["secondary impact"]},{"id":"CVE-2023-38831","types":["secondary impact"]},{"id":"CVE-2023-5631","types":["secondary impact"]},{"id":"CVE-2023-2868","types":["secondary impact"]},{"id":"CVE-2023-1389","types":["secondary impact"]},{"id":"CVE-2019-18935","types":["primary impact"]},{"id":"CVE-2019-0604","types":["primary impact"]},{"id":"CVE-2018-4878","types":["secondary impact"]}]
T1046	[{"id":"CVE-2025-32756","types":["secondary impact"]},{"id":"CVE-2025-0282","types":["secondary impact"]},{"id":"CVE-2023-38035","types":["secondary impact"]},{"id":"CVE-2023-26360","types":["secondary impact"]},{"id":"CVE-2021-21973","types":["primary impact"]},{"id":"CVE-2019-13608","types":["secondary impact"]},{"id":"CVE-2019-11634","types":["secondary impact"]}]
T1047	[{"id":"CVE-2021-44077","types":["secondary impact"]},{"id":"CVE-2021-40539","types":["secondary impact"]}]
T1048	[{"id":"CVE-2022-26501","types":["secondary impact"]},{"id":"CVE-2022-26500","types":["secondary impact"]},{"id":"CVE-2017-6742","types":["secondary impact"]},{"id":"CVE-2013-0641","types":["secondary impact"]}]
T1048.003	[{"id":"CVE-2021-34473","types":["secondary impact"]}]
T1049	[{"id":"CVE-2022-41328","types":["secondary impact"]}]
T1053	[{"id":"CVE-2024-4577","types":["secondary impact"]},{"id":"CVE-2023-38831","types":["secondary impact"]}]
T1053.005	[{"id":"CVE-2023-46604","types":["secondary impact"]},{"id":"CVE-2021-34473","types":["primary impact"]}]
T1055	[{"id":"CVE-2025-31324","types":["exploitation technique"]},{"id":"CVE-2025-25257","types":["exploitation technique"]},{"id":"CVE-2025-25181","types":["exploitation technique"]},{"id":"CVE-2025-24993","types":["primary impact"]},{"id":"CVE-2025-22224","types":["exploitation technique"]},{"id":"CVE-2025-21480","types":["exploitation technique"]},{"id":"CVE-2025-21418","types":["primary impact"]},{"id":"CVE-2025-1316","types":["primary impact"]},{"id":"CVE-2025-0282","types":["primary impact"]},{"id":"CVE-2025-0108","types":["primary impact"]},{"id":"CVE-2024-58136","types":["exploitation technique"]},{"id":"CVE-2024-56145","types":["exploitation technique"]},{"id":"CVE-2024-50603","types":["exploitation technique"]},{"id":"CVE-2024-40891","types":["exploitation technique"]},{"id":"CVE-2024-40890","types":["exploitation technique"]},{"id":"CVE-2024-6047","types":["exploitation technique"]},{"id":"CVE-2023-34192","types":["exploitation technique"]},{"id":"CVE-2023-6548","types":["exploitation technique"]},{"id":"CVE-2020-29574","types":["exploitation technique"]}]
T1055.001	[{"id":"CVE-2015-5119","types":["secondary impact"]}]
T1055.012	[{"id":"CVE-2023-0386","types":["exploitation technique"]}]
T1056	[{"id":"CVE-2024-42009","types":["primary impact"]},{"id":"CVE-2020-8196","types":["exploitation technique"]},{"id":"CVE-2020-8195","types":["exploitation technique"]}]
T1056.001	[{"id":"CVE-2025-33053","types":["secondary impact"]}]
T1059	[{"id":"CVE-2025-53770","types":["exploitation technique"]},{"id":"CVE-2025-47812","types":["primary impact"]},{"id":"CVE-2025-42999","types":["primary impact"]},{"id":"CVE-2025-42599","types":["primary impact"]},{"id":"CVE-2025-35939","types":["secondary impact"]},{"id":"CVE-2025-33053","types":["primary impact"]},{"id":"CVE-2025-32756","types":["primary impact"]},{"id":"CVE-2025-32709","types":["primary impact"]},{"id":"CVE-2025-32706","types":["exploitation technique"]},{"id":"CVE-2025-32701","types":["exploitation technique"]},{"id":"CVE-2025-32433","types":["primary impact"]},{"id":"CVE-2025-31324","types":["primary impact"]},{"id":"CVE-2025-31201","types":["secondary impact"]},{"id":"CVE-2025-31200","types":["secondary impact"]},{"id":"CVE-2025-31161","types":["primary impact"]},{"id":"CVE-2025-30406","types":["primary impact"]},{"id":"CVE-2025-30397","types":["primary impact"]},{"id":"CVE-2025-27038","types":["primary impact"]},{"id":"CVE-2025-24985","types":["primary impact"]},{"id":"CVE-2025-24201","types":["primary impact"]},{"id":"CVE-2025-24085","types":["primary impact"]},{"id":"CVE-2025-24016","types":["primary impact"]},{"id":"CVE-2025-23006","types":["primary impact"]},{"id":"CVE-2025-22457","types":["primary impact"]},{"id":"CVE-2025-21590","types":["primary impact"]},{"id":"CVE-2025-20337","types":["primary impact"]},{"id":"CVE-2025-20281","types":["primary impact"]},{"id":"CVE-2025-6554","types":["primary impact"]},{"id":"CVE-2025-6543","types":["secondary impact"]},{"id":"CVE-2025-4632","types":["primary impact"]},{"id":"CVE-2025-4428","types":["primary impact"]},{"id":"CVE-2025-4427","types":["primary impact"]},{"id":"CVE-2025-3935","types":["primary impact"]},{"id":"CVE-2025-3928","types":["primary impact"]},{"id":"CVE-2025-3248","types":["primary impact"]},{"id":"CVE-2025-1976","types":["primary impact"]},{"id":"CVE-2025-0994","types":["primary impact"]},{"id":"CVE-2024-58136","types":["primary impact"]},{"id":"CVE-2024-57968","types":["primary impact"]},{"id":"CVE-2024-57727","types":["secondary impact"]},{"id":"CVE-2024-56145","types":["primary impact"]},{"id":"CVE-2024-53197","types":["primary impact"]},{"id":"CVE-2024-53104","types":["primary impact"]},{"id":"CVE-2024-50603","types":["primary impact"]},{"id":"CVE-2024-45195","types":["primary impact"]},{"id":"CVE-2024-41710","types":["primary impact"]},{"id":"CVE-2024-38475","types":["primary impact"]},{"id":"CVE-2024-34102","types":["primary impact"]},{"id":"CVE-2024-29059","types":["primary impact"]},{"id":"CVE-2024-27198","types":["primary impact"]},{"id":"CVE-2024-26169","types":["primary impact"]},{"id":"CVE-2024-21887","types":["primary impact"]},{"id":"CVE-2024-21413","types":["primary impact"]},{"id":"CVE-2024-20953","types":["primary impact"]},{"id":"CVE-2024-20399","types":["primary impact"]},{"id":"CVE-2024-20359","types":["primary impact"]},{"id":"CVE-2024-12987","types":["primary impact"]},{"id":"CVE-2024-12686","types":["exploitation technique"]},{"id":"CVE-2024-11182","types":["primary impact"]},{"id":"CVE-2024-6047","types":["primary impact"]},{"id":"CVE-2024-5217","types":["exploitation technique"]},{"id":"CVE-2024-4947","types":["primary impact"]},{"id":"CVE-2024-4885","types":["primary impact"]},{"id":"CVE-2024-4879","types":["exploitation technique"]},{"id":"CVE-2024-4761","types":["exploitation technique"]},{"id":"CVE-2024-4671","types":["primary impact"]},{"id":"CVE-2024-4577","types":["primary impact"]},{"id":"CVE-2023-48788","types":["primary impact"]},{"id":"CVE-2023-48365","types":["primary impact"]},{"id":"CVE-2023-43770","types":["primary impact"]},{"id":"CVE-2023-41179","types":["primary impact"]},{"id":"CVE-2023-40044","types":["exploitation technique"]},{"id":"CVE-2023-38035","types":["primary impact"]},{"id":"CVE-2023-36851","types":["primary impact"]},{"id":"CVE-2023-36847","types":["primary impact"]},{"id":"CVE-2023-36846","types":["primary impact"]},{"id":"CVE-2023-36845","types":["primary impact"]},{"id":"CVE-2023-35081","types":["primary impact"]},{"id":"CVE-2023-34362","types":["primary impact"]},{"id":"CVE-2023-34192","types":["primary impact"]},{"id":"CVE-2023-33538","types":["primary impact"]},{"id":"CVE-2023-33246","types":["primary impact"]},{"id":"CVE-2023-28252","types":["secondary impact"]},{"id":"CVE-2023-27350","types":["primary impact"]},{"id":"CVE-2023-26359","types":["primary impact"]},{"id":"CVE-2023-22952","types":["primary impact"]},{"id":"CVE-2023-22515","types":["secondary impact"]},{"id":"CVE-2023-20887","types":["primary impact"]},{"id":"CVE-2023-20867","types":["primary impact"]},{"id":"CVE-2023-20273","types":["secondary impact"]},{"id":"CVE-2023-20118","types":["primary impact"]},{"id":"CVE-2023-20109","types":["primary impact"]},{"id":"CVE-2023-7101","types":["primary impact"]},{"id":"CVE-2023-2868","types":["primary impact"]},{"id":"CVE-2023-2533","types":["primary impact"]},{"id":"CVE-2022-43939","types":["primary impact"]},{"id":"CVE-2022-43769","types":["primary impact"]},{"id":"CVE-2022-42948","types":["primary impact"]},{"id":"CVE-2022-41125","types":["secondary impact"]},{"id":"CVE-2022-39197","types":["primary impact"]},{"id":"CVE-2022-37969","types":["secondary impact"]},{"id":"CVE-2022-36804","types":["primary impact"]},{"id":"CVE-2022-35914","types":["exploitation technique"]},{"id":"CVE-2022-35405","types":["exploitation technique"]},{"id":"CVE-2022-34713","types":["secondary impact"]},{"id":"CVE-2022-29303","types":["primary impact"]},{"id":"CVE-2022-26501","types":["primary impact"]},{"id":"CVE-2022-26500","types":["primary impact"]},{"id":"CVE-2022-26258","types":["primary impact"]},{"id":"CVE-2022-24521","types":["secondary impact"]},{"id":"CVE-2022-23748","types":["exploitation technique"]},{"id":"CVE-2022-23131","types":["secondary impact"]},{"id":"CVE-2022-22965","types":["primary impact"]},{"id":"CVE-2022-22947","types":["primary impact"]},{"id":"CVE-2022-22047","types":["secondary impact"]},{"id":"CVE-2022-21999","types":["secondary impact"]},{"id":"CVE-2022-21971","types":["primary impact"]},{"id":"CVE-2022-1040","types":["primary impact"]},{"id":"CVE-2021-45382","types":["primary impact"]},{"id":"CVE-2021-45046","types":["primary impact"]},{"id":"CVE-2021-42321","types":["primary impact"]},{"id":"CVE-2021-42258","types":["primary impact"]},{"id":"CVE-2021-42237","types":["primary impact"]},{"id":"CVE-2021-42013","types":["primary impact"]},{"id":"CVE-2021-41773","types":["primary impact"]},{"id":"CVE-2021-35464","types":["primary impact"]},{"id":"CVE-2021-35394","types":["primary impact"]},{"id":"CVE-2021-31166","types":["primary impact"]},{"id":"CVE-2021-27104","types":["primary impact"]},{"id":"CVE-2021-27102","types":["primary impact"]},{"id":"CVE-2021-27101","types":["primary impact"]},{"id":"CVE-2021-26084","types":["primary impact"]},{"id":"CVE-2021-22986","types":["primary impact"]},{"id":"CVE-2021-22900","types":["exploitation technique"]},{"id":"CVE-2021-22894","types":["primary impact"]},{"id":"CVE-2021-22893","types":["primary impact"]},{"id":"CVE-2021-22205","types":["primary impact"]},{"id":"CVE-2021-22204","types":["primary impact"]},{"id":"CVE-2021-22005","types":["primary impact"]},{"id":"CVE-2021-21972","types":["primary impact"]},{"id":"CVE-2021-20035","types":["exploitation technique"]},{"id":"CVE-2021-3129","types":["primary impact"]},{"id":"CVE-2021-1498","types":["primary impact"]},{"id":"CVE-2021-1497","types":["primary impact"]},{"id":"CVE-2020-29574","types":["primary impact"]},{"id":"CVE-2020-29557","types":["primary impact"]},{"id":"CVE-2020-25506","types":["primary impact"]},{"id":"CVE-2020-17530","types":["primary impact"]},{"id":"CVE-2020-15505","types":["primary impact"]},{"id":"CVE-2020-8515","types":["primary impact"]},{"id":"CVE-2020-5902","types":["primary impact"]},{"id":"CVE-2020-3580","types":["primary impact"]},{"id":"CVE-2020-0787","types":["primary impact"]},{"id":"CVE-2019-19781","types":["primary impact"]},{"id":"CVE-2019-17558","types":["primary impact"]},{"id":"CVE-2019-13608","types":["primary impact"]},{"id":"CVE-2019-11634","types":["primary impact"]},{"id":"CVE-2019-11580","types":["primary impact"]},{"id":"CVE-2019-11510","types":["primary impact"]},{"id":"CVE-2019-3398","types":["primary impact"]},{"id":"CVE-2018-11776","types":["primary impact"]},{"id":"CVE-2018-7600","types":["primary impact"]},{"id":"CVE-2018-6789","types":["primary impact"]},{"id":"CVE-2017-11882","types":["primary impact"]},{"id":"CVE-2017-9822","types":["primary impact"]},{"id":"CVE-2017-9805","types":["primary impact"]},{"id":"CVE-2017-6742","types":["primary impact"]},{"id":"CVE-2017-5638","types":["primary impact"]},{"id":"CVE-2016-4437","types":["primary impact"]},{"id":"CVE-2010-2883","types":["secondary impact"]}]
T1059.001	[{"id":"CVE-2022-41082","types":["exploitation technique","primary impact"]}]
T1059.003	[{"id":"CVE-2025-49706","types":["secondary impact"]},{"id":"CVE-2025-49704","types":["primary impact"]},{"id":"CVE-2023-42793","types":["primary impact"]},{"id":"CVE-2023-27532","types":["primary impact"]},{"id":"CVE-2021-40449","types":["secondary impact"]},{"id":"CVE-2021-22899","types":["primary impact"]}]
T1059.004	[{"id":"CVE-2025-25257","types":["primary impact"]},{"id":"CVE-2024-27443","types":["primary impact"]},{"id":"CVE-2024-24919","types":["secondary impact"]},{"id":"CVE-2023-46604","types":["primary impact"]},{"id":"CVE-2023-44221","types":["primary impact"]},{"id":"CVE-2023-39780","types":["primary impact"]},{"id":"CVE-2023-38831","types":["primary impact"]},{"id":"CVE-2022-20700","types":["primary impact"]},{"id":"CVE-2022-20699","types":["primary impact"]},{"id":"CVE-2021-36380","types":["primary impact"]},{"id":"CVE-2019-0708","types":["primary impact"]},{"id":"CVE-2016-10033","types":["primary impact"]},{"id":"CVE-2014-7169","types":["primary impact"]},{"id":"CVE-2014-6271","types":["primary impact"]}]
T1059.007	[{"id":"CVE-2025-34028","types":["primary impact"]},{"id":"CVE-2023-26360","types":["primary impact"]},{"id":"CVE-2023-22515","types":["primary impact"]},{"id":"CVE-2023-5631","types":["primary impact"]},{"id":"CVE-2022-24682","types":["primary impact"]},{"id":"CVE-2022-22963","types":["primary impact"]},{"id":"CVE-2021-37975","types":["exploitation technique"]},{"id":"CVE-2021-30554","types":["exploitation technique"]},{"id":"CVE-2021-21206","types":["exploitation technique"]},{"id":"CVE-2021-21166","types":["exploitation technique"]},{"id":"CVE-2021-21148","types":["exploitation technique"]},{"id":"CVE-2018-4990","types":["exploitation technique"]},{"id":"CVE-2015-5119","types":["exploitation technique"]},{"id":"CVE-2013-3346","types":["exploitation technique"]}]
T1068	[{"id":"CVE-2025-54309","types":["exploitation technique"]},{"id":"CVE-2025-47812","types":["exploitation technique"]},{"id":"CVE-2025-32709","types":["exploitation technique"]},{"id":"CVE-2025-32706","types":["exploitation technique"]},{"id":"CVE-2025-32701","types":["exploitation technique"]},{"id":"CVE-2025-30400","types":["exploitation technique"]},{"id":"CVE-2025-25257","types":["exploitation technique"]},{"id":"CVE-2025-25181","types":["exploitation technique"]},{"id":"CVE-2025-24993","types":["exploitation technique"]},{"id":"CVE-2025-24085","types":["exploitation technique"]},{"id":"CVE-2025-22225","types":["exploitation technique"]},{"id":"CVE-2025-21590","types":["exploitation technique"]},{"id":"CVE-2025-21418","types":["exploitation technique"]},{"id":"CVE-2025-21391","types":["exploitation technique"]},{"id":"CVE-2025-21335","types":["exploitation technique"]},{"id":"CVE-2025-21334","types":["exploitation technique"]},{"id":"CVE-2025-21333","types":["exploitation technique"]},{"id":"CVE-2025-4632","types":["exploitation technique"]},{"id":"CVE-2025-1976","types":["exploitation technique"]},{"id":"CVE-2025-0994","types":["exploitation technique"]},{"id":"CVE-2025-0111","types":["exploitation technique"]},{"id":"CVE-2024-55591","types":["exploitation technique"]},{"id":"CVE-2024-54085","types":["exploitation technique"]},{"id":"CVE-2024-53197","types":["exploitation technique"]},{"id":"CVE-2024-53104","types":["exploitation technique"]},{"id":"CVE-2024-49035","types":["exploitation technique"]},{"id":"CVE-2024-41713","types":["exploitation technique"]},{"id":"CVE-2024-41710","types":["exploitation technique"]},{"id":"CVE-2024-38080","types":["primary impact"]},{"id":"CVE-2024-37085","types":["primary impact"]},{"id":"CVE-2024-30051","types":["primary impact"]},{"id":"CVE-2024-29059","types":["exploitation technique"]},{"id":"CVE-2024-12987","types":["exploitation technique"]},{"id":"CVE-2024-12686","types":["exploitation technique"]},{"id":"CVE-2024-4885","types":["exploitation technique"]},{"id":"CVE-2024-4577","types":["secondary impact"]},{"id":"CVE-2023-44221","types":["exploitation technique"]},{"id":"CVE-2023-33538","types":["exploitation technique"]},{"id":"CVE-2023-28252","types":["primary impact"]},{"id":"CVE-2023-28229","types":["primary impact"]},{"id":"CVE-2023-21674","types":["primary impact"]},{"id":"CVE-2023-20273","types":["primary impact"]},{"id":"CVE-2023-20118","types":["exploitation technique"]},{"id":"CVE-2022-47966","types":["primary impact"]},{"id":"CVE-2022-41125","types":["primary impact"]},{"id":"CVE-2022-41073","types":["primary impact"]},{"id":"CVE-2022-41033","types":["primary impact"]},{"id":"CVE-2022-37969","types":["primary impact"]},{"id":"CVE-2022-26904","types":["primary impact"]},{"id":"CVE-2022-24521","types":["primary impact"]},{"id":"CVE-2022-22948","types":["secondary impact"]},{"id":"CVE-2022-22718","types":["primary impact"]},{"id":"CVE-2022-22047","types":["primary impact"]},{"id":"CVE-2022-21999","types":["primary impact"]},{"id":"CVE-2022-21919","types":["primary impact"]},{"id":"CVE-2022-20708","types":["primary impact"]},{"id":"CVE-2021-41379","types":["primary impact"]},{"id":"CVE-2021-40449","types":["primary impact"]},{"id":"CVE-2021-36934","types":["primary impact"]},{"id":"CVE-2021-33739","types":["primary impact"]},{"id":"CVE-2021-32030","types":["exploitation technique"]},{"id":"CVE-2021-29256","types":["primary impact"]},{"id":"CVE-2021-22900","types":["primary impact"]},{"id":"CVE-2021-4034","types":["exploitation technique"]},{"id":"CVE-2020-1472","types":["primary impact"]},{"id":"CVE-2020-0787","types":["exploitation technique"]},{"id":"CVE-2020-0069","types":["exploitation technique"]},{"id":"CVE-2019-0211","types":["exploitation technique"]},{"id":"CVE-2014-0546","types":["primary impact"]}]
T1069	[{"id":"CVE-2021-44515","types":["secondary impact"]}]
T1070	[{"id":"CVE-2023-1389","types":["secondary impact"]},{"id":"CVE-2022-41128","types":["secondary impact"]},{"id":"CVE-2021-45382","types":["secondary impact"]}]
T1070.001	[{"id":"CVE-2023-36884","types":["secondary impact"]}]
T1070.004	[{"id":"CVE-2025-32756","types":["secondary impact"]},{"id":"CVE-2023-22952","types":["secondary impact"]},{"id":"CVE-2021-44077","types":["secondary impact"]},{"id":"CVE-2021-40539","types":["secondary impact"]},{"id":"CVE-2020-5902","types":["secondary impact"]}]
T1071	[{"id":"CVE-2021-45382","types":["secondary impact"]}]
T1071.001	[{"id":"CVE-2024-4978","types":["secondary impact"]},{"id":"CVE-2024-4577","types":["secondary impact"]},{"id":"CVE-2023-38035","types":["secondary impact"]},{"id":"CVE-2023-26360","types":["secondary impact"]},{"id":"CVE-2022-42475","types":["secondary impact"]},{"id":"CVE-2021-40449","types":["secondary impact"]},{"id":"CVE-2021-35394","types":["secondary impact"]},{"id":"CVE-2015-5119","types":["secondary impact"]},{"id":"CVE-2015-3113","types":["primary impact"]},{"id":"CVE-2009-4324","types":["primary impact"]}]
T1071.002	[{"id":"CVE-2023-40044","types":["primary impact"]}]
T1078	[{"id":"CVE-2025-31161","types":["exploitation technique"]},{"id":"CVE-2025-24016","types":["exploitation technique"]},{"id":"CVE-2024-57968","types":["exploitation technique"]},{"id":"CVE-2024-55591","types":["primary impact"]},{"id":"CVE-2024-37085","types":["exploitation technique"]},{"id":"CVE-2024-21893","types":["primary impact"]},{"id":"CVE-2024-20399","types":["exploitation technique"]},{"id":"CVE-2024-20359","types":["exploitation technique"]},{"id":"CVE-2023-46805","types":["primary impact"]},{"id":"CVE-2023-41179","types":["exploitation technique"]},{"id":"CVE-2023-39780","types":["exploitation technique"]},{"id":"CVE-2023-28252","types":["exploitation technique"]},{"id":"CVE-2023-28229","types":["exploitation technique"]},{"id":"CVE-2023-27524","types":["primary impact"]},{"id":"CVE-2023-23397","types":["secondary impact"]},{"id":"CVE-2023-22952","types":["secondary impact"]},{"id":"CVE-2023-22515","types":["secondary impact"]},{"id":"CVE-2023-21674","types":["exploitation technique"]},{"id":"CVE-2023-20867","types":["exploitation technique"]},{"id":"CVE-2023-20273","types":["exploitation technique"]},{"id":"CVE-2023-20269","types":["primary impact"]},{"id":"CVE-2023-20118","types":["exploitation technique"]},{"id":"CVE-2023-20109","types":["exploitation technique"]},{"id":"CVE-2022-41125","types":["exploitation technique"]},{"id":"CVE-2022-41082","types":["exploitation technique"]},{"id":"CVE-2022-41073","types":["exploitation technique"]},{"id":"CVE-2022-37969","types":["exploitation technique"]},{"id":"CVE-2022-26904","types":["exploitation technique"]},{"id":"CVE-2022-26500","types":["exploitation technique"]},{"id":"CVE-2022-24521","types":["exploitation technique"]},{"id":"CVE-2022-23131","types":["secondary impact"]},{"id":"CVE-2022-22948","types":["exploitation technique"]},{"id":"CVE-2022-22718","types":["exploitation technique"]},{"id":"CVE-2022-22047","types":["exploitation technique"]},{"id":"CVE-2022-21999","types":["exploitation technique"]},{"id":"CVE-2022-21919","types":["exploitation technique"]},{"id":"CVE-2022-20701","types":["exploitation technique"]},{"id":"CVE-2022-1040","types":["secondary impact"]},{"id":"CVE-2021-42321","types":["exploitation technique"]},{"id":"CVE-2021-41379","types":["exploitation technique"]},{"id":"CVE-2021-36934","types":["exploitation technique"]},{"id":"CVE-2021-22899","types":["exploitation technique"]},{"id":"CVE-2021-22894","types":["exploitation technique"]},{"id":"CVE-2021-20035","types":["exploitation technique"]},{"id":"CVE-2019-13608","types":["secondary impact"]},{"id":"CVE-2019-11634","types":["secondary impact"]}]
T1078.003	[{"id":"CVE-2021-44168","types":["exploitation technique"]}]
T1078.004	[{"id":"CVE-2024-53704","types":["primary impact"]}]
T1082	[{"id":"CVE-2024-23692","types":["primary impact"]},{"id":"CVE-2023-43770","types":["secondary impact"]},{"id":"CVE-2023-34362","types":["secondary impact"]},{"id":"CVE-2021-40449","types":["secondary impact"]},{"id":"CVE-2020-8196","types":["primary impact"]},{"id":"CVE-2020-8195","types":["primary impact"]},{"id":"CVE-2019-1653","types":["primary impact"]}]
T1083	[{"id":"CVE-2024-53704","types":["primary impact"]},{"id":"CVE-2023-22952","types":["secondary impact"]},{"id":"CVE-2019-19781","types":["secondary impact"]},{"id":"CVE-2019-11510","types":["secondary impact"]},{"id":"CVE-2017-12637","types":["primary impact"]}]
T1087	[{"id":"CVE-2024-13161","types":["secondary impact"]},{"id":"CVE-2024-13160","types":["secondary impact"]},{"id":"CVE-2024-13159","types":["secondary impact"]},{"id":"CVE-2023-27532","types":["secondary impact"]},{"id":"CVE-2022-41082","types":["secondary impact"]},{"id":"CVE-2021-44515","types":["secondary impact"]}]
T1087.001	[{"id":"CVE-2023-27532","types":["secondary impact"]}]
T1087.002	[{"id":"CVE-2023-32315","types":["secondary impact"]},{"id":"CVE-2023-3519","types":["secondary impact"]},{"id":"CVE-2021-44077","types":["secondary impact"]},{"id":"CVE-2021-40539","types":["secondary impact"]},{"id":"CVE-2020-1472","types":["primary impact","secondary impact"]}]
T1090	[{"id":"CVE-2021-26855","types":["primary impact"]},{"id":"CVE-2021-22986","types":["primary impact"]},{"id":"CVE-2019-3396","types":["primary impact"]}]
T1090.001	[{"id":"CVE-2021-22017","types":["primary impact"]}]
T1091	[{"id":"CVE-2025-24991","types":["exploitation technique"]},{"id":"CVE-2025-24985","types":["exploitation technique"]},{"id":"CVE-2024-53197","types":["exploitation technique"]},{"id":"CVE-2024-53150","types":["exploitation technique"]},{"id":"CVE-2024-53104","types":["exploitation technique"]},{"id":"CVE-2024-50302","types":["exploitation technique"]}]
T1098	[{"id":"CVE-2021-32030","types":["primary impact"]},{"id":"CVE-2012-0767","types":["secondary impact"]}]
T1098.004	[{"id":"CVE-2022-40684","types":["primary impact"]}]
T1105	[{"id":"CVE-2025-43200","types":["primary impact"]},{"id":"CVE-2025-31201","types":["primary impact"]},{"id":"CVE-2025-31200","types":["primary impact"]},{"id":"CVE-2024-23692","types":["secondary impact"]},{"id":"CVE-2024-4978","types":["primary impact"]},{"id":"CVE-2023-48788","types":["secondary impact"]},{"id":"CVE-2023-38831","types":["secondary impact"]},{"id":"CVE-2023-38203","types":["primary impact"]},{"id":"CVE-2023-38035","types":["secondary impact"]},{"id":"CVE-2023-34362","types":["secondary impact"]},{"id":"CVE-2023-29300","types":["primary impact"]},{"id":"CVE-2023-27350","types":["secondary impact"]},{"id":"CVE-2023-26360","types":["secondary impact"]},{"id":"CVE-2023-22518","types":["secondary impact"]},{"id":"CVE-2023-20867","types":["secondary impact"]},{"id":"CVE-2023-7101","types":["secondary impact"]},{"id":"CVE-2023-3519","types":["primary impact"]},{"id":"CVE-2023-2868","types":["secondary impact"]},{"id":"CVE-2022-30190","types":["primary impact"]},{"id":"CVE-2021-44515","types":["primary impact"]},{"id":"CVE-2021-35394","types":["secondary impact"]},{"id":"CVE-2018-15982","types":["primary impact"]},{"id":"CVE-2017-11292","types":["primary impact"]},{"id":"CVE-2016-4117","types":["primary impact"]},{"id":"CVE-2016-1019","types":["primary impact"]},{"id":"CVE-2016-0984","types":["primary impact"]},{"id":"CVE-2015-8651","types":["primary impact"]},{"id":"CVE-2015-5119","types":["primary impact"]},{"id":"CVE-2013-0641","types":["primary impact"]},{"id":"CVE-2012-1535","types":["primary impact"]},{"id":"CVE-2012-0754","types":["primary impact"]},{"id":"CVE-2011-0611","types":["primary impact"]},{"id":"CVE-2010-2861","types":["primary impact"]},{"id":"CVE-2010-1297","types":["primary impact"]},{"id":"CVE-2010-0188","types":["primary impact"]}]
T1106	[{"id":"CVE-2025-31201","types":["secondary impact"]},{"id":"CVE-2025-31200","types":["secondary impact"]},{"id":"CVE-2025-20337","types":["exploitation technique"]},{"id":"CVE-2025-20281","types":["exploitation technique"]},{"id":"CVE-2024-20439","types":["primary impact"]},{"id":"CVE-2023-1389","types":["exploitation technique"]},{"id":"CVE-2020-8657","types":["exploitation technique"]}]
T1110	[{"id":"CVE-2020-1472","types":["exploitation technique"]},{"id":"CVE-2020-0688","types":["primary impact"]}]
T1112	[{"id":"CVE-2025-30400","types":["primary impact"]},{"id":"CVE-2024-26169","types":["exploitation technique"]},{"id":"CVE-2024-4577","types":["secondary impact"]},{"id":"CVE-2023-38831","types":["secondary impact"]}]
T1114	[{"id":"CVE-2024-42009","types":["primary impact"]},{"id":"CVE-2024-27443","types":["primary impact"]},{"id":"CVE-2020-0688","types":["primary impact"]}]
T1114.002	[{"id":"CVE-2012-0767","types":["secondary impact"]}]
T1119	[{"id":"CVE-2010-2861","types":["secondary impact"]}]
T1133	[{"id":"CVE-2025-32756","types":["exploitation technique"]},{"id":"CVE-2024-45195","types":["exploitation technique"]},{"id":"CVE-2024-11120","types":["exploitation technique"]},{"id":"CVE-2023-48365","types":["exploitation technique"]},{"id":"CVE-2023-39780","types":["exploitation technique"]},{"id":"CVE-2023-27532","types":["exploitation technique"]},{"id":"CVE-2023-20269","types":["exploitation technique"]},{"id":"CVE-2022-20699","types":["exploitation technique"]},{"id":"CVE-2021-26857","types":["secondary impact"]},{"id":"CVE-2021-26855","types":["exploitation technique"]},{"id":"CVE-2021-22986","types":["exploitation technique"]},{"id":"CVE-2021-1498","types":["exploitation technique"]},{"id":"CVE-2021-1497","types":["exploitation technique"]},{"id":"CVE-2020-25506","types":["exploitation technique"]},{"id":"CVE-2020-8515","types":["exploitation technique"]},{"id":"CVE-2020-5902","types":["exploitation technique"]},{"id":"CVE-2020-1472","types":["exploitation technique","secondary impact"]},{"id":"CVE-2019-19781","types":["exploitation technique"]},{"id":"CVE-2019-11510","types":["exploitation technique"]},{"id":"CVE-2019-5591","types":["exploitation technique"]},{"id":"CVE-2019-3396","types":["exploitation technique"]},{"id":"CVE-2019-0708","types":["exploitation technique"]},{"id":"CVE-2018-4939","types":["primary impact"]},{"id":"CVE-2014-7169","types":["exploitation technique"]},{"id":"CVE-2014-6271","types":["exploitation technique"]}]
T1134.001	[{"id":"CVE-2023-4966","types":["secondary impact"]}]
T1136	[{"id":"CVE-2025-31161","types":["primary impact"]},{"id":"CVE-2023-35078","types":["primary impact"]},{"id":"CVE-2023-34362","types":["secondary impact"]},{"id":"CVE-2023-28252","types":["secondary impact"]},{"id":"CVE-2023-27997","types":["primary impact"]},{"id":"CVE-2023-22515","types":["primary impact"]},{"id":"CVE-2023-20198","types":["primary impact"]},{"id":"CVE-2021-44077","types":["secondary impact"]},{"id":"CVE-2021-40539","types":["secondary impact"]},{"id":"CVE-2021-34473","types":["secondary impact"]}]
T1136.001	[{"id":"CVE-2022-47966","types":["primary impact"]},{"id":"CVE-2022-21999","types":["secondary impact"]}]
T1140	[{"id":"CVE-2021-44077","types":["secondary impact"]},{"id":"CVE-2021-40539","types":["secondary impact"]}]
T1185	[{"id":"CVE-2023-34192","types":["secondary impact"]},{"id":"CVE-2022-24682","types":["secondary impact"]},{"id":"CVE-2012-0767","types":["primary impact"]}]
T1189	[{"id":"CVE-2025-24201","types":["exploitation technique"]},{"id":"CVE-2025-6558","types":["exploitation technique"]},{"id":"CVE-2025-6554","types":["exploitation technique"]},{"id":"CVE-2025-5419","types":["exploitation technique"]},{"id":"CVE-2024-38112","types":["exploitation technique"]},{"id":"CVE-2024-5274","types":["exploitation technique"]},{"id":"CVE-2024-4947","types":["exploitation technique"]},{"id":"CVE-2024-4671","types":["exploitation technique"]},{"id":"CVE-2023-43770","types":["exploitation technique"]},{"id":"CVE-2023-7024","types":["exploitation technique"]},{"id":"CVE-2016-7855","types":["exploitation technique"]},{"id":"CVE-2016-1019","types":["exploitation technique"]},{"id":"CVE-2015-8651","types":["exploitation technique"]},{"id":"CVE-2015-3043","types":["exploitation technique"]},{"id":"CVE-2015-0313","types":["exploitation technique"]},{"id":"CVE-2015-0310","types":["exploitation technique"]},{"id":"CVE-2014-8439","types":["exploitation technique"]},{"id":"CVE-2012-5054","types":["exploitation technique"]},{"id":"CVE-2012-2034","types":["exploitation technique"]},{"id":"CVE-2010-1297","types":["exploitation technique"]},{"id":"CVE-2010-0188","types":["exploitation technique"]}]
T1190	[{"id":"CVE-2025-53770","types":["exploitation technique"]},{"id":"CVE-2025-49706","types":["exploitation technique"]},{"id":"CVE-2025-49704","types":["exploitation technique"]},{"id":"CVE-2025-42999","types":["exploitation technique"]},{"id":"CVE-2025-42599","types":["exploitation technique"]},{"id":"CVE-2025-35939","types":["exploitation technique"]},{"id":"CVE-2025-34028","types":["exploitation technique"]},{"id":"CVE-2025-25257","types":["exploitation technique"]},{"id":"CVE-2025-23006","types":["exploitation technique"]},{"id":"CVE-2025-22457","types":["exploitation technique"]},{"id":"CVE-2025-5777","types":["exploitation technique"]},{"id":"CVE-2025-4428","types":["exploitation technique"]},{"id":"CVE-2025-4427","types":["exploitation technique"]},{"id":"CVE-2025-1316","types":["exploitation technique"]},{"id":"CVE-2025-0282","types":["exploitation technique"]},{"id":"CVE-2025-0108","types":["exploitation technique"]},{"id":"CVE-2024-57727","types":["exploitation technique"]},{"id":"CVE-2024-55550","types":["exploitation technique"]},{"id":"CVE-2024-48248","types":["exploitation technique"]},{"id":"CVE-2024-38475","types":["exploitation technique"]},{"id":"CVE-2024-34102","types":["exploitation technique"]},{"id":"CVE-2024-27198","types":["exploitation technique"]},{"id":"CVE-2024-21893","types":["exploitation technique"]},{"id":"CVE-2024-21887","types":["exploitation technique"]},{"id":"CVE-2024-21762","types":["exploitation technique"]},{"id":"CVE-2024-20953","types":["exploitation technique"]},{"id":"CVE-2024-20353","types":["exploitation technique"]},{"id":"CVE-2024-13161","types":["exploitation technique"]},{"id":"CVE-2024-13160","types":["exploitation technique"]},{"id":"CVE-2024-13159","types":["exploitation technique"]},{"id":"CVE-2024-4879","types":["primary impact"]},{"id":"CVE-2024-4577","types":["exploitation technique"]},{"id":"CVE-2024-4358","types":["exploitation technique"]},{"id":"CVE-2024-0769","types":["exploitation technique"]},{"id":"CVE-2023-49103","types":["exploitation technique"]},{"id":"CVE-2023-48788","types":["exploitation technique"]},{"id":"CVE-2023-48365","types":["exploitation technique"]},{"id":"CVE-2023-46805","types":["exploitation technique"]},{"id":"CVE-2023-46604","types":["exploitation technique"]},{"id":"CVE-2023-44487","types":["exploitation technique"]},{"id":"CVE-2023-42793","types":["exploitation technique"]},{"id":"CVE-2023-38950","types":["exploitation technique"]},{"id":"CVE-2023-38205","types":["exploitation technique"]},{"id":"CVE-2023-38203","types":["exploitation technique"]},{"id":"CVE-2023-38035","types":["exploitation technique"]},{"id":"CVE-2023-36851","types":["exploitation technique"]},{"id":"CVE-2023-36847","types":["exploitation technique"]},{"id":"CVE-2023-36846","types":["exploitation technique"]},{"id":"CVE-2023-36845","types":["exploitation technique"]},{"id":"CVE-2023-36844","types":["primary impact"]},{"id":"CVE-2023-35081","types":["exploitation technique"]},{"id":"CVE-2023-35078","types":["exploitation technique"]},{"id":"CVE-2023-34362","types":["exploitation technique"]},{"id":"CVE-2023-33246","types":["exploitation technique"]},{"id":"CVE-2023-29492","types":["exploitation technique"]},{"id":"CVE-2023-29300","types":["exploitation technique"]},{"id":"CVE-2023-29298","types":["exploitation technique"]},{"id":"CVE-2023-27997","types":["exploitation technique"]},{"id":"CVE-2023-27524","types":["exploitation technique"]},{"id":"CVE-2023-27350","types":["exploitation technique"]},{"id":"CVE-2023-26360","types":["exploitation technique"]},{"id":"CVE-2023-26359","types":["exploitation technique"]},{"id":"CVE-2023-22952","types":["exploitation technique"]},{"id":"CVE-2023-22518","types":["exploitation technique"]},{"id":"CVE-2023-22515","types":["exploitation technique"]},{"id":"CVE-2023-20887","types":["exploitation technique"]},{"id":"CVE-2023-20198","types":["exploitation technique"]},{"id":"CVE-2023-7101","types":["exploitation technique"]},{"id":"CVE-2023-3519","types":["exploitation technique"]},{"id":"CVE-2023-0669","types":["exploitation technique"]},{"id":"CVE-2022-47966","types":["exploitation technique"]},{"id":"CVE-2022-43939","types":["exploitation technique"]},{"id":"CVE-2022-42948","types":["exploitation technique"]},{"id":"CVE-2022-42475","types":["exploitation technique"]},{"id":"CVE-2022-40684","types":["exploitation technique"]},{"id":"CVE-2022-39197","types":["exploitation technique"]},{"id":"CVE-2022-36804","types":["exploitation technique"]},{"id":"CVE-2022-35914","types":["exploitation technique"]},{"id":"CVE-2022-29464","types":["exploitation technique"]},{"id":"CVE-2022-28810","types":["exploitation technique"]},{"id":"CVE-2022-26501","types":["exploitation technique"]},{"id":"CVE-2022-26500","types":["exploitation technique"]},{"id":"CVE-2022-26258","types":["exploitation technique"]},{"id":"CVE-2022-26134","types":["exploitation technique"]},{"id":"CVE-2022-24086","types":["exploitation technique"]},{"id":"CVE-2022-23131","types":["exploitation technique"]},{"id":"CVE-2022-22965","types":["exploitation technique"]},{"id":"CVE-2022-22963","types":["exploitation technique"]},{"id":"CVE-2022-22947","types":["exploitation technique"]},{"id":"CVE-2022-20821","types":["exploitation technique"]},{"id":"CVE-2022-20708","types":["exploitation technique"]},{"id":"CVE-2022-20700","types":["exploitation technique"]},{"id":"CVE-2022-1040","types":["exploitation technique"]},{"id":"CVE-2022-0028","types":["exploitation technique"]},{"id":"CVE-2021-45382","types":["exploitation technique"]},{"id":"CVE-2021-44529","types":["exploitation technique"]},{"id":"CVE-2021-44515","types":["exploitation technique"]},{"id":"CVE-2021-44228","types":["exploitation technique"]},{"id":"CVE-2021-44077","types":["exploitation technique"]},{"id":"CVE-2021-40655","types":["exploitation technique"]},{"id":"CVE-2021-40539","types":["exploitation technique"]},{"id":"CVE-2021-39226","types":["exploitation technique"]},{"id":"CVE-2021-39144","types":["exploitation technique"]},{"id":"CVE-2021-37415","types":["exploitation technique"]},{"id":"CVE-2021-36380","types":["exploitation technique"]},{"id":"CVE-2021-35464","types":["exploitation technique"]},{"id":"CVE-2021-35394","types":["exploitation technique"]},{"id":"CVE-2021-34523","types":["exploitation technique"]},{"id":"CVE-2021-34473","types":["exploitation technique"]},{"id":"CVE-2021-31166","types":["exploitation technique"]},{"id":"CVE-2021-27860","types":["exploitation technique"]},{"id":"CVE-2021-27104","types":["exploitation technique"]},{"id":"CVE-2021-27103","types":["exploitation technique"]},{"id":"CVE-2021-27102","types":["exploitation technique"]},{"id":"CVE-2021-27065","types":["exploitation technique"]},{"id":"CVE-2021-26858","types":["exploitation technique"]},{"id":"CVE-2021-26085","types":["exploitation technique"]},{"id":"CVE-2021-22986","types":["exploitation technique"]},{"id":"CVE-2021-22893","types":["exploitation technique"]},{"id":"CVE-2021-22205","types":["exploitation technique"]},{"id":"CVE-2021-22204","types":["exploitation technique"]},{"id":"CVE-2021-22017","types":["exploitation technique"]},{"id":"CVE-2021-22005","types":["exploitation technique"]},{"id":"CVE-2021-21975","types":["exploitation technique"]},{"id":"CVE-2021-21973","types":["exploitation technique"]},{"id":"CVE-2021-21972","types":["exploitation technique"]},{"id":"CVE-2021-3129","types":["exploitation technique"]},{"id":"CVE-2020-29557","types":["exploitation technique"]},{"id":"CVE-2020-17530","types":["exploitation technique"]},{"id":"CVE-2020-15505","types":["exploitation technique"]},{"id":"CVE-2020-5902","types":["exploitation technique"]},{"id":"CVE-2020-0688","types":["exploitation technique"]},{"id":"CVE-2019-18935","types":["exploitation technique"]},{"id":"CVE-2019-17558","types":["exploitation technique"]},{"id":"CVE-2019-11634","types":["exploitation technique"]},{"id":"CVE-2019-1653","types":["exploitation technique"]},{"id":"CVE-2019-0604","types":["exploitation technique"]},{"id":"CVE-2018-15961","types":["exploitation technique"]},{"id":"CVE-2018-13379","types":["exploitation technique"]},{"id":"CVE-2018-11776","types":["exploitation technique"]},{"id":"CVE-2018-7600","types":["exploitation technique"]},{"id":"CVE-2018-6789","types":["exploitation technique"]},{"id":"CVE-2018-4939","types":["primary impact"]},{"id":"CVE-2017-12637","types":["exploitation technique"]},{"id":"CVE-2017-9822","types":["exploitation technique"]},{"id":"CVE-2017-9805","types":["exploitation technique"]},{"id":"CVE-2017-5638","types":["exploitation technique"]},{"id":"CVE-2016-10033","types":["exploitation technique"]},{"id":"CVE-2016-4437","types":["exploitation technique"]},{"id":"CVE-2014-7169","types":["exploitation technique"]},{"id":"CVE-2014-6271","types":["exploitation technique"]},{"id":"CVE-2013-0632","types":["exploitation technique"]},{"id":"CVE-2013-0631","types":["exploitation technique"]},{"id":"CVE-2013-0629","types":["exploitation technique"]},{"id":"CVE-2013-0625","types":["exploitation technique"]},{"id":"CVE-2010-2861","types":["exploitation technique"]},{"id":"CVE-2009-3960","types":["exploitation technique"]}]
T1195	[{"id":"CVE-2024-49035","types":["primary impact"]}]
T1195.002	[{"id":"CVE-2024-4978","types":["exploitation technique"]},{"id":"CVE-2021-44529","types":["primary impact"]}]
T1199	[{"id":"CVE-2024-53704","types":["exploitation technique"]}]
T1202	[{"id":"CVE-2024-24919","types":["exploitation technique"]},{"id":"CVE-2023-40044","types":["secondary impact"]},{"id":"CVE-2023-32315","types":["exploitation technique"]},{"id":"CVE-2022-29464","types":["primary impact"]},{"id":"CVE-2020-3452","types":["exploitation technique"]},{"id":"CVE-2019-3398","types":["exploitation technique"]},{"id":"CVE-2019-3396","types":["secondary impact"]},{"id":"CVE-2018-0296","types":["exploitation technique"]},{"id":"CVE-2013-0629","types":["primary impact"]}]
T1203	[{"id":"CVE-2025-43200","types":["exploitation technique"]},{"id":"CVE-2025-42999","types":["exploitation technique"]},{"id":"CVE-2025-31201","types":["exploitation technique"]},{"id":"CVE-2025-31200","types":["exploitation technique"]},{"id":"CVE-2025-30406","types":["exploitation technique"]},{"id":"CVE-2025-30397","types":["exploitation technique"]},{"id":"CVE-2025-27038","types":["exploitation technique"]},{"id":"CVE-2025-24993","types":["exploitation technique"]},{"id":"CVE-2025-24016","types":["secondary impact"]},{"id":"CVE-2025-6558","types":["exploitation technique"]},{"id":"CVE-2025-6554","types":["exploitation technique"]},{"id":"CVE-2025-6543","types":["exploitation technique"]},{"id":"CVE-2025-5419","types":["exploitation technique"]},{"id":"CVE-2025-4427","types":["exploitation technique"]},{"id":"CVE-2025-3935","types":["exploitation technique"]},{"id":"CVE-2025-3248","types":["exploitation technique"]},{"id":"CVE-2025-2783","types":["exploitation technique"]},{"id":"CVE-2024-45195","types":["exploitation technique"]},{"id":"CVE-2024-26169","types":["exploitation technique"]},{"id":"CVE-2024-11120","types":["exploitation technique"]},{"id":"CVE-2024-5274","types":["primary impact"]},{"id":"CVE-2023-49897","types":["exploitation technique"]},{"id":"CVE-2023-47565","types":["exploitation technique"]},{"id":"CVE-2023-36844","types":["exploitation technique"]},{"id":"CVE-2023-34048","types":["primary impact"]},{"id":"CVE-2023-26369","types":["primary impact"]},{"id":"CVE-2023-23397","types":["exploitation technique"]},{"id":"CVE-2023-21608","types":["primary impact"]},{"id":"CVE-2022-43769","types":["exploitation technique"]},{"id":"CVE-2022-41128","types":["primary impact"]},{"id":"CVE-2022-23748","types":["exploitation technique"]},{"id":"CVE-2022-20703","types":["exploitation technique"]},{"id":"CVE-2022-20701","types":["primary impact"]},{"id":"CVE-2021-39144","types":["primary impact"]},{"id":"CVE-2021-37975","types":["primary impact"]},{"id":"CVE-2021-30554","types":["exploitation technique"]},{"id":"CVE-2021-29256","types":["exploitation technique"]},{"id":"CVE-2021-27059","types":["exploitation technique"]},{"id":"CVE-2021-21206","types":["exploitation technique"]},{"id":"CVE-2021-21166","types":["primary impact"]},{"id":"CVE-2021-21148","types":["primary impact"]},{"id":"CVE-2018-4939","types":["exploitation technique"]},{"id":"CVE-2015-5119","types":["exploitation technique"]}]
T1204	[{"id":"CVE-2025-24993","types":["exploitation technique"]},{"id":"CVE-2023-38831","types":["exploitation technique"]}]
T1204.001	[{"id":"CVE-2024-38112","types":["exploitation technique"]},{"id":"CVE-2023-5631","types":["exploitation technique"]},{"id":"CVE-2023-5217","types":["exploitation technique"]},{"id":"CVE-2023-2136","types":["exploitation technique"]},{"id":"CVE-2022-24682","types":["exploitation technique"]},{"id":"CVE-2022-21971","types":["exploitation technique"]},{"id":"CVE-2022-3075","types":["exploitation technique"]},{"id":"CVE-2022-3038","types":["exploitation technique"]},{"id":"CVE-2020-3580","types":["exploitation technique"]},{"id":"CVE-2015-5119","types":["exploitation technique"]},{"id":"CVE-2012-0767","types":["exploitation technique"]}]
T1204.002	[{"id":"CVE-2025-27363","types":["exploitation technique"]},{"id":"CVE-2024-38080","types":["exploitation technique"]},{"id":"CVE-2023-36884","types":["primary impact"]},{"id":"CVE-2023-26369","types":["exploitation technique"]},{"id":"CVE-2023-21715","types":["exploitation technique"]},{"id":"CVE-2023-21608","types":["exploitation technique"]},{"id":"CVE-2022-34713","types":["primary impact"]},{"id":"CVE-2022-30190","types":["exploitation technique"]},{"id":"CVE-2021-28550","types":["exploitation technique"]},{"id":"CVE-2021-21017","types":["exploitation technique"]},{"id":"CVE-2018-15982","types":["exploitation technique"]},{"id":"CVE-2018-4990","types":["exploitation technique"]},{"id":"CVE-2018-4878","types":["exploitation technique"]},{"id":"CVE-2017-11292","types":["exploitation technique"]},{"id":"CVE-2016-4117","types":["exploitation technique"]},{"id":"CVE-2016-0984","types":["exploitation technique"]},{"id":"CVE-2015-7645","types":["exploitation technique"]},{"id":"CVE-2015-3113","types":["exploitation technique"]},{"id":"CVE-2015-3043","types":["exploitation technique"]},{"id":"CVE-2014-0496","types":["exploitation technique"]},{"id":"CVE-2013-0641","types":["exploitation technique"]},{"id":"CVE-2012-1535","types":["exploitation technique"]},{"id":"CVE-2012-0754","types":["exploitation technique"]},{"id":"CVE-2011-2462","types":["exploitation technique"]},{"id":"CVE-2011-0611","types":["exploitation technique"]},{"id":"CVE-2010-2883","types":["exploitation technique"]},{"id":"CVE-2010-1297","types":["exploitation technique"]},{"id":"CVE-2009-4324","types":["exploitation technique"]},{"id":"CVE-2009-3953","types":["exploitation technique"]},{"id":"CVE-2009-1862","types":["exploitation technique"]},{"id":"CVE-2008-2992","types":["exploitation technique"]},{"id":"CVE-2008-0655","types":["exploitation technique"]},{"id":"CVE-2007-5659","types":["exploitation technique"]}]
T1210	[{"id":"CVE-2024-54085","types":["primary impact"]},{"id":"CVE-2023-0669","types":["primary impact"]},{"id":"CVE-2021-42013","types":["exploitation technique"]},{"id":"CVE-2021-41773","types":["exploitation technique"]}]
T1211	[{"id":"CVE-2022-21999","types":["secondary impact"]}]
T1212	[{"id":"CVE-2025-48928","types":["exploitation technique"]},{"id":"CVE-2025-48927","types":["exploitation technique"]},{"id":"CVE-2024-53704","types":["exploitation technique"]},{"id":"CVE-2022-22948","types":["primary impact"]}]
T1213	[{"id":"CVE-2023-35078","types":["primary impact"]},{"id":"CVE-2022-24086","types":["secondary impact"]}]
T1217	[{"id":"CVE-2020-3580","types":["secondary impact"]}]
T1218	[{"id":"CVE-2021-44077","types":["secondary impact"]},{"id":"CVE-2021-40539","types":["secondary impact"]}]
T1219	[{"id":"CVE-2018-4878","types":["primary impact"]}]
T1221	[{"id":"CVE-2024-23692","types":["exploitation technique"]},{"id":"CVE-2023-22527","types":["exploitation technique"]},{"id":"CVE-2022-22954","types":["exploitation technique"]}]
T1222	[{"id":"CVE-2022-22960","types":["exploitation technique"]}]
T1404	[{"id":"CVE-2025-24085","types":["exploitation technique"]},{"id":"CVE-2022-38181","types":["primary impact"]}]
T1406	[{"id":"CVE-2025-31201","types":["secondary impact"]},{"id":"CVE-2025-31200","types":["secondary impact"]}]
T1437	[{"id":"CVE-2021-38000","types":["primary impact"]}]
T1437.001	[{"id":"CVE-2022-38181","types":["primary impact"]}]
T1456	[{"id":"CVE-2025-24201","types":["exploitation technique"]},{"id":"CVE-2025-6558","types":["exploitation technique"]},{"id":"CVE-2025-6554","types":["exploitation technique"]},{"id":"CVE-2025-5419","types":["exploitation technique"]},{"id":"CVE-2023-4863","types":["exploitation technique"]}]
T1458	[{"id":"CVE-2025-24200","types":["secondary impact"]}]
T1461	[{"id":"CVE-2025-24200","types":["exploitation technique"]}]
T1482	[{"id":"CVE-2023-22952","types":["secondary impact"]},{"id":"CVE-2022-41082","types":["secondary impact"]}]
T1484.001	[{"id":"CVE-2023-26360","types":["secondary impact"]}]
T1485	[{"id":"CVE-2025-25257","types":["secondary impact"]},{"id":"CVE-2025-25181","types":["primary impact"]},{"id":"CVE-2025-21391","types":["primary impact"]},{"id":"CVE-2021-39226","types":["primary impact"]},{"id":"CVE-2021-22986","types":["secondary impact"]},{"id":"CVE-2018-7600","types":["secondary impact"]}]
T1486	[{"id":"CVE-2023-38831","types":["secondary impact"]},{"id":"CVE-2023-36884","types":["secondary impact"]},{"id":"CVE-2023-28252","types":["secondary impact"]},{"id":"CVE-2023-27532","types":["secondary impact"]},{"id":"CVE-2023-0669","types":["secondary impact"]},{"id":"CVE-2022-22947","types":["secondary impact"]},{"id":"CVE-2021-45046","types":["secondary impact"]},{"id":"CVE-2021-44228","types":["secondary impact"]},{"id":"CVE-2021-42258","types":["secondary impact"]},{"id":"CVE-2021-34473","types":["secondary impact"]},{"id":"CVE-2020-1472","types":["secondary impact"]},{"id":"CVE-2019-11634","types":["secondary impact"]},{"id":"CVE-2016-1019","types":["secondary impact"]},{"id":"CVE-2015-8651","types":["secondary impact"]},{"id":"CVE-2009-3960","types":["primary impact"]}]
T1489	[{"id":"CVE-2023-36884","types":["secondary impact"]}]
T1490	[{"id":"CVE-2025-21391","types":["primary impact"]},{"id":"CVE-2023-36884","types":["secondary impact"]}]
T1491.002	[{"id":"CVE-2018-15961","types":["primary impact"]}]
T1495	[{"id":"CVE-2025-21480","types":["primary impact"]},{"id":"CVE-2024-54085","types":["primary impact"]}]
T1496	[{"id":"CVE-2025-4632","types":["secondary impact"]},{"id":"CVE-2024-23692","types":["secondary impact"]},{"id":"CVE-2023-49897","types":["primary impact"]},{"id":"CVE-2023-47565","types":["primary impact"]},{"id":"CVE-2023-38035","types":["secondary impact"]},{"id":"CVE-2023-32315","types":["secondary impact"]},{"id":"CVE-2023-22527","types":["primary impact"]},{"id":"CVE-2023-1389","types":["primary impact"]},{"id":"CVE-2022-29464","types":["secondary impact"]},{"id":"CVE-2022-29303","types":["secondary impact"]},{"id":"CVE-2021-44228","types":["secondary impact"]},{"id":"CVE-2021-35394","types":["secondary impact"]},{"id":"CVE-2021-26084","types":["secondary impact"]},{"id":"CVE-2021-22205","types":["secondary impact"]},{"id":"CVE-2020-8515","types":["secondary impact"]},{"id":"CVE-2019-18935","types":["primary impact"]},{"id":"CVE-2018-11776","types":["secondary impact"]},{"id":"CVE-2018-7600","types":["secondary impact"]},{"id":"CVE-2017-9822","types":["secondary impact"]}]
T1497	[{"id":"CVE-2025-6558","types":["primary impact"]},{"id":"CVE-2025-2783","types":["secondary impact"]},{"id":"CVE-2015-3113","types":["secondary impact"]},{"id":"CVE-2014-0546","types":["primary impact"]}]
T1498	[{"id":"CVE-2025-6543","types":["primary impact"]},{"id":"CVE-2024-11120","types":["primary impact"]},{"id":"CVE-2023-49897","types":["secondary impact"]},{"id":"CVE-2023-47565","types":["secondary impact"]},{"id":"CVE-2023-1389","types":["secondary impact"]},{"id":"CVE-2022-0028","types":["primary impact"]},{"id":"CVE-2021-22205","types":["primary impact","secondary impact"]},{"id":"CVE-2019-0708","types":["secondary impact"]}]
T1498.001	[{"id":"CVE-2024-45195","types":["secondary impact"]}]
T1499	[{"id":"CVE-2025-42599","types":["primary impact"]},{"id":"CVE-2024-54085","types":["primary impact"]},{"id":"CVE-2023-44487","types":["primary impact"]},{"id":"CVE-2023-20109","types":["primary impact"]},{"id":"CVE-2023-6549","types":["primary impact"]},{"id":"CVE-2021-35394","types":["secondary impact"]},{"id":"CVE-2020-5735","types":["secondary impact"]}]
T1499.002	[{"id":"CVE-2022-26258","types":["secondary impact"]},{"id":"CVE-2021-45382","types":["secondary impact"]}]
T1499.004	[{"id":"CVE-2025-27363","types":["secondary impact"]},{"id":"CVE-2015-3043","types":["primary impact"]}]
T1505	[{"id":"CVE-2025-49706","types":["primary impact"]},{"id":"CVE-2022-29303","types":["exploitation technique"]}]
T1505.003	[{"id":"CVE-2025-42999","types":["secondary impact"]},{"id":"CVE-2025-35939","types":["primary impact"]},{"id":"CVE-2025-31324","types":["exploitation technique"]},{"id":"CVE-2025-4427","types":["secondary impact"]},{"id":"CVE-2025-3928","types":["secondary impact"]},{"id":"CVE-2024-21893","types":["secondary impact"]},{"id":"CVE-2024-21887","types":["secondary impact"]},{"id":"CVE-2023-46805","types":["secondary impact"]},{"id":"CVE-2023-32315","types":["primary impact"]},{"id":"CVE-2023-26360","types":["secondary impact"]},{"id":"CVE-2023-22952","types":["secondary impact"]},{"id":"CVE-2023-20118","types":["secondary impact"]},{"id":"CVE-2022-41082","types":["secondary impact"]},{"id":"CVE-2022-22963","types":["secondary impact"]},{"id":"CVE-2022-22954","types":["primary impact"]},{"id":"CVE-2021-44228","types":["secondary impact"]},{"id":"CVE-2021-44077","types":["primary impact"]},{"id":"CVE-2021-40539","types":["primary impact","secondary impact"]},{"id":"CVE-2021-27860","types":["primary impact"]},{"id":"CVE-2021-27065","types":["primary impact"]},{"id":"CVE-2021-26858","types":["primary impact"]},{"id":"CVE-2021-26857","types":["primary impact"]},{"id":"CVE-2021-26855","types":["secondary impact"]},{"id":"CVE-2020-0688","types":["secondary impact"]},{"id":"CVE-2019-18935","types":["primary impact"]},{"id":"CVE-2019-0604","types":["primary impact"]}]
T1528	[{"id":"CVE-2024-38475","types":["primary impact"]}]
T1530	[{"id":"CVE-2024-49035","types":["primary impact"]},{"id":"CVE-2023-22952","types":["secondary impact"]}]
T1531	[{"id":"CVE-2023-34362","types":["secondary impact"]}]
T1533	[{"id":"CVE-2025-43200","types":["secondary impact"]}]
T1542.005	[{"id":"CVE-2017-6742","types":["secondary impact"]}]
T1543	[{"id":"CVE-2025-33053","types":["secondary impact"]},{"id":"CVE-2025-32709","types":["primary impact"]},{"id":"CVE-2025-32706","types":["primary impact"]},{"id":"CVE-2025-32701","types":["primary impact"]},{"id":"CVE-2025-4428","types":["secondary impact"]},{"id":"CVE-2024-4577","types":["secondary impact"]},{"id":"CVE-2023-44221","types":["secondary impact"]},{"id":"CVE-2023-0386","types":["primary impact"]},{"id":"CVE-2021-45382","types":["secondary impact"]}]
T1544	[{"id":"CVE-2025-43200","types":["primary impact"]},{"id":"CVE-2025-31201","types":["primary impact"]},{"id":"CVE-2025-31200","types":["primary impact"]}]
T1547	[{"id":"CVE-2023-2533","types":["primary impact"]}]
T1547.001	[{"id":"CVE-2022-22047","types":["secondary impact"]}]
T1547.009	[{"id":"CVE-2024-21762","types":["secondary impact"]}]
T1548	[{"id":"CVE-2025-2783","types":["primary impact"]},{"id":"CVE-2023-44221","types":["exploitation technique"]},{"id":"CVE-2022-23131","types":["primary impact"]},{"id":"CVE-2022-1388","types":["exploitation technique"]}]
T1548.001	[{"id":"CVE-2023-0386","types":["exploitation technique"]}]
T1548.002	[{"id":"CVE-2021-31207","types":["exploitation technique"]}]
T1550.002	[{"id":"CVE-2024-13161","types":["primary impact"]},{"id":"CVE-2024-13160","types":["primary impact"]},{"id":"CVE-2024-13159","types":["primary impact"]},{"id":"CVE-2023-23397","types":["primary impact"]}]
T1552	[{"id":"CVE-2024-21887","types":["secondary impact"]},{"id":"CVE-2024-20439","types":["exploitation technique"]},{"id":"CVE-2023-49103","types":["primary impact"]},{"id":"CVE-2020-5902","types":["secondary impact"]}]
T1552.001	[{"id":"CVE-2024-57727","types":["primary impact"]},{"id":"CVE-2022-26138","types":["exploitation technique"]},{"id":"CVE-2019-11510","types":["secondary impact"]}]
T1552.004	[{"id":"CVE-2024-57727","types":["primary impact"]}]
T1553.005	[{"id":"CVE-2025-0411","types":["exploitation technique"]},{"id":"CVE-2023-36884","types":["secondary impact"]}]
T1555	[{"id":"CVE-2025-48928","types":["primary impact"]},{"id":"CVE-2025-48927","types":["primary impact"]},{"id":"CVE-2025-24054","types":["primary impact"]},{"id":"CVE-2025-5777","types":["primary impact"]},{"id":"CVE-2024-55591","types":["primary impact"]},{"id":"CVE-2024-21893","types":["secondary impact"]},{"id":"CVE-2023-46805","types":["secondary impact"]},{"id":"CVE-2023-27532","types":["secondary impact"]},{"id":"CVE-2017-12637","types":["secondary impact"]}]
T1556	[{"id":"CVE-2020-12812","types":["exploitation technique","primary impact"]},{"id":"CVE-2020-8193","types":["exploitation technique"]}]
T1557	[{"id":"CVE-2025-31201","types":["secondary impact"]},{"id":"CVE-2025-31200","types":["secondary impact"]},{"id":"CVE-2022-1040","types":["secondary impact"]},{"id":"CVE-2019-5591","types":["primary impact"]}]
T1557.001	[{"id":"CVE-2023-38035","types":["secondary impact"]}]
T1558	[{"id":"CVE-2024-13161","types":["exploitation technique"]},{"id":"CVE-2024-13160","types":["exploitation technique"]},{"id":"CVE-2024-13159","types":["exploitation technique"]}]
T1560.001	[{"id":"CVE-2021-44077","types":["secondary impact"]},{"id":"CVE-2021-40539","types":["secondary impact"]}]
T1562	[{"id":"CVE-2025-31201","types":["secondary impact"]},{"id":"CVE-2025-31200","types":["secondary impact"]},{"id":"CVE-2023-0386","types":["secondary impact"]}]
T1562.001	[{"id":"CVE-2023-22952","types":["secondary impact"]},{"id":"CVE-2020-5902","types":["secondary impact"]}]
T1565	[{"id":"CVE-2025-24993","types":["secondary impact"]},{"id":"CVE-2021-31207","types":["primary impact"]}]
T1565.001	[{"id":"CVE-2025-0108","types":["primary impact"]},{"id":"CVE-2022-41328","types":["secondary impact"]}]
T1566	[{"id":"CVE-2025-24054","types":["exploitation technique"]},{"id":"CVE-2024-11182","types":["exploitation technique"]},{"id":"CVE-2023-36884","types":["exploitation technique"]},{"id":"CVE-2022-41128","types":["exploitation technique"]},{"id":"CVE-2022-34713","types":["exploitation technique"]},{"id":"CVE-2021-40449","types":["exploitation technique"]}]
T1566.001	[{"id":"CVE-2025-33053","types":["exploitation technique"]},{"id":"CVE-2025-0411","types":["exploitation technique"]},{"id":"CVE-2023-2868","types":["exploitation technique"]},{"id":"CVE-2022-41033","types":["exploitation technique"]},{"id":"CVE-2017-11882","types":["exploitation technique"]},{"id":"CVE-2017-11292","types":["exploitation technique"]},{"id":"CVE-2013-0640","types":["exploitation technique"]}]
T1566.002	[{"id":"CVE-2024-42009","types":["exploitation technique"]},{"id":"CVE-2024-27443","types":["exploitation technique"]},{"id":"CVE-2024-21413","types":["exploitation technique"]},{"id":"CVE-2023-2533","types":["exploitation technique"]},{"id":"CVE-2015-5119","types":["exploitation technique"]}]
T1567	[{"id":"CVE-2025-54309","types":["primary impact"]},{"id":"CVE-2024-11182","types":["primary impact"]},{"id":"CVE-2022-41082","types":["secondary impact"]}]
T1569.002	[{"id":"CVE-2021-35394","types":["secondary impact"]}]
T1570	[{"id":"CVE-2024-4577","types":["secondary impact"]}]
T1571	[{"id":"CVE-2023-38035","types":["secondary impact"]}]
T1573.001	[{"id":"CVE-2021-44077","types":["secondary impact"]},{"id":"CVE-2021-40539","types":["secondary impact"]},{"id":"CVE-2021-40449","types":["secondary impact"]}]
T1574	[{"id":"CVE-2025-27363","types":["primary impact"]},{"id":"CVE-2024-21762","types":["primary impact"]},{"id":"CVE-2023-27997","types":["exploitation technique"]},{"id":"CVE-2023-7024","types":["primary impact"]},{"id":"CVE-2023-6549","types":["exploitation technique"]},{"id":"CVE-2023-5217","types":["primary impact"]},{"id":"CVE-2023-4966","types":["exploitation technique"]},{"id":"CVE-2023-3519","types":["exploitation technique"]},{"id":"CVE-2022-42475","types":["primary impact"]},{"id":"CVE-2022-41328","types":["exploitation technique"]},{"id":"CVE-2022-41073","types":["secondary impact"]},{"id":"CVE-2022-3038","types":["primary impact"]},{"id":"CVE-2022-1040","types":["secondary impact"]},{"id":"CVE-2020-5735","types":["primary impact"]},{"id":"CVE-2017-6742","types":["exploitation technique"]},{"id":"CVE-2016-1010","types":["exploitation technique"]}]
T1575	[{"id":"CVE-2025-31201","types":["secondary impact"]},{"id":"CVE-2025-31200","types":["secondary impact"]}]
T1584.005	[{"id":"CVE-2020-29557","types":["secondary impact"]},{"id":"CVE-2020-25506","types":["secondary impact"]}]
T1588	[{"id":"CVE-2023-39780","types":["exploitation technique"]}]
T1588.001	[{"id":"CVE-2025-0411","types":["primary impact"]},{"id":"CVE-2023-34048","types":["secondary impact"]}]
T1588.006	[{"id":"CVE-2025-42599","types":["exploitation technique"]}]
T1592	[{"id":"CVE-2017-12637","types":["secondary impact"]},{"id":"CVE-2013-0631","types":["primary impact"]}]
T1595	[{"id":"CVE-2025-0282","types":["exploitation technique"]}]
T1598.002	[{"id":"CVE-2021-33739","types":["exploitation technique"]}]
T1601	[{"id":"CVE-2021-44168","types":["primary impact"]}]
T1602	[{"id":"CVE-2025-31324","types":["secondary impact"]}]
T1608.001	[{"id":"CVE-2025-32756","types":["secondary impact"]},{"id":"CVE-2025-32709","types":["primary impact"]},{"id":"CVE-2025-32706","types":["primary impact"]},{"id":"CVE-2025-32701","types":["primary impact"]},{"id":"CVE-2025-4632","types":["secondary impact"]},{"id":"CVE-2024-54085","types":["primary impact"]},{"id":"CVE-2024-37085","types":["secondary impact"]},{"id":"CVE-2024-20353","types":["secondary impact"]},{"id":"CVE-2023-33246","types":["secondary impact"]},{"id":"CVE-2021-44228","types":["secondary impact"]},{"id":"CVE-2019-0604","types":["primary impact"]}]
T1611	[{"id":"CVE-2025-22226","types":["secondary impact"]},{"id":"CVE-2025-22225","types":["primary impact"]},{"id":"CVE-2025-22224","types":["primary impact"]}]
T1622	[{"id":"CVE-2022-42475","types":["secondary impact"]},{"id":"CVE-2015-3113","types":["secondary impact"]}]
T1623	[{"id":"CVE-2025-31201","types":["secondary impact"]},{"id":"CVE-2025-31200","types":["secondary impact"]},{"id":"CVE-2025-24201","types":["primary impact"]},{"id":"CVE-2025-24085","types":["primary impact"]},{"id":"CVE-2025-6554","types":["primary impact"]}]
T1625	[{"id":"CVE-2025-27363","types":["primary impact"]}]
T1629	[{"id":"CVE-2025-31201","types":["secondary impact"]},{"id":"CVE-2025-31200","types":["secondary impact"]},{"id":"CVE-2025-24200","types":["primary impact"]}]
T1631	[{"id":"CVE-2025-21479","types":["exploitation technique"]}]
T1633	[{"id":"CVE-2025-6558","types":["primary impact"]}]
T1638	[{"id":"CVE-2025-31201","types":["secondary impact"]},{"id":"CVE-2025-31200","types":["secondary impact"]}]
T1642	[{"id":"CVE-2025-27363","types":["secondary impact"]},{"id":"CVE-2025-21479","types":["primary impact"]}]
T1653	[{"id":"CVE-2024-20353","types":["primary impact"]}]
T1658	[{"id":"CVE-2025-43200","types":["exploitation technique"]},{"id":"CVE-2025-31201","types":["exploitation technique"]},{"id":"CVE-2025-31200","types":["exploitation technique"]},{"id":"CVE-2025-27363","types":["exploitation technique"]},{"id":"CVE-2025-6558","types":["exploitation technique"]},{"id":"CVE-2025-6554","types":["exploitation technique"]},{"id":"CVE-2025-5419","types":["exploitation technique"]},{"id":"CVE-2023-4863","types":["primary impact"]},{"id":"CVE-2021-38000","types":["primary impact"]}]
T1660	[{"id":"CVE-2022-38181","types":["exploitation technique"]},{"id":"CVE-2021-38000","types":["exploitation technique"]}]
