ident,type,description,mhz
AGGH,AFIS,INFO,118.100
AGGH,INFO,INFO,342.500
AGGM,AFIS,INFO,118.100
AGGM,RDO,RDO,118.100
ANYN,A/G,Nauru Radio,118.100
ANYN,INFO,Nauru Radio,126.500
AYBK,RDO,LAE RDO,127.100
AYDU,FSS,MORESBY CNTR,124.900
AYGA,TWR,TWR,118.700
AYGN,FSS,MORESBY CNTR,124.100
AYHK,FSS,NADZAB CNTR,127.100
AYKM,FSS,MORESBY,120.900
AYKV,FSS,LAE,127.100
AYMD,ATIS,ATIS,127.800
AYMD,FSS,MADANG CNTR,120.100
AYMD,TWR,TWR,118.100
AYMH,ATIS,ATIS,128.400
AYMH,TWR,HAGEN TWR,120.500
AYMO,AWOS,AWIS,129.350
AYMO,FSS,MADANG,120.100
AYNZ,APP,APP,118.600
AYNZ,ATIS,ATIS,128.600
AYNZ,RDO,LAE RDO,120.700
AYNZ,TWR,TWR,121.700
AYPY,APP,JACKSONS APP,125.800
AYPY,ATIS,ATIS,117.000
AYPY,GND,JACKSONS GND,121.700
AYPY,TWR,JACKSONS TWR,118.100
AYTK,FSS,LAE RDO,127.100
AYTK,MISC,MTAF,120.900
AYTK,TWR,TWR,118.200
AYVN,FSS,MADANG FIS,126.700
AYWK,ATIS,ATIS,128.200
AYWK,CTAF,WEWAK TRAFFIC,121.700
AYWK,FSS,MADANG CNTR,126.700
BGBW,AFIS,AFIS,119.100
BGCO,AFIS,AFIS,118.100
BGGH,AFIS,AFIS,119.100
BGNN,HIS,NANORTALIK HIS,118.100
BGNO,ATS,Station Nord,118.100
BGNO,ATS,Station Nord,267.300
BGNS,HIS,NARSAQ HIS,118.100
BGQQ,AFIS,Aerodrome Flight Information Service,118.100
BGSF,A/D,APP/DEP,126.200
BGSF,RDO,RDO,121.300
BGSF,TWR,TWR,118.300
BGSS,AFIS,SISIMIUT AFIS,118.100
BGTL,A/G,EMERG CW FREQUENCY,836.400
BGTL,APP,APP,134.100
BGTL,CLD,CLNC DEL,119.900
BGTL,GND,GND,119.900
BGTL,OPS,BASE OPS,131.100
BGTL,TWR,TWR,126.200
BGUK,AFIS,Upernavik AFIS,118.100
BIAR,ACC,REYKJAVIK ACC,119.700
BIAR,RDR,RADAR,118.700
BIAR,TWR,TWR,118.200
BIBD,ACC,REYKJAVIK ACC,119.700
BIBD,AFIS,INFO,119.100
BIEG,ACC,REYKJAVIK ACC,119.700
BIEG,AFIS,RDO,119.400
BIHN,ACC,REYKJAVIK CON,119.700
BIHN,AFIS,INFO,118.100
BIHU,ACC,REYKJAVIK ACC,119.700
BIHU,AFIS,INFO,118.100
BIIS,ACC,REYKJAVIK ACC,119.700
BIIS,AFIS,INFO,118.800
BIKF,A/G,AIR GND,131.900
BIKF,APP,APP,119.300
BIKF,ATIS,ATIS,128.300
BIKF,DEP,DEP,119.300
BIKF,GND,GND,121.900
BIKF,OPS,BASE OPS,129.000
BIKF,PMSV,PMSV  METRO,125.000
BIKF,TWR,TWR,118.300
BIMS,afis,Tungubakki,118.200
BIPA,ACC,REYKJAVIK ACC,119.700
BIPA,AFIS,RDO,119.100
BIRK,A/D,APP/DEP,119.000
BIRK,ATIS,ATIS,128.100
BIRK,GND,GND,121.700
BIRK,RDO,RDO,126.550
BIRK,TWR,TWR,118.000
BISA,TRFC,Trafic,118.100
BISI,ACC,REYKJAVIK ACC,119.700
BISI,RDO,RDO,118.100
BISS,TRFC,Traffic,119.900
BITN,ACC,REYKJAVIK ACC,119.700
BITN,AFIS,INFO,118.100
BIVM,ACC,REYKJAVIK ACC,119.700
BIVM,DEP,REYKJAVIK DEP,119.000
BIVM,TWR,TWR,118.500
BKPR,APP,APP,118.775
BKPR,GND,GND,118.000
BKPR,RMP,RAMP OPR,136.800
BKPR,TWR,TWR,120.125
CBBC,ATF,"Bella BellaTraffic,  5nm below 3200 ASL",122.800
CBBC,FSS,Wag Fuel,131.050
CBBC,RCO,"Pacific Radio, (FISE)",123.475
CBBC,RCO,"Pacific Radio, bcst",126.700
CRML,CTAF,,122.900
CYAB,MF,,122.100
CYAG,AWOS,AWOS,120.000
CYAG,CNTR,MINNEAPOLIS CNTR,120.900
CYAG,UNIC,ATF/UNICOM,122.800
CYAM,A/G,MF,118.800
CYAM,ATIS,ATIS,133.050
CYAM,CNTR,TORONTO CNTR,132.650
CYAM,GND,GND,121.700
CYAM,RCO,LONDON RDO,122.500
CYAM,TWR,TWR,118.800
CYAU,CNTR,MONCTON CNTR,123.900
CYAU,UNIC,ATF/UNICOM,122.800
CYAV,ATF,ATF,118.500
CYAV,ATIS,ATIS,125.800
CYAV,GND,GND,121.800
CYAV,TWR,TWR,118.500
CYAW,A/D,HALIFAX APP/DEP,119.200
CYAW,ATF,ATF,126.200
CYAW,ATIS,ATIS,129.175
CYAW,GND,GND,121.700
CYAW,OPS,OPS,30.880
CYAW,PMSV,PMSV METRO,34.460
CYAW,TWR,TWR,119.000
CYAX,UNIC,ATF/UNICOM,122.800
CYAY,ATF,ATF,122.300
CYAY,AWOS,AWOS1,118.650
CYAY,CNTR,GANDER CNTR,133.000
CYAY,FSS,RDO,122.300
CYAY,RCO,HALIFAX RDO,123.275
CYAY,RDO,MF,122.300
CYAZ,CNTR,VANCOUVER CNTR,132.900
CYAZ,RCO,PACIFIC RDO,123.250
CYBA,ATF,Banff Traffic,123.300
CYBA,PAL,Edmonton Centre,133.750
CYBA,RDO,Edmonton Radio,123.550
CYBB,ATF,MANDATORY FREQ,122.100
CYBB,RDO,ARPT RDO,122.100
CYBC,A/D,MONTREAL CNTR,134.650
CYBC,RCO,MONT JOLI RDO,118.300
CYBC,RDO,MF MONT JOLI RDO,118.300
CYBD,ATF,ATF,122.800
CYBD,RCO,PACIFIC RDO,126.700
CYBE,ATF,ATF,123.200
CYBF,ATF,ATF,123.200
CYBG,A/D,TRML,127.200
CYBG,AAS,VFR ADVSY,121.200
CYBG,ATIS,ATIS,124.200
CYBG,CLD,CLNC DEL,119.000
CYBG,GND,GND,121.700
CYBG,OPS,WING OPS,26.460
CYBG,PMSV,PMSV,34.460
CYBG,TWR,TWR,126.200
CYBK,FSS,ARCTIC RDO,568.000
CYBK,UNIC,ARPT RDO,122.100
CYBL,A/D,COMOX TRML ARR/DEP,123.700
CYBL,A/G,MF CAMPBELL RDO,122.000
CYBL,ATIS,ATIS,128.550
CYBL,FSS,RDO,122.000
CYBL,MF,MF,122.000
CYBL,RCO,PACIFIC RDO,126.700
CYBR,A/G,MF,122.100
CYBR,CNTR,WINNIPEG CNTR,132.250
CYBR,RCO,WINNIPEG RDO,126.700
CYBR,RDO,RDO,122.100
CYBW,A/G,MF CALGARY  RDO,118.200
CYBW,ATIS,ATIS,127.900
CYBW,GND,GND,121.800
CYBW,RCO,EDMONTON RDO,123.375
CYBW,TWR,TWR,118.200
CYBW,TWR,Tower Inner,120.700
CYBX,RCO,QUEBEC RDO,122.000
CYBX,RDO,MF,122.000
CYCB,ACC,ARTIC RDO,126.700
CYCB,ARTC,ARTIC RDO,126.700
CYCB,ATF,MANDATORY FREQ,122.100
CYCB,OPS,OPS,22.890
CYCB,RDO,ARPT RDO,122.100
CYCC,A/D,BOSTON CNTR,135.250
CYCC,UNIC,ATF/UNICOM,122.775
CYCD,APP,VICTORIA TRML,133.950
CYCD,ATF,ATF,122.100
CYCD,ATIS,Nanaimo ATIS,128.425
CYCD,FSS,RDO,122.100
CYCD,RCO,PACIFIC RDO,126.700
CYCE,UNIC,ATF/UNICOM,122.800
CYCG,ATF,ATF,122.100
CYCG,CNTR,VANCOUVER CNTR,134.200
CYCG,RCO,KAMLOOPS RDO,126.700
CYCG,RDO,RDO,122.100
CYCH,CNTR,MONCTON CNTR,123.700
CYCH,UNIC,ATF/UNICOM,122.700
CYCK,CNTR,CLEVELAND CNTR,132.250
CYCK,UNIC,ATF/UNICOM,123.200
CYCL,A/G,MF,122.200
CYCL,ATF,ATF,122.200
CYCL,CNTR,MONCTON CNTR,134.250
CYCL,RCO,QUEBEC RDO,126.700
CYCN,ATF,ATF,122.800
CYCO,ATF,MANDATORY FREQ,122.100
CYCO,RDO,ARPT RDO,122.100
CYCP,ATF,ATF,123.200
CYCQ,ATF,ATF,123.200
CYCQ,RCO,EDMONTON RDO,126.700
CYCT,ATF,ATF,122.800
CYCW,UNIC,ATF/UNICOM,122.700
CYCY,ATF,MANDATORY FREQ,122.100
CYCY,AWOS,AWOS,124.600
CYCY,RDO,ARPT RDO,122.100
CYCZ,ATF,ATF,123.200
CYCZ,RCO,PACIFIC RDO,126.700
CYDA,ATF,MANDATORY FREQ,122.100
CYDA,RCO,WHITEHORSE RDO,126.700
CYDA,RDO,ARPT RDO,122.100
CYDB,ATF,MANDTORY FREQUENCY,122.100
CYDB,AWOS,AWOS,128.700
CYDB,RCO,WHITEHORSE RDO,126.700
CYDB,RDO,ARPT RDO,122.100
CYDC,ATF,ATF,123.200
CYDC,CNTR,VANCOUVER,135.000
CYDC,RCO,PACIFIC RDO,125.850
CYDF,CNTR,GANDER CNTR,134.600
CYDF,FSS,RDO,122.200
CYDF,RCO,HALIFAX RDO,126.700
CYDF,RDO,MF,122.200
CYDL,ATF,ATF,123.200
CYDL,CNTR,EDMONTON CNTR,134.050
CYDL,RCO,WHITEHORSE RDO,126.700
CYDN,A/G,MF WINNIPEG RDO,122.300
CYDN,AWOS,AWOS,128.600
CYDN,RCO,WINNIPEG RDO,122.300
CYDO,A/D,ROBERVAL RDO,126.700
CYDO,UNIC,ATF/UNICOM,122.700
CYDQ,A/G,MF PEACE RIVER RDO,122.200
CYDQ,RDO,RCO,122.200
CYED,ADVSY,Namao Advisory,118.000
CYED,OPS,408 THS Ops,383.700
CYEE,CNTR,TORONTO CNTR,124.025
CYEE,UNIC,ATF/UNICOM,122.850
CYEG,AAS,TWR VFR ADVSY SVC,118.300
CYEG,APP,APP,118.300
CYEG,ARR,ARR,120.500
CYEG,ATIS,ATIS,128.000
CYEG,CLD,CLNC DEL,124.100
CYEG,DEP,DEP,133.650
CYEG,FSS,RDO,122.500
CYEG,GND,GND,121.700
CYEG,INFO,EXEC FLT CTR,122.950
CYEG,INFO,FLT TECH AVN INC,123.000
CYEG,TWR,TWR,118.300
CYEK,AWOS,AWOS,128.700
CYEK,RDO,ARPT RDO,122.100
CYEL,CNTR,TORONTO CNTR,135.400
CYEL,UNIC,ATF/UNICOM,123.000
CYEM,CNTR,TORONTO CNTR,135.400
CYEM,UNIC,ATF/UNICOM,122.800
CYEN,ATF,ATF,123.000
CYES,UNIC,ATF/UNICOM,122.800
CYET,ATF,ATF,123.200
CYET,AWOS,,128.750
CYEU,UNIC,ATF/UNICOM,122.800
CYEV,ATIS,Lighted hrs,128.500
CYEV,MF,"Inuvik Radio, 5nm below 3200",122.300
CYEV,PAL,Edmonton Control,132.400
CYEV,RADIO,,122.300
CYEV,RCO,Artic Radio (FISE),123.375
CYEV,VDF,,122.300
CYEY,CNTR,MONTREAL CNTR,125.900
CYEY,RDO,QUEBEC RDO,126.700
CYEY,UNIC,ATF/UNICOM,122.800
CYFB,APRON ADV,,122.925
CYFB,FSS,RDO,122.200
CYFB,INTL AIR,Gander Radio,126.900
CYFB,MF,"Iqalluit Radio, 5nm below 3100ASL",122.200
CYFB,PAL,Montreal Control,134.550
CYFB,RCO,"Artic Radio, (FISW)",123.275
CYFB,VDF,,122.200
CYFC,A/G,MF,119.000
CYFC,CNTR,MONCTON CNTR,124.300
CYFC,RDO,RDO,119.000
CYFD,A/D,TORONTO TRML,128.270
CYFD,UNIC,ATF/UNICOM,122.825
CYFE,ATF,ATF,123.200
CYFJ,ATF,ATF/UNICOM,122.700
CYFJ,PAL,Montreal Center,133.900
CYFO,A/G,WINNIPEG RDO MF,122.000
CYFO,RCO,WINNIPEG RDO,122.000
CYFR,ATF,MANDATORY FREQ,122.100
CYFR,RDO,ARPT RDO,122.100
CYFS,CNTR,EDMONTON CNTR,135.400
CYFS,MF,FT SIMPSON RDO,122.200
CYFS,RCO,YELLOWKNIFE RDO,126.700
CYGB,ATF,ATF,122.700
CYGD,CNTR,TORONTO CNTR,135.300
CYGD,UNIC,ATF/UNICOM,122.700
CYGE,RCO,PACIFIC RDO,126.700
CYGE,UNIC,ATF/UNICOM,122.800
CYGH,ATF,MANDATORY FREQ,122.100
CYGH,FSS,NORMAN WELLS RDO,126.700
CYGH,RDO,AIRPORT RDO,122.100
CYGK,ATF,Kingston Traffic,122.500
CYGK,MF,"Kingston Radio, 0615-2300 local",122.500
CYGK,RADIO,Kingston Radio,122.500
CYGK,RCO,London Radio,123.550
CYGK,VDF,Kingston Radio,122.500
CYGL,A/G,MF,122.300
CYGL,CNTR,MONTREAL CNTR,132.100
CYGL,RCO,QUEBEC RDO,126.700
CYGL,RDO,RDO,122.300
CYGM,A/G,MF,122.150
CYGM,UNIC,UNICOM,122.150
CYGP,RCO,QUEBEC RDO,122.300
CYGP,RDO,MF QUEBEC RDO,122.300
CYGQ,RCO,LONDON RADIO,123.475
CYGQ,UNIC,ATF/UNICOM,122.800
CYGR,CNTR,MONCTON CNTR,134.350
CYGR,FSS,MADELEINE RDO,123.150
CYGR,RCO,QUEBEC RDO,126.700
CYGR,RDO,MF,123.150
CYGV,AWOS,AWOS,125.950
CYGV,RCO,QUEBEC RDO,122.000
CYGV,RDO,MF,122.000
CYHB,ATF,ATF,122.800
CYHD,A/G,MIN NATL RESOURCES,122.900
CYHD,CNTR,WINNIPEG CNTR,132.200
CYHD,RCO,WINNIPEG RDO,122.100
CYHD,RDO,MF,122.100
CYHE,MF,,123.300
CYHF,UNIC,ATF/UNICOM,122.800
CYHI,ATF,MANDATORY FREQ,122.100
CYHI,RDO,ARPT RDO,122.100
CYHK,ATF,MANDATORY FREQ,122.100
CYHK,RDO,ARPT RDO,122.100
CYHM,A/D,TORONTO TRML,119.700
CYHM,ATIS,ATIS,128.100
CYHM,GND,GND,121.600
CYHM,TWR,TWR,125.000
CYHN,UNIC,ATF/UNICOM,122.800
CYHR,ATF,ATF,123.500
CYHR,AWOS,AWOS,122.550
CYHS,UNIC,ATF/UNICOM,122.800
CYHU,A/G,MF,118.400
CYHU,ATIS,ATIS,124.900
CYHU,CNTR,MONTREAL CNTR,125.150
CYHU,GND,GND,126.400
CYHU,INFO,VFR ADVSY,134.150
CYHU,RDO,QUEBEC RDO,118.400
CYHU,TWR,TWR,118.400
CYHY,A/D,YELLOWKNIFE RDO,126.700
CYHY,CNTR,EDMONTON CNTR,133.850
CYHY,UNIC,MANDATORY FREQ,122.300
CYHZ,A/D,TRML,118.700
CYHZ,ATIS,ATIS,121.000
CYHZ,CLD,CLNC DEL,123.950
CYHZ,CNTR,MONCTON CNTR,118.700
CYHZ,GND,GND,121.900
CYHZ,RDO,RDO,123.275
CYHZ,RMP,APN ADVSY,122.125
CYHZ,TWR,TWR,118.400
CYIB,A/G,MF,122.300
CYIB,ATF,ATF,122.300
CYIB,RCO,WINNIPEG RDO,123.275
CYID,UNIC,ATF/UNICOM,122.800
CYIF,RCO,QUEBEC RDO,126.700
CYIF,UNIC,ATF/UNICOM,123.500
CYIK,A/G,ARPT RDO,122.100
CYIK,ATF,MF/CTAF,122.100
CYIO,AWOS,AWOS,128.300
CYIO,RDO,RDO,122.100
CYJM,ATF,ATF,123.200
CYJN,A/D,MONTREAL APP DEP,125.150
CYJN,A/G,VFR ADVSY,134.150
CYJN,ATF,ATF,118.200
CYJN,GND,GND,121.700
CYJN,TWR,TWR,118.200
CYJT,CNTR,GANDER CNTR,132.300
CYJT,RCO,HALIFAX RDO,126.700
CYJT,RDO,MF,122.100
CYKA,CLNC DEL,Light hrs,121.900
CYKA,MF,"Kamloops Radio, 5nm below 4100ASL",125.700
CYKA,PAL,Vancouver Control,132.350
CYKA,PVT ADV,Shell Aerocenter,123.000
CYKA,RCO,Pacific Radio (FISE),123.375
CYKA,VDF,,125.700
CYKD,ATF,ATF,122.100
CYKD,RDO,ARPT RDO,122.100
CYKF,ARR,Toronto Terminal,128.275
CYKF,ATIS,ATIS,125.100
CYKF,DEP,Toronto Terminal,128.275
CYKF,GND,Waterloo Ground,121.800
CYKF,MF,"Waterloo Traffic, 5nm below 4000 ASL, 04Z to 12Z",126.000
CYKF,PAL,Toronto Control,128.275
CYKF,TWR,"Waterloo Tower, secondary",118.550
CYKF,TWR,"Waterloo Tower, primary",126.000
CYKL,A/G,MF,122.200
CYKL,AWOS,AWOS,124.600
CYKL,CNTR,MONTREAL CNTR,132.900
CYKL,FSS,QUEBEC RDO,126.700
CYKL,RCO,QUEBEC RDO,126.700
CYKM,UNIC,ATF/UNICOM,122.800
CYKO,ATF,MF/CTAF,122.100
CYKO,INFO,ARPT RDO,122.100
CYKO,RDO,QUEBEC RDO,126.700
CYKX,ATF,ATF,122.800
CYKY,ATF,ATF,122.800
CYLB,ATF,ATF,123.200
CYLB,CNTR,EDMONTON CNTR,134.700
CYLB,RCO,EDMONTON RDO,126.700
CYLD,UNIC,ATF/UNICOM,122.800
CYLI,ATF,ATF,123.200
CYLJ,A/D,COLD LAKE TRML,124.500
CYLJ,ATF,ATF,122.800
CYLL,A/G,MF LLOYDMINSTER RDO,122.200
CYLL,CNTR,EDMONTON CNTR,133.450
CYLL,RCO,EDMONTON RDO,126.700
CYLL,RDO,RDO,122.200
CYLQ,CNTR,MONTREAL CNTR,134.500
CYLQ,UNIC,ATF/UNICOM,122.800
CYLR,ATF,ATF,123.200
CYLS,AWOS,AWOS,122.975
CYLS,CNTR,TORONTO CNTR,124.025
CYLS,UNIC,ATF/UNICOM,122.700
CYLT,OPS,OPS,568.000
CYLW,A/G,PACIFIC RDO,126.700
CYLW,ATIS,ATIS,127.500
CYLW,EMR,EMR,122.675
CYLW,GND,GND,121.700
CYLW,RCO,PENTICTON RDO,119.600
CYLW,TWR,TWR,119.600
CYLW,VDF,,119.600
CYMA,CNTR,EDMONTON CNTR,134.650
CYMA,RCO,WHITEHORSE RDO,126.700
CYMA,RDO,ARPT RDO,122.100
CYME,CNTR,MONTREAL CNTR,134.650
CYME,UNIC,ATF/UNICOM,122.800
CYMG,A/D,LONDON RDO,126.700
CYMG,UNIC,ATF/UNICOM,122.800
CYMJ,ARR,ARR,119.000
CYMJ,ARR,ARR,28.940
CYMJ,ARR,ARR,38.130
CYMJ,ATIS,ATIS,25.780
CYMJ,CLD,CLNC DEL,135.300
CYMJ,DEP,DEP,119.000
CYMJ,GND,GND,121.800
CYMJ,OPS,WING OPS,23.010
CYMJ,PMSV,PMSV,34.460
CYMJ,TWR,TWR,126.200
CYML,CNTR,MONTREAL CNTR,125.100
CYML,UNIC,ATF/UNICOM,123.000
CYMM,ATIS,ATIS,128.500
CYMM,CNTR,EDMONTON CNTR,135.700
CYMM,GND,Fort McMurray Ground,121.900
CYMM,MF,Peace River Radio,118.100
CYMM,RCO,EDMONTON RDO,123.550
CYMM,TWR,Fort McMurray Tower,118.100
CYMO,A/G,MF,122.500
CYMO,ATF,ATF,122.500
CYMO,AWOS,AWOS,124.800
CYMO,CNTR,TORONTO CNTR,133.725
CYMO,RCO,TIMMINS RDO,122.500
CYMT,CNTR,MONTREAL CNTR,127.300
CYMT,RCO,QUEBEC RDO,122.000
CYMW,CNTR,MONTREAL CNTR,126.570
CYMW,UNIC,ATF/UNICOM,122.800
CYMX,ARR,Montreal Arrival,124.650
CYMX,ARR,Montreal Arrival,132.850
CYMX,ARR,Montreal Arrival,268.300
CYMX,ATIS,ATIS (English) 450-476-3031,125.700
CYMX,ATIS,ATIS (French) 450-476-3095,126.100
CYMX,DEP,Montreal Departure,132.850
CYMX,MF,Mirabel Radio,119.100
CYMX,RDR,VFR ADVSY,134.150
CYMX,RMP,APRON ADVSY,122.400
CYMY,UNIC,ATF/UNICOM,122.800
CYNA,AWOS,AWOS,126.250
CYNA,RCO,QUEBEC RDO,122.200
CYNA,RDO,MF QUEBEC RDO,122.200
CYND,ARR,Ottawa Arrivals,128.175
CYND,ATF,Gatineau Traffic,122.300
CYND,DEP,Ottawa Departures,128.175
CYND,MF,"Gatineau Radio, 0630-2115 local",122.300
CYND,RCO,Quebec Radio,123.375
CYND,TML,Ottawa Terminal,127.700
CYNH,ATF,ATF,123.200
CYNJ,ATIS,,124.500
CYNJ,GND,Langley Ground,121.900
CYNJ,TWR,Langley Tower,119.000
CYNM,AWOS,AWOS,127.450
CYNM,RCO,QUEBEC RDO,123.550
CYNM,UNIC,ATF/UNICOM,122.800
CYOA,CTAF,,122.700
CYOA,PAL,Edmonton Center,135.175
CYOA,RCO,Arctic Radio (FISE),123.275
CYOC,ATF,MANDATORY FREQ,122.100
CYOC,RDO,ARPT RDO,122.100
CYOD,A/G,TRAN SVCG,30.870
CYOD,APP,APP,124.500
CYOD,ARR,ARR,124.500
CYOD,ATIS,ATIS,26.000
CYOD,CLD,CLNC DEL,120.600
CYOD,DEP,DEP,124.500
CYOD,GND,GND,121.900
CYOD,OPS,WING OPS,34.020
CYOD,PMSV,PMSV,34.460
CYOD,TWR,TWR,126.200
CYOJ,A/G,MF HIGH LEVEL RDO,123.250
CYOJ,CNTR,EDMONTON CNTR,123.700
CYOJ,FSS,RDO,123.250
CYOJ,RCO,EDMONTON RDO,126.700
CYOO,A/G,MF,120.100
CYOO,APP,TORONTO TRML,133.400
CYOO,ATIS,ATIS,125.675
CYOO,GND,GND,118.400
CYOO,TWR,TWR,120.100
CYOP,UNIC,ATF/UNICOM,122.800
CYOS,CNTR,TORONTO CNTR,132.575
CYOS,UNIC,ATF/UNICOM,123.000
CYOW,ARR,Ottawa Arrivals,135.150
CYOW,ATIS,English ATIS,121.150
CYOW,ATIS,French ATIS,132.950
CYOW,CLNC DEL,Ottawa Clearance,119.400
CYOW,DEP,Ottawa Departures,128.175
CYOW,GND,Ottawa Ground,121.900
CYOW,RCO,Quebec Radio,123.150
CYOW,TML,Ottawa Terminal,127.700
CYOW,TWR,Ottawa Tower,118.800
CYPA,ARR,Winnipag Control,133.900
CYPA,DEP,Winnipeg Control,133.900
CYPA,INFO,ATHABASKA AWYS,129.450
CYPA,MF,"Prince Albert Radio, 5nm below 4400ASL",122.300
CYPA,RADIO,Prince Albert Radio,122.300
CYPA,RCO,Winnipeg Radio,123.475
CYPA,VDF,,122.300
CYPC,ATF,MANDATORY FREQ,122.100
CYPC,RDO,ARPT RDO,122.100
CYPD,RDO,HALIFAX RDO,126.700
CYPD,UNIC,ATF/UNICOM,122.800
CYPE,A/G,MF,122.300
CYPE,CNTR,EDMONTON CNTR,133.275
CYPE,FSS,RDO,122.300
CYPE,RCO,EDMONTON RDO,123.275
CYPG,ATF,ATF,126.200
CYPG,ATIS,ATIS,120.850
CYPG,GND,GND,121.700
CYPG,TWR,TWR,126.200
CYPK,ATF,ATF,126.300
CYPK,ATIS,ATIS,125.000
CYPK,GND,GND,123.800
CYPK,TWR,TWR,126.300
CYPL,RCO,WINNIPEG RDO,122.200
CYPL,RDO,MF THUNDER BAY RDO,122.200
CYPN,UNIC,ATF/UNICOM,123.500
CYPQ,AWOS,AWOS,126.925
CYPQ,CNTR,TORONTO CNTR,134.250
CYPQ,UNIC,ATF/UNICOM,122.025
CYPR,A/G,RUPERT RDO,122.500
CYPR,CNTR,VANCOUVER CNTR,128.000
CYPR,RCO,TERRACE RDO,122.500
CYPR,RDO,PACIFIC RDO,126.700
CYPS,ATF,ATF,123.200
CYPT,CNTR,CLEVELAND CNTR,126.350
CYPT,UNIC,ATF/UNICOM,123.200
CYPU,ATF,WILLIAMS LAKE RDO,126.700
CYPU,CNTR,VANCOUVER CNTR,135.050
CYPU,RCO,PACIFIC RDO,126.700
CYPW,A/D,COMOX TERMINAL,123.700
CYPW,A/G,MF,123.000
CYPW,RDO,PACIFIC RDO,126.700
CYPX,A/G,AFLD RDO,122.100
CYPX,ATF,CTAF MF,122.100
CYPX,RCO,QUEBEC RDO,126.700
CYPY,ATF,ATF,123.200
CYPY,RCO,EDMONTON RDO,123.450
CYPZ,ATF,"Burns Lake Traffic, 5nm below 5400ASL",122.700
CYPZ,LWIS,Limited Weather Information System,122.950
CYPZ,PAL,Vancouver Control,123.875
CYPZ,PAL,Vancouver Control,132.525
CYPZ,RCO,Pacific Radio (FISE),123.375
CYQA,AWOS,,124.575
CYQA,MF,Timmins Radio,122.300
CYQA,RCO,LONDON RDO,123.475
CYQB,A/D,TRML CON,124.000
CYQB,ATIS,Atis French,128.300
CYQB,ATIS,Atis English,134.600
CYQB,CNTR,MONTREAL CNTR,135.025
CYQB,GND,GND,121.900
CYQB,RDO,RDO,123.550
CYQB,TWR,TWR,118.650
CYQD,A/G,MF WINNIPEG RDO,122.200
CYQD,CNTR,WINNIPEG CNTR,135.625
CYQD,RCO,WINNIPEG RDO,122.200
CYQF,ATIS,ATIS 24H,124.000
CYQF,GND,13-05Z,121.900
CYQF,MF/RDO,05-13Z RED DEER RDO,118.500
CYQF,PAL,EDMONTON CNTR,132.850
CYQF,RCO,EDMONTON RDO,123.475
CYQF,RCO. Bcst,Edmonton Rdo,126.700
CYQF,TWR,13-05Z,118.500
CYQG,A/D,DETROIT  APP/DEP,126.850
CYQG,A/G,MF,124.700
CYQG,AAS,VFR ADVSY,134.300
CYQG,ATIS,ATIS,134.500
CYQG,GND,GND,121.700
CYQG,RDO,LONDON RDO,126.700
CYQG,TWR,TWR,124.700
CYQH,ATF,MANDATORY FREQ,122.100
CYQH,RCO,WHITEHORSE RDO,126.700
CYQH,RDO,ARPT RDO,122.100
CYQI,A/G,MF,123.000
CYQI,CNTR,MONCTON CNTR,123.900
CYQK,CNTR,WINNIPEG CNTR,124.000
CYQK,FSS,RDO,122.200
CYQK,RCO,WINNIPEG RDO,126.700
CYQK,RDO,MF,122.200
CYQK,VDF,VHF/DF,122.200
CYQL,A/G,MF,121.000
CYQL,ATIS,ATIS,124.400
CYQL,CNTR,EDMONTON CNTR,132.750
CYQL,RCO,EDMONTON RDO,122.500
CYQL,RDO,RDO,121.000
CYQM,A/D,APP/DEP,124.400
CYQM,ATIS,ATIS,128.650
CYQM,GND,GND,121.800
CYQM,INFO,APN ADVSY,122.075
CYQM,RCO,HALIFAX RDO,122.500
CYQM,TWR,TWR,120.800
CYQN,UNIC,ATF/UNICOM,122.800
CYQQ,APP,TRML,134.100
CYQQ,ARR,ARR,128.100
CYQQ,ATIS,ATIS,118.600
CYQQ,DEP,DEP,123.700
CYQQ,GND,GND,119.750
CYQQ,OPS,MIL OPS,135.900
CYQQ,PMSV,PMSV,34.460
CYQQ,TWR,TWR,126.200
CYQR,A/G,MF REGINA RDO,118.600
CYQR,ARR,ARR,120.100
CYQR,ATIS,ATIS,127.000
CYQR,CNTR,WINNIPEG,123.800
CYQR,DEP,DEP,120.100
CYQR,GND,GND,121.900
CYQR,RCO,EDMONTON RDO,122.500
CYQR,TWR,TWR,118.600
CYQS,CNTR,TORONTO CNTR,135.300
CYQS,UNIC,ATF/UNICOM,122.700
CYQT,A/D,APP/DEP,119.200
CYQT,A/G,MF,118.100
CYQT,ATIS,ATIS,128.800
CYQT,CNTR,WINNIPEG CNTR,132.125
CYQT,GND,GND,121.900
CYQT,RCO,WINNIPEG RDO,122.500
CYQT,TWR,TWR,118.100
CYQU,A/G,MF GRAND PRAIRIE RDO,118.100
CYQU,ATIS,ATIS,128.600
CYQU,CNTR,EDMONTON CNTR,134.500
CYQU,FSS,RDO,118.100
CYQU,RCO,EDMONTON RDO,122.500
CYQV,A/G,MF EDMONTON RDO,122.200
CYQV,RCO,EDMONTON RDO,122.200
CYQW,A/G,MF,122.100
CYQW,RCO,EDMONTON RDO,123.375
CYQX,A/D,APP/DEP,128.500
CYQX,ATIS,ATIS,124.800
CYQX,GND,GND,121.900
CYQX,OPS,OUTCAST OPS,128.850
CYQX,RCO,HALIFAX RDO,126.700
CYQX,TWR,TWR,118.100
CYQY,CNTR,MONCTON CNTR,118.600
CYQY,FSS,RDO,122.000
CYQY,RCO,CHARLOTTETOWN RDO,122.000
CYQZ,A/G,WILLIAMS LAKE RDO,122.200
CYQZ,AWOS,AWOS,124.400
CYQZ,RCO,WILLIAMS LAKE RDO,122.200
CYRB,RCO,ARCTIC RDO,126.700
CYRB,RDO,ARPT RDO,122.100
CYRC,A/D,BAGOTVILLE TRML,127.200
CYRC,ATF,ATF,118.400
CYRC,ATIS,ATIS,134.800
CYRC,GND,GND,121.900
CYRC,INFO,VFR ADVSY,123.400
CYRC,TWR,TWR,118.400
CYRI,CNTR,MONTREAL CNTR,125.100
CYRI,UNIC,ATF/UNICOM,122.800
CYRJ,A/G,MF,122.200
CYRJ,RCO,QUEBEC RDO,126.700
CYRJ,RDO,RDO,122.200
CYRL,A/D,WINNIPEG CNTR,135.325
CYRL,ATF,ATF,122.300
CYRL,RCO,WINNIPEG RDO,122.300
CYRL,RDO,MF,122.300
CYRM,ATF,ATF,122.800
CYRM,CNTR,EDMONTON CNTR,134.300
CYRO,ATF,Rockcliffe Traffic,123.500
CYRO,RCO,Quebec Radio,123.375
CYRO,UNICOM,Rockcliffe Unicom,123.500
CYRP,ATF,Carp Traffic,122.800
CYRP,TML,Ottawa Terminal,127.700
CYRP,UNICOM,Carp Unicom,122.800
CYRQ,CNTR,MONTREAL CNTR,128.220
CYRQ,UNIC,MF/UNICOM,123.000
CYRT,MF,"Rankin Radio, 5nm below 3100ASL",122.200
CYRT,PAL,Edmonton Control,134.000
CYRT,RCO,Artic Radio (FISE),123.550
CYRT,RDO,Rankin Radio,122.200
CYRT,VDF,VHF Direction Finding,122.200
CYRV,RCO,PACIFIC RDO,126.700
CYRV,UNIC,ATF/UNICOM,122.800
CYSA,CNTR,TORONTO CNTR,135.300
CYSA,UNIC,ATF/UNICOM,122.800
CYSB,ATIS,ATIS,127.400
CYSB,CNTR,TORONTO CNTR,135.500
CYSB,MF,rdo,125.500
CYSB,RCO,LONDON RDO,123.475
CYSC,A/G,MF,123.500
CYSC,AWOS,AWOS,126.250
CYSC,CNTR,MONTREAL CNTR,132.550
CYSC,UNIC,ATF/UNICOM,123.500
CYSE,ATF,,122.800
CYSG,CNTR,MONTREAL CNTR,124.000
CYSG,UNIC,MF/UNICOM,122.150
CYSH,A/D,OTTAWA TRML,128.175
CYSH,UNIC,ATF/UNICOM,122.700
CYSJ,A/G,MF,118.500
CYSJ,CNTR,MONCTON CNTR,124.300
CYSJ,RDO,RDO,118.500
CYSL,CNTR,BOSTON CNTR,124.750
CYSL,UNIC,ATF/UNICOM,122.700
CYSM,A/D,YELOWKNIFE RDO,123.550
CYSM,ATF,AIRPORT RDO,122.200
CYSN,A/D,TORONTO TRML,133.400
CYSN,A/G,MF,123.250
CYSN,ATF,ATF,123.250
CYSN,ATIS,ATIS,128.525
CYSN,RCO,LONDON RDO,126.700
CYSN,RDO,RDO,123.250
CYSP,CNTR,WINNIPEG CNTR,134.075
CYSP,RCO,WINNIPEG RDO,123.550
CYSP,UNIC,ATF/UNICOM,122.800
CYSU,AWOS,AWOS,122.550
CYSU,CNTR,MONCTON CNTR,124.400
CYSU,UNIC,ATF/UNICOM,122.950
CYSW,ATF,ATF,123.200
CYSY,ATF,MANDATORY FREQ,122.100
CYSY,RDO,ARPT RDO,122.100
CYSZ,ATF,ATF,122.800
CYTA,A/G,Petawawa Advisory,126.400
CYTA,ATF,Pembroke Traffic,122.800
CYTA,PAL,Montreal Centre,135.200
CYTA,UNICOM,Pembroke Unicom,122.800
CYTE,ATF,MANDATORY FREQ,122.100
CYTE,AWOS,AWOS,128.700
CYTE,RDO,ARPT RDO,122.100
CYTF,A/D,BAGOTVILLE TRML,127.200
CYTF,AAS,VFR ADVSY,121.200
CYTF,UNIC,ATF/UNICOM,123.000
CYTH,A/G,RDO,122.500
CYTH,ATIS,ATIS,127.650
CYTH,CNTR,WINNIPEG CNTR,133.150
CYTH,INFO,INFO,123.000
CYTH,RCO,WINNIPEG RCO,123.150
CYTH,RDO,RDO,122.500
CYTN,A/D,MONCTON CNTR,135.300
CYTN,UNIC,ATF/UNICOM,122.800
CYTR,A/D,APP/DEP,128.400
CYTR,ATIS,ATIS,135.450
CYTR,CLD,CLNC DEL,124.350
CYTR,EMR,TIGER SAR OPS,23.210
CYTR,GND,GND,121.900
CYTR,OPS,WING OPS,122.350
CYTR,PMSV,PMSV METRO,34.460
CYTR,TWR,TWR,128.700
CYTS,A/G,MF,122.300
CYTS,ATIS,ATIS,124.950
CYTS,CNTR,TORONTO CNTR,128.300
CYTS,RCO,LONDON RDO,123.550
CYTS,RDO,RDO,122.300
CYTZ,ARR,TRML APP,133.400
CYTZ,ATF,ATF,118.200
CYTZ,ATIS,(1130-0400Z),133.600
CYTZ,AWOS,0400-1130Z,133.600
CYTZ,DEP,TRML DEP,133.400
CYTZ,GND,GND,121.700
CYTZ,TWR,TWR,118.200
CYUB,ATF,MANDATORY FREQ,122.100
CYUB,RDO,TUK RDO,122.100
CYUL,APRON,Montreal Apron,122.075
CYUL,ARR,Montreal Terminal Arrivals,118.900
CYUL,ARR,Montreal Terminal,126.900
CYUL,ATIS,French ATIS,127.500
CYUL,ATIS,English ATIS,133.700
CYUL,CLNC DEL,Montreal Clearance,125.600
CYUL,DEP,Montreal Terminal Departures,118.900
CYUL,GND,Montreal Ground,121.900
CYUL,RCO,Quebec Radio,123.550
CYUL,TWR,Montreal Tower,119.900
CYUL,VFR ADV,Montreal Terminal,134.150
CYUT,ATF,MANDATORY FREQ,122.100
CYUT,RDO,ARPT RDO,122.100
CYUX,APRT RDO,"Hall Beach, (V), 12-24Z",122.200
CYUX,AWOS,AWOS,128.700
CYUX,MF,"Hall Beach radio/traffic, 5nm below 3100,",122.200
CYUX,MIL,Miltary operations,228.900
CYUX,MIL,Military operations,256.600
CYUX,MIL,Military operations,263.200
CYUX,MIL,Military operations,364.200
CYUX,RCO,"Artic radio (FISE), (E)",126.700
CYUX,RCO,"Artic radio (FISE), (E)",364.200
CYUY,A/G,MF,122.200
CYUY,CNTR,MONTREAL CNTR,125.900
CYUY,RCO,QUEBEC RDO,126.700
CYUY,RDO,RDO,122.200
CYVB,ATF,MF/UNICOM,123.000
CYVB,RCO,QUEBEC RDO,123.550
CYVC,MF,"Barber Field traffic, 5nm below 4200ASL",122.200
CYVC,PAL,Winnipeg Control,126.400
CYVC,RADIO,"Barbar Field Radio, (V)",122.200
CYVC,RCO,Winnipeg Radio (FISE),123.550
CYVG,ATF,ATF,122.800
CYVK,ATF,ATF,122.800
CYVM,ATF,ATF,122.100
CYVM,AWOS,AWOS,122.550
CYVM,RDO,BROUGHTON RDO,122.100
CYVO,MF,Val-d'Or Radio,118.500
CYVO,PAL,Montreal Centre,125.900
CYVO,RADIO,Val-d'Or Radio/Traffic,118.500
CYVO,RCO,Quebec Radio,126.700
CYVP,A/G,MF,122.200
CYVP,CNTR,MONTREAL CNTR,135.100
CYVP,INFO,ARPT RDO,122.200
CYVP,RCO,QUEBEC RDO,123.550
CYVQ,A/D,EDMONTON CNTR,134.825
CYVQ,A/G,MF,122.200
CYVQ,FSS,NORMAN WELLS RDO,122.200
CYVR,APP,APP,128.600
CYVR,ATIS,ATIS,124.600
CYVR,CLD,CLNC DEL,121.400
CYVR,DEP,DEP,126.125
CYVR,GND,GND,121.700
CYVR,RCO,PACIFIC RDO,123.150
CYVR,TWR,TWR,118.700
CYVR,TWR,TWR,23.660
CYVT,A/G,MF REGINA RDO,122.300
CYVT,RCO,REGINA RDO,122.300
CYVV,A/G,MF,122.200
CYVV,CNTR,TORONTO CNTR,132.575
CYVV,RDO,LONDON RDO,126.700
CYWA,A/G,427 OPS,126.400
CYWA,INFO,RANGE CON,49.900
CYWA,PMSV,PMSV,29.740
CYWA,RDO,MF PETAWAWA ADVSY,126.400
CYWG,ARR,ARR,119.500
CYWG,ATIS,ATIS,120.200
CYWG,CLD,CLNC DEL,121.300
CYWG,DEP,DEP,119.900
CYWG,GND,GND,121.900
CYWG,MIL,Military operations,131.400
CYWG,MIL,Military operations,308.800
CYWG,PMSV,PMSV,34.460
CYWG,TWR,TWR,118.300
CYWG,TWR,Winnipeg tower - secondary (V),125.400
CYWG,VFR ADV,Winnipeg advisory,121.000
CYWK,A/D,MONTREAL CNTR,132.250
CYWK,A/G,MF,122.000
CYWK,RCO,QUEBEC RDO,126.700
CYWK,RDO,RDO,122.000
CYWL,MF,"Williams Lake Radio, 5nm below 6100ASL excluding area below 2800",122.300
CYWL,PAL,Vancouver Control,134.000
CYWL,PAL,Vancouver Control,381.400
CYWL,RADIO,"Williams Lake Radio, (V)",122.300
CYWL,RCO,Pacific Radio (FISE),123.275
CYWL,VDF,VHF Direction Finding,122.300
CYWM,ATF,ATF,123.200
CYWV,UNIC,ATF/UNICOM,122.800
CYWY,ATF,MANDATORY FREQ,122.100
CYWY,RDO,ARPT RDO,122.100
CYXC,A/G,MF,122.300
CYXC,CNTR,VANCOUVER CNTR,133.600
CYXC,RCO,PACIFIC RDO,126.700
CYXC,RDO,RDO,122.300
CYXE,A/D,APP/DEP,119.900
CYXE,A/G,MF SASKATOON RDO,118.300
CYXE,ATIS,ATIS,128.400
CYXE,CNTR,WINNIPEG CNTR,134.325
CYXE,GND,GND,121.900
CYXE,RCO,EDMONTON RDO,122.500
CYXE,TWR,TWR,118.300
CYXH,A/G,MF,122.200
CYXH,AWOS,AWOS,124.875
CYXH,RCO,EDMONTON RDO,126.700
CYXH,RDO,RDO,122.200
CYXJ,A/G,MF ST JOHN RDO,118.500
CYXJ,ATIS,ATIS,128.500
CYXJ,CNTR,EDMONTON CNTR,132.600
CYXJ,FSS,RDO,118.500
CYXJ,RCO,EDMONTON RDO,122.500
CYXK,RDO,MF MONT JOLI RDO,122.100
CYXL,A/D,MF,122.000
CYXL,ATIS,ATIS,124.750
CYXL,RCO,WINNIPEG RDO,126.000
CYXL,RDO,RDO,122.000
CYXP,ATF,MANDATORY FREQ,122.100
CYXP,RDO,RDO,122.100
CYXR,AWOS,,128.600
CYXR,MF,Earlton Traffic,122.000
CYXR,RDO,LONDON RDO,123.375
CYXS,ATIS,"Automatic Terminal Information Service , 14-07Z",128.725
CYXS,AWOS,"Automatic Weather Observation Station, 07-14Z",128.725
CYXS,GND,"Prince George Ground, 14-07Z",121.900
CYXS,MF,"Prince George Radio, 07-14Z, 5nm below 5500ASL",118.300
CYXS,PAL,Vancouver Control,133.800
CYXS,RCO,"Williams Lake Radio, 07-14Z",118.300
CYXS,RCO,Pacific Radio (FISE),122.100
CYXS,RCO,Prince George Radio (FISE),126.700
CYXS,TWR,"Prince George Tower, 14-07Z, (V)",118.300
CYXT,A/G,MANDATORY FREQ RDO,122.000
CYXT,CNTR,VANCOUVER CNTR,128.400
CYXT,RCO,PACIFIC RDO,126.700
CYXT,RDO,RDO,122.000
CYXU,A/G,MF,119.400
CYXU,ATIS,ATIS,127.800
CYXU,CNTR,TORONTO CNTR,135.300
CYXU,GND,GND,121.900
CYXU,RDO,RDO,122.500
CYXU,TWR,TWR,119.400
CYXX,A/D,VICTORIA TRML,132.700
CYXX,A/G,MF,119.400
CYXX,ATIS,ATIS,119.800
CYXX,GND,GND,121.800
CYXX,RDO,PACIFIC RDO,122.500
CYXX,TWR,TWR,119.400
CYXY,ATIS,Automatic Terminal Information System,125.250
CYXY,GND,"Whitehorse Ground, 15-05Z",121.900
CYXY,MF,"Whitehorse Radio, 05-15Z, 5nm below 5400ASL",118.300
CYXY,PAL,Edmonton Control,132.100
CYXY,RCO,"Whitehorse Radio (FISE), (E)",123.275
CYXY,TWR,"Whitehorse Tower, (E), 15-05Z",118.300
CYXY,TWR,"Whitehorse Tower, (E), 15-05Z",236.600
CYXY,VDF,VHF Direction Findinf,118.300
CYXZ,CNTR,TORONTO CNTR,124.075
CYXZ,RCO,LONDON RDO,126.700
CYXZ,UNIC,ATF/UNICOM,122.800
CYYB,A/G,MF,118.300
CYYB,ATIS,ATIS,124.900
CYYB,CNTR,TORONTO CNTR,121.225
CYYB,PMSV,PMSV METRO,34.460
CYYB,RDO,RDO,118.300
CYYC,ARR,Calgary Arrivals (W),123.850
CYYC,ARR,Calgary Arrivals (E),125.900
CYYC,ARR,Calgary Arrivals,126.525
CYYC,ATIS,Automatic Terminal Information System,128.225
CYYC,CLD,Calgary Clearance,120.825
CYYC,DEP,Calgary Departures,119.800
CYYC,GND,South Ground,121.900
CYYC,GND,North Ground,125.350
CYYC,PAL,Edmonton Centre,124.525
CYYC,PAL,Edmonton Centre,133.300
CYYC,RCO,Edmonton Radio (FISE),123.375
CYYC,RMP,"Apron I, 12-07Z",121.300
CYYC,RMP,"Apron II, 12-08Z",129.700
CYYC,TWR,"Calgary Tower, (W)",118.400
CYYC,TWR,"Calgary Tower, (E)",118.875
CYYC,TWR,"Calgary Tower, (E)",236.600
CYYC,VFR ADV,VFR Advisories,119.400
CYYD,A/G,MANDATORY FREQ RDO,122.300
CYYD,FSS,RDO,122.300
CYYD,RCO,PACIFIC RDO,126.700
CYYE,ATIS,,125.650
CYYE,MF,"Nelson Radio, 5nm below 4300ASL",122.500
CYYE,PAL,Edmonton Centre,132.870
CYYE,PAL,Edmonton Centre,134.850
CYYE,PAL,Edmonton Centre,290.600
CYYE,RADIO,"Nelson Radio, (E)",122.500
CYYE,RCO,"Edmonton Radio, (E)",123.550
CYYE,VDF,,122.500
CYYF,A/D,VANCOUVER APP/DEP,133.500
CYYF,A/G,MF,118.500
CYYF,RCO,PACIFIC RDO,122.500
CYYF,RDO,RDO,118.500
CYYG,A/G,MF,118.000
CYYG,CNTR,MONCTON CNTR,135.650
CYYG,RDO,RDO,118.000
CYYH,ATF,MANDATORY FREQ,122.100
CYYH,RDO,ARPT RDO,122.100
CYYJ,ARR,Victoria Arrivals,125.950
CYYJ,ATIS,ATIS,118.800
CYYJ,CLD,CLNC DEL,126.400
CYYJ,DEP,Victoria Departures,133.850
CYYJ,GND,GND,121.900
CYYJ,MF,"Kamloops Radio, 08-14Z, 7nm below 2500ASL",119.700
CYYJ,MIL,"Stinger ops, 443 Squadron",349.300
CYYJ,PVT ADV,Shell,122.850
CYYJ,PVT ADV,ESSO,122.950
CYYJ,RCO,"Kamloops Radio (RAAS), 08-14Z",119.700
CYYJ,RCO,Pacific Radio (FISE),122.375
CYYJ,TML,Victoria Terminal,127.800
CYYJ,TWR,Victoria Tower (outer unless closed by ATIS),119.100
CYYJ,TWR,Victoria Tower (inner),119.700
CYYL,A/G,MF WINNIPEG RDO,122.300
CYYL,CNTR,WINNIPEG CNTR,135.050
CYYL,RCO,WINNIPEG RDO,123.475
CYYN,A/G,MF,122.300
CYYN,AWOS,AWOS,124.700
CYYN,CNTR,WINNIPEG CNTR,132.800
CYYN,RCO,EDMONTON RDO,123.275
CYYO,ATF,ATF,123.200
CYYQ,A/G,MF CHURCHILL RDO,122.200
CYYQ,CNTR,WINNIPEG CNTR,134.600
CYYQ,FSS,RDO,122.200
CYYQ,INFO,INTL AIR,126.900
CYYQ,RCO,ARCTIC RDO,126.700
CYYR,ATIS,ATIS,128.100
CYYR,CLD,CLNC DEL,118.100
CYYR,CNTR,GANDER CNTR,120.400
CYYR,FBO,Wooward Aviation (Esso),122.900
CYYR,GND,GND,121.900
CYYR,MIL,Ranger Base,129.300
CYYR,OPS,WING OPS,129.850
CYYR,PAL,Gander Centre,120.400
CYYR,PMSV,PMSV,344.600
CYYR,RCO,Halifax Radio (FISE),123.475
CYYR,RDR,PAR,119.900
CYYR,TML,Goose Bay Terminal,119.500
CYYR,TWR,TWR,119.100
CYYT,ATIS,ATIS,128.000
CYYT,CNTR,GANDER CNTR,133.150
CYYT,FBO,Shell,123.000
CYYT,GND,GND,121.900
CYYT,RCO,HALIFAX RDO,123.275
CYYT,TWR,TWR,120.600
CYYU,DEP,London Radio (RCO),123.275
CYYU,TFC,Traffic,122.200
CYYW,ATF,ATF,122.800
CYYY,CNTR,MONTREAL CNTR,134.650
CYYY,FSS,RDO,122.100
CYYY,RCO,QUEBEC RDO,123.250
CYYY,RDO,MF,122.100
CYYZ,APRON,SOUTH APRON,122.070
CYYZ,APRON,NORTH APRON,122.270
CYYZ,ARR,APP,124.475
CYYZ,ATIS,ATIS,112.150
CYYZ,CLD,CLNC DEL,121.300
CYYZ,DEP,TORONTO DEPARTURE,127.575
CYYZ,DEP,TORONTO DEPARTURE,128.800
CYYZ,GND,,119.100
CYYZ,GND,,121.650
CYYZ,GND,GND,121.900
CYYZ,PAD,PAD CONTROL,131.170
CYYZ,RCO,LONDON RDO,123.275
CYYZ,RMP,APN ADVSY,122.075
CYYZ,TWR,TWR,118.350
CYYZ,TWR,,118.700
CYYZ,VFR ADV,Toronto Center,119.300
CYZD,A/D,TORONTO TRML,133.400
CYZD,A/G,MF/UNICOM,126.200
CYZE,AWOS,AWOS,128.725
CYZE,RCO,LONDON RDO,126.700
CYZE,UNIC,ATF/UNICOM,122.800
CYZF,A/G,MF,118.500
CYZF,ATIS,ATIS,128.400
CYZF,CNTR,EDMONTON CNTR,135.800
CYZF,FSS,RDO,122.500
CYZF,GND,GND,121.900
CYZF,TWR,TWR,118.500
CYZH,ATF,ATF,123.200
CYZH,CNTR,EDMONTON CNTR,127.825
CYZH,RCO,EDMONTON RDO,122.100
CYZP,A/G,TERRACE RDO,122.300
CYZP,AWOS,AWOS,122.550
CYZP,CNTR,VANCOUVER CNTR,133.400
CYZP,RCO,PACIFIC RDO,126.700
CYZR,ATF,ATF,123.000
CYZR,AWOS,AWOS,118.375
CYZR,CNTR,TORONTO CNTR,134.375
CYZR,RDO,LONDON RDO,126.700
CYZS,ATF,MANDATORY FREQ,122.100
CYZS,INFO,EDMONTON CENTRE,133.700
CYZS,RDO,ARPT RDO,122.100
CYZT,A/G,MF  HARDY RDO,122.200
CYZT,CNTR,VANCOUVER CNTR,132.200
CYZT,RCO,PACIFIC RDO,126.700
CYZT,RDO,RDO,122.200
CYZU,A/G,MF WHITECOURT RDO,122.300
CYZU,CNTR,EDMONTON CNTR,132.050
CYZU,FSS,RDO,122.300
CYZU,RCO,EDMONTON RDO,126.700
CYZV,ATIS,ATIS,124.800
CYZV,CNTR,MONTREAL CNTR,135.550
CYZV,FSS,RDO,118.100
CYZV,RCO,QUEBEC RDO,123.150
CYZV,RDO,MF,118.100
CYZW,ATF,MANDATORY FREQ,122.100
CYZW,RDO,ARPT RDO,122.100
CYZX,A/D,APP/DEP,120.600
CYZX,ATIS,ATIS,128.850
CYZX,CLD,CLNC DEL,128.025
CYZX,GND,GND,133.750
CYZX,INFO,WING OPS,30.860
CYZX,OPS,TUSKER OPS,129.775
CYZX,PMSV,PMSV METRO,34.460
CYZX,TWR,TWR,119.500
CYZY,RCO,PACIFIC RDO,126.700
CZAM,UNIC,ATF/UNICOM,122.900
CZBA,DEP,TORONTO CNTR,119.300
CZBA,UNIC,ATF/UNICOM,123.500
CZBB,A/D,VANCOUVER ARR/DEP,132.300
CZBB,ATIS,ATIS,125.500
CZBB,GND,GND,124.300
CZBB,MF,"Bay Traffic, below 2000ASL 07-15Z",118.100
CZBB,TML,"Vancouver Terminal, above 2000ASL",125.200
CZBB,TWR,"Bay Tower (Inner), to 2000ASL, 15-07z",118.100
CZBB,TWR,"Bay Tower (Outer), to 2000ASL 15-07Z",127.600
CZBB,Unicom,Bay Fuel (0700-1930 Local),122.950
CZBF,RCO,QUEBEC RDO,123.450
CZBF,UNIC,ATF/UNICOM,122.800
CZBM,A/D,MONTREAL CNTR,132.550
CZBM,A/G,MF,122.150
CZBM,UNIC,ATF/UNICOM,122.150
CZFA,ATF,MANDATORY FREQ,122.100
CZFA,RCO,WHITEHORSE RDO,126.700
CZFA,RDO,ARPT RDO,122.100
CZFM,ATF,MANDATORY FREQ,122.100
CZFM,RDO,ARPT RDO,122.100
CZFN,MF,,122.100
CZGF,ATF,ATF,123.200
CZGF,AWOS,AWOS,122.970
CZGF,RCO,PACIFIC RDO,126.700
CZHP,ATF,ATF,122.800
CZJN,ATF,ATF,122.800
CZJN,RCO,WINNIPEG RDO,123.450
CZML,A/D,VANCOUVER CNTR,134.000
CZML,ATF,ATF,123.200
CZMT,UNIC,ATF/UNICOM,122.700
CZNL,ATF,ATF,123.200
CZNL,RCO,PACIFIC RDO,126.700
CZPC,A/D,EDMONTON CNTR,132.750
CZPC,ATF,ATF,123.200
CZPC,RDO,EDMONTON RDO,126.700
CZST,ATF,ATF,123.200
CZUC,ATF,ATF,122.800
CZUM,ATF,ATF,123.500
CZUM,AWOS,AWOS,122.550
CZUM,CNTR,GANDER CNTR,126.025
CZUM,RCO,HALIFAX RDO,123.250
CZVL,ATF,ATF,120.000
CZVL,GND,GND,120.800
CZVL,TWR,TWR,120.000
DAAD,TWR,TWR,118.100
DAAE,TWR,BEJAIA TWR,118.900
DAAG,APP,ALGIERS APP,121.400
DAAG,CCR,ALGIERS CCR,127.300
DAAG,GND,ALGIERS GND,121.800
DAAG,TWR,ALGIERS TWR,118.700
DAAJ,RDO,DJANET RDO,889.400
DAAJ,TWR,DJANET TWR,118.100
DAAP,TWR,TWR,118.700
DAAT,RDO,RDO,119.700
DAAT,TWR,TWR,118.100
DAAV,TWR,TWR,119.700
DABB,APP,APP,119.000
DABB,TWR,TWR,118.700
DABC,APP,CONSTANTINE APP,120.100
DABC,TWR,CONSTANTINE TWR,118.300
DABS,TWR,TEBESSA TWR,118.100
DABT,TWR,TWR,118.100
DALH,CTAF,CTAF,126.700
DAOB,TWR,TIARET TWR,118.100
DAOI,TWR,TWR,119.000
DAOL,CTAF,,118.300
DAON,TWR,TLEMCEN TWR,119.700
DAOO,APP,ORAN APP,128.200
DAOO,TWR,ORAN TWR,118.100
DAOV,TWR,TWR,119.700
DAUA,RDO,ADRAR RDO,889.400
DAUA,TWR,ADRAR TWR,119.700
DAUE,RDO,RDO,889.400
DAUE,TWR,TWR,119.700
DAUG,RDO,GHARDAIA RDO,889.400
DAUG,TWR,GHARDAIA TWR,118.900
DAUH,APP,HASSI MESSAOUD APP,120.000
DAUH,RDO,HASSI MESSAOUD RDO,889.400
DAUH,TWR,HASSI MESSAOUD TWR,118.100
DAUI,RDO,RDO,889.400
DAUI,TWR,TWR,118.100
DAUK,RDO,TOUGGOURT RDO,889.400
DAUK,TWR,TOUGGOURT TWR,119.700
DAUO,RDO,EL OUED RDO,889.400
DAUO,TWR,EL OUED TWR,119.700
DAUT,RDO,RDO,889.400
DAUT,TWR,TWR,119.700
DAUZ,RDO,RDO,889.400
DAUZ,TWR,TWR,119.700
DBBB,A/G,A/G VOICE RDO,658.600
DBBB,APP,APP,125.900
DBBB,TWR,,118.700
DBBB,TWR,TWR,125.900
DFFD,A/G,AG VOICE OUAGA RDO,120.300
DFFD,APP,OUAGA APP,118.100
DFFD,TWR,OUAGA TWR,118.100
DFOO,A/G,AG VOICE RDO,667.300
DFOO,TWR,TWR,119.700
DGAA,APP,ACCRA APP,119.500
DGAA,GND,ACCRA GND,121.900
DGAA,TWR,ACCRA TWR,119.100
DGAH,TWR,,118.400
DGLE,A/G,AIR GND,658.600
DGLE,APP,APP,120.400
DGLE,ATIS,,118.100
DGLE,TWR,TWR,119.100
DGSI,A/G,A/G VOICE RDO,658.600
DGSI,TWR,TWR,118.100
DGSN,A/G,AIR GND,658.600
DGSN,TWR,TWR,118.700
DGTK,A/G,A/G VOICE RDO,658.600
DGTK,TWR,TWR,118.100
DIAP,A/G,RDO,568.000
DIAP,ACC,CON,121.100
DIAP,AFIS,INFO,129.100
DIAP,ATIS,ATIS,126.600
DIAP,MISC,VHF/DF,118.100
DIAP,TWR,TWR,118.100
DIBK,A/G,A/G VOICE RDO,667.300
DIBK,APP,APP,121.700
DIBK,GND,GND,121.700
DIBK,TWR,TWR,118.900
DIDL,AFIS,,118.700
DIDL,INFO,INFO,118.200
DIKO,A/G,A/G,667.300
DIKO,AFIS,AFIS,118.600
DIMN,A/G,A/G,667.300
DIMN,AFIS,AFIS,118.400
DIOD,TOWER,ODIENNÉ INFORMATION,118.800
DISP,A/G,RDO,667.300
DISP,TWR,TWR,118.600
DIYO,A/G,A/G VOICE RDO,667.300
DIYO,TWR,TWR,118.500
DNAA,APP,APP,127.900
DNAA,ATIS,ATIS,127.050
DNAA,GND,,121.900
DNAA,TWR,TWR,118.600
DNAK,TWR,TWR,118.200
DNAS,SAB - VOR,,112.600
DNAS,TWR,,118.500
DNBC,TWR,,124.500
DNBE,TWR,TWR,122.500
DNCA,TWR,TWR,124.500
DNDS,TWR,,120.500
DNEN,ENG VOR,Enugu VOR,115.700
DNEN,ILS - IEN,Enugu ILS freq. IEN,108.300
DNEN,TWR,TWR,123.300
DNIB,TWR,TWR,122.600
DNIL,APP,APP,121.200
DNIL,TWR,TWR,121.200
DNIM,TWR,OWERRI TWR,118.400
DNJO,TWR,JOS TWR,122.700
DNKA,APP,APP,122.300
DNKN,APP,KANO APP,124.100
DNKN,ATIS,ATIS,123.600
DNKN,TWR,KANO TWR,118.100
DNMA,TWR,TWR,123.100
DNMK,TWR,,125.500
DNMM,AFIS,LAGOS WEST,120.900
DNMM,AFIS,LAGOS EAST,127.300
DNMM,APP,APP,124.300
DNMM,ATIS,,123.800
DNMM,TOWER,,118.100
DNMN,TWR,TWR,118.300
DNPO,APP,APP,124.900
DNPO,ATIS,ATIS,123.800
DNPO,TWR,TWR,119.200
DNSO,TWR,SOKOTO TWR,122.100
DNSU,TWR,,129.100
DNYO,TWR,TWR,122.500
DNZA,TWR,TWR,123.300
DRRM,AFIS,AFIS,118.100
DRRN,ACC,NIAMEY CON,131.300
DRRN,INFO,NIAMEY INFO,565.200
DRRN,TWR,NIAMEY TWR,119.700
DRRT,AFIS,AFIS,118.100
DRZA,TWR,AGADES TWR,118.100
DRZR,TWR,TWR,118.300
DTKA,APP,APP,119.250
DTKA,TWR,TWR,119.250
DTMB,APP,BOURGUIBA APP,119.300
DTMB,ATIS,MONASTIR ATIS,113.100
DTMB,TWR,BOURGUIBA TWR,118.300
DTNH,ATIS,,136.300
DTNH,Tower,,118.550
DTTA,APP,TUNIS APP,121.200
DTTA,ATIS,TUNIS ATIS,118.675
DTTA,CTAF,,118.500
DTTA,GND,TUNIS GND,121.900
DTTA,TWR,TUNIS TWR,118.100
DTTF,APP,APP,122.100
DTTF,TWR,TWR,122.100
DTTG,APP/DEP,APP/DEP,129.150
DTTG,TWR,TWR,119.150
DTTI,TWR,TWR,123.000
DTTJ,APP,DJERBA APP,120.300
DTTJ,TWR,DJERBA TWR,118.150
DTTX,APP,SFAX APP,123.700
DTTX,TWR,SFAX TWR,120.150
DTTZ,APP,TOZEUR APP,120.700
DTTZ,TWR,TOZEUR TWR,118.200
DXNG,A/G,A/G VOICE RDO,122.600
DXNG,AFIS,AFIS,658.600
DXNG,TWR,TWR,118.300
DXXX,A/G,A/G VOICE RDO,123.600
DXXX,TWR,TWR,120.700
EBAR,Info,,123.425
EBAV,Info,Avernas Radio,129.975
EBAW,APP,BRUSSELS APP,118.255
EBAW,ATIS,,124.205
EBAW,GND,ANTWERPEN GND,121.905
EBAW,TWR,ANTWERPEN TWR,135.205
EBBE,APP,Combined MIL Approach,122.500
EBBE,APP,APP,122.825
EBBE,GCA,GCA,123.300
EBBE,GND,GND,122.100
EBBE,TWR,TWR,122.100
EBBL,APP,,134.480
EBBL,GND,TAXI,122.100
EBBL,TWR,,134.105
EBBR,APP,APP,118.255
EBBR,ATIS,ATIS DEP,121.755
EBBR,ATIS,ATIS ARR,132.475
EBBR,CLD,CLNC DEL,121.950
EBBR,DEP,DEP,126.630
EBBR,GND,GND North,118.055
EBBR,GND,GND South,121.880
EBBR,OPS,MELSBROEK OPS,140.575
EBBR,TWR,TWR (RWY 07R/25L and 01),118.605
EBBR,TWR,TWR (RWY 07L/25R or 19),120.780
EBBR,UNIC,ABELAG UNICOM,130.550
EBBT,FIS,Brasschaat Radio,122.905
EBBY,Info,Genappe Radio,132.000
EBBZ,FIS,,118.765
EBCF,INFO,,123.200
EBCI,APP,CHARLEROI APP,133.125
EBCI,ATIS,ATIS,134.625
EBCI,GND,CHARLEROI GND,121.800
EBCI,TWR,CHARLEROI TWR,121.300
EBCV,ARR,BRUSSELS APP,126.625
EBCV,ATIS,ASOS 3,37.162
EBCV,DEP,BRUSSELS DEP,126.625
EBCV,GND,GND,141.750
EBCV,PTD,PTD,27.910
EBCV,TWR,TWR,136.500
EBDT,INFO,Schaffen Radio,118.930
EBEH,Info,Plate Taille Info,130.125
EBFN,APP,APP,122.500
EBFN,EMR,SAR,123.100
EBFN,EMR,SAR,568.000
EBFN,GND,TAXI,122.100
EBFN,INFO,BELGA INFO,129.325
EBFN,TWR,TWR,122.100
EBFS,APP,APP,122.500
EBFS,GCA,GCA,123.300
EBFS,GND,GND,122.100
EBFS,TWR,TWR,122.100
EBGB,INFO,Grimbergen Radio,119.500
EBHN,CTAF,Tower,135.000
EBKH,Info,,119.200
EBKT,AFIS,Kortrijk Information,120.255
EBKT,Backup AFIS,Backup Kortrijk Information,134.055
EBLG,A/D,APP,119.280
EBLG,ATIS,ATIS,126.255
EBLG,CLD,CLNC DEL,121.800
EBLG,GND,GND,118.130
EBLG,TWR,TWR,129.250
EBML,Info,,123.550
EBNM,INFO,Namur Radio,118.515
EBOS,APP,Oostende Approach,120.600
EBOS,ATIS,ATIS,126.130
EBOS,GND,Oostende Ground,121.980
EBOS,TWR,Oostende Tower,118.180
EBSG,AFIS,Saint-Ghislain Radio,122.170
EBSH,INFO,,122.175
EBSP,RDO,Spa Radio,124.640
EBST,INFO,RDO,119.980
EBTN,RADIO,Goetsenhoven radio,125.375
EBTX,INFO,Verviers-Theux Radio,119.000
EBTY,AFIS,Tournai Radio,118.425
EBUL,AFIS,Usel Radio,135.130
EBWE,AFIS,RDO,120.225
EBZH,INFO,Hasselt Radio,118.330
EBZR,INFO,Zoersel RADIO,123.805
EBZU,Info,,123.425
EBZW,CTAF,Genk radio,120.400
EDAB,AFIS,Langen Information,125.800
EDAB,ATIS,Bautzen ATIS,123.290
EDAB,INFORMATION,Bautzen Information,120.605
EDAC,AFIS,Langen Information,125.800
EDAC,ATIS,Leipzig ATIS,123.855
EDAC,GND,Leipzig Ground / Rollkontrolle,121.805
EDAC,TWR,Leipzig Tower / Turm (South / Süd),121.105
EDAC,TWR,Leipzig Tower / Turm (North / Nord),125.955
EDAC,VOLMET,Bremen VOLMET,128.405
EDAD,AFIS,Langen Information,119.825
EDAD,INFO,Dessau Radio,118.180
EDAE,AFIS,Langen Information,132.650
EDAE,INFO,Eisenhuettenstadt Radio,134.535
EDAG,AFIS,Langen Information,125.800
EDAG,INFO,Grossenrueckrswalde Radio,118.585
EDAH,AFIS,Langen Information,132.650
EDAH,INFO,Heringsdorf Radio,132.830
EDAH,TWR,Heringsdorf Tower / Turm,132.830
EDAI,AFIS,Langen Information,132.650
EDAI,INFO,Segeletz Radio,126.010
EDAJ,AFIS,Langen Information,125.800
EDAJ,INFO,Gera Radio,118.080
EDAK,AFIS,Langen Information,125.800
EDAK,INFO,Grossenhahn Radio,128.360
EDAM,AFIS,Langen Information,125.800
EDAM,INFO,Merseburg Radio,118.990
EDAN,AFIS,Langen Information,132.650
EDAN,INFO,Neustadt-Glewe Radio,118.815
EDAO,A/G,Nordhausen Radio,120.310
EDAO,AFIS,Langen Information,119.825
EDAP,AFIS,Langen Information,125.800
EDAP,INFO,Neuhausen Info,122.730
EDAQ,AFIS,Langen Information,125.800
EDAQ,RDR,BERLIN RADAR,124.175
EDAQ,Radio,OPPIN Radio,135.155
EDAR,AFIS,Langen Information,125.800
EDAR,INFO,Pirna Radio,118.630
EDAS,AFIS,Langen Information,125.800
EDAS,INFO,Finsterwalde Radio,125.360
EDAT,AFIS,Langen Information,125.800
EDAT,INFO,Nardt Radio,120.390
EDAU,AFIS,Langen Information,125.800
EDAU,INFO,Riesa Radio,118.005
EDAV,AFIS,Langen Information,132.650
EDAV,INFO,Finow Radio,119.055
EDAW,AFIS,Langen Information,125.800
EDAW,INFO,Roitzschjora Radio,123.980
EDAX,FIS,LANGEN INFORMATION,132.650
EDAX,Radio,MUERITZ RADIO,118.990
EDAY,AFIS,Langen Information,132.650
EDAY,FIS,Strausberg Information,118.735
EDAZ,AFIS,SCHÖNHAGEN INFO,131.155
EDAZ,ATIS,Schoenhagen ATIS,119.490
EDAZ,FIS,LANGEN INFORMATION,132.650
EDBA,AFIS,Langen Information,119.825
EDBA,INFO,Arnstadt Radio,131.260
EDBC,AFIS,Langen Information,119.825
EDBC,INFO,Cochstedt Radio,131.130
EDBE,AFIS,Langen Information,132.650
EDBE,Info,Brandenburg Radio,118.630
EDBF,AFIS,Langen Information,132.650
EDBF,CTAF,Fehrbellin Radio,133.940
EDBG,AFIS,Langen Information,119.825
EDBG,Info,Burg Radio,135.005
EDBH,AFIS,Langen Information,132.650
EDBH,RDO,Barth Radio,118.080
EDBH,RDR,Bremen RADAR,124.175
EDBI,AFIS,Langen Information,125.800
EDBI,INFO,Zwickau Radio,130.660
EDBJ,AFIS,Langen Information,125.800
EDBJ,INFO,Jena Radio,118.735
EDBK,AFIS,Langen Information,132.650
EDBK,INFO,Kyritz Radio,122.730
EDBL,AFIS,Langen Information,125.800
EDBL,CTAF,Laucha Radio,118.960
EDBM,AFIS,Langen Information,119.825
EDBM,INFO,Magdeburg Information,119.305
EDBM,RDR,BERLIN RADAR,124.175
EDBN,A/D,RADAR,123.300
EDBN,A/D,RADAR,35.875
EDBN,ACC,BERLIN RADAR,126.175
EDBN,AFIS,Langen Information,132.650
EDBN,FIS,Neubrandenburg Information,119.180
EDBN,INFO,INFO,122.050
EDBN,RMP,APRON,122.050
EDBO,AFIS,Langen Information,125.800
EDBO,INFO,Oehna Radio,123.260
EDBP,AFIS,Langen Information,132.650
EDBP,INFO,Pinnow Radio,118.005
EDBQ,AFIS,Langen Information,125.800
EDBQ,Info,Bronkow Radio,130.330
EDBR,AFIS,Langen Information,125.800
EDBR,INFO,Rothenburg Radio,123.255
EDBS,AFIS,Langen Information,119.825
EDBS,INFO,Sämmerda Radio,124.005
EDBT,AFIS,Langen Information,119.825
EDBT,INFO,Allstedt Radio,122.315
EDBU,AFIS,Langen Information,132.650
EDBU,INFO,Pritzwalk Radio,122.685
EDBV,AFIS,Langen Information,132.650
EDBV,INFO,Stralsund Radio,118.630
EDBW,AFIS,Langen Information,132.650
EDBW,INFO,Werneuchen Radio,128.740
EDBX,AFIS,Langen Information,125.800
EDBX,AFIS,Goerlitz Radio,133.585
EDBY,AFIS,Langen Information,132.650
EDBY,INFO,Scholdow Radio,136.015
EDBZ,AFIS,Langen Information,125.800
EDBZ,INFO,Schwarzheide Radio,132.810
EDCA,AFIS,Langen Information,132.650
EDCA,INFO,Anklam Radio,122.655
EDCB,AFIS,Langen Information,119.825
EDCB,INFO,Ballenstedt Radio,122.705
EDCE,AFIS,Langen Information,132.650
EDCE,INFO,Eggersdorf Radio,123.005
EDCF,Radio,,127.110
EDCG,AFIS,Langen Information,132.650
EDCG,INFO,Ruegen Radio,123.005
EDCH,AFIS,Langen Information,125.800
EDCH,INFO,Sprossen Radio,134.610
EDCI,AFIS,Langen Information,125.800
EDCI,INFO,Klix Radio,118.605
EDCJ,AFIS,Langen Information,125.800
EDCJ,INFO,Jahnsdorf Radio,132.740
EDCK,AFIS,Langen Information,119.825
EDCK,INFO,Koethen Radio,121.205
EDCL,AFIS,Langen Information,132.650
EDCL,INFO,Klietz Radio,122.380
EDCM,AFIS,Langen Information,125.800
EDCM,INFO,Kamenz Radio,128.110
EDCM,RDR,BERLIN RADAR,126.175
EDCO,AFIS,Langen Information,119.825
EDCO,INFO,Obermehler Radio,125.510
EDCP,AFIS,Langen Information,132.650
EDCP,INFO,Peenemuende Radio,122.480
EDCQ,AFIS,Langen Information,119.825
EDCQ,Info,Aschersleben Radio,127.560
EDCR,AFIS,Langen Information,132.650
EDCR,INFO,Rerik Radio,126.505
EDCS,AFIS,Langen Information,132.650
EDCS,INFO,Saarmund Radio,123.655
EDCT,AFIS,Langen Information,125.800
EDCT,Info,Taucha Radio,132.860
EDCV,AFIS,Langen Information,132.650
EDCV,INFO,Pasewalk Radio,125.860
EDCW,AFIS,Langen Information,132.650
EDCW,INFO,Wismar Radio,125.915
EDCX,AFIS,Langen Information,132.650
EDCX,INFO,Purkshof Radio,135.005
EDCY,AFIS,Langen Information,125.800
EDCY,INFO,Welzow Radio,134.855
EDDB,AFIS,Langen Information,132.650
EDDB,ATIS,Berlin ATIS,123.780
EDDB,ATIS,Berlin VFR ATIS,133.630
EDDB,GND,Berlin Ground,129.505
EDDB,TWR,Berlin Tower (Süd),118.805
EDDB,TWR,Berlin Tower (Nord),120.030
EDDB,VOLMET,Berlin Volmet,128.405
EDDC,AFIS,LANGEN INFORMATION,125.800
EDDC,APP,MUNCHEN RADAR,125.625
EDDC,ATIS,Dresden ATIS,118.880
EDDC,GND,DRESDEN GROUND / ROLLKOKNTROLLE,121.980
EDDC,RMP,DRESDEN APRON / VORFELD,121.755
EDDC,TWR,DRESDEN TOWER / TURM,122.930
EDDE,AFIS,Langen Information,119.825
EDDE,APP,MUNCHEN RADAR,132.300
EDDE,ATIS,Erfurt ATIS,133.455
EDDE,GND,Erfurt Ground / Rollkontrolle,121.755
EDDE,RMP,APRON,121.900
EDDE,TWR,Erfurt Tower / Turm,121.155
EDDF,A/D,LANGEN RADAR,118.450
EDDF,A/D,LANGEN RADAR,127.275
EDDF,AFIS,Langen Information,119.150
EDDF,AFIS,Langen Information,123.525
EDDF,ATIS,Frankfurt ATIS (ARR),118.030
EDDF,ATIS,Frankfurt ATIS (DEP),118.730
EDDF,CLD,Frankfurt Delivery (initial call),122.035
EDDF,DIR,DIR,124.200
EDDF,GND,Frankfurt Ground / Rollkontrolle,121.805
EDDF,RMP,Frankfurt Apron / Vorfeld,121.655
EDDF,TWR,FRANKFURT TOWER / TURM (SOUTH),119.905
EDDF,TWR,Frankfurt Tower / TURM (RWY 18),124.855
EDDF,TWR,FRANKFURT TOWER / TURM (NORTH),136.500
EDDF,VOLMET,Frankfurt 1 VOLMET,127.605
EDDF,VOLMET,Frankfurt 2 VOLMET,135.780
EDDG,AFIS,Langen Information,129.875
EDDG,ATIS,Muenster Osnabrueck ATIS,127.180
EDDG,GND,Muenster Osnabrueck Ground / Rollkontrolle,121.880
EDDG,GND,Muenster Osnabrueck Ground / Rollkontrolle,282.125
EDDG,TWR,Muenster Osnabrueck Tower / Turm,120.365
EDDG,TWR,Muenster Osnabrueck Tower / Turm,129.805
EDDG,TWR,Muenster Osnabrueck Tower / Turm,282.125
EDDH,AFIS,LANGEN INFORMATION,125.100
EDDH,ATIS,Hamburg ATIS,124.325
EDDH,DIR,DIRECTOR,118.200
EDDH,GND,Hamburg Ground / Rollkontrolle,121.805
EDDH,RDR,BREMEN RADAR,134.250
EDDH,RMP,Hamburg Apron / Vorfeld,121.705
EDDH,TWR,Hamburg Tower / Turm,121.280
EDDH,TWR,Hahn Tower / Turm,126.855
EDDK,AFIS,Langen Information,129.875
EDDK,ATIS,Koeln/Bonn ATIS,132.130
EDDK,ATIS,,132.130
EDDK,CLD,Koeln/Bonn Delivery,121.855
EDDK,DIR,DIR,121.050
EDDK,GND,Koeln/Bonn Ground / Rollkontrolle,121.730
EDDK,MISC,APRON,121.950
EDDK,POST,MIL,136.250
EDDK,RDR,LANGEN RADAR,118.750
EDDK,TWR,Koeln/Bonn Tower / Turm,124.980
EDDK,VOLMET,Bremen VOLMET,127.410
EDDL,ACC,LANGEN RADAR,128.550
EDDL,AFIS,Langen Information,129.875
EDDL,APP,DIR,128.650
EDDL,ATIS,Duesseldorf ATIS,123.780
EDDL,CLD,CLNC DEL,121.775
EDDL,DELIVERY,Duesseldorf Delivery,121.780
EDDL,GND,Duesseldorf Ground / Rollkontrolle,121.905
EDDL,MISC,DE ICING,135.225
EDDL,TWR,Duesseldorf Tower / Turm,118.305
EDDM,ACC,RADAR,123.900
EDDM,AFIS,Langen Information,120.650
EDDM,AFIS,Langen Information,126.950
EDDM,ARR,ARR,120.775
EDDM,ATIS,Muenchen ATIS,123.130
EDDM,CLD,Muenchen Delivery,121.730
EDDM,DIR,DIRECTOR,118.825
EDDM,GND,Muenchen Ground / Rollkontrolle,121.830
EDDM,GND,Muenchen Ground / Rollkontrolle,121.980
EDDM,RDR,LCL RADAR,131.225
EDDM,RMP,Muenchen Apron 2 / Vorfeld 2,121.710
EDDM,RMP,Muenchen Apron 1 / Vorfeld 1,121.780
EDDM,RMP,Muenchen Apron 3 / Vorfeld 3,121.930
EDDM,TWR,Muenchen Tower North / Turm Nord,118.705
EDDM,TWR,Muenchen Tower / Turm,119.405
EDDM,TWR,Muenchen Tower South / Turm Süd,120.505
EDDM,VOLMET,Frankfurt 2 VOLMET,135.780
EDDN,AFIS,Langen Information,120.650
EDDN,AFIS,Langen Information,125.800
EDDN,APP,Nürnberg Director,119.475
EDDN,ATIS,Nuernberg ATIS,123.080
EDDN,GND,NUERNBERG GROUND / ROLLKONTROLLE,121.760
EDDN,RDR,MUNCHEN RADAR,129.525
EDDN,TWR,NUERNBERG TOWER / TURM,118.305
EDDN,VOLMET,Berlin VOLMET,128.405
EDDP,APP,MUNCHEN RADAR,124.175
EDDP,ATIS,ATIS,123.950
EDDP,GND,GND,121.800
EDDP,INFO,MUNCHEN INFO,125.800
EDDP,TWR,TWR,121.100
EDDR,AFIS,Langen Information,123.525
EDDR,ATIS,Saarbruekcen ATIS,125.480
EDDR,GND,Saarbruekcen Ground / Rollkontrolle,118.555
EDDR,RDR,LANGEN RADAR,129.675
EDDR,TWR,Saarbruekcen Tower / Turm,118.355
EDDS,AFIS,Langen Information,128.950
EDDS,APP,Langen Radar Approach,119.200
EDDS,ATIS,Stuttgart ATIS,126.130
EDDS,CLD,Stuttgart Delivery,121.915
EDDS,DIR,Stuttgart Director,119.850
EDDS,GND,Stuttgart Ground / Rollkontrolle,118.605
EDDS,MISC,DEICING,121.630
EDDS,RDR,LANGEN RADAR,119.200
EDDS,RMP,APRON,121.700
EDDS,TWR,Stuttgart Tower / Turm,118.805
EDDS,TWR,Stuttgart Tower / Turm,119.065
EDDS,VOLMET,Frankfurt 2 VOLMET,135.780
EDDV,AFIS,LANGEN INFORMATION,119.825
EDDV,APP,DIRECTOR,119.600
EDDV,ATIS,Hannover ATIS,136.575
EDDV,GND,Hannover Ground / Rollkontrolle,121.955
EDDV,RDR,BREMEN RADAR,131.325
EDDV,TWR,Hannover Tower / Turm,120.180
EDDV,TWR,Hannover Tower / Turm,120.405
EDDW,AFIS,Langen Information,125.100
EDDW,AFIS,Langen Information,128.525
EDDW,APP,RADAR,124.800
EDDW,ATIS,Bremen ATIS,132.380
EDDW,GND,Bremen Ground,121.755
EDDW,TWR,Bremen Tower,120.330
EDDW,TWR,Bremen Tower,134.830
EDDW,VOLMET,Bremen VOLMET,147.410
EDEB,AFIS,Langen Information,119.825
EDEB,Info,Bad Langensalza Radio,125.365
EDEG,AFIS,Langen Information,119.825
EDEG,INFO,Gotha Radio,121.235
EDEH,AFIS,Langen Information,128.950
EDEH,Info,Herrenteich Radio,132.055
EDEL,AFIS,Langen Information,123.525
EDEL,INFO,Langenlonsheim Radio,124.030
EDEM,AFIS,Langen Information,119.150
EDEM,AFIS,Mosenberg Radio,130.660
EDEN,AFIS,Langen Information,119.150
EDEN,Info,Hersfeld Radio,119.005
EDEP,AFIS,Langen Information,119.150
EDEP,INFO,Heppenheim Radio,122.480
EDEQ,AFIS,Langen Information,119.825
EDEQ,INFO,Muehlhausen Radio,122.855
EDER,AFIS,Langen Information,119.150
EDER,INFO,Wasserkuppe Radio,120.130
EDEW,AFIS,Langen Information,119.150
EDEW,INFO,Wallduern Radio,131.010
EDFA,AFIS,Langen Information,123.525
EDFA,INFO,Anspach Radio,121.030
EDFB,AFIS,Langen Information,119.150
EDFB,INFO,Reichelsheim Radio,120.430
EDFC,AFIS,Langen Information,119.150
EDFC,Info,,132.430
EDFE,AFIS,LANGEN INFORMATION,119.150
EDFE,INFO,Egelsbach Radio,118.405
EDFE,RMP,Egelsbach Apron / Vorfeld,121.730
EDFG,AFIS,Langen Information,119.150
EDFG,INFO,Gelnhausen Radio,123.055
EDFH,AFIS,Langen Information,123.525
EDFH,APP,LANGEN RADAR,125.600
EDFH,ATIS,Hahn ATIS,136.355
EDFH,GND,Hahn Grond / Rollkontrolle,121.980
EDFH,TWR,Hahn Tower / Turm,119.655
EDFH,TWR,Hahn Tower / Turm,120.905
EDFI,AFIS,Hirzenhaim Radio,118.330
EDFI,AFIS,Langen Information,123.525
EDFJ,AFIS,LANGEN INFORMATION,119.150
EDFJ,INFO,HAMMELBURG RADIO,118.430
EDFK,AFIS,Langen Information,119.150
EDFK,Info,Bad Kissingen Radio,124.755
EDFL,AFIS,Langen Information,123.525
EDFL,INFO,Luetzelinden Radio,122.505
EDFM,AFIS,Langen Information,119.150
EDFM,AFIS,Langen Information,128.950
EDFM,ATIS,Mannheim ATIS,132.415
EDFM,INFO,Mannheim Information,129.780
EDFM,TWR,Mannheim Tower / Turm,129.780
EDFN,AFIS,Langen Information,119.150
EDFN,INFO,Marburg Radio,134.915
EDFO,AFIS,Langen Information,119.150
EDFO,Info,Michelstadt Radio,124.515
EDFP,AFIS,Langen Information,119.150
EDFP,INFO,Ober-Moehrlen Radio,122.340
EDFQ,ACC,LANGEN RADAR,124.725
EDFQ,AFIS,Langen Information,119.150
EDFQ,ATIS,Allendorf ATIS,120.465
EDFQ,INFO,Allendorf Information,135.165
EDFR,AFIS,Langen Information,119.150
EDFR,INFO,Rothenburg Radio,128.360
EDFS,AFIS,Langen Information,119.150
EDFS,INFO,Schweinfurt Radio,119.980
EDFT,AFIS,Langen Information,119.150
EDFT,INFO,Lauterbach Radio,122.180
EDFU,AFIS,Langen Information,119.150
EDFU,INFO,Mainbullau Radio,121.035
EDFV,AFIS,Langen Information,123.525
EDFV,Info,Worms Radio,124.605
EDFW,AFIS,Langen Information,119.150
EDFW,Info,Schenkenturm Info,122.175
EDFX,AFIS,Langen Information,128.950
EDFX,INFO,Hockenheim Radio,121.190
EDFY,AFIS,Langen Information,123.525
EDFY,INFO,Elz Radio,128.755
EDFZ,AFIS,LANGEN INFO,123.525
EDFZ,INFO,Mainz Radio,122.930
EDGA,AFIS,Langen Information,123.525
EDGA,INFO,Ailertchen Radio,126.410
EDGB,AFIS,Langen Information,123.525
EDGB,Info,Breitscheid Radio,122.530
EDGE,AFIS,Langen Information,119.825
EDGE,INFO,Eisenach Radio,119.755
EDGF,AFIS,Jossa Radio,118.985
EDGF,AFIS,Langen Information,119.150
EDGH,AFIS,Langen Information,119.150
EDGH,INFO,Hettstadt Radio,122.430
EDGI,AFIS,Langen Information,128.950
EDGI,INFO,Ingelfingen Radio,120.835
EDGK,AFIS,Langen Information,119.825
EDGK,INFO,Korbach Radio,125.815
EDGM,AFIS,Langen Information,128.950
EDGM,INFO,Mosbach Radio,128.340
EDGP,AFIS,Langen Information,123.525
EDGP,INFO,Oppenheim Radio,130.640
EDGQ,AFIS,Langen Information,129.875
EDGQ,INFO,Schameder Radio,133.585
EDGR,AFIS,Langen Information,119.150
EDGR,INFO,Reiskirchen Radio,127.860
EDGS,AFIS,Langen Information,123.525
EDGS,ATIS,Siegerland ATIS,128.705
EDGS,FIS,Siegerland Information,120.380
EDGS,RDR,LANGEN RADAR,124.900
EDGT,AFIS,Langen Information,123.525
EDGT,Info,Bottenhorn Radio,132.810
EDGU,AFIS,Langen Information,119.150
EDGU,INFO,Uenterschuepf Radio,132.015
EDGW,AFIS,Langen Information,119.825
EDGW,INFO,Wolfhagen Radio,127.455
EDGX,AFIS,Langen Information,128.950
EDGX,INFO,Walldorf Radio,128.265
EDGZ,AFIS,Langen Information,119.150
EDGZ,INFO,Weinheim Radio,123.605
EDHB,AFIS,Langen Information,125.100
EDHB,INFO,Grube Radio,132.015
EDHC,AFIS,Langen Information,132.650
EDHC,INFO,Luechow Radio,125.365
EDHD,AFIS,Langen Information,119.825
EDHD,INFO,Eichsfeld Radio,124.030
EDHE,AFIS,Langen Information,125.100
EDHE,INFO,Uetersen Radio,122.705
EDHF,AFIS,Langen Information,125.100
EDHF,INFO,Itzehoe Radio,127.110
EDHG,AFIS,Lueneburg Radio,122.180
EDHG,AFIS,Langen Information,125.100
EDHI,A/D,BREMEN RADAR,124.225
EDHI,AFIS,Langen Information,125.100
EDHI,ATIS,Finkenwerder ATIS,135.965
EDHI,RMP,Finkenwerder Apron / Vorfeld,121.655
EDHI,TWR,Hahn Tower / Turm,121.280
EDHI,TWR,Hamburg Tower / Turm,121.280
EDHI,TWR,FINKENWERDER TOWER / TURM,123.250
EDHK,AFIS,Langen Information,125.100
EDHK,FIS,Kiel Information,119.960
EDHK,GND,GND,125.600
EDHK,OPS,KIEL MIL,33.832
EDHK,RDR,BREMEN RADAR,136.225
EDHK,RMP,APRON,121.900
EDHK,VOLMET,Bremen VOLMET,127.410
EDHL,AFIS,Langen Information,125.100
EDHL,ATIS,Luebeck ATIS,119.930
EDHL,GND,Luebeck Ground,121.780
EDHL,INFO,Luebeck Radio,128.705
EDHL,RDR,BREMEN RADAR,124.225
EDHL,TWR,Luebeck Tower / Turm,128.705
EDHM,AFIS,Langen Information,125.100
EDHM,INFO,Hartenholm Radio,118.130
EDHN,AFIS,Langen Information,125.100
EDHN,INFO,Neumuenster Radio,136.410
EDHO,Info,,122.600
EDHS,AFIS,Langen Information,125.100
EDHS,INFO,Stade Radio,132.740
EDHU,AFIS,Langen Information,125.100
EDHU,INFO,Lauenbrueck Radio,124.485
EDHW,AFIS,Langen Information,125.100
EDHW,INFO,Wahlstedt Radio,128.910
EDJA,AFIS,Langen Information,126.950
EDJA,ATIS,Memmingen ATIS,118.855
EDJA,GND,Memmingen Ground / Rollkontrolle,121.680
EDJA,TWR,Memmingen Tower / Turm,126.855
EDJG,AFIS,Langen Information,126.950
EDJG,INFO,Grabenstaett Radio,135.985
EDKA,AFIS,Langen Information,125.525
EDKA,AFIS,Langen Information,129.875
EDKA,Info,Aachen Radio,122.880
EDKB,AFIS,Langen Information,123.525
EDKB,INFO,Bonn-Hangelar Radio,135.155
EDKD,AFIS,Langen Information,129.875
EDKD,INFO,Altena Radio,121.190
EDKF,AFIS,Langen Information,129.875
EDKF,Info,Bergneustadt Radio,125.840
EDKH,AFIS,Langen Information,129.875
EDKH,INFO,Huensborn Radio,123.685
EDKI,AFIS,Langen Information,123.525
EDKI,Info,Betzdorf Radio,122.230
EDKL,AFIS,Langen Information,129.875
EDKL,INFO,Leverkusen Radio,122.430
EDKM,AFIS,Langen Information,129.875
EDKM,INFO,Meschede Radio,126.015
EDKN,AFIS,Langen Information,129.875
EDKN,CTAF,Wipperfürth RADIO,133.580
EDKO,AFIS,Langen Information,129.875
EDKO,Info,Brilon Radio,129.380
EDKP,AFIS,Langen Information,129.875
EDKP,INFO,Plettenberg Radio,127.110
EDKR,AFIS,Langen Information,129.875
EDKR,INFO,Schmallenberg Radio,127.090
EDKU,AFIS,Langen Information,129.875
EDKU,INFO,ATTENDORN RADIO,121.405
EDKV,AFIS,Langen Information,123.525
EDKV,Info,Dahlemer Binz Radio,130.085
EDKW,AFIS,Langen Information,129.875
EDKW,INFO,Werdohl Radio,118.005
EDKZ,AFIS,Langen Information,129.875
EDKZ,INFO,Meinerzhagen Radio,130.605
EDLA,AFIS,Langen Information,129.875
EDLA,ATIS,Langen Information,133.805
EDLA,INFO,Arnsberg Radio,121.210
EDLB,AFIS,Langen Information,129.875
EDLB,Info,Borkenberge Radio,135.005
EDLC,AFIS,Langen Information,129.875
EDLC,RADIO,Kamp-Lintfort Radio,125.315
EDLD,AFIS,Langen Information,129.875
EDLD,INFO,Dinslaken Radio,122.705
EDLE,AFIS,Langen Information,129.875
EDLE,INFO,Essen Muelheim Radio,119.755
EDLF,AFIS,Langen Information,129.875
EDLF,INFO,Grefrath Radio,126.705
EDLG,AFIS,Langen Information,129.875
EDLG,INFO,Goch Radio,118.445
EDLH,AFIS,Langen Information,129.875
EDLH,INFO,HAMM RADIO,134.055
EDLI,AFIS,Langen Information,129.875
EDLI,Info,Bielefeld Radio,118.355
EDLJ,AFIS,Langen Information,119.825
EDLJ,Info,Detmold Radio,135.060
EDLK,AFIS,Langen Information,129.875
EDLK,INFO,Krefeld Radio,125.435
EDLM,AFIS,Langen Information,129.875
EDLM,INFO,Marl Radio,134.610
EDLN,AFIS,Langen Information,129.875
EDLN,ATIS,Moenchengladbach ATIS (MHV),109.800
EDLN,GND,Moenchengladbach Ground / Rollkontrolle,121.930
EDLN,Radar,Langen Radar,128.555
EDLN,TWR,Moenchengladbach Tower / Turm,120.455
EDLO,AFIS,Langen Information,129.875
EDLO,CTAF,Oerlinghausen Segelflug,128.360
EDLO,TWR,Oerlinghausen Radio,136.410
EDLP,AFIS,LANGEN INFORMATION,129.875
EDLP,ATIS,Paderborn ATIS,125.730
EDLP,GND,Paderborn Ground / Rollkontrolle,121.930
EDLP,OPS,DISPATCH,130.425
EDLP,RDR,LANGEN RADAR,125.225
EDLP,TWR,Paderborn Tower / Turm,133.380
EDLR,AFIS,Langen Information,129.875
EDLR,INFO,Haxterberg Radio,125.035
EDLS,AFIS,LANGEN INFORMATION,129.875
EDLS,INFO,Stadtlohn Radui,119.205
EDLT,AFIS,Langen Information,129.875
EDLT,INFO,Telgte Radio,122.855
EDLV,ATIS,Niederrhein ATIS,124.455
EDLV,INFO,Langen Information,129.875
EDLV,OPC,Ryanair,131.455
EDLV,RDR,LANGEN RADAR,128.500
EDLV,TWR,Niederrhein Tower / Turm,129.405
EDLW,AFIS,Langen Information,129.875
EDLW,APP,LANGEN RADAR,125.225
EDLW,ATIS,Dortmund AtIS,125.130
EDLW,GND,Dortmund Ground / Rollkontrolle,121.830
EDLW,TWR,DOrtmund Tower / Turm,134.180
EDLX,AFIS,Langen Information,129.875
EDLX,INFO,Wesel Radio,122.030
EDLY,AFIS,Langen Information,129.875
EDLY,Info,Hoxfeld Radio,122.930
EDLZ,AFIS,Langen Information,129.825
EDLZ,INFO,Soest Radio,133.465
EDMA,AFIS,LANGEN INFORMATION,120.650
EDMA,ATIS,ATIS,119.665
EDMA,RDR,MUNCHEN RADAR,128.250
EDMA,TWR,Augsburg Tower / Augsburg Turm,124.980
EDMA,VDF,Augsburg Tower / Augsburg Turm,124.980
EDMB,AFIS,Langen Information,126.950
EDMB,INFO,Biberach Radio,120.535
EDMC,AFIS,Langen Information,128.925
EDMC,Info,Blaubeuren Radio,130.661
EDMD,AFIS,Langen Information,126.950
EDMD,Info,Dachau Radio,133.010
EDME,AFIS,Langen Information,120.650
EDME,ATIS,Eggenfelden ATIS,125.080
EDME,INFO,Eggenfelden Information,120.305
EDMF,AFIS,Langen Information,120.650
EDMF,AFIS,Fuerstenzell Radio,128.740
EDMG,AFIS,Langen Information,132.650
EDMG,INFO,Guenzburg Radio,118.830
EDMH,AFIS,Langen Information,120.650
EDMH,INFO,Gutzenhausen Radio,118.960
EDMI,AFIS,Langen Information,128.950
EDMI,INFO,Illertissen Radio,128.865
EDMJ,AFIS,Langen Information,126.950
EDMJ,RADIO,Jesenwang Radio,120.055
EDMK,AFIS,Langen Information,126.950
EDMK,INFO,Kempten Radio,124.005
EDML,AFIS,Langen Information,120.650
EDML,INFO,Landshut Radio,129.805
EDMN,AFIS,Langen Information,126.950
EDMN,INFO,Mindelheim Radio,122.975
EDMO,AFIS,Langen Information,126.950
EDMO,ARR,MUNCHEN ARR,120.775
EDMO,ATIS,Oberpfaffenhofen ATIS,126.580
EDMO,RDR,MUNCHEN RADAR,127.950
EDMO,TWR,Oberpfaffenhofen Tower / Turm,119.555
EDMO,VOLMET,Frankfurt 2 VOLMET,135.780
EDMP,AFIS,Langen Information,120.650
EDMP,INFO,Vilsbiburg Radio,118.060
EDMQ,AFIS,Langen Information,120.650
EDMQ,AFIS,AIRBUS INFORMATION,122.055
EDMQ,ATIS,ATIS,124.330
EDMQ,RADIO,Genderkingen Radio,134.130
EDMS,A/D,MUNCHEN RADAR,132.550
EDMS,AFIS,Langen Information,124.650
EDMS,ATIS,Straubing ATIS,135.530
EDMS,FIS,Straubing Information,127.155
EDMS,INFO,MUNCHEN INFO,120.650
EDMT,AFIS,Langen Information,126.950
EDMT,INFO,Tannheim Radio,122.830
EDMU,AFIS,Langen Information,128.950
EDMU,INFO,Gundelfingen Radio,122.930
EDMV,AFIS,Langen Information,120.650
EDMV,INFO,Vilshofen Radio,119.180
EDMW,AFIS,Langen Information,120.650
EDMW,Info,Deggendorf Radio,122.030
EDMY,AFIS,Langen Information,126.950
EDMY,Radio,Muehldorf Radio,119.780
EDNA,AFIS,Langen Information,126.950
EDNA,INFO,Ampfing Radio,118.735
EDNB,AFIS,Langen Information,120.650
EDNB,INFO,Arnbruck Radio,118.555
EDNC,AFIS,Langen Information,120.650
EDNC,Info,Beilingen Radio,118.355
EDND,AFIS,Langen Information,128.950
EDND,INFO,Dingelsbuehl Radio,134.535
EDNE,AFIS,Langen Information,128.950
EDNE,INFO,Erbach Radio,131.135
EDNF,AFIS,Langen Information,120.650
EDNF,INFO,Grafenau Radio,118.935
EDNG,INFO,Giengen Radio,122.355
EDNG,TWR,Langen Information,128.950
EDNH,AFIS,Langen Information,126.950
EDNH,Info,Bad Wörishofen Radio,122.605
EDNI,AFIS,Langen Information,120.650
EDNJ,AFIS,Langen Information,120.650
EDNJ,INFO,Egweil Radio,132.005
EDNK,AFIS,Langen Information,126.950
EDNK,INFO,Kirchdorf Radio,118.630
EDNL,AFIS,Langen Information,126.950
EDNL,INFO,Leutkirch Radio,122.880
EDNO,AFIS,Langen Information,120.650
EDNO,AFIS,Langen Information,128.950
EDNO,INFO,Noerdlingen Radio,133.080
EDNP,AFIS,Langen Information,120.650
EDNP,FIS,Eggenfelden Information,120.305
EDNP,INFO,Pfarrkirchen Radio,119.980
EDNQ,AFIS,Langen Information,128.950
EDNQ,Info,Bopfingen Radio,123.190
EDNR,AFIS,Langen Information,120.650
EDNR,INFO,Regensburg Radio,120.430
EDNS,AFIS,Langen Information,126.950
EDNS,INFO,Schwabmuenden Radio,124.515
EDNT,AFIS,Langen Information,120.650
EDNT,INFO,Treuchlingen Radio,122.605
EDNU,AFIS,Langen Information,126.950
EDNV,AFIS,Langen Information,126.950
EDNV,INFO,Vogtareuth Radio,121.030
EDNW,AFIS,Langen Information,128.950
EDNW,INFO,Weissenhorn Radio,119.430
EDNX,AFIS,Langen Information,126.950
EDNX,ATIS,Muenchen ATIS,123.130
EDNX,FIS,Schleissheim Information (IFR flight ops),131.130
EDNX,INFO,Schleissheim Radio,131.130
EDNY,AFIS,ZURICH INFORMATION,124.700
EDNY,APP,ZURICH ARR,119.925
EDNY,ATIS,Friedrichsfafen ATIS,129.605
EDNY,TWR,Friedrichsfafen Tower / Turm,120.080
EDNY,Twr,Friedrichsfafen Tower / Turm,134.305
EDNZ,AFIS,Langen Information,125.800
EDNZ,AFIS,Haidberg Radio,132.830
EDOA,AFIS,Langen Information,125.800
EDOA,Info,Auerbarch Radio,128.740
EDOB,AFIS,Langen Information,125.800
EDOB,Info,Bad Berka Radio,120.835
EDOC,AFIS,Langen Information,132.650
EDOC,INFO,Gerdelegen Radio,133.190
EDOD,AFIS,Langen Information,125.800
EDOD,INFO,Reinsdorf Radio,130.655
EDOE,AFIS,Langen Information,125.800
EDOE,Info,Boehlen Radio,118.930
EDOF,AFIS,Langen Information,119.825
EDOF,Info,Bad Frankenhausen Radio,121.190
EDOH,AFIS,Langen Information,125.800
EDOI,ATIS,Langen Information,132.650
EDOI,INFO,Bienenfarm Radio,134.990
EDOJ,AFIS,Langen Information,125.800
EDOJ,INFO,Luesse Radio,128.755
EDOK,AFIS,Langen Information,125.800
EDOK,INFO,Rudolfstadt Radio,118.330
EDOL,AFIS,Langen Information,119.825
EDOL,INFO,Oschersleben Radio,129.405
EDOM,AFIS,Langen Information,119.825
EDOM,INFO,Muehlingen Radio,136.410
EDON,AFIS,Langen Information,132.650
EDON,INFO,Neuhardenberg Radio,119.130
EDOQ,AFIS,Langen Information,125.800
EDOQ,INFO,Oschatz Radio,120.430
EDOR,AFIS,Langen Information,132.650
EDOR,INFO,Stoelln Radio,130.080
EDOS,AFIS,Langen Information,125.800
EDOS,INFO,Pennewitz Radio,130.640
EDOT,AFIS,Langen Information,125.800
EDOT,INFO,Greiz Radio,132.015
EDOU,AFIS,Langen Information,125.800
EDOU,INFO,Weimar Radio,134.535
EDOV,AFIS,Langen Information,132.650
EDOV,INFO,Stendal Radio,122.405
EDOW,AFIS,Langen Information,132.650
EDOW,INFO,Waren Radio,130.330
EDOX,AFIS,Langen Information,125.800
EDOX,INFO,Renneritz Radio,128.860
EDOZ,AFIS,Langen Information,119.825
EDOZ,INFO,Schoenebeck Radio,125.850
EDPA,AFIS,LANGEN INFO,128.950
EDPA,INFO,Aalen Radio,122.405
EDPB,AFIS,Langen Information,128.950
EDPB,Info,Ditzenbach Radio,135.985
EDPC,AFIS,Langen Information,126.950
EDPC,Info,Endorf Radio,118.915
EDPD,AFIS,Langen Information,120.650
EDPD,INFO,Dingolfing Radio,125.615
EDPE,AFIS,Langen Information,120.650
EDPE,INFO,Eichstaett Radio,123.005
EDPF,AFIS,Langen Information,120.650
EDPF,INFO,Schwandorf Radio,121.205
EDPG,AFIS,Langen Information,120.650
EDPG,FIS,Straubing Info,127.155
EDPG,INFO,Griesau Radio,125.740
EDPH,AFIS,Langen Information,120.650
EDPH,INFO,Schwabach Radio,135.430
EDPI,AFIS,Langen Information,120.650
EDPI,INFO,Moosburg Radio,125.815
EDPJ,AFIS,Langen Information,128.950
EDPJ,INFO,Laichingen Radio,127.705
EDPK,AFIS,Langen Information,126.950
EDPK,INFO,Schoenebrg Radio,132.990
EDPM,AFIS,Langen Information,128.950
EDPM,INFO,Donzdorf Radio,118.205
EDPO,AFIS,Langen Information,120.650
EDPO,INFO,Neumarkt Radio,122.330
EDPQ,AFIS,Langen Information,120.650
EDPQ,INFO,Schidgaden Radio,134.540
EDPS,AFIS,Langen Information,120.650
EDPS,INFO,Sonnen Radio,118.965
EDPT,AFIS,Langen Information,128.950
EDPT,INFO,Gerstetten Radio,120.815
EDPU,AFIS,Langen Information,128.950
EDPW,AFIS,Langen Information,120.650
EDPW,INFO,Thalmaessing Radio,128.860
EDPY,AFIS,Langen Information,128.950
EDPY,INFO,Ellwangen Radio,121.235
EDQA,AFIS,Langen Information,125.800
EDQA,ATIS,Bamberg ATIS,124.130
EDQA,INFORMATION,Bamberg INFORMATION,123.440
EDQB,AFIS,Langen Information,119.150
EDQB,INFO,Windsheim Radio,118.260
EDQB,TWR,Illeshaim Tower / Turm,129.850
EDQC,AFIS,Langen Information,125.800
EDQC,ATIS,Coburg ATIS,120.100
EDQC,INFO,COBURG INFORMATION,128.680
EDQC,RADAR,NUERNBERG RADAR,129.525
EDQD,AFIS,Langen Information,125.800
EDQD,ATIS,Bayreuth ATIS,119.560
EDQD,INFO,Bayreuth Information,127.530
EDQD,RDR,MUENCHEN RADAR,118.975
EDQE,A/G,FEUERSTEIN RADIO,130.780
EDQE,AFIS,LANGEN INFORMATION,125.800
EDQF,AFIS,Langen Information,120.650
EDQF,INFO,Ansbach Radio,123.790
EDQG,AFIS,Langen Information,119.150
EDQG,INFO,Giebelstadt Information,125.505
EDQH,AFIS,Langen Information,120.650
EDQH,INFO,HERZOGENAURACH RADIO,134.555
EDQI,AFIS,Langen Information,120.650
EDQI,INFO,Lauf Radio,128.585
EDQK,AFIS,Langen Information,125.800
EDQK,INFO,KULMBACH RADIO,118.530
EDQL,AFIS,Langen Information,125.800
EDQL,AFIS,Coburg Information,128.680
EDQL,INFO,Lichtenfels radio,118.190
EDQM,AFIS,Langen Information,125.800
EDQM,RDR,MUNCHEN RADAR,118.975
EDQM,TWR,Hof Tower / Turm,124.355
EDQN,AFIS,Langen Information,119.150
EDQN,INFO,Neustadt/Aisch Radio,118.930
EDQO,AFIS,Langen Information,125.800
EDQO,INFO,Ottengruener Heide Radio,133.585
EDQP,AFIS,Rosenthal Radio,125.800
EDQP,INFO,ROSENTHAL INFO,127.450
EDQR,AFIS,Langen Information,125.800
EDQR,INFO,Ebern Radio,118.005
EDQS,AFIS,Langen Information,119.150
EDQS,INFO,Suhl Radio,127.465
EDQT,AFIS,Langen Information,119.150
EDQT,INFO,HASSFURT RADIO,119.805
EDQW,AFIS,Langen Information,125.800
EDQW,INFO,Weiden Radio,120.255
EDQX,AFIS,Langen Information,128.950
EDQX,INFO,Hetzleser Berg Radio,134.115
EDQY,AFIS,Langen Information,125.800
EDQY,AFIS,COBURG INFORMATION,128.680
EDQY,INFO,STEINRUECKEN RADIO,129.805
EDQZ,AFIS,Langen Information,125.800
EDQZ,INFO,Pegnitz Radio,127.560
EDRA,AFIS,Langen Information,123.525
EDRA,Info,Neuenahr Radio,122.355
EDRB,AFIS,Langen Information,123.525
EDRB,INFO,Bitburg Radio,118.700
EDRB,TWR,SPANGDAHLEM TOWER,122.200
EDRC,AFIS,Langen Information,123.525
EDRC,INFO,Marpingen Radio,120.185
EDRD,AFIS,Langen Information,123.525
EDRD,INFO,Neumagen Radio,129.285
EDRF,AFIS,LANGEN INFORMATION,123.525
EDRF,INFO,DUERKHEIM RADIO,122.405
EDRG,AFIS,Langen Information,123.525
EDRG,INFO,Idar-Oberstein Radio,128.360
EDRH,AFIS,Langen Information,123.525
EDRH,INFO,Hoppstaedten Radio,130.655
EDRI,AFIS,Langen Information,128.950
EDRI,Radio,Linkenheim Radio,124.010
EDRJ,AFIS,Langen Information,123.525
EDRJ,INFO,Saarlouis Radio,121.210
EDRK,FIS,LANGEN INFORMATION,123.525
EDRK,Radar,Langen Radar,125.600
EDRK,Radio,KOBLENZ Radio,122.655
EDRL,AFIS,Langen Information,123.525
EDRL,INFO,Lachen Radio,128.525
EDRM,AFIS,Langen Information,123.525
EDRM,INFO,Traben-Trarbach Radio,129.035
EDRN,AFIS,Langen Information,123.525
EDRN,INFO,Nannhausen Radio,131.285
EDRO,AFIS,Langen Information,123.525
EDRO,INFO,Schweighofen Radio,123.005
EDRP,AFIS,Langen Information,123.525
EDRP,FIS,Zweibruekcen Information,123.830
EDRP,INFO,Pirmasens Radio,122.355
EDRS,AFIS,Langen Information,123.525
EDRS,Info,Sobernheim Radio,118.930
EDRT,AFIS,Langen Information,123.525
EDRT,INFO,Trier Radio,118.390
EDRV,AFIS,Langen Information,123.525
EDRV,INFO,Wershofen Radio,121.390
EDRW,AFIS,Langen Information,123.525
EDRW,INFO,Dierdorf Radio,128.930
EDRY,AFIS,LANGEN INFORMATION,128.950
EDRY,RADIO,SPEYER RADIO,118.080
EDRZ,AFIS,Langen Information,123.525
EDRZ,FIS,Zweibruecken Information,123.830
EDRZ,RDR,LANGEN RADAR,129.675
EDSA,AFIS,Langen Information,128.950
EDSA,INFO,Degerfeld Radio,125.835
EDSB,AAS,REIMS INFO,124.100
EDSB,AFIS,Strasbourg Info,119.580
EDSB,APP,STRASSBOURG RADAR,119.450
EDSB,ATIS,BADEN ATIS,121.280
EDSB,GND,Baden Ground / Rollkontrolle,121.830
EDSB,INFO,Langen Information,128.950
EDSB,TWR,Baden Tower / Turm,134.105
EDSE,AFIS,Langen Information,128.950
EDSG,AFIS,Langen Information,128.950
EDSG,INFO,Grabenstetten Radio,118.190
EDSH,AFIS,Langen Information,128.950
EDSH,Info,Backnang Radio,123.710
EDSI,FIS,FIS Zürich,124.700
EDSI,Info,Binningen Radio,124.535
EDSK,AFIS,Langen Information,128.950
EDSK,CTAF,Kehl Radio,122.755
EDSL,FIS,Zürich Information,124.700
EDSL,Info,Blumberg Radio,135.005
EDSN,AFIS,Zürich Information,124.700
EDSN,INFO,Neuhausen ob Eck Radio,119.605
EDSO,AFIS,Langen Information,128.950
EDSO,INFO,Nortel Radio,128.740
EDSP,CTAF,Poltringen Info,123.055
EDSR,AFIS,Zürich Information,124.700
EDSR,INFO,Stahlringen Radio,127.530
EDST,AFIS,Langen Information,128.950
EDST,INFO,Hahnweide Radio,125.615
EDSW,AFIS,Langen Information,128.950
EDSW,INFO,Altdorf Radio,127.155
EDSZ,AFIS,Langen Information,128.955
EDSZ,INFO,Rottweil Radio,129.505
EDTB,AFIS,Langen Information,128.950
EDTB,INFO,Oos Radio,125.915
EDTB,TWR,Baden Tower / Turm,134.105
EDTC,AFIS,Langen Information,128.950
EDTC,Info,Bruchsal Radio,123.990
EDTD,AFIS,ZURICH INFORMATION,120.700
EDTD,FIS,Donaueschingen Information,126.690
EDTF,AFIS,Langen Information,128.950
EDTF,INFO,Freiburg Radio,118.255
EDTG,AFIS,Langen Information,128.950
EDTG,INFO,Bremgarten Radio,124.030
EDTH,AFIS,Heubach Info,123.025
EDTL,AFIS,Langen Information,128.950
EDTL,APP,STRASSBOURG RADAR,119.450
EDTL,TWR,Lahr Tower / Turm / Lahr Radio,125.180
EDTM,AFIS,Zürich Information,124.700
EDTM,INFO,Mengen Information,135.180
EDTN,AFIS,Langen Information,128.950
EDTN,CTAF,Nabern Radio,118.330
EDTO,AFIS,Langen Information,128.950
EDTO,INFO,Offenburg Radio,132.040
EDTP,AFIS,Zürich Information,124.700
EDTP,INFO,Pfullendorf Radio,122.435
EDTQ,AFIS,Langen Information,128.950
EDTQ,INFO,Pattonville Radio,124.610
EDTR,AFIS,Zürich Information,124.700
EDTR,INFO,Rheinfelden Radio,134.535
EDTS,AFIS,Zürich Information,124.700
EDTS,FIS,Donaueschingen Information,126.690
EDTS,INFO,Schwenningen Radio,127.535
EDTU,AFIS,Zürich Information,124.700
EDTU,FIS,Mengen Information,135.180
EDTU,INFO,Saulgau Radio,123.605
EDTW,AFIS,Langen Information,128.950
EDTW,INFO,Winzen Radio,118.390
EDTY,AFIS,Schwaebisch Hall Information,129.230
EDTY,ATIS,Schwaebisch Hall ATIS,133.880
EDTY,INFO,Langen Information,128.950
EDTY,RDR,LANGEN RADAR,125.050
EDTZ,AFIS,Zürich Information,124.700
EDTZ,INFO,Konstanz Radio,124.355
EDUA,AFIS,Langen Information,132.650
EDUA,Info,Stechow Radio,133.585
EDUF,AFIS,Langen Information,125.800
EDUF,INFO,Loennewitz Radio,132.360
EDUO,AFIS,Langen Information,119.825
EDUO,INFO,Oberrissdorf Radio,122.630
EDUS,AFIS,Langen Information,125.800
EDUS,INFO,SCHACKESDORF RADIO,134.540
EDUW,AFIS,Langen Information,132.650
EDUW,INFO,Tutow Radio,132.790
EDUY,AFIS,Langen Information,125.800
EDUY,INFO,Sedlitz Radio,122.330
EDUZ,AFIS,Langen Information,132.650
EDUZ,INFO,Zerbst Radio,124.485
EDVA,AFIS,Langen Information,119.825
EDVA,Info,Gandersheim Radio,123.005
EDVC,AFIS,Langen Information,119.825
EDVC,AFIS,Langen Information,125.100
EDVC,Info,Arloh Radio,123.655
EDVE,AFIS,Langen Information,119.825
EDVE,ATIS,Braunschweig ATIS,134.455
EDVE,TWR,TWR,120.050
EDVF,AFIS,Langen Information,119.825
EDVF,Info,Borkhausen Radio,121.010
EDVG,AFIS,Langen Information,119.825
EDVG,INFO,Mengeringhausen Radio,119.735
EDVH,AFIS,Langen Information,125.100
EDVH,INFO,Hodenhagen Radio,119.005
EDVI,AFIS,Langen Information,119.825
EDVI,INFO,Hoexter Radio,130.280
EDVJ,AFIS,Langen Information,119.825
EDVJ,INFO,Schaeferstuhl Radio,132.990
EDVK,AFIS,LANGEN INFORMATION,119.825
EDVK,ATIS,KASSEL ATIS,129.205
EDVK,GND,KASSEL GROUND,121.905
EDVK,RDR,BREMEN RADAR,123.925
EDVK,TWR,KASSEL TOWER,118.105
EDVL,AFIS,Langen Information,119.825
EDVL,INFO,Hoelleberg Radio,130.080
EDVM,AFIS,Langen Information,119.825
EDVM,INFO,Hildesheim Radio,118.310
EDVN,AFIS,Langen Information,119.825
EDVN,INFO,Northeim Radio,118.705
EDVR,AFIS,Langen Information,119.825
EDVR,INFO,Rinteln Radio,129.425
EDVS,AFIS,Langen Information,119.825
EDVS,INFO,Salzgitter Radio,122.855
EDVT,AFIS,Langen Information,119.825
EDVT,INFO,Ithwiesen Radio,130.655
EDVU,AFIS,Langen Information,132.650
EDVU,INFO,Uelzen Radio,130.905
EDVW,AFIS,Langen Information,119.825
EDVW,Info,Pyrmont Radio,121.180
EDVY,AFIS,Langen Information,119.825
EDVY,INFO,Porta Radio,130.640
EDWC,AFIS,Langen Information,129.875
EDWC,INFO,Damme Radio,133.305
EDWE,AFIS,Langen Information,128.525
EDWE,APP,WITTMUND/JEVER RADAR,123.600
EDWE,INFO,ENDEM INFORMATION,118.605
EDWE,RDR,BREMEN RADAR,124.650
EDWF,AFIS,Langen Information,128.525
EDWF,INFO,Leer Radio,130.760
EDWG,AFIS,Langen Information,128.525
EDWG,INFO,Wooge Radio,122.405
EDWH,AFIS,Langen Information,128.525
EDWH,INFO,Oldenburg Radio,118.180
EDWI,AFIS,Langen Information,128.525
EDWI,FIS,Wilhelmshave Information,129.255
EDWJ,AFIS,Langen Information,128.525
EDWJ,INFO,Juist Radio,120.505
EDWK,AFIS,Langen Information,125.100
EDWK,INFO,Karlshoefen Radio,118.930
EDWL,AFIS,Langen Information,128.525
EDWL,INFO,Langeoog Radio,122.030
EDWM,AFIS,Langen Information,125.100
EDWM,INFO,Weser-Wuemme Radio,133.705
EDWN,AFIS,Langen Information,129.875
EDWN,Info,Nordhorn Radio,122.655
EDWO,AFIS,BREMEN INFORMATION,119.825
EDWO,AFIS,LANGEN INFORMATION,129.875
EDWO,INFO,Osnabrueck Radio,118.680
EDWP,AFIS,Langen Information,128.525
EDWP,INFO,Conneforde Radio,121.190
EDWQ,AFIS,Langen Information,128.525
EDWQ,Info,Ganderkesee Radio,118.630
EDWR,AFIS,Langen Information,128.525
EDWR,INFO,Borken Radio,121.210
EDWS,AFIS,Langen Information,128.525
EDWS,INFO,Norddeich Radio,123.030
EDWU,AFIS,Langen Information,128.525
EDWU,Info,Varrelbusch Radio,132.565
EDWV,AFIS,Langen Information,125.100
EDWV,INFO,Verden Radio,130.660
EDWX,AFIS,Langen Information,128.525
EDWX,INFO,Westerstede Radio,123.685
EDWY,AFIS,Langen Information,128.525
EDWY,INFO,Norderney Radio,122.605
EDWZ,AFIS,Langen Information,128.525
EDWZ,Info,Baltrum Radio,132.015
EDXA,AFIS,Langen Information,129.875
EDXA,INFO,Achmer Radio,123.055
EDXB,AFIS,Langen Information,125.100
EDXB,INFO,Buesum Radio,125.860
EDXC,AFIS,Langen Information,125.100
EDXC,TWR,Schleswig Tower / Turm,122.100
EDXD,AFIS,Langen Information,129.875
EDXD,Info,Boehmte Radio,118.985
EDXE,AFIS,Langen Information,129.875
EDXE,INFO,Rheine Radio,126.685
EDXF,AFIS,Langen Information,125.100
EDXF,INFO,Flensburg Radio,122.855
EDXG,AFIS,Langen Information,129.875
EDXG,INFO,Melle Radio,125.835
EDXH,AFIS,Langen Information,128.525
EDXH,INFO,Helgoland Radio,122.455
EDXI,AFIS,Langen Information,119.825
EDXI,INFO,Nienburg Radio,133.165
EDXJ,AFIS,Langen Information,125.100
EDXJ,INFO,Husum Radio,125.835
EDXK,AFIS,Langen Information,125.100
EDXK,INFO,Leck Radio,132.565
EDXL,AFIS,Langen Information,128.525
EDXL,Info,Brassel Radio,129.135
EDXM,AFIS,Langen Information,125.100
EDXM,INFO,St Michel Radio,132.990
EDXN,AFIS,Langen Information,125.100
EDXN,AFIS,Langen Information,128.525
EDXN,INFO,Spieka Radio,121.030
EDXN,TWR,Nordholz Tower,131.525
EDXO,AFIS,Langen Information,125.100
EDXO,INFO,St. Peter Radio,129.780
EDXP,AFIS,Langen Information,128.525
EDXP,INFO,Harle Radio,122.405
EDXQ,AFIS,Langen Information,125.100
EDXQ,INFO,Wuemme Radio,136.015
EDXR,AFIS,Langen Information,125.100
EDXR,INFO,Rendsburg Radio,123.655
EDXS,AFIS,Langen Information,125.100
EDXS,Info,Seedorf Radio,119.665
EDXT,AFIS,Langen Information,125.100
EDXT,INFO,Sierksdorf Radio,125.385
EDXU,AFIS,Langen Information,125.100
EDXU,INFO,Huettenbusch Radio,120.850
EDXW,AFIS,Langen Information,125.100
EDXW,ATIS,Sylt ATIS,118.400
EDXW,INFO,Sylt Radio,119.750
EDXW,RDR,BREMEN RADAR,136.225
EDXW,TWR,SYLT Tower / Turm,119.750
EDXY,AFIS,Langen Information,125.100
EDXY,INFO,Wyk Radio,118.255
EDXZ,AFIS,Langen Information,128.525
EDXZ,INFO,Kuehrstedt Radio,135.005
EEEI,INFO,INFO,120.900
EEHA,RADAR,Tallinn Radar,127.905
EEKA,AFIS,Kärdla INFO,133.405
EEKE,TWR,TWR,118.050
EELM,FIZ,Tartu Flight Information Zone,133.905
EEPU,AFIS,AFIS,132.000
EERA,ATZ,Rapla Traffic,131.030
EERI,FIS,Ridali Traffic,118.455
EETN,APP,Tallinn Radar,127.905
EETN,ATIS,Tallinn ATIS,124.880
EETN,TWR,Tallinn Tower,135.905
EETU,ATIS,Tartu ATIS,123.130
EETU,FIZ,Tartu Flight Information Zone,133.905
EFAA,ACC Sector,Tampere radar,126.100
EFAA,RDO,Aavahelukka traffic,123.500
EFAH,ACC,Tampere radar,124.200
EFAH,RDO,Ahmosuo traffic,123.400
EFAL,ACC,Tampere radar,127.100
EFAL,RDO,Alavus traffic,123.500
EFET,AFIS,AFIS,122.450
EFET,ATIS,ATIS,134.825
EFEU,RDO,RDO,123.550
EFFO,ACC,Tampere radar,121.300
EFFO,RDO,Forssa traffic,123.150
EFGE,ACC,Tampere radar,132.675
EFGE,RDO,Genböle traffic,123.600
EFHA,APP,APP,124.550
EFHA,ATIS,ATIS,115.200
EFHA,TWR,TWR,128.900
EFHK,APP,APP,119.100
EFHK,APP,,129.850
EFHK,ATIS,HEL VOR,114.200
EFHK,ATIS,,135.075
EFHK,DEL,,118.125
EFHK,GND,GND,121.800
EFHK,PMSV,PMSV METRO,125.100
EFHK,RMP,RMP,121.650
EFHK,TWR,22L/04R and 15/33,118.600
EFHK,TWR,22R/04L,118.850
EFHL,ACC,Tampere radar,124.200
EFHL,RDO,Hailuoto traffic,123.400
EFHM,RDO,RDO,123.150
EFHN,RDO,RDO,123.600
EFHP,ACC,Tampere radar,124.200
EFHP,RDO,Haapavesi traffic,123.550
EFHV,INFO,INFO,122.500
EFII,ACC,Tampere radar,132.325
EFII,RDO,Iisalmi traffic,123.550
EFIK,RDO,RDO,123.600
EFIM,RDO,RDO,123.600
EFIT,RDO,RDO,123.450
EFIV,ATIS,ATIS,123.200
EFIV,TWR,TWR,118.000
EFJM,ACC Sector,Tampere radar,127.100
EFJM,RDO,Jämijärvi traffic,123.650
EFJO,ATIS,ATIS,115.700
EFJO,TWR,TWR,120.900
EFJY,APP,APP,119.700
EFJY,ATIS,ATIS,134.150
EFJY,TWR,TWR,118.000
EFKA,APP,APP,130.100
EFKA,ARR,ARRIVAL,128.150
EFKA,ATIS,ATIS,112.400
EFKA,TWR,TWR,122.800
EFKE,ATIS,ATIS,123.150
EFKE,TWR,TWR,119.400
EFKG,ACC,Tampere radar,121.300
EFKG,RDO,Kumlinge traffic,123.400
EFKH,ACC,Tampere radar,124.200
EFKH,RDO,Kuhmo traffic,123.500
EFKI,AFIS,AFIS,118.100
EFKI,ATIS,ATIS,114.900
EFKJ,RDO,RDO,118.450
EFKK,ATIS,ATIS,125.025
EFKK,TWR,TWR,120.100
EFKM,RDO,RDO,123.500
EFKN,ACC,Tampere radar,127.100
EFKN,RDO,Kannus traffic,123.450
EFKO,RDO,RDO,123.400
EFKR,ACC,Tampere radar,124.200
EFKR,RDO,Kärsämäki traffic,123.550
EFKS,AFIS,AFIS,118.650
EFKS,ATIS,ATIS,114.400
EFKT,AFIS,AFIS,118.950
EFKT,ATIS,ATIS,133.850
EFKU,APP,APP,130.600
EFKU,ATIS,ATIS,128.775
EFKU,TWR,TWR,120.150
EFKV,ACC,Tampere radar,132.325
EFKV,RDO,Kivijärvi traffic,123.500
EFKY,ACC,Tampere radar,135.525
EFKY,RDO,Kymi traffic,123.550
EFLA,ACC,Tampere radar,132.325
EFLA,ATIS,ATIS,122.425
EFLA,RDO,RDO,123.400
EFLL,ACC,Tampere radar,135.525
EFLL,RDO,Lapinlahti traffic,123.500
EFLN,RDO,RDO,123.400
EFLP,ATIS,ATIS,112.500
EFLP,TWR,TWR,119.700
EFMA,ATIS,ATIS,130.425
EFMA,TWR,TWR,119.600
EFME,CTAF,RDO,123.500
EFMI,AFIS,AFIS,123.000
EFMI,ATIS,ATIS,118.250
EFML,Info,,120.650
EFMN,ACC,Tampere radar,132.325
EFMN,RDO,Mäntsälä traffic,123.500
EFNS,ACC,Tampere radar,127.100
EFNS,RDO,Savikko traffic,123.150
EFNU,ATIS,EFNU ATIS,135.825
EFNU,RDO,Nummela Traffic,122.825
EFOP,ACC,Tampere radar,127.100
EFOP,RDO,Oripää traffic,123.200
EFOU,ATIS,ATIS,135.450
EFOU,TWR,TWR,124.400
EFPA,ACC,Tampere radar,126.100
EFPA,RDO,Pokka traffic,123.150
EFPI,RDO,RDO,123.550
EFPK,ACC,Tampere radar,135.525
EFPK,RDO,Pieksämäki traffic,123.200
EFPN,ACC,Tampere radar,135.525
EFPN,RDO,Punkaharju traffic,123.450
EFPO,APP,APP,128.650
EFPO,ATIS,ATIS,136.075
EFPO,TWR,TWR,119.250
EFPR,INFO,,118.475
EFPU,ACC,Tampere radar,124.200
EFPU,RDO,RDO,123.200
EFPY,RDO,RDO,121.600
EFRA,ACC Sector,Tampere radar,135.525
EFRA,RDO,Rautavaara traffic,123.650
EFRH,RDO,RDO,123.500
EFRN,RDO,RDO,123.200
EFRO,APP,APP,125.800
EFRO,ATIS,ATIS,117.700
EFRO,GND,GND,118.525
EFRO,PMSV,PMSV METRO,125.100
EFRO,TWR,TWR,118.700
EFRU,ACC,Tampere radar,124.200
EFRU,RDO,Ranua traffic,123.500
EFRV,ACC,Tampere radar,132.325
EFRV,RDO,Kiuruvesi traffic,123.500
EFRY,ACC,Tampere radar,121.300
EFRY,ATIS,ATIS,122.625
EFRY,RDo,Räyskälä traffic,122.650
EFSA,AFIS,AFIS,118.800
EFSA,ATIS,ATIS,117.900
EFSE,RDO,RDO,123.200
EFSI,AFIS,AFIS,123.600
EFSI,APP,KAUHAVA APP,130.100
EFSI,RDR,KAUHAVA RADAR,128.150
EFSI,TWR,KAUHAVA TWR,119.700
EFSO,AFIS,AFIS,123.400
EFSU,ACC,Tampere radar,124.200
EFSU,RDO,Suomussalmi traffic,123.500
EFTO,ACC,Tampere radar,132.675
EFTO,RDO,Torbacka traffic,123.600
EFTP,APP,PIRKKALA APP,126.200
EFTP,ATIS,ATIS,133.550
EFTP,TWR,PIRKKALA TWR,118.700
EFTU,ATIS,ATIS,130.050
EFTU,TWR,TWR,118.300
EFUT,ATIS,ATIS,114.600
EFUT,TWR,TWR,119.700
EFVA,ATIS,ATIS,114.500
EFVA,TWR,TWR,119.300
EFVI,ACC,Tampere radar,132.325
EFVI,RDO,Viitasaari traffic,123.500
EFVL,ACC,Tampere radar,124.200
EFVL,RDO,Vaala traffic,123.500
EFVP,ACC,Tampere radar,127.100
EFVP,RDO,Vampula traffic,123.550
EFVR,ATIS,ATIS,128.325
EFVR,MISC,AFIS,120.400
EFVT,ACC,Tampere radar,127.100
EFVT,RDO,Sulkaharju traffic,123.500
EFWB,ACC,Tampere radar,135.525
EFWB,RDO,Wredeby traffic,123.550
EFYL,UNIC,UNICOM,122.500
EGAA,APP,APP,128.500
EGAA,ATIS,ATIS,128.200
EGAA,GND,GND,121.750
EGAA,ILS 17,,110.900
EGAA,ILS 25,,109.900
EGAA,OPS,OPS,26.480
EGAA,RDR,DIRECTOR,120.900
EGAA,TWR,TWR,118.300
EGAB,A/G,RDO,123.205
EGAC,APP,BELFAST APP,130.850
EGAC,ATIS,ATIS,136.625
EGAC,TWR,BELFAST TWR,122.825
EGAD,A/G,Newtownards A/G,128.305
EGAE,APP,Eglinton Approach,123.625
EGAE,ATIS,Eglinton Information,119.380
EGAE,TWR,Eglinton Tower,134.155
EGBB,APP,APP,118.050
EGBB,APP,,123.975
EGBB,ATIS,ATIS,136.020
EGBB,Fire,,121.600
EGBB,GND,GND,121.800
EGBB,TWR,TWR,118.300
EGBD,A/G,Derby A/G,118.350
EGBE,AFIS,Coventry Infromation,123.830
EGBE,FIRE,Coventry Fire,121.600
EGBF,A/G,A/G,119.025
EGBF,A/G,Breighton Radio,129.800
EGBG,A/G,RDO,122.125
EGBJ,APP,GLOSTER APP,128.550
EGBJ,ATIS,ATIS,127.475
EGBJ,EMR,FIRE,121.600
EGBJ,RDR,RADAR,120.975
EGBJ,TWR,GLOSTER TWR,122.900
EGBK,A/G,Northampton Sywell A/G,122.700
EGBK,AFIS,Northampton Sywell AFIS,122.700
EGBM,A/G,Tatenhill A/G,124.075
EGBN,A/G,A/G VOICE RDO,134.875
EGBO,APP,APP,123.000
EGBO,ATIS,ATIS,124.875
EGBO,TWR,TWR,123.000
EGBP,AFIS,INFO,118.900
EGBS,AFIS,Shobdon Information,118.155
EGBS,RDO,Shobdon Radio,118.155
EGBT,A/G,Turweston Radio,122.180
EGBV,A/G,Silverstone A/G,121.075
EGBW,AFIS,INFO,124.030
EGCB,AFIS,Manchester Barton AFIS,120.250
EGCC,APP,APP,135.000
EGCC,ATIS,ATIS,128.175
EGCC,CLD,CLNC DEL,121.700
EGCC,GND,GND,121.850
EGCC,TWR,TWR,118.625
EGCC,TWR,,119.400
EGCF,A/G,Sandtoft A/G,130.425
EGCJ,A/G,Sherburn in Elmet A/G,126.600
EGCJ,RAD/APP,Sherburn in Elmet RAD/APP,126.500
EGCK,A/G,RDO,122.225
EGCL,A/G,Fenland Radio,122.930
EGCS,A/G,Sturgate A/G,130.300
EGCT,A/G,Tilstock A/G,122.075
EGCV,A/G,Sleap A/G,122.450
EGCW,A/G,RDO,128.000
EGDC,A/G,RDO,130.200
EGDJ,Ops,Salisbury Ops,122.750
EGDM,APP,APP,130.000
EGDM,ATIS,ATIS,27.572
EGDM,CAC,ZONE,126.700
EGDM,DIR,DIR,130.000
EGDM,GND,GND,130.750
EGDM,TWR,TWR,130.750
EGDN,A/G,Netheravon A/G,128.300
EGDN,AFIS,Netheravon AFIS,128.300
EGDO,APP,APP,134.050
EGDO,TWR,TWR,122.100
EGDR,APP,APP,134.050
EGDR,ATIS,ATIS,23.185
EGDR,GND,GND,122.100
EGDR,OPS,OPS,572.500
EGDR,TWR,TWR,122.100
EGDX,APP,APP,126.625
EGDX,ATIS,ATIS,34.045
EGDX,GND,GND,24.112
EGDX,MISC,CARDIFF ATIS,132.475
EGDX,TWR,TWR,118.125
EGDY,APP,RADAR,127.350
EGDY,ATIS,ATIS,28.392
EGDY,GND,GND,26.862
EGDY,OPS,OPS,673.600
EGDY,TWR,TWR,122.100
EGEC,AFIS,Cambeltown Information,125.905
EGEF,A/G,Fair Isle A/G,118.025
EGEL,A/G,Coll Radio,125.000
EGEN,RAD/APP,North Ronaldsay RAD/APP,118.300
EGEO,AFIS,Oban Information,118.055
EGET,A/G,Lerwick Tingwall A/G,122.600
EGEW,RAD/APP,Westray RAD/APP,118.300
EGEY,A/G,A/G,123.800
EGFA,AFIS,AFIS/AG,122.150
EGFC,A/G,Cardiff Tremorfa A/G,120.650
EGFD,CAC,LONDON MIL,29.252
EGFD,TWR,TWR,118.930
EGFE,A/G,RDO,122.200
EGFF,APP,Cardiff Approach,119.155
EGFF,APP,Cardiff Radar,125.855
EGFF,ATIS,ATIS,132.480
EGFF,Area Control,Cardiff Radar,133.600
EGFF,FIRE,Cardiff Fire,121.600
EGFF,TWR,Cardiff Tower,133.105
EGFH,A/G,RDO,119.700
EGFP,A/G,Pembrey A/G,124.400
EGFP,RAD/APP,Pembrey RAD/APP,124.400
EGFP,TWR,Pembrey TWR,124.400
EGGD,ATIS,ATIS,126.025
EGGD,GND,GND,121.925
EGGD,RDR,RDR,136.075
EGGD,TWR,TWR,133.850
EGGP,APP,APP,119.850
EGGP,ATIS,ATIS,124.330
EGGP,GND,GND,121.950
EGGP,TWR,TWR,126.350
EGGW,APP,APP,129.550
EGGW,ATIS,ATIS,120.575
EGGW,GND,GND,121.750
EGGW,TWR,TWR,132.550
EGHA,A/G,Compton Abbas A/G,122.700
EGHC,A/G,Lands End St.Just A/G,130.700
EGHC,RAD/APP,Lands End St.Just RAD/APP,130.700
EGHC,TWR,Lands End St.Just TWR,130.700
EGHE,RAD/APP,Scilly Isles St.Mary's RAD/APP,123.150
EGHE,TWR,Scilly Isles St.Mary's TWR,123.150
EGHF,Information,Lee Information,118.930
EGHG,A/G,Yeovil Westland A/G,125.400
EGHG,RAD/APP,Yeovil Westland RAD/APP,130.800
EGHG,TWR,Yeovil Westland TWR,125.400
EGHH,APP,APP,119.475
EGHH,ATIS,ATIS,121.950
EGHH,GND,GND,121.700
EGHH,TWR,TWR,125.600
EGHI,APP,Solent Radar,120.230
EGHI,APP,Southampton Approach,122.730
EGHI,ATIS,Southampton Information,130.880
EGHI,OPS,OPS,130.650
EGHI,TWR,Southampton Tower,118.205
EGHJ,A/G,Bembridge A/G,123.250
EGHL,APP,FARNBOROUGH APP,125.250
EGHL,MISC,GLIDER OPR,129.900
EGHN,A/G,Isle of Wight Sandown A/G,123.500
EGHO,A/G,Thruxton A/G,130.450
EGHP,A/G,Popham A/G,129.805
EGHQ,APP,APP,133.400
EGHQ,ATIS,ATIS,127.400
EGHQ,DIR,DIRECTOR,125.550
EGHQ,GND,GND,121.950
EGHQ,OPS,OPS,131.800
EGHQ,RADAR,,127.925
EGHQ,TWR,TWR,134.375
EGHR,AFIS,Goodwood Information,122.455
EGHS,A/G,Henstridge A/G,130.250
EGHT,A/G,Tresco A/G,130.250
EGHU,A/G,Eaglescott A/G,123.000
EGHY,A/G,Truro A/G,129.800
EGJA,APP,GUERNSEY APP,128.650
EGJA,GND,GND,130.500
EGJA,TWR,TWR,125.350
EGJB,APP,APP,128.650
EGJB,ATIS,ATIS,109.400
EGJB,GND,GND,121.800
EGJB,TWR,TWR,119.950
EGJJ,APP/DEP,APP/DEP,118.555
EGJJ,APP/DEP,APP/DEP,120.305
EGJJ,ATIS,INFO,134.680
EGJJ,GND,GND,121.905
EGJJ,TWR,TWR,119.455
EGJJ,TWR,TWR,120.450
EGJJ,TWR/APP/DEP,TWR/APP/DEP,125.205
EGKA,A/G,RDO,123.155
EGKA,APP,APP,123.155
EGKA,ATIS,ATIS,130.975
EGKA,TWR,TWR,125.405
EGKB,APP,APP,129.405
EGKB,ATIS,ATIS,135.680
EGKB,GND,,121.630
EGKB,RDR,THAMES RDR,132.700
EGKB,TWR,TWR,134.805
EGKH,A/G,Lashenden Headcorn A/G,122.000
EGKK,APP,APP,126.825
EGKK,ATIS,ATIS,136.525
EGKK,CLD,CLNC DEL,121.955
EGKK,Dir,Director,118.950
EGKK,GND,GND,121.805
EGKK,TWR,TWR,124.230
EGKL,A/G,Deanland Radio,129.730
EGKR,ATIS,ATIS,125.305
EGKR,TWR,Redhill TWR,119.605
EGLA,A/G,Bodmin A/G,122.700
EGLC,APP,APP,132.700
EGLC,ATIS,ATIS,136.350
EGLC,GND,GND,121.825
EGLC,TWR,TWR,118.075
EGLD,A/G,Denham Radio,130.730
EGLD,AFIS,Denham Radio,130.730
EGLF,APP,APP,134.350
EGLF,ATIS,ATIS,128.400
EGLF,DIR,DIRECTOR,130.050
EGLF,LARS,Farnborough East Radar,123.225
EGLF,LARS,Farnborough West Radar,125.250
EGLF,LARS,Farnborough North Radar,132.800
EGLF,MISC,Farnborough Fire,121.600
EGLF,OPS,TAG Aviation,130.375
EGLF,TWR,TWR,122.500
EGLJ,RDO,RDO,125.400
EGLK,AAS,AFIS INFO,122.300
EGLL,ATIS,Heathrow ATIS,113.750
EGLL,ATIS,Heathrow ATIS (Arrival),115.100
EGLL,ATIS,Heathrow ATIS (Departure),121.935
EGLL,ATIS,Heathrow ATIS,128.075
EGLL,CLD,Heathrow Delivery,121.975
EGLL,DIR,Heathrow Director,119.725
EGLL,DIR,Heathrow Director,120.400
EGLL,DIR,Heathrow Director,127.525
EGLL,DIR,Heathrow Director,134.975
EGLL,GND,Heathrow Ground,121.700
EGLL,GND,Heathrow Ground,121.850
EGLL,GND,Heathrow Ground,121.900
EGLL,TWR,Heathrow Tower,118.500
EGLL,TWR,Heathrow Tower,118.700
EGLL,TWR,Heathrow Tower,124.475
EGLM,A/G,Waltham Radio,122.600
EGLM,AFIS,Waltham Information,122.600
EGLS,A/G,Old Sarum A/G,123.205
EGLW,RAD/APP,London Heliport RAD/APP,122.900
EGLW,TWR,London Heliport TWR,122.900
EGMA,A/G,Fowlmere A/G,120.925
EGMA,A/G,,135.700
EGMC,APP,APP,130.775
EGMC,ATIS,ATIS,121.800
EGMC,RDR,RDR,130.775
EGMC,TWR,TWR,127.725
EGMD,APP,Lydd Approach,120.700
EGMD,ATIS,,129.225
EGMD,TWR,TWR,128.525
EGMJ,A/G,Little Gransden A/G,130.850
EGNC,A/G,RDO,123.600
EGNC,APP,APP,123.600
EGNC,ATIS,ATIS,118.425
EGNC,TWR,TWR,123.600
EGNE,A/G,RDO,130.475
EGNF,A/G,Netherthorpe A/G,123.275
EGNG,A/G,Air/Ground,123.250
EGNH,APP,APP,119.950
EGNH,ATIS,ATIS,121.750
EGNH,TWR,TWR,118.400
EGNI,A/G,,132.425
EGNJ,APP,,119.130
EGNJ,APP/RAD,,129.255
EGNJ,ATIS,,124.130
EGNJ,TWR,8.33 conversion planned oct. 2018,124.905
EGNL,AFIS,INFO,123.200
EGNM,APP,APP,123.380
EGNM,APP,,134.580
EGNM,ATIS,ATIS,118.025
EGNM,DEL,,121.805
EGNM,ILS Rw 32/14,,110.900
EGNM,TWR,TWR,120.305
EGNO,APP,APP,129.525
EGNO,ATIS,ATIS,121.725
EGNO,RDR,RDR,129.525
EGNO,TWR,TWR,130.800
EGNR,APP,listening squawk 4607,120.055
EGNR,APP/RAD,,130.015
EGNR,ATIS,,125.430
EGNR,TWR,TWR,124.955
EGNS,APP,Ronaldsway Approach,135.905
EGNS,ATIS,Ronaldsway Information,123.875
EGNS,RAD,Ronaldsway Radar,120.850
EGNS,RAD,Ronaldsway Radar,125.300
EGNS,RAD,Ronaldsway Radar,135.905
EGNS,TWR,Ronaldsway Tower,119.005
EGNT,APP,APP,124.375
EGNT,ATIS,ATIS,118.375
EGNT,GND,GND,121.725
EGNT,ILS,Runway 07/25 ILS,111.500
EGNT,TWR,TWR,119.700
EGNU,A/G,Full Sutton A/G,132.325
EGNV,ATIS,ATIS,132.375
EGNV,RADAR,Durham Radar,118.850
EGNV,TWR,Durham Tower,119.800
EGNW,A/G,Wickenby A/G,122.450
EGNW,A/G,Wickenby A/G,122.450
EGNX,APP,APP,134.175
EGNX,ATIS,ATIS,122.675
EGNX,Fire service,,121.600
EGNX,GND,GND,121.900
EGNX,TWR,TWR,124.000
EGNY,A/G,Beverley Linley Hill A/G,123.050
EGOE,APP,SHAWBURY APP,28.200
EGOE,GND,GND,27.902
EGOE,TWR,TWR,122.100
EGOQ,APP,VALLEY APP,122.225
EGOQ,RDO,RDO,118.950
EGOQ,RDR,RDR,125.225
EGOQ,TWR,TWR,119.750
EGOS,ATIS,ATIS,28.427
EGOS,DIR,DIRECTOR,123.300
EGOS,GND,GND,38.945
EGOS,MISC,ZONE,120.775
EGOS,OPS,OPS,36.912
EGOS,TWR,TWR,122.100
EGOS,ZONE,APP,133.155
EGOV,APP,APP,134.350
EGOV,ATIS,ATIS,120.725
EGOV,GND,GND,122.100
EGOV,RDR,RADAR,125.225
EGOV,TWR,TWR,122.100
EGOW,A/G,RDO,121.000
EGOW,APP,APP,121.000
EGOW,APP,,282.570
EGOW,TWR,TWR,119.750
EGOW,TWR,,278.200
EGPA,APP,APP,118.305
EGPA,TWR,Kirkwall Tower,118.305
EGPB,APP,RADAR,131.300
EGPB,ATIS,ATIS,125.850
EGPB,TWR,TWR,118.250
EGPC,AFIS,INFO,119.705
EGPC,APP,APP,119.705
EGPC,ATIS,ATIS,113.600
EGPC,TWR,TWR,119.705
EGPD,APP,ABERDEEN APP,119.055
EGPD,ATIS,ABERDEEN ATIS,121.855
EGPD,GND,ABERDEEN GND,121.705
EGPD,INFO,ABERDEEN INFO,135.175
EGPD,RADAR,Aberdeen Director,128.305
EGPD,RDR,Aberdeen Offshore Radar,134.100
EGPD,TWR,ABERDEEN TWR,118.100
EGPE,APP,APP,122.605
EGPE,ATIS,ATIS,109.200
EGPE,RDR,RDR,122.605
EGPE,TWR,Inverness Tower,118.405
EGPE,TWR,TWR (when TWR/APP combined),122.605
EGPF,ACC,SHANWICK OCEANIC,120.350
EGPF,APP,APP,119.105
EGPF,ATIS,ATIS,129.580
EGPF,Everything,,455.837
EGPF,GND,GND,121.705
EGPF,TWR,Glasgow Tower,118.805
EGPG,AFIS,Cumbernauld AFIS,120.600
EGPH,APP,APP,121.200
EGPH,ATIS,ATIS,131.350
EGPH,GND,GND,121.750
EGPH,TWR,TWR,118.700
EGPI,AFIS,Islay Information,123.155
EGPJ,A/G,Fife Radio,130.455
EGPK,APP,APP,120.550
EGPK,ATIS,ATIS,121.125
EGPK,RADAR,Prestwick Radar,129.450
EGPK,TWR,TWR,118.150
EGPL,APP,APP,119.205
EGPL,ATIS,ATIS,113.950
EGPL,TWR,TWR,119.205
EGPN,APP,APP,122.905
EGPN,ATIS,ATIS,119.330
EGPN,TWR,TWR,122.905
EGPO,AFIS,AFIS,119.480
EGPO,APP,APP,119.480
EGPO,ATIS,ATIS,115.100
EGPO,TWR,TWR,119.480
EGPR,AFIS,Barra AFIS,118.075
EGPS,A/G,Longside Radio,118.280
EGPS,Info,Lomgside radio,130.575
EGPT,A/G,Perth Scone A/G,121.080
EGPU,INFO,AFIS,122.705
EGPW,A/G,Unst A/G,130.350
EGPW,AFIS,Unst AFIS,130.350
EGQL,APP,APP,123.300
EGQL,ATIS,ATIS,36.925
EGQL,DEP,DEP,126.500
EGQL,GND,GND,122.100
EGQL,OPS,OPS,37.007
EGQL,TWR,TWR,122.100
EGQS,APP,APP,123.300
EGQS,ATIS,ATIS,26.477
EGQS,DEP,DEP,119.350
EGQS,DIR,DIRECTOR,123.300
EGQS,GND,GND,118.200
EGQS,OPS,OPERATIONS,36.930
EGQS,RDR,RDR,118.900
EGQS,TWR,TWR,118.200
EGSC,APP,Cambridge Approach,123.600
EGSC,ATIS,Cambridge Information,134.600
EGSC,RDR,Cambridge Radar,124.975
EGSC,TWR,Cambridge Tower,122.200
EGSD,A/G,Gt.Yarmouth North Denes A/G,123.400
EGSD,RAD/APP,Gt.Yarmouth North Denes RAD/APP,123.400
EGSD,TWR,Gt.Yarmouth North Denes TWR,123.400
EGSF,A/G,RDO,129.725
EGSG,A/G,Stapleford A/G,122.800
EGSH,APP,Norwich Approach,119.355
EGSH,ATIS,Norwich Information,128.630
EGSH,DIR,Norwich Director,128.330
EGSH,HAN,Norwich Handling,131.855
EGSH,RDR,Norwich Radar / LARS,119.355
EGSH,TWR,Norwich Tower,124.255
EGSJ,A/G,Seething Radio,118.435
EGSL,A/G,Andrewsfield Radio,130.555
EGSL,AFIS,Andrewsfield AFIS,130.555
EGSM,A/G,Beccles A/G,120.375
EGSO,A/G,Crowfield A/G,122.775
EGSO,APP,Wattisham APP,125.800
EGSP,A/G,,120.325
EGSP,A/G,Peterborough Sibson A/G,122.300
EGSQ,A/G,Clacton A/G,118.150
EGSR,A/G,Earls Colne A/G,122.425
EGSS,APP,Stansted Radar,120.625
EGSS,ATIS,ATIS,127.175
EGSS,CLD,CLNC DEL,121.950
EGSS,DIR,DIRECTOR,136.200
EGSS,GND,GND,121.725
EGSS,RDR,Director,136.200
EGSS,TWR,TWR,123.800
EGST,A/G,Elmsett A/G,130.900
EGSU,INFO,Duxford Information,122.075
EGSV,A/G,Buckenham Radio,124.405
EGSX,A/G,RDO,123.525
EGTB,GND,Wycombe ground,121.770
EGTB,TWR,Wycombe tower,126.550
EGTC,APP,APP,122.850
EGTC,ATIS,ATIS,121.875
EGTC,TWR,,122.850
EGTC,TWR,TWR,134.925
EGTD,CTAF,DUNSFOLD RADIO,119.100
EGTE,APP,APP,128.975
EGTE,ATIS,ATIS,119.325
EGTE,Radar,EXETER Radar,123.570
EGTE,TWR,TWR,119.800
EGTF,A/G,Fairoaks Radio,123.430
EGTF,AFIS,Fairoaks AFIS,123.430
EGTH,Airband,,130.705
EGTK,APP,OXFORD APP,125.325
EGTK,APP,,127.750
EGTK,ATIS,OXFORD ATIS,136.225
EGTK,GND,OXFORD GND,121.950
EGTK,LARS,Brize Radar (normal working hrs only),124.270
EGTK,TWR,TWR - Use at w/ends,133.425
EGTK,TWR,OXFORD TWR,133.425
EGTO,AFIS,Rochester AFIS,122.255
EGTP,A/G,Perranporth A/G,119.750
EGTR,A/G,Elstree A/G,122.400
EGTR,AFIS,Elstree AFIS,122.400
EGTU,A/G,Dunkeswell Radio,123.480
EGTW,A/G,Oaksey Park A/G,132.230
EGUB,APP,APP,376.650
EGUB,APP vhf,,136.450
EGUB,ATIS,ATIS,282.525
EGUB,Director,,356.125
EGUB,GRN,,121.800
EGUB,TWR,TWR,127.150
EGUB,TWR,,318.100
EGUB,Zone / CAC,,120.900
EGUD,Tower,Tower,121.100
EGUL,APP,APP,136.500
EGUL,APP,,142.820
EGUL,ATIS,ATIS,35.672
EGUL,CAC,CAC LONDON MIL,27.777
EGUL,DEP,DEP,25.030
EGUL,GND,GND,375.450
EGUL,PMSV,PMSV  METRO,28.442
EGUL,POST,COMD POST,37.980
EGUL,PTD,PTD,24.447
EGUL,RDR,RADAR,128.900
EGUL,TWR,TWR,122.100
EGUL,TWR,,338.920
EGUN,APP,LAKENHEATH APP,136.500
EGUN,ATIS,ATIS,37.550
EGUN,CAC,CAC,27.777
EGUN,DEP,LAKENHEATH DEP,25.030
EGUN,GND,GND,121.675
EGUN,OPS,AMC AIRLIFT AMCC,131.975
EGUN,PMSV,PMSV METRO,28.442
EGUN,POST,100 ARW COMD POST,31.355
EGUN,PTD,PTD,131.975
EGUN,TWR,TWR,122.550
EGUW,A/G,AIR GND,125.800
EGUW,APP,APP,123.300
EGUW,DIR,DIRECTOR,123.300
EGUW,TWR,TWR,122.100
EGVA,APP,APP,119.000
EGVA,CAC,CAC,124.275
EGVA,DIR,BRIZE DIRECTOR,133.750
EGVA,GND,GND,234.250
EGVA,PMSV,PMSV METRO,25.775
EGVA,PTD,PDT,233.470
EGVA,TWR,TWR,119.150
EGVA,TWR,,338.220
EGVN,APP,,127.250
EGVN,ATIS,ATIS,126.500
EGVN,CAC,Non-Zone Radar Service (See LARS),124.275
EGVN,DEP,,127.250
EGVN,GND,GND,121.725
EGVN,LARS,Lower Airspace Radar Service (0900L-1700L),124.275
EGVN,OPS,OPS,135.750
EGVN,RDR,Director Radar,133.750
EGVN,TWR 1,Primary,123.725
EGVN,TWR 2,Stby,123.550
EGVN,ZONE,Brize CTR.  Zone Control/Transits,119.000
EGVO,APP,APP,131.300
EGVO,APP,,234.350
EGVO,ATIS,ATIS,379.370
EGVO,GND,GND,24.102
EGVO,INFO,FIS,122.100
EGVO,MISC,FARNBOROUGH LARS,125.250
EGVO,RDR,Talkdown,123.300
EGVO,RDR,Talkdown,278.220
EGVO,RDR,Talkdown,385.400
EGVO,RDR,,386.770
EGVO,TWR,TWR,122.100
EGVO,TWR,,257.800
EGVO,TWR,,258.720
EGVP,APP,,280.620
EGVP,RAD/APP,Middle Wallop RAD/APP,118.275
EGVP,TWR,Middle Wallop TWR,118.275
EGVP,TWR,,118.600
EGVP,TWR,,357.020
EGWC,APP,APP,135.875
EGWC,APP,,376.420
EGWC,GND,GND,128.650
EGWC,GRN,,241.400
EGWC,RDR,SHAWBURY ZONE,28.200
EGWC,TWR,TWR,128.650
EGWC,TWR,,378.650
EGWE,A/G,Henlow A/G,121.100
EGWN,A/G,Halton A/G,130.425
EGWU,APP,APP,126.450
EGWU,ATIS,,125.125
EGWU,ATIS,ATIS,300.350
EGWU,DEP,,120.325
EGWU,DEP,DEP,129.125
EGWU,DIR,,130.350
EGWU,GRN,,121.575
EGWU,OPS,OPS,132.650
EGWU,RDR,Talk down,125.875
EGWU,TWR,TWR,120.675
EGWU,TWR,,281.175
EGXC,APP,APP,120.800
EGXC,APP,,282.720
EGXC,ATIS,ATIS,280.300
EGXC,CAC,CAC,27.777
EGXC,DEP,DEP,376.350
EGXC,GND,GND,122.100
EGXC,OPS,OPS,23.467
EGXC,TWR,TWR,124.675
EGXC,grn,,279.700
EGXE,APP,,123.300
EGXE,APP,APP,127.750
EGXE,APP,,386.570
EGXE,ATIS,ATIS,369.475
EGXE,GND,GND,379.900
EGXE,MISC,ZONE,127.750
EGXE,OPS,OPS,259.025
EGXE,TWR,TWR,120.500
EGXE,TWR,,368.920
EGXG,Info,Fenton Radio,126.500
EGXH,APP,APP,123.300
EGXH,RDR,LAKENHEATH RADAR,128.900
EGXH,TWR,TWR/Common Mil,122.100
EGXH,TWR,,278.620
EGXT,APP,APP,130.200
EGXT,ATIS,ATIS,242.470
EGXT,CAC,LONDON MIL,29.997
EGXT,DEP,DEP/DIR,278.450
EGXT,GND,GND,369.220
EGXT,GRN,,125.525
EGXT,TWR,TWR,125.525
EGXT,TWR,,372.220
EGXW,APP,APP,250.850
EGXW,ATIS,ATIS,29.167
EGXW,CAC,CAC,27.777
EGXW,DEP,DEP,123.300
EGXW,GND,GND,342.120
EGXW,MISC,ZONE,127.350
EGXW,OPS,OPS,386.625
EGXW,TWR,TWR,256.670
EGXY,A/G,RDO,125.425
EGXZ,APP,APP,125.000
EGXZ,APP,,293.775
EGXZ,DIR,,255.600
EGXZ,GND,GND,241.875
EGXZ,TWR,TWR,122.100
EGXZ,TWR,,379.750
EGYD,APP,APP,119.375
EGYD,APP,,280.775
EGYD,ATIS,ATIS,135.675
EGYD,ATIS,,233.628
EGYD,CAC,CAC,27.777
EGYD,DEP,DEP,119.375
EGYD,DEP,,275.675
EGYD,GND,GND,36.920
EGYD,GRN,,240.425
EGYD,TWR,TWR,125.050
EGYD,TWR,,268.625
EGYE,APP,CRANWELLL APP,28.077
EGYE,ATIS,,124.200
EGYE,ATIS,ATIS,293.450
EGYE,DEP,DEP,119.375
EGYE,DEP,,355.950
EGYE,GND,GND,389.450
EGYE,TWR,TWR,120.425
EGYE,TWR,,281.225
EGYM,APP,APP,124.150
EGYM,APP,,233.075
EGYM,ATIS,ATIS,277.225
EGYM,DIR,DIRECTOR,124.150
EGYM,DIR,Director,377.475
EGYM,GND,GND,389.400
EGYM,OPS,OPS,284.000
EGYM,TWR,TWR,122.100
EGYM,TWR,,281.150
EGYP,APP,APP,118.500
EGYP,ARR,ISLAND RDR,131.500
EGYP,GND,GND,130.300
EGYP,TWR,TWR,133.350
EHAD,Radio,,118.355
EHAL,FIS,Dutch MIL Info,132.350
EHAL,Radio,Ameland Radio,118.355
EHAM,APP,Schiphol Approach,119.055
EHAM,APP,Schiphol Approach,121.205
EHAM,ARR,Schiphol Arrival,118.405
EHAM,ARR,Schiphol Arrival,126.680
EHAM,ATIS,Departure,122.200
EHAM,ATIS,Arrival,132.980
EHAM,CLD,Schiphol Planner,121.655
EHAM,CLD,CLNC DEL,121.980
EHAM,DEP,Schiphol Departure,119.055
EHAM,DEP,Schiphol Departure,121.205
EHAM,FIS,Amsterdam Information,124.300
EHAM,GND,RWY 18R,121.560
EHAM,GND,Schiphol Ground ATC Discretion,121.590
EHAM,GND,RWY 6/24,121.705
EHAM,GND,RWY 4/22 9/27 18L/36R,121.805
EHAM,GND,RWY 18C/36C,121.905
EHAM,RADAR,Amsterdam Radar ACC,118.805
EHAM,RADAR,Amsterdam Radar ACC,120.555
EHAM,RADAR,Amsterdam Radar ACC,127.870
EHAM,TWR,RWY 18C/36L,118.105
EHAM,TWR,RWY 18R/36L,118.280
EHAM,TWR,RWY 04/22 18L/36R,119.230
EHAM,TWR,RWY 6/24,135.110
EHBD,AFIS,Budel Radio,122.155
EHBD,FIS,Dutch MIL Info,132.350
EHBK,APP,BEEK Approach,120.205
EHBK,ATIS,ATIS,124.580
EHBK,FIS,Dutch MIL Info,132.350
EHBK,GND,Beek Clearance Delivery/ GND,121.830
EHBK,TWR,BEEK Tower,119.480
EHDL,APP,Approach,120.305
EHDL,ATIS,Atis,133.555
EHDL,DEL,Delivery,121.705
EHDL,TWR,TWR,118.705
EHDR,FIS,Dutch MIL Info,132.350
EHDR,INFO,Drachten Radio,119.655
EHEH,APP,RAPCON South Approach,123.180
EHEH,ARR,Eindhoven Arrival,124.530
EHEH,ATIS,Eindhoven Information ATIS,126.030
EHEH,CENTER,Dutch Military Center,125.930
EHEH,FIS,Dutch MIL Info,132.350
EHEH,GND,Eindhoven Ground,121.930
EHEH,TWR,Eindhoven Tower,131.005
EHGG,APP,Eelde Approach,120.305
EHGG,ATIS,ATIS,133.555
EHGG,GCD,Eelde GND/CLNC DEL,121.705
EHGG,TWR,Eelde Tower,118.705
EHGR,APP,RAPCON West Approach,123.580
EHGR,ARR,Gilze Arrival,123.580
EHGR,CENTER,Dutch Military Center,125.930
EHGR,FIS,Dutch MIL Info,132.350
EHGR,GND,Gilze-Rijen Ground,121.680
EHGR,TWR,Gilze-Rijen Tower,125.330
EHHE,Radio,Eemshaven Radio,121.715
EHHO,FIS,Dutch MIL Info,132.350
EHHO,INFO,Hoogeveen Radio,127.355
EHHV,FIS,Amsterdam Information,124.300
EHHV,FIS,Dutch MIL Info,132.350
EHHV,INFO,Hilversum Radio,131.030
EHKD,APP,APP/ARR,124.230
EHKD,ATIS,ATIS,133.010
EHKD,FIS,Dutch MIL Info,132.350
EHKD,GND,De Kooy Ground,121.730
EHKD,TWR,De Kooy Tower,120.130
EHLE,APP/DEP,Schiphol Approach/Departure,119.055
EHLE,APP/DEP,Schiphol Approach/Departure,121.205
EHLE,ARR,Schiphol Arrival,131.155
EHLE,ARR,Lelystad Arrival,134.530
EHLE,ATIS,Lelystad ATIS,120.730
EHLE,FIS,Dutch MIL Info,132.350
EHLE,GND,Clearance Delivery,123.680
EHLE,TWR,Lelystad TWR,135.180
EHLW,APP,RAPCON NORTH,132.030
EHLW,ARR,Leeuwarden Arrival,132.030
EHLW,CENTER,Dutch Military Center,128.355
EHLW,TWR,Leeuwarden Tower,120.705
EHMZ,FIS,Amsterdam Information,124.300
EHMZ,FIS,Dutch MIL Info,132.350
EHMZ,INFO,Midden-Zeeland Radio,119.255
EHOW,APP,Eelde Approach,120.305
EHOW,Radio,Oostwold Radio,118.330
EHOW,TWR,Eelde Tower,118.705
EHRD,APP,Rotterdam Approach,122.990
EHRD,ARR,Schiphol Arrival,118.405
EHRD,ATIS,ATIS,128.565
EHRD,DEP,Schiphol Departure,121.205
EHRD,FIS,Amsterdam Information,124.300
EHRD,GND/CDL,Rotterdam Clearance Delivery,122.180
EHRD,TWR,Rotterdam Tower,118.205
EHSE,FIS,Dutch MIL Info,132.350
EHSE,INFO,Seppe Radio,120.655
EHST,A/G,Stadskanaal Radio,128.960
EHST,FIS,Eelde Approach,120.305
EHTE,FIS,Dutch MIL Info,132.350
EHTE,INFO,Teuge Radio,121.005
EHTL,FIS,Dutch MIL Info,132.350
EHTL,INFO,Terlet Radio - GeZC,123.380
EHTL,INFO,Terlet Radio - SZT,130.130
EHTL,TWR,Deelen Tower,129.930
EHTW,INFO,Dutch Mil Info,132.355
EHTW,RADIO,Twente Radio,119.955
EHTX,FIS,Dutch MIL Info,132.350
EHTX,INFO,Texel Radio,119.305
EHVK,APP,RAPCON South,122.100
EHVK,APP,RAPCON South,123.180
EHVK,ARR,Volkel Arrival,122.100
EHVK,CENTER,Dutch Military Center,125.930
EHVK,FIS,Dutch MIL Info,132.350
EHVK,GND,GND,38.677
EHVK,TWR,Volkel Tower,122.100
EHWO,APP,RAPCON West Approach,123.580
EHWO,ARR,Woensdrecht Arrival,123.580
EHWO,FIS,Dutch MIL Info,132.350
EHWO,GND,Woensdrecht Ground,121.680
EHWO,TWR,Woensdrecht Tower,120.430
EIAB,Radio,,122.600
EIBF,Info,,124.405
EIBN,Radio,,122.400
EIBR,Radio,,122.950
EIBT,Radio,,123.600
EICA,Radio,,123.000
EICK,APP,APP,119.900
EICK,ATIS,ATIS,120.925
EICK,GND,GND,121.850
EICK,TWR,TWR,119.300
EICL,Radio,,128.550
EICM,ATIS,ATIS,121.825
EICM,GND,GND,121.825
EICM,TWR,TWR,122.500
EIDL,ATIS,ATIS,129.925
EIDL,GND,GND,129.800
EIDL,TWR,TWR,129.800
EIDW,APP,APP,121.100
EIDW,ATIS,ATIS,124.525
EIDW,CLD,CLNC DEL,121.875
EIDW,GND,GND,121.800
EIDW,INFO,FIS,118.500
EIDW,TWR,TWR,118.600
EIER,Radio,,118.175
EIIH,Radio,,131.900
EIIM,Radio,,123.000
EIIR,Radio,,123.000
EIKH,Radio,,123.425
EIKK,Radio,,122.900
EIKK,Radio,Gliders,130.400
EIKN,GND,GND,121.900
EIKN,TWR,TWR,130.700
EIKY,GND,GND,121.600
EIKY,TWR,TWR,123.325
EILT,A/G,Letterkenny Traffic,129.550
EIME,APP,BALDONNEL APP,122.000
EIME,ATIS,AREA,122.800
EIME,GND,BALDONNEL GND,123.100
EIME,TWR,BALDONNEL TWR,123.500
EIMH,Radio,,118.550
EINC,CTAF,,122.550
EINN,APP,APP,120.200
EINN,ATIS,ATIS,130.950
EINN,GND,GND,121.800
EINN,TWR,TWR,118.700
EISG,AFIS,INFO,122.100
EISG,GND,GND,122.100
EISG,TWR,TWR,122.100
EITM,Radio,,123.300
EIWF,ATIS,ATIS,121.150
EIWF,GND,GND,121.600
EIWF,INFO,INFO,129.850
EIWF,TWR,TWR,129.850
EIWT,A/G,Weston tower,122.400
EIWT,ATIS,,118.870
EIWT,ground,Weston ground,119.420
EKAH,APP,APP,119.275
EKAH,MISC,HANDLING,130.225
EKAH,MISC,AIRPORT OFFICE,130.225
EKAH,TWR,TWR,118.525
EKBI,APP,APP,127.575
EKBI,ATIS,ATIS,118.775
EKBI,MISC,CARGO HANDLING,122.075
EKBI,MISC,HANDLING,130.850
EKBI,OPS,ARPT OFFICE,131.500
EKBI,TWR,TWR,119.000
EKCH,APP,Kastrup Arrival,118.450
EKCH,APP,Copenhagen Approach,119.800
EKCH,APP,Kastrup Final,120.200
EKCH,ATIS,Kastrup Arrival Information,122.750
EKCH,ATIS,Kastrup Departure Information,122.850
EKCH,DEL,Kastrup Clearance Delivery,119.900
EKCH,DEP,Kastrup Departure,120.250
EKCH,DEP,Kastrup Departure,124.975
EKCH,GND,Kastrup Apron,121.625
EKCH,GND,Kastrup Apron,121.725
EKCH,GND,Kastrup Apron,121.900
EKCH,TWR,Kastrup Tower,118.100
EKCH,TWR,Kastrup Tower,118.575
EKCH,TWR,Kastrup Tower,118.700
EKCH,TWR,Kastrup Tower,119.350
EKCH,TWR,Kastrup Tower,121.825
EKEB,AFIS,AFIS,120.150
EKEB,MISC,HANDLING,130.575
EKEL,RDO,,129.800
EKGH,RDO,RDO,122.500
EKGR,RADIO,Grenaa Radio,123.500
EKHG,RADIO,Herning Radio,121.000
EKHM,Info,Hammer Radio,122.475
EKHV,RDO,RDO,122.225
EKKA,APP,APP,120.425
EKKA,MISC,HANDLING,123.400
EKKA,TWR,TWR,119.575
EKLS,AFIS,COPPENHAGEN INFO,124.975
EKLS,RDO,RDO,123.500
EKMB,INFO,COPENHAGEN INFO,127.080
EKMB,RDO,MARIBO RDO,130.580
EKML,Info,,122.650
EKOD,AFIS,AFIS,119.525
EKPB,AFIS,SKRYDSTRUP APP,127.475
EKPB,RDO,RDO,122.075
EKRK,APP,APP,125.525
EKRK,ATIS,ATIS,123.800
EKRK,MISC,HANDLING,130.225
EKRK,TWR,TWR,118.900
EKRK,TWR,,119.650
EKRN,APP/TWR,,118.325
EKRN,MISC,HANDLING,131.550
EKSB,AFIS,AFIS,126.400
EKSN,AFIS,AFIS,118.750
EKSN,APP,AALBORG APP,123.975
EKSP,APP,APP,127.475
EKSP,TWR,TWR,128.325
EKSS,RDO,,123.500
EKSV,APP,KARUP APP,120.425
EKSV,RDO,RDO,120.000
EKTS,RADIO,Thisted Radio,118.125
EKVD,AFIS,VAMDRUP AFIS,120.500
EKVD,APP,SKRYDSTRUP APP,127.475
EKVG,AFIS,AFIS,124.850
EKVH,APP,AALBORG APP,123.975
EKVH,RDO,RDO,123.500
EKVJ,AFIS,AFIS,121.400
EKYT,APP,APP,123.975
EKYT,ATIS,ATIS,120.475
EKYT,MISC,HANDLING,131.550
EKYT,TWR,TWR,118.300
ELLX,APP,Luxembourg Approach,120.885
ELLX,ATIS,ATIS,134.755
ELLX,TWR,Luxembourg Tower,118.105
ELLX,VDF,Homer,118.105
ELNT,AFIS,Noertrange Info,126.955
ELUS,AFIS,Urseldange Radio,129.435
ENAL,ATIS,ATIS,128.650
ENAL,TWR,TWR,119.850
ENAN,GCA,GCA,119.100
ENAN,TWR,TWR,118.200
ENAT,ATIS,ATIS,118.175
ENAT,TWR,TWR,118.100
ENBL,AFIS,Bringeland,118.450
ENBM,ARTC,STAVANGER ATCC,124.700
ENBM,INFO,INFO,123.500
ENBN,AFIS,INFO,119.600
ENBO,A/D,APP/DEP,119.700
ENBO,ATIS,ATIS,123.900
ENBO,TWR,TWR,118.100
ENBR,APP,RADAR,121.000
ENBR,ARR,ARR,125.000
ENBR,ATIS,ATIS,125.250
ENBR,DIR,DIRECTOR,118.850
ENBR,GND,GND,121.900
ENBR,TWR,TWR,119.100
ENBS,AFIS,INFO,123.400
ENCN,ATIS,INFO,124.475
ENCN,ATIS,KRISTIANSUND/KVERNBE,135.075
ENCN,TWR,TWR,118.100
ENCN,TWR,KRISTIANSUND/KVERNBE,118.300
ENDI,AFIS,INFO,121.300
ENDO,UNIC,Thomlevold Traffic,123.500
ENDU,APP,APP,118.800
ENDU,ATIS,ATIS,129.725
ENDU,TWR,TWR,118.100
ENEG,UNIC,Eggemoen Traffic,122.700
ENEV,ACC,BODO CON,126.450
ENEV,ATIS,ATIS,126.025
ENEV,TWR,TWR,118.000
ENFG,AFIS,INFO,119.925
ENFL,AFIS,AFIS,119.200
ENFY,UNIC,Fyresdal Traffic,122.150
ENGK,UNIC,Gullknapp Traffic,123.500
ENGM,APP,APP,119.975
ENGM,ATIS,ATIS,126.125
ENGM,CLD,CLNC DEL,121.600
ENGM,DIR,DIRECTOR,131.350
ENGM,GND,GND,121.925
ENGM,MISC,DE ICING,131.975
ENGM,OPS,WINGOPS,29.380
ENGM,PMSV,PMSV METRO,134.175
ENGM,TWR,TWR,118.300
ENGN,UNIC,Folldal traffic,123.500
ENHA,INFO,Hamar Traffic,130.280
ENHD,ATIS,Karmøy ATIS,118.175
ENHD,TWR,Karmøy Tower,120.500
ENHK,AFIS,INFO,119.900
ENHN,UNIC,,123.350
ENHS,CTAF,Hokksund Traffic,122.175
ENHV,AFIS,,119.800
ENJA,AFIS,Jan Mayen Information,118.100
ENJB,UNIC,Jarlsberg Traffic,122.300
ENKB,TWR,TWR,118.300
ENKJ,CTAF,Kjeller Traffic,119.100
ENKR,ATIS,ATIS,118.025
ENKR,TWR,KIRKENES TWR,118.100
ENLI,CTAF,Lista Traffic,126.450
ENMH,AFIS,,121.200
ENML,AFIS,MOLDE INFO,119.950
ENMS,AFIS,MOSJOEN INFO,123.400
ENMS,ATIS,ATIS,112.250
ENNA,APP,Banak Approach,118.900
ENNA,ATIS,Banak Information,136.325
ENNA,TWR,Banak Tower,118.050
ENNO,AFIS,INFO,118.800
ENOL,APP,APP,118.250
ENOL,ARR,ARR,126.200
ENOL,TWR,TWR,118.700
ENOP,INFO,INFO,122.950
ENRI,UNIC,Frya Traffic,123.500
ENRK,UNIC,Rakkestad Traffic,122.950
ENRM,ATIS,ATIS,132.025
ENRM,UC,UC,119.800
ENRO,TWR,TWR,120.400
ENRV,UNIC,Reinsvoll Traffic,123.500
ENRY,APP,APP,122.100
ENRY,ARR,ARRIVAL,120.300
ENRY,TWR,TWR,119.500
ENSB,AFIS,INFO,118.100
ENSB,AFIS,INFO,884.000
ENSG,AFIS,Sogndal,119.300
ENSG,INFO,Sogndal Information,121.500
ENSI,UNIC,Ski Traffic,123.500
ENSN,APP,FARRIS APP,134.050
ENSN,CTAF,Geiteryggen Traffic,119.200
ENSO,AFIS,INFO,120.200
ENSR,AFIS,INFO,119.600
ENSS,AFIS,VARDO INFO,122.150
ENST,AFIS,AFIS,120.300
ENST,GND,GND,121.900
ENTC,APP,APP,123.750
ENTC,ATIS,ATIS,126.125
ENTC,TWR,TWR,118.300
ENTO,ATIS,ATIS,119.075
ENTO,GND,GND,126.175
ENTO,TCA,FARRIS TCA,134.050
ENTO,TWR,TWR,118.650
ENTY,UNIC,Tynset traffic,122.300
ENUL,UNIC,Os Traffic,123.500
ENVA,APP,APP,118.600
ENVA,ATIS,ATIS,127.550
ENVA,GND,Værnes ground,121.600
ENVA,TWR,TWR,119.400
ENVD,INFO,Vadsø,120.200
ENVE,CTAF,Valle aerodrome,123.500
ENZV,APP,Sola Approach,119.600
ENZV,ARR,ARR,118.500
ENZV,ATIS,ATIS,126.000
ENZV,GND,Sola Ground,121.750
ENZV,TWR,Sola Tower,118.350
EPBA,Radio,Bielsko Radio,122.200
EPBC,AFIS,INFO,119.175
EPBC,CTAF 10L/28R,Babice Radio,126.555
EPBY,INFO,INFO,128.500
EPBY,TWR,BYDGOSZCZ TWR,131.000
EPCE,INFO,INFO,128.500
EPDE,AFIS,INFO,128.500
EPEL,Radio,ELBLĄG RADIO,122.305
EPGD,APP,GDANSK APP,127.275
EPGD,ATIS,ATIS,129.625
EPGD,TWR,GDANSK TWR,118.100
EPGI,Radio,Lisie Kąty Radio,119.885
EPGL,CTAF,Gliwice RADIO,118.260
EPKI,info,,119.400
EPKK,APP,KRAKOW APP,121.075
EPKK,ATIS,ATIS,126.125
EPKK,DIR,KRAKOW DIRECTOR,123.800
EPKK,TWR,KRAKOW DELIVERY,118.100
EPKK,TWR,KRAKOW TWR,123.250
EPKM,AFIS,KATOWICE AERO,122.900
EPKM,INFO,KATOWICE INFO,120.080
EPKN,AFIS,RDO,120.300
EPKP,-,Pobiednik Radio,122.400
EPKR,Tower,Krosno Radio,119.555
EPKS,ATIS,,128.725
EPKS,TWR,Krzesiny Tower,121.025
EPKT,APP,APP,121.075
EPKT,GCCD,HANDLING,131.450
EPKT,TWR,TWR,129.250
EPLB,TWR,Lublin TWR,136.420
EPLK,AFIS,INFO,128.500
EPLK,ATIS,Łask ATIS,126.385
EPLK,Wieża,Łask wieża,133.075
EPLK,Zbliżanie,Łask zbliżanie,125.350
EPLL,ATIS,ŁÓDŹ ATIS,135.680
EPLL,CLD,ŁÓDŹ DELIVERY,120.005
EPLL,RDO,,122.900
EPLL,TWR,ŁÓDŹ TOWER,124.230
EPLU,RADIO,LUBIN RADIO,119.535
EPMB,INFO,INFO,124.500
EPMI,AFIS,INFO,128.500
EPML,AFIS,TEST,119.100
EPML,INFO,INFO,123.350
EPMM,AFIS,INFO,128.500
EPMO,INFO,INFO,124.500
EPMR,Radio,Miroslawice Radio,122.600
EPMY,Radio,CALL SIGN GIZYN RADIO,118.825
EPOK,APP,Oksywie APP,134.000
EPOK,TWR,Oksywie TWR,119.850
EPOM,ATS,Michałków Radio,122.200
EPPK,INFO,Kobylnica Radio,122.900
EPPO,APP,POZNAN APPROACH (H24),123.040
EPPO,APP,POZNAŃ APPROACH (H24),128.925
EPPO,ATIS,POZNAN ATIS (H24),124.705
EPPO,CLD,POZNAŃ DELIVERY (0400-2000),121.805
EPPO,GND,POZNAŃ GROUND (0400-2000),124.140
EPPO,TWR,POZNAN TOWER (H24),119.980
EPPR,TWR,Aeroklub Gdański (Gdańsk Aeroklub),122.405
EPPR,TWR,49 Baza Lotnicza (49th Air Base),126.500
EPPT,Info,Piotrków-Radio,119.305
EPPW,INFO,INFO,128.500
EPRA,AFIS,INFO,128.500
EPRJ,TWR,Rzeszow Tower,126.805
EPRU,AFIS,AERO,122.800
EPRZ,ATIS,Rzeszow ATIS,124.955
EPRZ,DEL,Rzeszow Delivery,121.805
EPRZ,TWR,RZESZOW TWR,126.805
EPSC,TWR,SZCZECIN TWR,121.255
EPSD,AFIS,SZCZECIN RADIO,125.335
EPSD,FIS,GDANSK INFORMATION,125.275
EPSN,AFIS,INFO,128.500
EPSW,TWR,Lublin Tower,136.425
EPSY,TWR,MAZURY INFORMATION,118.025
EPTM,Wieża,Tomaszów wieża,125.000
EPTM,Zbliżanie,Tomaszów zbliżenie,130.250
EPTO,INFO,Torun Radio,120.660
EPWA,APP,Warszawa APPROACH (H24),125.055
EPWA,APP,Warszawa APPROACH  (H24 - commonly used),128.805
EPWA,APP,Warszawa APPROACH (H24),129.380
EPWA,APP,Warszawa APPROACH (H24),135.930
EPWA,ATIS,Warszawa ATIS ARRIVAL (H24),120.455
EPWA,ATIS,Warszawa ATIS DEPARTURE (H24),123.430
EPWA,CLD,Okęcie DELIVERY (H24),121.605
EPWA,GND,Okęcie GROUND (0330-2200),121.905
EPWA,INF,Warszawa INFORMATION,118.775
EPWA,INF,Warszawa INFORMATION,128.575
EPWA,TWR,Okęcie TOWER (H24),118.305
EPWA,VOLMET,Warszawa RADAR VOLMET (H24),127.600
EPWR,APP,POZNAŃ APPROACH (H24),123.040
EPWR,APP,POZNAŃ APPROACH (H24),128.925
EPWR,ATIS,WROCLAW ATIS (H24),124.330
EPWR,CLD,WROCŁAW DELIVERY (0530-2100),121.805
EPWR,TWR,WROCLAW TOWER (H24),120.255
EPZA,TWR,,122.800
EPZG,TWR,TWR,118.750
EPZP,AFIS,Przylep Radio,122.800
ESCF,APP,OSTGOTA APP,132.950
ESCF,GND,GND,121.850
ESCF,TWR,TWR,129.800
ESCM,APP,APP,130.400
ESCM,TCA,STOCKHOLM TCA,134.200
ESCM,TWR,TWR,119.200
ESDF,GND,GND,121.700
ESDF,TCA,CON,128.450
ESDF,TWR,TWR,119.200
ESFA,RDO,Hässleholm Radio,123.600
ESFR,APP,CON,136.025
ESFR,INFO,MIL INFO,133.500
ESGA,RDO,Backamo Traffic,123.550
ESGC,GENERAL,Ålleberg Märket,123.400
ESGE,CTAF,BORÅS RADIO,123.525
ESGF,RDO,Morup Traffic,123.350
ESGG,ATIS,ATIS,118.375
ESGG,GCCD,GND,121.900
ESGG,TCA,GOTEBORG APP,124.680
ESGG,TWR,TWR,118.600
ESGH,CTAF,HERRLJUNGA RADIO,123.650
ESGI,RDO,Alingsås Radio,123.650
ESGJ,TWR,TWR,118.250
ESGK,ACC,MALMO APP,118.000
ESGK,AFIS,AFIS,123.350
ESGL,AFIS,AFIS,124.450
ESGM,RDO,Öresten Radio,123.200
ESGO,CTAF,VÅRGÅRDA RADIO,123.650
ESGP,TCA,GOTEBERG CON,124.675
ESGP,TWR,Säve Tower,119.055
ESGR,AFIS,AFIS,122.325
ESGS,RDO,Stromstad Traffic,123.550
ESGT,TWR,TWR,122.725
ESGU,RDO,Uddevalla Traffic,123.550
ESGV,RDO,Varberg Traffic,123.150
ESIA,AFIS,MIL INFO,130.000
ESIA,APP,APP,130.000
ESIB,GND,GND,134.300
ESIB,TCA,CON,134.550
ESIB,TWR,TWR,128.200
ESKK,AFIS,AFIS,122.550
ESKM,AFIS,AFIS,129.855
ESKN,APP,Östgöta APP,132.955
ESKN,ATIS,ATIS,126.280
ESKN,TWR,Skavsta TWR,127.705
ESKT,Area control,Sweden Control,118.205
ESKT,CTAF,Tierp Radio,123.400
ESKU,RDO,Sunne Traffic,123.200
ESKV,AFIS,AFIS,122.350
ESMB,RDO,Borglanda Radio,123.550
ESMC,RDO,Eksjö FK,123.425
ESME,Radio,Eslöv Radio,123.150
ESMG,Club.,Feringe segel.,122.505
ESMH,RDO,Hoganas Traffic,123.550
ESMI,Radio,Sövde Radio,123.650
ESMK,TWR,Kristianstad TWR,129.355
ESML,RDO,Landskrona Radio,123.350
ESMP,RDO,RDO,123.420
ESMQ,TWR,TWR,130.800
ESMS,APP,MALMO CON,135.900
ESMS,ATIS,ATIS,129.275
ESMS,TWR,TWR,118.800
ESMT,TWR,TWR,130.100
ESMV,APP,APP,132.250
ESMV,OPS,BASE OPS,132.250
ESMV,TWR,TWR,136.250
ESMX,TWR,TWR,118.150
ESMY,RDO,,123.200
ESMZ,RDO,,123.650
ESNA,RDO,STROMSUND FLT CLUB,123.550
ESNB,CTAF,,123.350
ESND,AFIS,AFIS,122.200
ESNG,AFIS,AFIS,122.100
ESNJ,AFIS,AFIS,124.850
ESNJ,APP,CON,133.000
ESNJ,INFO,MIL INFO,124.850
ESNK,AFIS,AFIS,122.150
ESNL,AFIS,AFIS,122.225
ESNM,RDO,RDO,123.550
ESNN,ATIS,ATIS,127.400
ESNN,TWR,TWR,129.550
ESNO,AFIS,AFIS,122.250
ESNP,RDO,RDO,123.550
ESNQ,TWR,TWR,130.150
ESNR,RDO,RDO,123.400
ESNS,TWR,TWR,122.050
ESNU,TWR,TWR,119.800
ESNV,AFIS,AFIS,122.550
ESNX,AFIS,AFIS,122.730
ESNX,TWR,TWR,122.730
ESNY,AFIS,AFIS,135.350
ESOE,TWR,TWR,120.275
ESOH,AFIS,AFIS,122.225
ESOK,TWR,TWR,119.450
ESOW,APP,CON,125.950
ESOW,TWR,TWR,130.600
ESPA,APP,CON,125.450
ESPA,OPS,VADER NORTH,122.600
ESPA,TWR,TWR,128.200
ESPE,TCA,TCA,124.150
ESPE,TWR,TWR,130.400
ESQO,RDO,FLY CLUB RDO,123.150
ESQO,RDO,FIELD RDO,135.000
ESSA,APP,STOCKHOLM CON,123.750
ESSA,ATIS,ATIS,119.000
ESSA,CLD,CLNC DEL,121.825
ESSA,GND,GND,121.700
ESSA,PMSV,MET OFFICE,122.600
ESSA,TWR,TWR,118.500
ESSB,AFIS,AFIS,119.400
ESSB,APP,APP,120.150
ESSB,ATIS,ATIS,122.450
ESSB,GND,GND,121.600
ESSB,TWR,TWR,118.100
ESSD,TWR,TWR,127.300
ESSF,INF,Hultsfred airport,123.550
ESSG,Radio,,123.150
ESSI,RDO,Visingo Traffic,123.500
ESSK,AFIS,AFIS,122.350
ESSL,TWR,TWR,118.805
ESSN,Radio,Norrtälje radio,123.325
ESSP,APP,OSTGOTA APP,133.350
ESSP,TWR,TWR,120.350
ESST,AFIS,AFIS,122.050
ESSU,AFIS,AFIS,126.855
ESSU,APP,CON,136.200
ESSU,INFO,MIL INFO,126.855
ESSV,APP,Visby APP,126.155
ESSV,TWR,Visby TWR,120.305
ESSW,RADIO,VÄSTERVIK RADIO,131.615
ESSZ,Vängsö Radio,,123.375
ESTA,APP,MALMO APP,132.450
ESTA,TWR,TWR,127.100
ESTF,CNTR,Sweden Control,128.625
ESTF,RDO,Fjallbacka Traffic,123.200
ESTL,APP,APP,129.555
ESTL,ATIS,ATIS,132.750
ESTL,GND,GND,121.650
ESTL,TWR,TWR,130.705
ESTT,RDO,Söderslätts FK,123.400
ESUB,Radio,,123.200
ESUD,AFIS,AFIS,133.800
ESUD,APP,CON,133.800
ESUD,INFO,MIL INFO,133.800
ESUP,AFIS,AFIS,118.250
ESUT,AFIS,AFIS,122.970
ESUV,Radio,,123.350
ESUY,Radio,,123.550
ESVS,CTAF,,123.550
ETAD,A/G,SOF,141.775
ETAD,ATIS,ATIS,143.425
ETAD,DEP,LIPPE RADAR,314.600
ETAD,DIR,RHEIN RADAR,387.150
ETAD,GCA,GCA,129.475
ETAD,GCCD,CLNC DEL,308.850
ETAD,GND,GND,138.800
ETAD,OPS,AMC AIRLIFT AMCC,131.975
ETAD,PMSV,PMSV METRO,284.425
ETAD,POST,COMD POST,258.700
ETAD,PTD,PTD,138.400
ETAD,RDR,LANGEN RADAR,125.600
ETAD,TWR,TWR,122.200
ETAR,ATIS,ATIS,124.275
ETAR,GCA,GCA,140.900
ETAR,GND,GND,121.775
ETAR,OPS,AMC AIRLIFT AMCC,131.975
ETAR,PMSV,PMSV METRO,28.442
ETAR,POST,WING COMD POST,37.267
ETAR,PTD,DISPATCH,36.912
ETAR,RDR,LANGEN RADAR,129.675
ETAR,TWR,TWR,133.200
ETHB,DIR,BREMEN RADAR,131.325
ETHB,GCA,RADAR,123.300
ETHB,TWR,TWR,38.775
ETHB,TWR,TWR,42.400
ETHC,A/D,RADAR,130.500
ETHC,A/G,A/G RDO,40.600
ETHC,ACC,BREMEN CON,131.325
ETHC,TWR,TWR,40.600
ETHE,A/G,A/G,42.400
ETHE,ACC,BREMEN CON,124.650
ETHE,DIR,BENTLAGE RADAR,123.300
ETHE,TWR,BENTLAGE TWR,122.100
ETHF,AFIS,Langen Information,119.150
ETHF,AFIS,Langen Information,119.825
ETHF,TWR,Fritzlar Tower / Turm,122.100
ETHL,A/G,A/G,42.400
ETHL,ACC,MUNCHEN CON,129.450
ETHL,RDR,LIMA RADAR,119.100
ETHL,RDR,LIMA RADAR,34.400
ETHL,TWR,LIMA TWR,42.400
ETHM,AFIS,Langen Information,123.525
ETHM,INFO,Mendig Radio,135.060
ETHN,AFIS,Langen Information,119.150
ETHN,AFIS,Langen Information,128.950
ETHN,INFO,Stetten Radio,119.780
ETHN,TWR,Stetten Tower,122.100
ETHR,Info,Roth Info,123.680
ETHS,A/D,RADAR,122.425
ETHS,A/D,RADAR,38.540
ETHS,DIR,HANNOVER DIR,131.325
ETHS,TWR,TWR,42.400
ETIC,AAS,GRAF RDO,30.400
ETIC,APP,APP,138.250
ETIC,GND,GND,141.300
ETIC,OPS,GRAF OPS,44.550
ETIC,PMSV,PMSV METRO,140.300
ETIC,TWR,GRAF TWR,31.800
ETIH,INFO,MUNCHEN INFO,120.650
ETIH,TWR,TWR,31.800
ETIN,AFIS,Langen Information,119.150
ETIN,INFO,Kitzingen Radio,118.255
ETMN,AFIS,Langen Information,125.100
ETMN,AFIS,Langen Information,128.525
ETMN,TWR,Nordholz Tower,122.100
ETMN,TWR,Nordholz Tower / Turm,131.265
ETND,AFIS,Langen Information,129.875
ETND,Info,Diepholz Radio,122.530
ETND,TWR,Diepholz Tower,135.130
ETNG,ATIS,ATIS,27.820
ETNG,POST,MAGIC COMD POST,139.875
ETNG,RDR,FRISBEE RADAR,123.300
ETNG,RDR,LANGEN CON,128.500
ETNG,RDR,FRISBEE RADAR,38.540
ETNG,TWR,FRISBEE TWR,122.100
ETNH,ACC,BREMEN CON,136.225
ETNH,RDR,RADAR,123.300
ETNH,RDR,RADAR,38.540
ETNH,TWR,TWR,122.100
ETNL,ACC,BERLIN RADAR,126.175
ETNL,AFIS,Langen Information,132.650
ETNL,ATIS,Laage ATIS,134.605
ETNL,RDR,RADAR,123.300
ETNL,TWR,Laage Tower / Turm,118.430
ETNN,ARR,LANGEN CON,128.500
ETNN,RDR,RADAR,123.300
ETNN,RDR,RADAR,129.055
ETNN,TWR,TWR,122.100
ETNN,TWR,TWR,136.205
ETNS,A/D,RADAR,123.300
ETNS,A/D,RADAR,31.347
ETNS,ACC,BREMEN CON,128.775
ETNS,AFIS,BREMEN INFO,125.100
ETNS,TWR,TWR,122.100
ETNT,ACC,BREMEN CON,124.075
ETNT,RDR,WITTMUND RADAR,123.300
ETNT,RDR,WITTMUND RADAR,25.870
ETNT,RDR,WITTMUND RADAR,36.890
ETNT,TWR,WITTMUND TWR,118.725
ETNW,DIR,HANNOVER DIR,131.325
ETNW,RDR,RADAR,123.300
ETNW,RDR,RADAR,38.940
ETNW,TWR,TWR,122.100
ETOI,MISC,RNG,60.000
ETOI,RDO,GRAF RDO,30.400
ETOR,AAS,ADVSY SVC,122.100
ETOR,APP,APP,130.500
ETOR,GND,GND,141.300
ETOR,MISC,LAMPERTHEIM RNG,47.300
ETOR,PMSV,PMSV METRO,45.050
ETOR,PTD,DISPATCHER,30.600
ETOR,TWR,TWR,40.500
ETOU,AAS,LANGEN INFO,119.150
ETOU,APP,LANGEN ARR,120.800
ETOU,ATIS,ATIS,139.525
ETOU,DEP,LANGEN DEP,120.150
ETOU,EMR,EMERG FM,40.500
ETOU,GND,GND,138.550
ETOU,OPS,OPS,74.100
ETOU,PMSV,PMSV METRO,140.300
ETOU,TWR,TWR,30.100
ETSB,A/D,LANGEN CON,125.600
ETSB,ACC,RHEIN CON,38.715
ETSB,RDR,RADAR,123.300
ETSB,RDR,RADAR,34.462
ETSB,TWR,TWR,122.100
ETSH,A/D,RADAR,123.300
ETSH,A/D,RADAR,38.540
ETSH,AFIS,BERLIN INFO,125.800
ETSH,ARR,BERLIN ARR,126.425
ETSH,TWR,TWR,122.100
ETSI,AFIS,Langen Information,120.650
ETSI,ATIS,Ingo ATIS,118.865
ETSI,RADAR,Ingo Radar,120.605
ETSI,RADAR,Ingo Radar O/R,123.300
ETSI,RADAR,Ingo Radar,125.580
ETSI,TWR,Ingo Tower / Turm,122.100
ETSI,TWR,Ingo Tower / Turm,125.255
ETSI,VOLMET,Frankfurt 2 VOLMET,135.780
ETSL,ACC,MUCHEN CON,129.450
ETSL,RDR,RADAR,123.300
ETSL,RDR,RADAR,34.400
ETSL,TWR,TWR,122.100
ETSN,ACC,MUNCHEN CON,136.525
ETSN,RDR,DONAU RADAR,123.300
ETSN,RDR,DONAU RADAR,34.400
ETSN,TWR,DONAU TWR,122.100
ETSN,TWR,DONAU TWR,24.040
EVAD,Info,,123.950
EVLA,APP,APP/TWR,129.400
EVLA,INFO,METEO INFO,124.800
EVRA,APP,APP,129.925
EVRA,ATIS,ATIS,121.200
EVRA,GND,Riga Ground,118.800
EVRA,MISC,Riga Apron,131.600
EVRA,TWR,TWR,118.100
EVRS,CTAF,Spilve traffic,123.950
EVVA,AFIS,VENTSPILS AIRPORT,126.805
EYKA,APP,APP,124.200
EYKA,MISC,HANDLING,121.600
EYKA,TWR,TWR,118.500
EYKL,ATF,Klaipeda radio,119.600
EYKS,AAS,ALEKSOTAS INFO,135.500
EYKS,APP,KAUNAS APCH,124.200
EYKS,INFO,KAUNAS INFO,124.600
EYKS,TWR,KAUNAS TWR,118.500
EYPA,APP,APP,124.300
EYPA,ATIS,,127.800
EYPA,RMP,RMP,131.500
EYPA,TWR,TWR,118.300
EYPP,TWR,TWR,122.550
EYPR,Info,,125.000
EYSA,TWR,TWR,120.400
EYSB,AFIS,INFO,122.050
EYSI,Silute,Silute,122.000
EYTL,Radio,,122.355
EYVI,APP,APP,120.700
EYVI,ATIS,ATIS,125.800
EYVI,TWR,TWR,118.200
EYVP,Vilnius ATIS,,125.805
EYVP,Vilnius Info,Vilnius Informacija / Vilnius FIS,123.850
FAAB,AFIS,AFIS,118.700
FAAG,RDO,RDO,122.700
FABA,Radio,Bapsfontein Traffic,120.350
FABB,RDO,RDO,122.700
FABE,APP,EAST LONDON APP,120.100
FABE,RDO,RDO,120.600
FABL,APP,APP WEST,119.400
FABL,APP,APP EAST,124.300
FABL,ATIS,ATIS,126.450
FABL,TWR,TWR,120.800
FABM,CTAF,CTAF,124.800
FABR,ATF,Barberton,123.950
FACT,AC,Apron Control,122.650
FACT,APP,Approach,119.700
FACT,APP,Director,124.500
FACT,ATIS,ATIS,127.000
FACT,ATIS,Long Range ATIS,127.600
FACT,DEL,Delivery,122.100
FACT,GND,Ground,121.900
FACT,TWR,Tower,118.100
FADU,CTAF,Walkersons Traffic,124.800
FADX,D200,Delta 200 Traffic,124.400
FAEL,APP,APP,120.100
FAEL,ATIS,ATIS,126.450
FAEL,GTE,APRON,122.650
FAEL,TWR,TWR,118.300
FAGC,AFIS,AFIS,122.800
FAGG,APP,George Approach,128.200
FAGG,ATIS,,126.225
FAGG,GTE,APRON,122.650
FAGG,TWR,TWR,118.900
FAGM,APP,JOHANNESBURG APP,124.500
FAGM,MISC,APRON OFFICE,130.500
FAGM,TWR,TWR,118.700
FAGT,RDO,RDO,123.500
FAGY,APP,DURBAN APP,119.100
FAGY,CTAF,CTAF,123.500
FAHR,A/G,A/G VOICE RDO,125.400
FAHR,OPS,GLIDER OPS,123.400
FAHS,APP,APP,126.400
FAHS,TWR,TWR,119.600
FAKD,RDO,RDO,123.500
FAKM,APP,BLOEMFONTEIN APP,119.400
FAKM,GTE,APRON,122.650
FAKM,TWR,TWR,118.600
FAKN,ARR,APP,119.200
FAKN,TWR,TWR,119.200
FAKP,CTAF,,124.800
FAKR,RDO,RDO,122.000
FAKS,RDO,RDO,122.400
FAKT,CTAF,Kitty Hawk Traffic,120.650
FAKX,PA GF,,122.400
FAKZ,CTAF,CTAF,123.500
FALA,APP,JOHANNESBURG APP,123.700
FALA,GND,GND,121.650
FALA,GTE,APRON,122.850
FALA,TWR,TWR,124.000
FALC,A/G,FINSCH RDO,123.500
FALI,CTAF,CTAF,124.800
FALM,APP,APP,121.200
FALM,ATIS,ATIS,115.000
FALM,GND,GND,121.750
FALM,TWR,TWR,119.800
FALO,APP,APP,121.200
FALW,APP,APP,122.500
FALW,ATIS,ATIS,117.000
FALW,GND,GND,121.750
FALW,TWR,TWR,128.800
FALY,CTAF,CTAF,124.800
FAMB,Radio,Middelburg Radio,127.950
FAMD,CTAF,RDO,124.800
FAMG,AFIS,CTAF,122.700
FAMJ,CTAF,CTAF,122.200
FAMM,APP,APP,119.300
FAMM,TWR,TWR,119.300
FAMO,Unmanned,Mossel Bay Traffic,124.200
FANC,CTAF,CTAF,124.800
FAOB,APP,APP,119.800
FAOB,GND,GND,119.800
FAOB,TWR,TWR,119.800
FAOH,AFIS,Oudtshoorn Radio/Oudtshoorn Traffic,131.100
FAOH,APP,GEORGE APP,118.900
FAOR,APP,Radar West,123.700
FAOR,APP,Radar East,124.500
FAOR,ATIS,ATIS,126.200
FAOR,CLD,Clearance Delivery,121.700
FAOR,GND,Ground,121.900
FAOR,GTE,Johannesburg Apron Control,122.650
FAOR,TWR,Tower West,118.100
FAOR,TWR,Tower East,118.600
FAPA,AFIS,Port Alfred Ground,118.400
FAPA,AFIS,Port Alfred Radio,122.000
FAPE,APP,APP,120.400
FAPE,ATIS,ATIS,112.900
FAPE,CLNC,Clearance Delivery,122.100
FAPE,GTE,APRON,122.650
FAPE,TWR,TWR,118.100
FAPG,APP,George Approach,128.200
FAPG,CTAF,CTAF,124.800
FAPH,CTAF,CTAF,124.800
FAPI,CTAF,CTAF,122.700
FAPM,APP,Durban Approach Control,125.750
FAPM,TWR,TWR,122.000
FAPN,TWR,TWR,118.400
FAPP,TWR,TWR,124.300
FAPS,A/G,RDO,123.000
FAPX,CTAF,Broadcast Intentions below FAPE TMA SRA,130.350
FAPY,A/G,A/G VOICE RDO,123.500
FAQT,Unmanned,Queenstown Traffic,124.800
FARB,APP,APP,118.900
FARB,TWR,TWR,118.900
FARD,CTAF,,124.800
FARG,A/G,A/G VOICE RDO,122.400
FARS,CTAF,Robertson traffic,124.800
FASC,ATIS,ATIS,121.000
FASC,CTAF,CTAF,122.000
FASD,APP,LANGEBAANWEG APP,122.500
FASD,RDO,RDO,122.700
FASE,RDO,,130.350
FASH,ATF,,119.300
FASI,RDO,RDO,122.400
FASK,APP,WATERKLOOF APP,134.400
FASK,GND,GND,121.750
FASK,TWR,TWR,123.200
FASS,CTAF,CTAF,123.500
FASZ,CTAF,CTAF,124.800
FATA,Radio,Tedderfield Traffic,125.600
FATP,CTAF,New Tempe,131.300
FATT,CTAF,CTAF,122.200
FATZ,CTAF,CTAF,124.800
FAUL,CTAF,CTAF,124.800
FAUP,APP,APP,121.300
FAUP,MISC,APRON OFFICE,122.650
FAUP,TWR,TWR,121.300
FAUT,TWR,MATANZIMA TWR,121.300
FAVG,APP,DURBAN APP,119.100
FAVG,TWR,TWR,120.600
FAVM,CTAF,RDO,124.800
FAVM,MISC,VENETIA MINE,130.400
FAVV,CTAF,CTAF,122.100
FAWA,CTAF,Bella Bella Traffic,124.800
FAWB,GND,Wonderboom Ground,120.600
FAWB,TWR,Wonderboom Tower,118.350
FAWI,CTAF,CTAF,123.500
FAWK,APP,APP,134.400
FAWK,ATIS,ATIS,116.900
FAWK,GCA,GCA,127.500
FAWK,GND,GND,121.850
FAWK,TWR,FAWK TWR,121.850
FAWM,RDO,RDO,118.000
FAWN,Unmanned,Fisantekraal Traffic,131.100
FAWT,CTAF,Winterveldt Traffic,124.800
FAYP,APP,CAPE TOWN APP,119.700
FAYP,GND,GND,121.850
FAYP,TWR,TWR,125.600
FBFT,APP,APP,125.700
FBFT,TWR,TWR,118.100
FBJW,RDO,RDO,131.000
FBKE,APP,APP,127.200
FBKE,TWR,TWR,118.600
FBMN,AFIS,AFIS,118.700
FBMN,APP,APP,126.000
FBMN,GND,GND,121.900
FBMN,TWR,TWR,118.700
FBSK,APP,GABORONE APP,128.200
FBSK,GND,KHAMA GND,121.900
FBSK,TWR,KHAMA TWR,118.300
FBSP,AFIS,AFIS,118.700
FBSP,TWR,PHIKWE TWR,118.700
FCBB,ACC,BRAZZAVILLE CON,121.100
FCBB,INFO,BRAZZAVILLE INFO,549.300
FCBB,TWR,BRAZZAVILLE TWR,121.100
FCOD,INFO,Colombo Info,119.100
FCOU,ACC,BRAZZA CONTROL,127.100
FCOU,AFIS-TOWER,AFIS,118.100
FCPP,A/G,A/G,549.300
FCPP,APP,APP,118.300
FCPP,TWR,TWR,124.300
FDMS,APP,APP,124.900
FDMS,GND,GND,121.700
FDMS,TWR,TWR,124.900
FDSK,APP,Sikhuphe Aproach Control,128.000
FDSK,GND,Sikhuphe Ground Control,121.800
FDSK,TWR,Sikhuphe Tower,118.550
FEFF,A/G,RDO,655.900
FEFF,TWR,TWR,119.700
FEFT,AFIS,AFIS,118.700
FGBT,TWR,TWR,118.800
FGSL,A/G,A/G VOICE RDO,655.900
FGSL,TWR,TWR,128.300
FHAW,A/G,RAF HAVENS HF,1124.700
FHAW,RDO,ASCENSION RDO,1078.000
FHAW,TWR,WIDEAWAKE TWR,126.200
FHSH,APP,,119.100
FHSH,TWR,,118.200
FIMP,A/G,INFO,347.600
FIMP,APP,APP,119.100
FIMP,ATIS,ATIS,126.200
FIMP,TWR,TWR,118.100
FIMR,TWR,TWR,123.300
FIMR,TWR/UC,TWR/UC,122.100
FJDG,APP,APP,134.100
FJDG,ATIS,ATIS,28.200
FJDG,GCA,GND,118.400
FJDG,OPS,AMC OPS,128.000
FJDG,PMSV,PMSV METRO,34.460
FJDG,TWR,TWR,34.020
FKKC,AFIS,AFIS,118.900
FKKD,A/G,A/G VOICE RDO,655.900
FKKD,TWR,TWR,119.700
FKKL,A/G,RDO,890.300
FKKL,TWR,TWR,118.900
FKKM,AFIS,AFIS,118.700
FKKN,TWR,TWR,118.100
FKKR,A/G,A/G VOICE RDO,880.300
FKKR,TWR,TWR,118.300
FKKU,AFIS,AFIS RDO,118.500
FKKV,AFIS,AFIS,118.300
FKYS,APP,APP,121.300
FKYS,TWR,TWR,119.100
FLKS,FLKS,Kasama Radio,118.300
FLLC,TWR,TWR,118.300
FLLI,APP,APP,124.300
FLLI,TWR,TWR,118.100
FLLS,APP,APP,121.300
FLLS,TWR,TWR,118.100
FLMF,APP,APP,120.700
FLMF,TWR,TWR,118.300
FLMG,A/G,A/G VOICE RDO,118.100
FLND,APP,APP,119.700
FLND,TWR,TWR,118.300
FLSO,NDOLA TWR,,118.700
FMBI,CTAF,Toamasina Tower,118.300
FMCH,A/G,A/G VOICE RDO,465.700
FMCH,APP,,119.700
FMCH,TWR,TWR,118.100
FMCI,TWR,TWR,119.700
FMCV,A/G,A/G VOICE RDO,548.400
FMCV,TWR,TWR,119.700
FMCZ,AFIS,AFIS,119.200
FMEE,A/G,GILLOT RDO,347.600
FMEE,APP,GILLOT APP,119.400
FMEE,ATIS,ATIS,126.800
FMEE,GND,GILLOT GND,121.900
FMEE,TWR,GILLOT TWR,118.400
FMEP,INFO,PIERREFONDS INFO,122.400
FMMI,TWR,TWR,120.100
FMMN,A/G,A/G VOICE RDO,548.400
FMMS,A/G,AIR GND,548.400
FMMS,AFIS,AFIS,120.300
FMMT,A/G,A/G VOICE RDO,563.400
FMMT,TWR,TWR,118.300
FMMV,A/G,A/G VOICE RDO,548.400
FMMV,AFIS,AFIS,120.700
FMNA,A/G,A/G VOICE RDO,548.400
FMNA,AFIS,AFIS INFO,118.100
FMNC,A/G,A/G VOICE RDO,118.500
FMNH,A/G,A/G VOICE RDO,548.400
FMNH,AFIS,AFIS INFO,118.300
FMNM,A/G,MAHAJANGA RDO,563.400
FMNM,TWR,MAHAJANGA TWR,119.100
FMNN,A/G,A/G VOICE RDO,548.400
FMNN,TWR,TWR,118.700
FMNR,A/G,A/G VOICE RDO,548.400
FMNR,AFIS,AFIS,119.800
FMNS,A/G,A/G VOICE RDO,548.400
FMNS,AFIS,AFIS,119.600
FMNV,AFIS,AFIS,119.500
FMNW,A/G,A/G VOICE RDO,548.400
FMNW,AFIS,AFIS INFO,118.100
FMSD,AFIS,AFIS,118.700
FMSF,A/G,A/G VOICE RDO,548.400
FMSF,AFIS,AFIS,120.800
FMSG,AFIS,AFIS,118.400
FMSK,A/G,A/G VOICE RDO,548.400
FMSK,AFIS,AFIS,118.300
FMSM,A/G,A/G VOICE RDO,548.400
FMSM,AFIS,AFIS,118.100
FMSR,A/G,A/G VOICE RDO,548.400
FMST,A/G,AIR GND,548.400
FMST,AFIS,AFIS,118.600
FNBC,AFIS,AFIS,118.800
FNBG,AFIS,AFIS,118.700
FNCA,AFIS,AFIS,118.300
FNDU,AFIS,AFIS,118.300
FNGI,AFIS,AFIS,118.700
FNHU,AFIS,AFIS,118.300
FNKU,AFIS,AFIS,118.700
FNLB,AFIS,RDO,118.300
FNLU,A/G,A/G VOICE RDO,129.500
FNLU,APP,APP,119.100
FNLU,GND,GND,121.900
FNLU,TWR,TWR,118.100
FNMA,AFIS,AFIS,118.900
FNME,AFIS,AFIS,118.900
FNMO,AFIS,AFIS,118.100
FNNG,AFIS,AFIS,118.700
FNPA,RDO,AFIS RDO,118.800
FNSA,AFIS,AFIS,118.100
FNSO,TWR,,118.800
FNSU,AFIS,AFIS,118.800
FNUB,AFIS,AFIS,118.900
FNUE,AFIS,AFIS,118.100
FNUG,RDO,RDO,118.700
FOGK,AFIS,INFO,112.750
FOGM,AFIS,AFIS,122.500
FOGO,AFIS,INFO,118.400
FOGR,AFIS,AFIS,118.600
FOOG,A/G,A/G VOICE RDO,655.900
FOOG,TWR,TWR,118.300
FOOH,AFIS,INFO,122.500
FOOK,AFIS,INFO,118.500
FOOL,A/G,A/G VOICE RDO,655.900
FOOL,RDO,LIBREVILLE RDO,666.600
FOOL,TWR,TWR,118.700
FOON,A/G,A/G VOICE RDO,655.900
FOON,TWR,MVENGUE TWR,118.200
FOOT,INFO,,124.900
FPPR,AFIS,AFIS,118.900
FPST,TWR,TWR,118.900
FQBR,APP,Approach,119.700
FQBR,GND,Ground,121.700
FQBR,TWR,Tower,118.100
FQCH,AFIS,AFIS,118.400
FQIN,AFIS,AFIS,118.400
FQLC,AFIS,AFIS,118.400
FQLU,INFO,NAMPULA APP,121.300
FQMA,APP,Approach,121.300
FQMA,CTR,Center,127.700
FQMA,GND,Ground,121.700
FQMA,TWR,Tower,118.100
FQNP,APP,APP,128.800
FQNP,TWR,TWR,121.300
FQPB,AFIS,TWR,118.400
FQQL,TWR,TWR,118.300
FQSG,INFO,INFO,118.400
FQTT,AFIS,INFO,127.900
FQTT,TWR,TWR,118.600
FQVL,TWR,TWR,118.300
FSIA,APP,APP,119.700
FSIA,TWR,TWR,118.300
FSPP,GND,GRD,121.800
FSPP,TWR,TWR,122.300
FTTC,TWR,TWR,118.100
FTTD,TWR,TWR,118.600
FTTJ,APP,APP,119.700
FTTJ,INFO,INFO,128.100
FTTJ,TWR,TWR,118.100
FTTY,AFIS,AFIS,118.100
FVBU,APP,NKOMO APP,119.700
FVBU,TWR,NKOMO TWR,118.300
FVCP,TWR,PRINCE TWR,118.900
FVCZ,APP,APP,122.600
FVCZ,TWR,TWR,122.600
FVFA,APP,FALLS APP,121.100
FVFA,TWR,FALLS TWR,121.100
FVHA,APP,APP,119.100
FVHA,ATIS,ATIS,113.100
FVHA,GND,GND,127.300
FVHA,TWR,TWR,118.100
FVKB,APP,APP,125.300
FVKB,TWR,TWR,125.300
FVMV,APP,APP,119.600
FVMV,TWR,TWR,119.600
FVTL,APP,THORNHILL APP,126.500
FVTL,TWR,THORNHILL TWR,123.500
FVWN,APP,PARK APP,119.900
FVWN,TWR,PARK TWR,119.900
FWCL,APP,APP,124.900
FWCL,TWR,TWR,118.100
FWKA,A/G,A/G VOICE RDO,118.100
FWKI,APP,APP,128.000
FWKI,RDR,RADAR,124.700
FWKI,TWR,LUMBADZI TWR,118.700
FWLE,INFO,LILONGWE INFO,120.600
FWUU,AFIS,AFIS,118.100
FXMM,APP,MASERU APP,120.700
FXMM,GND,MASERU GND,121.700
FXMM,TWR,MASERU TWR,118.500
FXMU,TWR,BIRD NEST TWR,118.900
FYAR,A/G,A/G VOICE RDO,123.500
FYBJ,AIS,Bitterwasser,123.600
FYGF,TWR,TWR,123.300
FYKM,TWR,TWR,125.600
FYKT,TWR,TWR,118.300
FYLZ,CTAF,CTAF,124.800
FYML,CTAF,CTAF,124.800
FYOA,APP,APP,125.600
FYOA,TWR,TWR,119.700
FYOG,AFIS,ALEXANDER BAY RDO,118.700
FYOG,TWR,ALEXANDER BAY TWR,118.700
FYRU,CTAF,CTAF,124.800
FYTM,CTAF,CTAF,124.800
FYVF,CTAF,Veronica Info,123.200
FYWB,APP,APP,122.500
FYWB,TWR,TWR,122.500
FYWE,GTE,APRON,121.700
FYWE,TWR,TWR,118.700
FYWH,APP,WINDHOEK APP,120.500
FYWH,ATIS,ATIS,114.100
FYWH,GTE,APRON,121.900
FYWH,TWR,WINDHOEK TWR,118.100
FZAA,A/G,A/G,128.100
FZAA,APP,APP,119.700
FZAA,GND,GND,121.900
FZAA,TWR,TWR,118.100
FZAB,TWR,TWR,118.300
FZAG,TWR,TWR,118.900
FZBO,A/G,A/G VOICE RDO,118.300
FZEA,TWR,TWR,118.100
FZFD,TWR,TWR,118.300
FZFK,TWR,TWR,118.700
FZFP,A/G,A/G VOICE RDO,118.100
FZGA,A/G,A/G VOICE RDO,118.300
FZIA,TWR,TWR,118.100
FZIC,APP,APP,125.900
FZIC,TWR,TWR,121.100
FZJH,TWR,TWR,118.100
FZKA,A/G,A/G VOICE RDO,118.100
FZKA,RADAR,Kinshasa Control,126.100
FZKA,TWR,Bunia Tower,119.700
FZKJ,TWR,TWR,118.100
FZMA,RDO,,118.100
FZMA,TWR,TWR,118.900
FZNA,APP,APP,126.500
FZNA,GND,GND,124.500
FZNA,TWR,TWR,118.700
FZNA,UNIC,UNICOM,121.900
FZNP,TWR,Beni Tower,118.300
FZOA,TWR,TWR,118.100
FZQA,APP,APP,128.100
FZQA,TWR,TWR,118.100
FZQF,TWR,Fungurume Tower,118.700
FZQM,A/G,A/G VOICE RDO,118.700
FZRF,TWR,TWR,118.100
FZSA,A/G,A/G VOICE RDO,549.800
FZSA,APP,APP,118.100
FZSA,TWR,TWR,118.300
FZUA,TWR,TWR,118.100
FZWA,A/G,RDO,890.300
FZWA,APP,APP,124.100
FZWA,TWR,TWR,118.300
GABS,A/G,A/G,667.300
GABS,ACC,ACC,119.100
GABS,TWR,TWR,118.300
GAGO,A/G,RDO,889.400
GAGO,TWR,TWR,118.500
GAKY,A/G,INFO,886.100
GAKY,TWR,TWR,118.100
GAMB,TWR,TWR,118.200
GASO,TWR,SIKASSO TWR,118.100
GATB,TWR,TWR,118.300
GBYD,APP,APP,121.300
GBYD,GND,GND,121.900
GBYD,TWR,TWR,118.300
GCFV,APP,CANARIAS APP,129.300
GCFV,ATIS,ATIS,118.650
GCFV,GND,GND,121.700
GCFV,TWR,TWR,118.500
GCGM,GND,GND,121.700
GCGM,TWR,TWR,118.400
GCHI,A/D,CANARIAS APP,126.100
GCHI,GND,GND,121.600
GCHI,TWR,TWR,118.100
GCLA,APP,CANARIAS APP,126.100
GCLA,ATIS,INFO,118.600
GCLA,GND,GND,121.800
GCLA,TWR,TWR,118.900
GCLP,APP,APP,120.900
GCLP,ATIS,ATIS,118.600
GCLP,GND,GND,121.700
GCLP,TWR,TWR,118.300
GCRR,APP,CANARIAS APP,129.300
GCRR,ATIS,ATIS,118.625
GCRR,GND,GND,121.800
GCRR,TWR,TWR,120.700
GCTS,APP,APP,120.300
GCTS,ATIS,ATIS,118.675
GCTS,DLV,,121.750
GCTS,GND,GND,121.900
GCTS,TWR,TWR,119.000
GCXO,APP,APP,124.800
GCXO,APP,App secondary,128.850
GCXO,ATIS,ATIS,118.575
GCXO,Emer,Emergency airport,243.000
GCXO,GND,GND,121.700
GCXO,TWR,TWR,118.700
GCXO,TWR,Local Mil,257.800
GECE,AWOS,,122.500
GECE,CTAF,,123.235
GEML,GND,GND,121.700
GEML,TWR,TWR,118.500
GFLL,A/G,A/G VOICE RDO,667.300
GFLL,APP,APP,119.100
GFLL,GND,GND,121.900
GFLL,TWR,TWR,118.100
GGOV,A/G,A/G VOICE RDO,343.200
GGOV,APP,APP,123.900
GGOV,TWR,TWR,124.300
GLMR,APP,ROBERTS APP,124.500
GLMR,TWR,SPRIGGS TWR,118.700
GLRB,A/G,A/G VOICE RDO,345.200
GLRB,APP,ROBERTS APP,124.500
GLRB,GND,GND,121.900
GLRB,TWR,ROBERTS TWR,118.300
GMAA,APP,AGADIR APP,120.300
GMAA,TWR,AGADIR TWR,119.500
GMAD,APP,AGADIR APP,120.900
GMAD,TWR,AGADIR TWR,119.500
GMAT,TWR,TAN TAN TWR,129.700
GMFF,TWR,TWR,118.600
GMFI,TWR,TWR,131.000
GMFK,TWR,ERRACHIDIA TWR,122.700
GMFM,ARTC,CASABLANCA APP,124.500
GMFO,APP,OUJDA APP,136.600
GMFO,ATIS,ATIS,121.600
GMFO,TWR,OUJDA TWR,118.200
GMMD,GMMD,AERODROME,119.000
GMME,APP,APP,118.900
GMME,TWR,TWR,118.300
GMMH,TWR,TWR,118.100
GMMI,TWR,TWR,121.200
GMML,APP,LAAYOUNE APP,127.500
GMML,TWR,LAAYOUNE TWR,131.100
GMMN,APP,,119.900
GMMN,APP,APP,121.300
GMMN,ATIS,ATIS,126.300
GMMN,TWR,TWR,118.500
GMMW,TWR,TWR,118.650
GMMW,TWR GRND,Nador traffic,126.550
GMMX,APP,MARRAKECH APP,119.700
GMMX,TWR,MARRAKECH TWR,118.700
GMMY,ARTC,CASABLANCA ACC,124.500
GMMZ,TWR,TWR,119.300
GMSL,ARTC,CASABLANCA APP,124.500
GMTA,TWR,AL HOCEIMA TWR,118.700
GMTN,TWR,TETOUAN TWR,119.000
GMTT,APP,TANGER APP,121.200
GMTT,TWR,TANGER TWR,119.500
GOBD,ARR,,120.500
GOBD,ATIS,ATIS EN,126.200
GOBD,ATIS,ATIS FR,126.600
GOBD,TWR,,118.800
GOGG,A/G,RDO,568.000
GOGG,TWR,TWR,118.700
GOGS,A/G,RDO,568.000
GOGS,TWR,TWR,118.900
GOOY,APP,DAKAR CON,120.500
GOOY,INFO,DAKAR INFO,129.500
GOOY,INFO,DAKAR INFO,345.200
GOOY,TWR,DAKAR TWR,118.100
GOSS,A/G,RDO,568.000
GOSS,TWR,TWR,118.700
GOTT,A/G,RDO,568.000
GOTT,AFIS,AFIS INFO,118.700
GQNA,A/G,AG  VOICE RDO,568.000
GQNA,AFIS,INFO,118.900
GQND,A/G,A/G,568.000
GQND,AFIS,AFIS,118.900
GQNF,A/G,AG VOICE RDO,568.000
GQNF,AFIS,AFIS,118.900
GQNI,A/G,VOICE RDO,568.000
GQNI,AFIS,INFO,118.100
GQNK,AFIS,INFO,118.900
GQNO,ATIS (en),,127.700
GQNO,ATIS (fr),,126.600
GQNO,SMC,GND,121.700
GQNO,TWR,,118.400
GQPA,A/G,RDO,568.000
GQPA,AFIS,INFO,118.300
GQPP,A/G,RDO,886.100
GQPP,TWR,TWR,120.800
GQPT,A/G,RDO,568.000
GQPT,AFIS,INFO,118.900
GUCY,A/G,AIR GND,658.900
GUCY,APP,APP,119.700
GUCY,GND,GND,129.100
GUCY,TWR,TWR,118.700
GUFA,AFIS,INFO,658.900
GUFA,TWR,TWR,121.900
GUFH,A/G,A/G VOICE RDO,658.900
GUFH,TWR,TWR,118.500
GULB,AFIS,INFO,658.900
GULB,TWR,TWR,118.700
GVAC,A/G,A/G,345.200
GVAC,APP,SAL APP - (V),126.400
GVAC,AWOS,,127.600
GVAC,TWR,TWR,119.700
GVBA,Tower,Boa Vista Tower,118.900
GVNP,APP,PRAIA APP,118.200
GVNP,TWR,PRAIA TWR,118.200
GVSV,APP,SAO VICENTE APP,118.400
GVSV,TWR,SAO VICENTE TWR,118.400
HAAB,APP,APP,119.700
HAAB,ATIS,ATIS,128.500
HAAB,CTAF,oshkosh traffic,118.500
HAAB,East,Addis center,125.200
HAAB,GND,Bole GND,121.900
HAAB,TWR,TWR,118.100
HAAB,West,Addis center,125.100
HAAL,TWR,TWR,119.100
HAAX,TWR,TWR,118.300
HABD,GND,GND,121.900
HABD,TWR,TWR,118.300
HADR,APP,APP,120.100
HADR,GND,GND,121.900
HADR,TWR,TWR,118.300
HAGM,GND,GND,121.900
HAGM,TWR,TWR,118.700
HAGN,GND,GND,121.900
HAGO,RDO,RDO,125.200
HAJM,GND,GND,121.900
HAJM,TWR,TWR,118.400
HAMK,GND,GND,121.900
HAMK,TWR,TWR,118.800
HASO,TWR,,118.500
HBBA,APP,APP,119.700
HBBA,GND,GND,121.900
HBBA,TWR,TWR,118.100
HCMI,AFIS,AFIS,123.900
HCMK,CT,Kisimayu Tower,118.600
HCMK,CTAF,CTAF,132.700
HCMW,TWR,,118.400
HDAM,A/G,A/G VOICE RDO,759.500
HDAM,APP/DEP,APP/DEP,121.100
HDAM,ATIS,ATIS,126.400
HDAM,GND,GND,118.100
HDAM,TWR,TWR,122.100
HDAM,UC,UC,128.100
HDCH,GND,,120.425
HDCH,GND,,233.200
HDCH,TWR,,126.800
HDCH,TWR,,238.050
HEAL,GND,GND,121.900
HEAL,TWR,TWR,123.400
HEAR,APP,RADAR,123.725
HEAR,GND,GND,121.900
HEAR,RDO,RDO,579.000
HEAR,TWR,TWR,121.000
HEAT,EMR,FIRE,121.900
HEAT,RDO,RDO,585.900
HEAT,TWR,TWR,118.100
HEAZ,APP,CAIRO APP,119.050
HEAZ,TWR,CAIRO TWR,118.100
HEAZ,TWR,TWR,132.900
HEBA,APP,ALEX RADAR,122.300
HEBA,APP,APP,122.800
HEBA,TWR,TWR,119.100
HEBL,MISC,FIRE,121.900
HEBL,RDO,RDO,585.900
HEBL,TWR,TWR/APP,118.100
HEBS,GND,GND,127.100
HEBS,TWR,TWR,127.100
HECA,APP,APP,119.050
HECA,ATIS,ATIS,122.600
HECA,GND,GND,121.900
HECA,MISC,VOLMET,126.200
HECA,PFLT,PREFLIGHT,120.100
HECA,TWR,TWR,118.100
HECA,Volmet,,124.600
HECA,rdo,cairo radio,11.300
HECP,GND,Capital Ground,121.925
HECP,RDO,Capital Radio,5.790
HECP,TWR,Capital tower,118.900
HECW,APP,APP,125.300
HECW,CLD,CLNC,130.000
HECW,GND,GND,130.000
HECW,TWR,TWR,127.400
HEDK,RDO,RDO,585.900
HEDK,TWR,TWR,118.300
HEGN,APP,RADAR,123.400
HEGN,GND,GND,121.900
HEGN,RDO,RDO,585.900
HEGN,TWR,TWR,119.600
HEGO,RDO,RDO,119.050
HEGR,RDO,RDO,579.000
HEGR,TWR,TWR,118.200
HEGS,CTAF,EGYPTIAN COMMON,130.000
HEGS,TWR,TWR,126.100
HEIS,APP,APP,119.100
HEIS,RDO,UN ISMAILIYAH OPS,397.500
HEIS,RDO,UN ISMAILIYAH OPS,681.000
HEIS,TWR,TWR,118.100
HEKG,RDO,RDO,585.900
HEKG,TWR,TWR,122.800
HELX,APP,RADAR,124.300
HELX,GND,GND,121.900
HELX,RDO,RDO,585.900
HELX,TWR,TWR,119.900
HEMA,APP,APP,121.000
HEMA,EMR,FIRE,121.900
HEMA,GND,GND,121.900
HEMA,TWR,TWR,121.000
HEMM,RDO,MATRUH RDO,579.000
HEMM,TWR,MATRUH TWR,118.100
HEOC,GND,GND,121.900
HEOC,TWR,TWR,118.500
HEOW,GND,GND,121.900
HEOW,TWR,TWR,118.900
HEPS,RDO,RDO,579.000
HEPS,TWR,TWR,120.700
HESC,RDO,Cathrine Radio,579.000
HESC,TWR,TWR,122.800
HESH,APP,RADAR,121.100
HESH,GND,GND,121.900
HESH,RDO,RDO,317.500
HESH,TWR,TWR,118.900
HESN,APP,RADAR,119.350
HESN,EMR,FIRE,121.900
HESN,RDO,RDO,585.900
HESN,TWR,TWR,118.300
HETB,APP,RADAR,122.800
HETB,GND,GND,121.900
HETB,RDO,RDO,579.000
HETB,TWR,TWR,120.300
HETR,GND,GND,121.900
HETR,RDO,RDO,579.000
HETR,TWR,TWR,121.300
HHAS,APP,APP,120.700
HHAS,TWR,TWR,118.100
HHMS,APP,APP,123.900
HHMS,TWR,TWR,118.300
HHSB,TWR,TWR,118.600
HJJJ,HF,,11.300
HJJJ,TWR,APP/TWR,118.400
HKEL,APP,APP,119.400
HKEL,RDR,RADAR,121.100
HKEL,TWR,TWR,118.400
HKJK,APP,APP,122.300
HKJK,ATIS,ATIS,126.200
HKJK,RMP,APRON CTL,121.600
HKJK,TWR,Nairobi Tower,118.700
HKKI,GND,GND,121.600
HKKI,TWR,TWR,118.800
HKLK,TWR,TWR,125.900
HKMO,APP,APP,120.300
HKMO,GND,APRON CTL,121.600
HKMO,RDR,RDR,121.700
HKMO,TWR,TWR,118.600
HKNW,TWR,WILSON TWR,118.100
HKRE,TWR,EASTLEIGH TWR,124.300
HKWJ,AFIS,AFIS,118.200
HLGD,GND,GND,122.400
HLGD,TWR,TWR,118.600
HLGT,TWR,TWR,118.100
HLKF,TWR,TWR,121.900
HLLB,APP,BENGHAZI APP,126.500
HLLB,ARR,ARR,127.000
HLLB,DEP,DEP,127.000
HLLB,GND,GND,121.300
HLLB,TWR,TWR,118.100
HLLM,TWR,TWR,126.300
HLLQ,APP,BENGHAZI APP,126.500
HLLQ,TWR,TWR,118.100
HLLS,APP,APP,119.100
HLLS,GND,GND,121.900
HLLS,TWR,TWR,119.100
HLTD,TWR,TWR,118.100
HLZW,TWR,TWR,118.600
HRYG,APP,GOMA APP,118.700
HRYG,TWR,TWR,121.800
HRYR,APP,APP,124.300
HRYR,ATIS,,128.700
HRYR,GND,GND,121.700
HRYR,TWR,TWR,118.300
HRZA,TWR,TWR,120.700
HSDN,TWR/APP,Dongola Tower,118.200
HSDZ,INFO,INFO,118.400
HSFA,App/TWR,,128.700
HSFA,HF,,11.300
HSFS,TWR,TWR/APP,127.300
HSKA,INFO,TWR,118.200
HSLI,INFO,INFO,120.700
HSMK,VHF,,118.700
HSMN,TWR,Merowe Tower,118.400
HSNN,TWR,TWR/APP,118.100
HSOB,TWR,TWR/APP,118.500
HSPN,TWR/APP,Port Sudan Tower,128.100
HSSK,APP,Khartoum Approach,124.700
HSSK,EMR,FIRE,121.900
HSSK,North Area,North Sector,125.400
HSSK,South Area,South Sector,127.300
HSSK,TWR,Khartoum Tower,119.200
HSSM,INFO,INFO,118.200
HSWW,INFO,,119.200
HTAR,TWR,TWR,118.400
HTDA,ACC,CON,119.300
HTDA,APP,APP,119.600
HTDA,TWR,TWR,118.300
HTDO,APP,APP,119.200
HTDO,TWR,TWR,119.200
HTIR,TWR,TWR,118.100
HTKJ,APP,,119.900
HTKJ,APP,APP,120.100
HTKJ,ATIS,ATIS,126.600
HTKJ,TWR,TWR,120.100
HTMT,TWR,TWR,118.100
HTMW,APP,APP,123.100
HTMW,TWR,TWR,123.100
HTPE,TWR,TWR,122.500
HTTG,TWR,INFO,122.100
HTZA,APP,Zanzibar Approach,121.200
HTZA,ATIS,,126.400
HTZA,GND,Zanzibar Ground,121.700
HTZA,TWR,Zanzibar Tower,121.200
HUEN,APP,ENTEBBE RADAR CONTROL,126.600
HUEN,EBB,EBB AREA CONTROL,128.500
HUEN,TWR,TWR,118.100
HUGU,ATC,,123.700
HUGU,CTAF,ADVISORY,118.200
HUSO,APP,APP,121.100
HUSO,TWR,TWR,118.300
KAAA,A/D,SPRINGFIELD APP/DEP,124.450
KAAA,AWOS,AWOS 3,118.775
KAAA,UNIC,CTAF/UNICOM,122.800
KAAF,A/D,TYNDALL APP/DEP,119.750
KAAF,ASOS,ASOS,119.925
KAAF,UNIC,CTAF/UNICOM,122.800
KAAO,A/D,WICHITA APP/DEP,134.800
KAAO,ASOS,ASOS,134.025
KAAO,CLD,CLNC DEL,125.000
KAAO,UNIC,CTAF/UNICOM,122.700
KAAS,AWOS,AWOS 3,121.125
KAAS,CNTR,INDIANAPOLIS CNTR,121.175
KAAS,UNIC,CTAF/UNICOM,122.700
KAAT,ASOS,ASOS,124.175
KAAT,CNTR,SEATTLE CNTR,127.600
KAAT,UNIC,CTAF/UNICOM,122.800
KABE,A/D,APP/DEP,118.200
KABE,ATIS,ATIS,126.975
KABE,CLD,CLNC DEL,124.050
KABE,GND,GND,121.900
KABE,RDO,WILLIAMSPORT RDO,117.500
KABE,TWR,TWR,120.500
KABE,UNIC,UNICOM,122.950
KABI,A/D,APP/DEP,125.000
KABI,ATIS,ATIS,118.250
KABI,GND,GND,121.700
KABI,RDO,FORT WORTH RDO,122.650
KABI,TWR,TWR,120.100
KABI,UNIC,UNICOM,122.950
KABQ,APP,,123.900
KABQ,ATIS,,118.000
KABQ,CLD,Clearance,119.200
KABQ,DEP,,123.900
KABQ,GND,Ground,121.900
KABQ,TWR,Tower,120.300
KABQ,TWR,Tower,123.775
KABQ,UNICOM,,122.950
KABR,ASOS,ASOS,125.875
KABR,CNTR,MINNEAPOLIS CNTR,120.600
KABR,CTAF,CTAF,122.700
KABR,RDO,HURON RDO,122.400
KABR,UNIC,UNICOM,122.950
KABY,ATIS,ATIS,133.050
KABY,CNTR,JACKSONVILLE CNTR,125.750
KABY,CTAF,CTAF,120.250
KABY,GND,GND,121.900
KABY,RDO,MACON RDO,122.600
KABY,TWR,TWR,120.250
KABY,UNIC,UNICOM,122.950
KACB,AWOS,AWOS 3,119.275
KACB,CNTR,MINNEAPOLIS CNTR,132.900
KACB,UNIC,CTAF/UNICOM,122.700
KACJ,A/D,ATLANTA  APP/DEP,125.500
KACJ,AWOS,AWOS 3,128.375
KACJ,CLD,CLNC DEL,119.950
KACJ,UNIC,CTAF/UNICOM,122.800
KACK,A/D,CAPE APP/DEP,126.100
KACK,ATIS,ATIS,127.500
KACK,CLD,CLNC DEL,119.375
KACK,CTAF,CTAF,118.300
KACK,GND,GND,121.700
KACK,RDO,BRIDGEPORT RDO,116.200
KACK,TWR,TWR,118.300
KACK,UNIC,UNICOM,122.950
KACP,A/D,POLK APP/DEP,123.700
KACP,AWOS,AWOS 3,118.275
KACP,UNIC,CTAF/UNICOM,122.800
KACQ,AWOS,AWOS 3,37.100
KACQ,CNTR,MINNEAPOLIS CNTR,132.350
KACQ,UNIC,CTAF/UNICOM,122.800
KACT,APP,APP,135.200
KACT,ATIS,ATIS,123.850
KACT,CTAF,CTAF,119.300
KACT,DEP,DEP,126.125
KACT,GND,GND,121.900
KACT,RDO,FORT WORTH RDO,122.150
KACT,TWR,TWR,119.300
KACT,UNIC,UNICOM,122.950
KACV,ASOS,ASOS,118.525
KACV,CNTR,SEATTLE CNTR,124.850
KACV,OPS,COAST GUARD AIR OPS,34.500
KACV,RDO,OAKLAND RDO,122.600
KACV,UNIC,CTAF/UNICOM,123.000
KACY,A/D,APP/DEP,124.600
KACY,A/D,APP/DEP,38.550
KACY,ATIS,ATIS,108.600
KACY,CLD,CLNC DEL,127.850
KACY,GND,GND,121.900
KACY,OPS,ANG OPS,138.120
KACY,RDO,MILLVILLE RDO,122.550
KACY,TWR,TWR,120.300
KACZ,A/D,WILMINGTON APP/DEP,121.400
KACZ,UNIC,CTAF/UNICOM,122.800
KADC,AWOS,AWOS 3,128.325
KADC,CNTR,MINNEAPOLIS CNTR,126.100
KADC,UNIC,CTAF/UNICOM,122.800
KADG,A/D,TOLEDO APP/DEP,134.350
KADG,ASOS,ASOS,118.375
KADG,UNIC,CTAF/UNICOM,122.800
KADH,AWOS,AWOS 3,118.725
KADH,CNTR,FORT WORTH CNTR,128.100
KADH,RDO,MC ALESTER RDO,122.450
KADH,UNIC,CTAF/UNICOM,122.800
KADM,ATIS,ATIS,125.600
KADM,CNTR,FORT WORTH CNTR,128.100
KADM,CTAF,CTAF,118.500
KADM,GND,GND,121.800
KADM,RDO,MC ALESTER RDO,122.550
KADM,TWR,TWR,118.500
KADM,UNIC,UNICOM,122.950
KADS,A/D,RGNL APP/DEP,124.300
KADS,ATIS,ATIS,133.400
KADS,CLD,CLNC DEL,119.550
KADS,CTAF,CTAF,126.000
KADS,GND,GND,121.600
KADS,TWR,TWR,126.000
KADS,UNIC,UNICOM,122.950
KADT,CNTR,DENVER CNTR,132.500
KADT,UNIC,CTAF/UNICOM,122.700
KADU,AWOS,AWOS 3,118.075
KADU,CNTR,MINNEAPOLIS CNTR,119.600
KADU,UNIC,CTAF/UNICOM,122.800
KADW,APP,POTOMAC APP,119.300
KADW,ATIS,ATIS,113.100
KADW,CLD,CLNC DEL,127.550
KADW,DEP,POTOMAC DEP,125.650
KADW,GND,GND,121.800
KADW,OPS,AFRC OPS,143.800
KADW,PMSV,PMSV METRO,34.460
KADW,POST,COMD POST,141.550
KADW,PTD,PTD,139.300
KADW,TWR,TWR,118.400
KAEG,A/D,ALBUQUERQUE APP/DEP,127.400
KAEG,AWOS,AWOS 3,119.025
KAEG,CLD,CLNC DEL,124.800
KAEG,TWR,0600-2200,120.150
KAEG,UNIC,CTAF/UNICOM,122.800
KAEJ,AWOS,AWOS 3,132.925
KAEJ,CNTR,DENVER CNTR,119.850
KAEJ,UNIC,CTAF/UNICOM,122.800
KAEL,A/D,ROCHESTER APP/DEP,119.800
KAEL,AWOS,AWOS 3,119.575
KAEL,CNTR,MINNEAPOLIS CNTR,132.350
KAEL,RDO,PRINCETON RDO,122.050
KAEL,UNIC,CTAF/UNICOM,123.000
KAEX,A/D,POLK APP/DEP,132.050
KAEX,ASOS,ASOS,123.975
KAEX,CLD,CLNC DEL,121.900
KAEX,CTAF,CTAF,127.350
KAEX,GND,GND,121.900
KAEX,TWR,TWR,127.350
KAFF,ATIS,ATIS,128.525
KAFF,GND,GND,118.125
KAFF,MISC,SKYTRAIN,134.100
KAFF,PMSV,PMSV METRO,121.950
KAFF,PTD,PTD,37.600
KAFF,TWR,ACADEMY TWR,124.150
KAFF,UNIC,CTAF/UNICOM,124.150
KAFJ,A/D,PITTSBURGH APP/DEP,119.350
KAFJ,AWOS,AWOS 3,118.425
KAFJ,CLD,CLNC DEL,127.300
KAFJ,RDO,ELKINS RDO,112.200
KAFJ,UNIC,CTAF/UNICOM,122.800
KAFK,A/D,OMAHA APP/DEP,120.100
KAFK,AWOS,AWOS 3,128.325
KAFK,UNIC,CTAF/UNICOM,122.700
KAFN,ASOS,ASOS,135.875
KAFN,CNTR,BOSTON CNTR,123.750
KAFN,UNIC,CTAF/UNICOM,122.800
KAFO,ARTC,SALT LAKE CITY CNTR,128.350
KAFO,AWOS,AWOS 3,119.025
KAFO,RCO,CASPER RDO,122.300
KAFO,UNIC,CTAF/UNICOM,122.800
KAFP,A/D,CHARLOTTE APP/DEP,120.050
KAFP,AWOS,AWOS 3,119.325
KAFP,UNIC,CTAF/UNICOM,122.800
KAFW,A/D,RGNL APP/DEP,118.100
KAFW,ASOS,ASOS,126.925
KAFW,ATIS,ATIS,126.925
KAFW,CLD,CLNC DEL,128.725
KAFW,GND,GND,132.650
KAFW,TWR,ALLIANCE TWR,120.825
KAGC,A/D,PITTSBURGH APP/DEP,119.350
KAGC,ATIS,ATIS,120.550
KAGC,GND,GND,121.700
KAGC,RDO,ALTOONA RDO,122.200
KAGC,TWR,TWR,121.100
KAGC,UNIC,UNICOM,122.950
KAGO,A/D,FORT WORTH CNTR,128.200
KAGO,UNIC,CTAF/UNICOM,122.800
KAGR,OPS,AVON OPS,126.150
KAGS,A/D,APP/DEP,119.150
KAGS,ATIS,ATIS,132.750
KAGS,CTAF,CTAF,118.700
KAGS,GND,GND,121.900
KAGS,TWR,TWR,118.700
KAGS,UNIC,UNICOM,122.950
KAGZ,UNIC,CTAF/UNICOM,122.800
KAHC,CNTR,OAKLAND CNTR,128.800
KAHC,CTAF,CTAF,126.100
KAHH,A/D,MINNEAPOLIS APP/DEP,125.300
KAHH,RDO,GREEN BAY RDO,122.300
KAHH,UNIC,CTAF/UNICOM,122.800
KAHN,A/D,ATLANTA APP/DEP,127.500
KAHN,ASOS,ASOS,132.875
KAHN,CLD,ATLANTA CNTR,127.500
KAHN,CTAF,CTAF,126.300
KAHN,GND,GND,121.800
KAHN,RDO,MACON RDO,109.600
KAHN,TWR,TWR,126.300
KAHN,UNIC,UNICOM,122.950
KAHQ,A/D,OMAHA APP/DEP,120.100
KAHQ,UNIC,CTAF/UNICOM,122.700
KAIA,ASOS,ASOS,135.075
KAIA,CNTR,DENVER CNTR,127.950
KAIA,RDO,COLUMBUS RDO,122.300
KAIA,UNIC,CTAF/UNICOM,123.000
KAIB,AWOS,AWOS 3,132.525
KAIB,UNIC,CTAF/UNICOM,122.800
KAID,AWOS,AWOS 3,118.375
KAID,CNTR,INDIANAPOLIS CNTR,120.650
KAID,CTAF,CTAF,126.000
KAID,GND,GND,121.600
KAID,RDO,TERRE HAUTE RDO,114.400
KAID,TWR,TWR,126.000
KAID,UNIC,UNICOM,122.950
KAIG,AWOS,AWOS 3,119.075
KAIG,CNTR,MINNEAPOLIS CNTR,124.400
KAIG,UNIC,CTAF/UNICOM,122.800
KAIK,A/D,AUGUSTA APP/DEP,119.150
KAIK,AWOS,AWOS 3,118.025
KAIK,RDO,ANDERSON RDO,122.450
KAIK,UNIC,CTAF/UNICOM,122.800
KAIO,AWOS,AWOS 3,127.825
KAIO,CNTR,MINNEAPOLIS CNTR,119.600
KAIO,UNIC,CTAF/UNICOM,122.700
KAIT,A/D,MINNEAPOLIS APP/DEP,118.050
KAIT,AWOS,AWOS 3,39.700
KAIT,UNIC,UNICOM/CTAF,123.050
KAIV,UNIC,CTAF/UNICOM,122.800
KAIZ,A/D,MIZZU APP/DEP,124.100
KAIZ,AWOS,AWOS 3,135.325
KAIZ,UNIC,CTAF/UNICOM,122.800
KAJG,A/D,EVANSVILLE APP/DEP,125.600
KAJG,AWOS,AWOS 3,134.900
KAJG,UNIC,CTAF/UNICOM,122.700
KAJO,A/D,SOCAL APP/DEP,135.400
KAJO,AWOS,AWOS 3,132.175
KAJO,UNIC,CTAF/UNICOM,122.700
KAJR,AWOS,AWOS A,34.700
KAJR,CNTR,ATLANTA CNTR,134.800
KAJR,UNIC,CTAF/UNICOM,122.700
KAJZ,AWOS,AWOS 3,134.000
KAJZ,UNIC,CTAF/UNICOM,122.800
KAKH,A/D,CHARLOTTE APP/DEP,134.750
KAKH,ASOS,ASOS,135.725
KAKH,UNIC,CTAF/UNICOM,123.000
KAKO,ASOS,ASOS,135.575
KAKO,CNTR,DENVER CNTR,133.950
KAKO,RCO,AKRON RCO,122.550
KAKO,UNIC,CTAF/UNICOM,122.800
KAKQ,A/D,NORFOLK APP/DEP,127.900
KAKQ,ASOS,ASOS,128.325
KAKQ,RDO,LEESBURG RDO,110.600
KAKQ,UNIC,CTAF/UNICOM,122.800
KAKR,A/D,APP/DEP,118.600
KAKR,ASOS,ASOS,126.825
KAKR,CTAF,CTAF/UNICOM,123.075
KAKR,RDO,CLEVELAND RDO,114.400
KALB,A/D,APP/DEP,118.050
KALB,A/D,APP/DEP,132.825
KALB,ATIS,ATIS,120.450
KALB,CLD,CLNC DEL,127.500
KALB,GND,GND,121.700
KALB,OPS,ARNG OPS,41.000
KALB,RDO,BURLINGTON RDO,122.200
KALB,TWR,TWR,119.500
KALB,UNIC,UNICOM,122.950
KALI,APP,KINGSVILLE APP,119.900
KALI,ASOS,ASOS,119.225
KALI,DEP,KINGSVILLE DEP,119.900
KALI,RDO,SAN ANGELO RDO,122.600
KALI,UNIC,CTAF/UNICOM,123.000
KALM,APP,HOLLOMAN APP,120.600
KALM,AWOS,AWOS 3,127.825
KALM,DEP,HOLLOMAN DEP,128.100
KALM,RDO,ALBUQUERQUE RDO,122.150
KALM,UNIC,CTAF/UNICOM,122.800
KALN,A/D,APP/DEP,124.200
KALN,ATIS,ATIS,128.000
KALN,AWOS,AWOS 3,128.000
KALN,CLD,CLNC DEL,120.200
KALN,CTAF,CTAF,126.000
KALN,GND,GND,120.200
KALN,RDO,RDO,122.050
KALN,TWR,REGIONAL TWR,126.000
KALN,UNIC,UNICOM,122.950
KALO,A/D,APP/DEP,118.900
KALO,ATIS,ATIS,120.650
KALO,CTAF,CTAF,118.100
KALO,GND,GND,121.900
KALO,OPS,ARNG OPS,36.700
KALO,RDO,FORT DODGE RDO,122.050
KALO,TWR,TWR,118.100
KALO,UNIC,UNICOM,122.950
KALS,ASOS,ASOS,135.175
KALS,CNTR,DENVER CNTR,128.375
KALS,RDO,DENVER RDO,122.150
KALS,UNIC,CTAF/UNICOM,122.800
KALW,A/D,CHINOOK APP/DEP,133.150
KALW,ASOS,ASOS,135.875
KALW,CTAF,CTAF,118.500
KALW,GND,GND,121.600
KALW,RDO,SEATTLE RDO,122.300
KALW,TWR,TWR,118.500
KALX,A/D,MONTGOMERY APP/DEP,121.200
KALX,AWOS,AWOS 3,118.325
KALX,UNIC,CTAF/UNICOM,122.700
KAMA,A/D,APP/DEP,121.150
KAMA,ATIS,ATIS,118.850
KAMA,CLD,CLNC DEL,121.650
KAMA,CTAF,CTAF,118.300
KAMA,GND,GND,121.900
KAMA,RDO,FORT WORTH RDO,122.650
KAMA,TWR,TWR,118.300
KAMA,UNIC,UNICOM,122.950
KAMG,ASOS,ASOS,118.325
KAMG,CNTR,JACKSONVILLE CNTR,132.300
KAMG,RDO,MACON RDO,123.600
KAMG,UNIC,CTAF/UNICOM,122.700
KAMN,A/D,SAGINAW APP/DEP,126.450
KAMN,AWOS,AWOS 3,124.175
KAMN,CLD,CLNC DEL,119.250
KAMN,UNIC,CTAF/UNICOM,122.800
KAMT,CNTR,INDIANAPOLIS CNTR,124.225
KAMT,UNIC,CTAF/UNICOM,122.800
KAMW,A/D,DES MOINES APP/DEP,123.900
KAMW,ASOS,ASOS,132.025
KAMW,CLD,CLNC DEL,126.000
KAMW,UNIC,CTAF/UNICOM,122.700
KANB,A/D,BIRMINGHAM APP/DEP,125.450
KANB,ASOS,ASOS,119.675
KANB,CTAF,CTAF,123.600
KANB,RDO,RDO,122.200
KANB,UNIC,UNICOM,123.000
KAND,A/D,GREER APP/DEP,118.800
KAND,ASOS,ASOS,120.675
KAND,CTAF,CTAF,123.600
KAND,RDO,RDO,122.200
KAND,UNIC,UNICOM,122.950
KANE,A/D,MINNEAPOLIS APP/DEP,126.500
KANE,ATIS,ATIS,120.625
KANE,AWOS,AWOS 3,120.625
KANE,CLD,CLNC DEL,121.300
KANE,CTAF,CTAF,126.050
KANE,GND,GND,121.850
KANE,RDO,PRINCETON RDO,122.550
KANE,TWR,TWR,126.050
KANE,UNIC,UNICOM,122.950
KANJ,ASOS,ASOS,118.375
KANJ,CNTR,TORONTO CNTR,132.650
KANJ,UNIC,CTAF/UNICOM,122.700
KANK,AWOS,AWOS 3,133.850
KANK,UNIC,CTAF/UNICOM,122.700
KANP,A/D,POTOMAC APP/DEP,119.700
KANP,CTAF,CTAF,122.900
KANQ,A/D,FORT WAYNE APP/DEP,132.150
KANQ,FSS,LITCHFIELD RDO,122.100
KANQ,UNIC,CTAF/UNICOM,123.075
KANW,AWOS,AWOS 3,118.325
KANW,CNTR,DENVER CNTR,132.700
KANW,RDO,COLUMBUS RDO,122.400
KANW,UNIC,CTAF/UNICOM,122.800
KANY,CNTR,KANSAS CITY CNTR,118.350
KANY,RDO,WICHITA RDO,112.900
KANY,UNIC,CTAF/UNICOM,122.800
KAOC,CNTR,SALT LAKE CITY CNTR,128.350
KAOC,UNIC,CTAF/UNICOM,122.800
KAOH,ASOS,ASOS,108.400
KAOH,CNTR,INDIANAPOLIS CNTR,128.075
KAOH,RDO,DAYTON RDO,108.400
KAOH,UNIC,CTAF/UNICOM,122.700
KAOO,ASOS,ASOS,127.125
KAOO,CNTR,CLEVELAND CNTR,121.200
KAOO,CTAF,CTAF,123.600
KAOO,RDO,RDO,122.100
KAOO,RDO,RDO,122.200
KAOO,UNIC,UNICOM,123.000
KAOV,A/D,SPRINGFIELD,126.350
KAOV,CTAF,CTAF,122.900
KAPA,A/D,DENVER APP/DEP,132.750
KAPA,ATIS,ATIS,120.300
KAPA,CLD,CLNC DEL,128.600
KAPA,GND,GND,121.800
KAPA,RDO,DENVER RDO,122.200
KAPA,TWR,TWR,118.900
KAPA,UNIC,UNICOM,122.950
KAPC,A/D,NORCAL APP/DEP,127.800
KAPC,ATIS,ATIS,124.050
KAPC,CTAF,CTAF,118.700
KAPC,GND,GND,121.700
KAPC,TWR,TWR,118.700
KAPC,UNIC,UNICOM,122.950
KAPF,A/D,FORT MYERS APP/DEP,119.750
KAPF,ATIS,ATIS,134.225
KAPF,CLD,CLNC DEL,118.000
KAPF,CTAF,CTAF,128.500
KAPF,GND,GND,121.600
KAPF,RDO,MIAMI RDO,123.600
KAPF,TWR,TWR,128.500
KAPG,A/D,POTOMAC APP/DEP,126.750
KAPG,ATIS,ATIS,108.400
KAPG,GND,GND,121.900
KAPG,TWR,TWR,126.150
KAPH,A/D,POTOMAC APP/DEP,134.700
KAPH,MISC,RANGE CON,38.500
KAPH,RDO,LEESBURG RDO,38.500
KAPN,A/D,APP/DEP,128.425
KAPN,ASOS,ASOS,120.675
KAPN,CTAF,CTAF,121.350
KAPN,GND,GND,121.900
KAPN,PTD,PTD,37.220
KAPN,RDO,LANSING RDO,108.800
KAPN,TWR,TWR,121.350
KAPN,UNIC,UNICOM,122.950
KAPT,A/D,CHATTANOOGA APP/DEP,119.200
KAPT,UNIC,CTAF/UNICOM,122.800
KAPV,A/D,JOSHUA APP/DEP,124.550
KAPV,RDO,RIVERSIDE RDO,122.300
KAPV,UNIC,CTAF/UNICOM,122.800
KAPY,UNIC,CTAF/UNICOM,122.700
KAQO,AWOS,AWOS 3,119.425
KAQO,CNTR,HOUSTON CNTR,132.350
KAQO,UNIC,CTAF/UNICOM,122.800
KAQP,AWOS,AWOS 3,35.600
KAQP,CTAF,CTAF,122.900
KAQP,FSS,PRINCETON RDO,122.450
KAQR,AWOS,AWOS 3,121.125
KAQR,CTAF,CTAF,122.900
KAQW,ASOS,ASOS,134.775
KAQW,UNIC,CTAF/UNICOM,122.800
KAQX,CNTR,JACKSONVILLE CNTR,132.500
KAQX,RDO,ANDERSON RDO,116.700
KAQX,UNIC,CTAF/UNICOM,122.800
KARA,A/D,LAFAYETTE APP/DEP,121.100
KARA,CLD,CLNC DEL,121.700
KARA,CTAF,CTAF,125.000
KARA,GND,GND,121.700
KARA,TWR,TWR,125.000
KARA,UNIC,UNICOM,122.950
KARB,A/D,DETROIT APP/DEP,118.950
KARB,ASOS,ASOS,134.550
KARB,ATIS,ATIS,134.550
KARB,CTAF,CTAF,120.300
KARB,GCCD,GND/CLNC DEL,121.600
KARB,TWR,TWR,120.300
KARB,UNIC,UNICOM,123.000
KARG,AWOS,AWOS 3,135.925
KARG,CNTR,MEMPHIS CNTR,120.075
KARG,RDO,JONESBORO RDO,114.500
KARG,UNIC,CTAF/UNICOM,122.800
KARM,AWOS,AWOS  3,118.475
KARM,CNTR,HOUSTON CNTR,128.600
KARM,UNIC,CTAF/UNICOM,122.700
KARR,A/D,APP/DEP,133.500
KARR,ASOS,ASOS,125.850
KARR,ATIS,ATIS,125.850
KARR,CLD,CLNC DEL,121.700
KARR,CTAF,CTAF,120.600
KARR,GND,GND,121.700
KARR,RDO,KANKAKEE RDO,122.500
KARR,TWR,TWR,120.600
KARR,UNIC,UNICOM,122.950
KART,A/D,WHEELER SACK APP/DEP,128.250
KART,ASOS,ASOS,133.525
KART,RDO,BURLINGTON RDO,122.200
KART,UNIC,CTAF/UNICOM,123.000
KARV,AWOS,AWOS 3,121.125
KARV,CNTR,MINNEAPOLIS CNTR,133.650
KARV,RDO,GREEN BAY RDO,122.600
KARV,UNIC,CTAF/UNICOM,122.700
KARW,A/D,APP/DEP,118.450
KARW,UNIC,CTAF/UNICOM,122.700
KASD,A/D,NEW ORLEANS APP/DEP,133.150
KASD,ASOS,ASOS,132.475
KASD,GCO,GCO,135.075
KASD,UNIC,CTAF/UNICOM,122.800
KASE,ATIS,ATIS,120.400
KASE,CLD,CLNC DEL,123.750
KASE,CNTR,APP/DEP,123.800
KASE,CTAF,CTAF,118.850
KASE,GND,GND,121.900
KASE,TWR,TWR,118.850
KASE,UNIC,UNICOM,122.950
KASG,A/D,RAZORBACK APP/DEP,128.150
KASG,AWOS,AWOS 3,124.675
KASG,CTAF,CTAF,118.200
KASG,GND,GND,121.600
KASG,TWR,TWR,118.200
KASG,UNIC,UNICOM,122.950
KASH,A/D,BOSTON APP/DEP,124.900
KASH,ASOS,ASOS,125.100
KASH,ATIS,ATIS,125.100
KASH,CTAF,CTAF,133.200
KASH,GND,GND/CLNC DEL,121.800
KASH,TWR,NASHUA TWR,133.200
KASJ,AWOS,AWOS 3,119.075
KASJ,CNTR,WASHINGTON CNTR,123.850
KASJ,UNIC,CTAF/UNICOM,122.800
KASL,A/D,SHREVEPORT APP/DEP,119.900
KASL,AWOS,AWOS 3,118.675
KASL,UNIC,CTAF/UNICOM,122.800
KASN,A/D,BIRMINGHAM APP/DEP,125.450
KASN,AWOS,AWOS 3,118.425
KASN,RDO,ANNISTON RDO,108.800
KASN,UNIC,CTAF/UNICOM,122.800
KAST,ASOS,ASOS,135.375
KAST,CNTR,SEATTLE CNTR,124.200
KAST,MISC,AIR CG,38.180
KAST,RDO,MC MINNVILLE RDO,122.300
KAST,UNIC,CTAF/UNICOM,122.800
KASW,A/D,FORT WAYNE APP/DEP,127.200
KASW,AWOS,AWOS 3,121.125
KASW,CLD,CLNC DEL,134.050
KASW,RDO,TERRE HAUTE RDO,113.700
KASW,UNIC,CTAF/UNICOM,122.700
KASX,A/D,MINNEAPOLIS APP/DEP,126.450
KASX,ASOS,ASOS,126.775
KASX,RCO,GREEN BAY RDO,122.250
KASX,UNIC,CTAF/UNICOM,122.800
KASY,CTAF,CTAF,122.900
KATA,CNTR,FORT WORTH CNTR,123.925
KATA,CTAF,CTAF,122.900
KATL,APP,,127.900
KATL,APP,ATLANTA APPROACH,128.000
KATL,ATIS,ATIS,119.650
KATL,CLD,CLNC DEL,118.100
KATL,DEP,ATLANTA DEP (RWAY 10-28),121.225
KATL,DEP,ATLANTA DEP (RWAY 09-27),125.650
KATL,DEP,ATLANTA DEP (RWY 08-26),133.475
KATL,GND,GND,121.650
KATL,RDO,MACON RDO,116.900
KATL,SFA,SFA,30.697
KATL,TWR,ATLANTA TWR,119.100
KATL,UNIC,UNICOM,122.950
KATS,A/D,ROSWELL APP/DEP,119.600
KATS,AWOS,AWOS 3,126.725
KATS,UNIC,CTAF/UNICOM,122.800
KATW,A/D,GREEN BAY APP/DEP,126.300
KATW,ATIS,ATIS,127.150
KATW,CTAF,CTAF,119.600
KATW,GND,APPLETON GND,121.700
KATW,TWR,APPLETON TWR,119.600
KATW,UNIC,UNICOM,122.950
KATY,ASOS,ASOS,126.625
KATY,CNTR,MINNEAPOLIS CNTR,128.500
KATY,RDO,HURON RDO,122.500
KATY,UNIC,CTAF/UNICOM,123.050
KAUG,A/D,PORTLAND APP/DEP,128.350
KAUG,ASOS,ASOS,118.325
KAUG,CLD,CLNC DEL,119.950
KAUG,RDO,BANGOR RDO,122.600
KAUG,UNIC,CTAF/UNICOM,123.000
KAUH,AWOS,AWOS 3,121.225
KAUH,CNTR,MINNEAPOLIS CNTR,119.400
KAUH,UNIC,CTAF/UNICOM,122.800
KAUM,A/D,ROCHESTER APP/DEP,119.800
KAUM,AWOS,AWOS 3,119.025
KAUM,RDO,PRINCETON RDO,122.500
KAUM,UNIC,CTAF/UNICOM,122.700
KAUN,A/D,NORCAL APP/DEP,125.400
KAUN,AWOS,AWOS 3,119.375
KAUN,UNIC,CTAF/UNICOM,122.700
KAUO,A/D,ATLANTA APP/DEP,125.500
KAUO,AWOS,AWOS 3,132.575
KAUO,CLD,ATLANTA CLNC DEL,118.700
KAUO,UNIC,CTAF/UNICOM,123.000
KAUS,A/D,APP/DEP,118.800
KAUS,ASOS,ASOS,128.875
KAUS,ATIS,ATIS,124.400
KAUS,CLD,CLNC DEL,125.500
KAUS,GND,GND,121.700
KAUS,OPS,ARNG OPS,36.800
KAUS,RDO,SAN ANGELO RDO,122.550
KAUS,TWR,TWR,121.000
KAUS,UNIC,UNICOM,122.950
KAUW,ASOS,ASOS,125.925
KAUW,CNTR,MINNEAPOLIS CNTR,124.400
KAUW,RDO,GREEN BAY RDO,122.400
KAUW,UNIC,CTAF/UNICOM,122.700
KAVC,AWOS,AWOS 3,127.525
KAVC,CNTR,WASHINGTON CNTR,118.750
KAVC,UNIC,CTAF/UNICOM,122.800
KAVK,A/D,VANCE APP/DEP,119.775
KAVK,AWOS,AWOS 3,121.125
KAVK,UNIC,CTAF/UNICOM,122.800
KAVL,A/D,APP/DEP,124.650
KAVL,ATIS,ATIS,120.200
KAVL,CTAF,CTAF,121.100
KAVL,GND,GND,121.900
KAVL,TWR,TWR,121.100
KAVL,UNIC,UNICOM,122.950
KAVO,CNTR,MIAMI CNTR,134.550
KAVO,UNIC,CTAF/UNICOM,122.800
KAVP,A/D,APP/DEP,124.500
KAVP,ATIS,ATIS,111.600
KAVP,GND,GND,121.900
KAVP,RDO,WILLIAMSPORT RDO,122.200
KAVP,TWR,TWR,120.100
KAVP,UNIC,UNICOM,122.950
KAVQ,A/D,TUCSON APP/DEP,119.400
KAVQ,AWOS,AWOS 3,118.375
KAVQ,UNIC,CTAF/UNICOM,123.000
KAVX,A/D,SOCAL APP/DEP,127.400
KAVX,UNIC,CTAF/UNICOM,122.700
KAVX,WX ASOS,Weather ASOS,120.675
KAWG,AWOS,AWOS 3,127.825
KAWG,CNTR,CHICAGO CNTR,135.600
KAWG,FSS,FORT DODGE RDO,121.725
KAWG,UNIC,CTAF/UNICOM,122.700
KAWM,APP,MEMPHIS APP,119.100
KAWM,ASOS,ASOS,118.175
KAWM,CLD,MEMPHIS CLNC DEL,121.700
KAWM,DEP,MEMPHIS DEP,124.650
KAWM,UNIC,CTAF/UNICOM,123.050
KAWO,AWOS,AWOS 3,135.625
KAWO,CNTR,SEATTLE CNTR,128.500
KAWO,UNIC,CTAF/UNICOM,122.700
KAXA,AWOS,AWOS 3,118.475
KAXA,CNTR,MINNEAPOLIS CNTR,134.000
KAXA,UNIC,CTAF/UNICOM,122.800
KAXH,A/D,HOUSTON APP/DEP,123.800
KAXH,CLD,CLNC DEL,120.800
KAXH,UNIC,CTAF/UNICOM,123.000
KAXN,ASOS,ASOS,118.375
KAXN,CNTR,MINNEAPOLIS CNTR,126.100
KAXN,RDO,PRINCETON RDO,122.600
KAXN,UNIC,CTAF/UNICOM,123.000
KAXQ,AWOS,AWOS 3,118.275
KAXQ,CNTR,CLEVELAND CNTR APP,126.720
KAXQ,UNIC,UNICOM,122.800
KAXS,A/D,APP/DEP,125.100
KAXS,AWOS,AWOS 3,118.825
KAXS,UNIC,CTAF/UNICOM,122.800
KAXV,A/D,DAYTON APP/DEP,134.450
KAXV,AWOS,AWOS 3,128.325
KAXV,RDO,DAYTON RDO,117.500
KAXV,UNIC,CTAF/UNICOM,122.800
KAXX,A/D,ALBUQUERQUE CNTR,132.800
KAXX,AWOS,AWOS 3,118.025
KAXX,UNIC,CTAF/UNICOM,122.800
KAYS,AWOS,AWOS 3,118.575
KAYS,CNTR,JACKSONVILLE CNTR,132.300
KAYS,RDO,MACON RDO,110.200
KAYS,UNIC,CTAF/UNICOM,122.800
KAYX,AWOS,AWOS 3,128.325
KAYX,CNTR,MEMPHIS CNTR,126.750
KAYX,PTD,PTD,126.200
KAZC,AWOS,AWOS 3,118.375
KAZC,CNTR,LOS ANGELES CNTR,124.200
KAZC,UNIC,CTAF/UNICOM,122.700
KAZE,CNTR,JACKSONVILLE CNTR,132.300
KAZE,UNIC,CTAF/UNICOM,122.800
KAZO,A/D,APP/DEP,119.200
KAZO,ATIS,ATIS,127.250
KAZO,CLD,CLNC DEL,121.750
KAZO,CTAF,CTAF,118.300
KAZO,GND,GND,121.900
KAZO,RDO,LANSING RDO,109.000
KAZO,TWR,TWR,118.300
KAZO,UNIC,UNICOM,122.950
KBAB,ACP,940TH COMD POST,25.602
KBAB,APP,NORCAL APP,125.400
KBAB,ATIS,ATIS,27.350
KBAB,DEP,NORCAL DEP,125.400
KBAB,GND,GND,121.600
KBAB,MISC,SUPERVISOR OF FLYING,138.500
KBAB,PMSV,PMSV METRO,23.980
KBAB,POST,WING COMD POST,32.100
KBAB,PTD,PTD,140.875
KBAB,TWR,TWR,119.400
KBAD,A/D,SHREVEPORT APP/DEP,119.900
KBAD,ATIS,ATIS,37.580
KBAD,GND,GND,121.800
KBAD,PMSV,PMSV METRO,37.362
KBAD,POST,COMD POST,31.100
KBAD,PTD,PTD,37.220
KBAD,TWR,TWR,128.250
KBAF,A/D,BRADLEY APP/DEP,125.350
KBAF,ATIS,ATIS,127.100
KBAF,CLD,BRADLEY CLNC DEL,121.700
KBAF,CTAF,WESTFIELD TRFC,125.075
KBAF,GND,WESTFIELD GND,121.700
KBAF,MISC,ARNG OPS,46.750
KBAF,OPS,ANG OPS CNTR,30.300
KBAF,RDO,BURLINGTON RDO,113.000
KBAF,TWR,WESTFIELD TWR,125.075
KBAK,A/D,INDIANAPOLIS APP/DEP,134.850
KBAK,AWOS,AWOS 3,119.750
KBAK,CLD,CLNC DEL,121.600
KBAK,CTAF,CTAF,118.600
KBAK,GND,GND,121.600
KBAK,RDO,TERRE HAUTE RDO,112.000
KBAK,TWR,TWR,118.600
KBAK,UNIC,UNICOM,122.950
KBAM,AWOS,AWOS THREE,119.450
KBAM,CNTR,SALT LAKE CNTR,132.250
KBAM,RDO,RENO RDO,122.600
KBAM,UNIC,CTAF/UNICOM,122.800
KBAX,AWOS,AWOS 3,108.200
KBAX,CNTR,CLEVELAND CNTR,127.700
KBAX,FSS,LANSING RDO,122.650
KBAX,UNIC,CTAF/UNICOM,122.800
KBAZ,APP,SAN ANTONIO APP,124.450
KBAZ,ASOS,ASOS,119.325
KBAZ,CLD,CLNC DEL,134.750
KBAZ,DEP,SAN ANTONIO DEP,125.700
KBAZ,UNIC,CTAF/UNICOM,122.700
KBBB,AWOS,AWOS 3,23.900
KBBB,CNTR,MINNEAPOLIS CNTR,125.500
KBBB,UNIC,CTAF/UNICOM,122.800
KBBD,AWOS,AWOS 3,118.375
KBBD,CNTR,HOUSTON CNTR,132.350
KBBD,UNIC,CTAF/UNICOM,122.800
KBBP,A/D,FLORENCE APP/DEP,118.600
KBBP,AWOS,AWOS 3,123.825
KBBP,UNIC,CTAF/UNICOM,122.800
KBBW,ASOS,ASOS,120.000
KBBW,CNTR,DENVER CNTR,132.700
KBBW,UNIC,CTAF/UNICOM,122.800
KBCB,A/D,ROANOKE APP/DEP,126.900
KBCB,AWOS,AWOS 3,133.325
KBCB,CLD,ROANOKE CLNC DEL,124.850
KBCB,UNIC,CTAF/UNICOM,123.050
KBCE,ASOS,ASOS,135.475
KBCE,FSS,CEDAR CITY RDO,122.200
KBCE,UNIC,CTAF/UNICOM,122.800
KBCK,CNTR,MINNEAPOLIS CNTR,128.600
KBCK,CTAF,CTAF,122.900
KBCK,RDO,GREEN BAY RDO,122.500
KBCT,APP,PALM BEACH APP,125.200
KBCT,AWOS,AWOS 3,121.125
KBCT,CLD,CLNC DEL,121.800
KBCT,CTAF,CTAF,118.425
KBCT,DEP,PALM BEACH DEP,127.350
KBCT,GND,GND,121.800
KBCT,TWR,TWR,118.425
KBDE,ASOS,ASOS,126.775
KBDE,RDO,PRINCETON RDO,122.400
KBDE,UNIC,CTAF/UNICOM,122.800
KBDG,AWOS,AWOS 3,127.750
KBDG,CNTR,DENVER CNTR,127.550
KBDG,UNIC,CTAF/UNICOM,122.800
KBDL,APP,APP,123.950
KBDL,APP,APP,32.580
KBDL,ATIS,ATIS,118.150
KBDL,CLD,CLNC DEL,121.750
KBDL,DEP,DEP,123.950
KBDL,DEP,DEP,35.900
KBDL,GND,GND,121.900
KBDL,MISC,ARNG OPS,41.900
KBDL,OPS,ANG OPS,138.550
KBDL,RDO,BRIDGEPORT RDO,122.300
KBDL,TWR,TWR,120.300
KBDL,UNIC,UNICOM,122.950
KBDQ,A/D,MEMPHIS CNTR,128.475
KBDQ,UNIC,CTAF/UNICOM,122.800
KBDR,A/D,NEW YORK APP/DEP,124.075
KBDR,ATIS,ATIS,119.150
KBDR,CLD,CLNC DEL,121.750
KBDR,CTAF,CTAF,120.900
KBDR,GND,GND,121.900
KBDR,RDO,BRIDGEPORT RDO,108.800
KBDR,TWR,BRIDGEPORT TWR,120.900
KBDR,UNIC,UNICOM,123.000
KBEA,CNTR,HOUSTON CNTR,134.600
KBEA,UNIC,CTAF/UNICOM,122.800
KBEC,A/D,WICHITA APP/DEP,134.800
KBEC,CLD,WICHITA CLNC DEL,125.000
KBEC,CTAF,CTAF,122.700
KBEC,GND,GND,121.700
KBEC,TWR,TWR,126.800
KBEC,UNIC,UNICOM,122.950
KBED,A/D,BOSTON APP/DEP,124.400
KBED,ATIS,ATIS,124.600
KBED,CLD,CLNC DEL,121.850
KBED,CTAF,CTAF,118.500
KBED,GND,HANSCOM GND,121.700
KBED,MISC,HANSCOM COMD POST,39.710
KBED,TWR,HANSCOM TWR,118.500
KBED,UNIC,UNICOM,122.950
KBEH,A/D,SOUTH BEND APP/DEP,118.550
KBEH,ASOS,ASOS,121.550
KBEH,CLD,SOUTH BEND CLNC DEL,119.700
KBEH,RDO,LANSING RDO,116.600
KBEH,UNIC,CTAF/UNICOM,123.000
KBFA,CNTR,MINNEAPOLIS CNTR,134.600
KBFA,UNIC,CTAF/UNICOM,122.800
KBFD,ASOS,ASOS,133.825
KBFD,CNTR,CLEVELAND CNTR,124.325
KBFD,RDO,ALTOONA RDO,122.200
KBFD,UNIC,CTAF/UNICOM,123.075
KBFE,A/D,LUBBOCK APP/DEP,119.900
KBFE,UNIC,CTAF/UNICOM,122.800
KBFF,ASOS,ASOS,121.025
KBFF,CNTR,DENVER CNTR,127.950
KBFF,RDO,COLUMBUS RDO,122.600
KBFF,UNIC,CTAF/UNICOM,123.000
KBFI,A/D,SEATTLE APP/DEP,119.200
KBFI,ATIS,ATIS,127.750
KBFI,CLD,CLNC DEL,132.400
KBFI,GND,GND,121.900
KBFI,RDO,SEATTLE RDO,122.500
KBFI,TWR,BOEING TOWER (Rwy  14L/32R),118.300
KBFI,TWR,BOEING TOWER (Rwy 14R/32L  & All IFR),120.600
KBFI,UNIC,UNICOM,122.950
KBFK,CNTR,KANSAS CITY CNTR,126.950
KBFK,CTAF,CTAF,122.900
KBFL,APP,BAKERSFIELD APP SOUTH INITIAL CONTACT,118.800
KBFL,APP,BAKERSFIELD APP NORTH INITIAL CONTACT,118.900
KBFL,ATIS,ATIS,118.600
KBFL,CTAF,CTAF,118.100
KBFL,CTR,LOS ANGELES CENTER,127.100
KBFL,DEP,BAKERSFIELD DEP,126.450
KBFL,GND,GND,121.700
KBFL,RDO,RANCHO RDO,122.450
KBFL,TWR,BAKERSFIELD TWR,118.100
KBFL,UNIC,UNICOM,122.950
KBFM,A/D,APP/DEP,118.500
KBFM,ATIS,ATIS,135.575
KBFM,CTAF,CTAF,118.800
KBFM,GND,GND,121.700
KBFM,RDO,ANNISTON RDO,112.800
KBFM,TWR,DOWNTOWN TWR,118.800
KBFM,UNIC,UNICOM,122.950
KBFR,AWOS,AWOS 3,119.125
KBFR,CNTR,INDIANAPOLIS CNTR,124.775
KBFR,RDO,TERRE HAUTE RDO,110.200
KBFR,UNIC,CTAF/UNICOM,122.800
KBGD,A/D,AMARILLO APP/DEP,119.500
KBGD,ASOS,ASOS,118.325
KBGD,UNIC,CTAF/UNICOM,123.000
KBGE,A/D,TALLAHASSEE APP/DEP,128.700
KBGE,AWOS,AWOS 3,121.125
KBGE,UNIC,CTAF/UNICOM,122.975
KBGF,AWOS,AWOS 3,121.675
KBGF,CNTR,MEMPHIS CNTR,126.750
KBGF,UNIC,CTAF/UNICOM,122.800
KBGM,A/D,APP/DEP,118.600
KBGM,ATIS,ATIS,128.150
KBGM,CLD,CLNC DEL,125.050
KBGM,CTAF,CTAF,119.300
KBGM,GND,GND,121.900
KBGM,RDO,BUFFALO RDO,112.200
KBGM,TWR,TWR,119.300
KBGM,UNIC,UNICOM,122.950
KBGR,A/D,APP/DEP,118.925
KBGR,ASOS,ASOS,127.750
KBGR,ATIS,ATIS,127.750
KBGR,CLD,CLNC DEL,135.900
KBGR,GND,GND,121.900
KBGR,MISC,ARNG OPS,41.200
KBGR,OPS,ANG OPS,31.100
KBGR,RDO,RDO,122.200
KBGR,TWR,TWR,120.700
KBGR,UNIC,UNICOM,122.950
KBHB,A/D,BANGOR APP/DEP,124.500
KBHB,AWOS,AWOS 3,118.025
KBHB,CLD,CLNC DEL,119.900
KBHB,UNIC,CTAF/UNICOM,123.000
KBHC,AWOS,AWOS A,37.600
KBHC,CNTR,JAX CNTR,132.300
KBHC,UNIC,CTAF/UNICOM,122.800
KBHK,ASOS,ASOS,135.475
KBHK,CNTR,SALT LAKE CITY CNTR,126.850
KBHK,CTAF,CTAF,122.900
KBHM,A/D,APP/DEP,123.800
KBHM,ATIS,ATIS,119.400
KBHM,CLD,CLNC DEL,125.675
KBHM,GND,GND,121.700
KBHM,OPS,ARNG OPS,38.700
KBHM,POST,ANG COMD POST,28.730
KBHM,RDO,ANNISTON RDO,122.200
KBHM,TWR,TWR,119.900
KBHM,UNIC,UNICOM,122.950
KBIE,AWOS,AWOS 3,110.600
KBIE,CNTR,MINNEAPOLIS CNTR,126.400
KBIE,RDO,COLUMBUS RDO,122.500
KBIE,UNIC,CTAF/UNICOM,122.800
KBIF,APP,EL PASO APP,119.150
KBIF,CLD,EL PASO CLNC DEL,125.000
KBIF,DEP,EL PASO DEP,121.300
KBIF,GND,GND,121.600
KBIF,OPS,ANG OPS,49.950
KBIF,PTD,PTD,122.700
KBIF,TWR,TWR,127.900
KBIH,A/D,OAKLAND CNTR,125.750
KBIH,ASOS,ASOS,119.025
KBIH,RDO,RIVERSIDE RDO,122.600
KBIH,UNIC,CTAF/UNICOM,123.000
KBIJ,A/D,CAIRNS APP/DEP,125.400
KBIJ,AWOS,AWOS 3,118.475
KBIJ,CTAF,CTAF,122.900
KBIJ,GCO,MACON FSS,121.725
KBIL,A/D,APP/DEP,119.200
KBIL,ATIS,ATIS,126.300
KBIL,CLD,CLNC DEL,121.900
KBIL,GND,GND,121.900
KBIL,RDO,GREAT FALLS RDO,122.550
KBIL,TWR,TWR,124.200
KBIL,UNIC,UNICOM,122.950
KBIS,A/D,APP/DEP,126.300
KBIS,ATIS,ATIS,119.350
KBIS,CTAF,CTAF,118.300
KBIS,GND,GND,121.900
KBIS,OPS,ARNG OPS,49.800
KBIS,RDO,GRAND FORKS RDO,122.200
KBIS,TWR,TWR,118.300
KBIS,UNIC,UNICOM,122.950
KBIV,A/D,MUSKEGON APP/DEP,119.800
KBIV,ASOS,ASOS,119.025
KBIV,CLD,MUSKEGON CLNC DEL,123.950
KBIV,RDO,LANSING RDO,112.100
KBIV,UNIC,CTAF/UNICOM,123.050
KBIX,A/D,GULFPORT APP/DEP,124.600
KBIX,ATIS,ATIS,25.600
KBIX,CLD,CLNC DEL,121.800
KBIX,GND,GND,121.800
KBIX,MISC,AEROMEDICAL EVAC,23.660
KBIX,PMSV,PMSV METRO,34.460
KBIX,POST,403 WG AFRC COMD,25.280
KBIX,PTD,PTD,37.220
KBIX,TWR,TWR,120.750
KBJC,A/D,DENVER APP/DEP,126.100
KBJC,ATIS,ATIS,126.250
KBJC,CTAF,CTAF,118.600
KBJC,GND,GND,121.700
KBJC,TWR,TWR,118.600
KBJI,AWOS,AWOS 3,119.275
KBJI,CNTR,MINNEAPOLIS CNTR,134.750
KBJI,RDO,PRINCETON RDO,123.600
KBJI,UNIC,CTAF/UNICOM,122.800
KBJJ,A/D,AKRON CANTON APP/DEP,118.600
KBJJ,ASOS,ASOS,118.075
KBJJ,CLD,CLNC DEL,121.750
KBJJ,UNIC,CTAF/UNICOM,122.800
KBKD,CNTR,FORT WORTH CNTR,127.000
KBKD,RDO,FORT WORTH RDO,122.500
KBKD,UNIC,CTAF/UNICOM,122.800
KBKE,ASOS,ASOS,134.275
KBKE,CNTR,SALT LAKE CITY CNTR,128.050
KBKE,UNIC,CTAF/UNICOM,123.000
KBKF,A/D,DENVER APP/DEP,128.450
KBKF,ATIS,ATIS,119.675
KBKF,GND,GND/CLNC DEL,121.600
KBKF,PMSV,PMSV METRO,22.845
KBKF,PTD,PTD,37.220
KBKF,TWR,TWR,121.000
KBKL,A/D,CLEVELAND APP/DEP,125.350
KBKL,ASOS,ASOS,125.250
KBKL,ATIS,ATIS,125.250
KBKL,CTAF,CTAF,124.300
KBKL,GND,GND,121.900
KBKL,TWR,LAKEFRONT TWR,124.300
KBKL,UNIC,UNICOM,122.950
KBKN,CNTR,KANSAS CITY CNTR,127.800
KBKN,CTAF,CTAF,122.800
KBKS,APP,KINGSVILLE APP,119.900
KBKS,AWOS,AWOS 3,118.125
KBKS,DEP,KINGSVILLE DEP,119.900
KBKS,UNIC,CTAF/UNICOM,122.800
KBKT,CNTR,WASHINGTON CNTR,118.750
KBKT,OPS,RANGE OPS,38.300
KBKT,TWR,TWR,38.300
KBKT,UNIC,CTAF/UNICOM,122.950
KBKV,A/D,TAMPA APP/DEP,125.300
KBKV,ASOS,ASOS,134.725
KBKV,CLD,TAMPA CLNC DEL,119.125
KBKV,OPS,ARNG OPS,40.900
KBKV,RDO,ST PETERSBURG RDO,122.300
KBKV,UNIC,CTAF/UNICOM,123.000
KBKW,A/D,CHARLESTON APP/DEP,118.950
KBKW,ASOS,ASOS,121.550
KBKW,AWOS,AWOS 3,124.650
KBKW,RDO,ELKINS RDO,117.700
KBKW,UNIC,CTAF/UNICOM,123.000
KBKX,AWOS,AWOS 3,108.800
KBKX,RDO,HURON RDO,122.650
KBKX,UNIC,CTAF/UNICOM,123.000
KBLF,ASOS,ASOS,132.725
KBLF,CNTR,INDIANAPOLIS CNTR,126.575
KBLF,CTAF,CTAF,122.900
KBLF,RDO,ELKINS RDO,122.200
KBLH,ASOS,ASOS,120.175
KBLH,CNTR,LOS ANGELES CNTR,128.150
KBLH,RDO,RIVERSIDE RDO,122.400
KBLH,UNIC,CTAF/UNICOM,122.800
KBLI,A/D,VICTORIA APP/DEP,132.700
KBLI,ATIS,ATIS,134.450
KBLI,CTAF,CTAF,124.900
KBLI,GND,GND,127.400
KBLI,RDO,SEATTLE RDO,122.150
KBLI,TWR,TWR,124.900
KBLI,UNIC,UNICOM,122.950
KBLM,A/D,MC GUIRE APP/DEP,124.150
KBLM,AWOS,AWOS 3,121.625
KBLM,CLD,MCGUIRE CLNC DEL,120.950
KBLM,RDO,MILLVILLE RDO,113.800
KBLM,UNIC,CTAF/UNICOM,123.000
KBLU,ASOS,ASOS,120.075
KBLU,CTAF,CTAF,122.900
KBLV,A/D,ST LOUIS APP/DEP,125.200
KBLV,ACP,126 ARW COMD POST,138.550
KBLV,ATIS,ATIS,128.700
KBLV,CLD,CLNC DEL,121.750
KBLV,GND,GND,119.200
KBLV,PMSV,PMSV METRO,23.980
KBLV,POST,375 AW COMD POST,130.650
KBLV,PTD,PTD,139.850
KBLV,TWR,TWR,118.650
KBLV,UNIC,UNICOM,122.950
KBMC,A/D,APP/DEP,121.100
KBMC,AWOS,AWOS 3,135.075
KBMC,CLD,CLNC DEL,126.000
KBMC,UNIC,CTAF/UNICOM,123.050
KBMG,A/D,HULMAN APP/DEP,128.025
KBMG,ASOS,ASOS,110.200
KBMG,CTAF,CTAF,120.775
KBMG,GND,GND,121.900
KBMG,RDO,TERRE HAUTE RDO,110.200
KBMG,TWR,BLOOMINGTON TWR,120.775
KBMG,UNIC,UNICOM,122.950
KBMI,A/D,PEORIA APP/DEP,118.050
KBMI,ASOS,ASOS,135.350
KBMI,ATIS,ATIS,135.350
KBMI,CTAF,CTAF,124.600
KBMI,GND,GND,121.650
KBMI,RDO,KANKAKEE RDO,108.200
KBMI,TWR,BLOOMINGTON TWR,124.600
KBMI,UNIC,UNICOM,122.950
KBML,ASOS,ASOS,135.175
KBML,RDO,BANGOR RDO/CLNC DEL,122.350
KBML,UNIC,CTAF/UNICOM,122.700
KBMQ,ASOS,ASOS,119.925
KBMQ,CNTR,HOUSTON CNTR,132.350
KBMQ,UNIC,CTAF/UNICOM,122.800
KBMT,A/D,APP/DEP,121.300
KBMT,CLD,CLNC DEL,121.750
KBMT,RDO,MONTGOMERY CO RDO,122.200
KBMT,UNIC,CTAF/UNICOM,123.000
KBNA,APP,APP,120.600
KBNA,ATIS,ATIS,135.100
KBNA,CLD,CLNC DEL,126.050
KBNA,DEP,DEP,118.400
KBNA,GND,GND,121.900
KBNA,MISC,ANG MAINT,138.100
KBNA,OPS,ANG OPS,32.290
KBNA,RDO,RDO,122.200
KBNA,TWR,TWR,118.600
KBNA,UNIC,UNICOM,122.950
KBNG,UNIC,CTAF/UNICOM,122.800
KBNL,A/D,JACKSONVILLE APP/DEP,132.500
KBNL,AWOS,AWOS 3,119.775
KBNL,UNIC,CTAF/UNICOM,122.800
KBNO,ASOS,ASOS,135.575
KBNO,RDO,MC MINNVILLE RDO,122.500
KBNO,UNIC,CTAF/UNICOM,122.800
KBNW,A/D,DES MOINES APP/DEP,123.900
KBNW,AWOS,AWOS 3,120.925
KBNW,OPS,ARNG OPS,36.700
KBNW,UNIC,CTAF/UNICOM,123.000
KBOI,A/D,APP/DEP,119.600
KBOI,ATIS,ATIS,123.900
KBOI,CLD,CLNC DEL,125.900
KBOI,CNTR,SALT LAKE CITY CNTR,128.050
KBOI,GND,GND,121.700
KBOI,MISC,ANG OPS,29.870
KBOI,OPS,ARNG OPS,41.500
KBOI,RDO,RDO,122.200
KBOI,TWR,TWR,118.100
KBOI,UNIC,UNICOM,122.950
KBOS,APP,BOSTON APP NORTH,118.250
KBOS,APP,BOSTON APP WEST,120.600
KBOS,APP,BOSTON APP SOUTH,127.200
KBOS,ATIS,ATIS,135.000
KBOS,CLD,CLNC DEL,121.650
KBOS,DEP,BOSTON DEP,133.000
KBOS,GND,BOSTON GROUND,121.750
KBOS,GND,GND,121.900
KBOS,GTE,GATE,134.050
KBOS,RDO,BRIDGEPORT RDO,122.400
KBOS,TWR,BOSTON TWR WEST,128.800
KBOS,TWR,BOSTON TWR EAST,132.225
KBOS,UNIC,UNICOM,122.950
KBOW,A/D,TAMPA APP/DEP,120.650
KBOW,AWOS,AWOS 3,123.775
KBOW,CTAF,CTAF,121.200
KBOW,GND,GND,121.900
KBOW,TWR,TWR,121.200
KBOW,UNIC,UNICOM,122.950
KBPG,AWOS,AWOS 3,118.025
KBPG,CNTR,FORT WORTH CNTR,133.700
KBPG,FSS,SAN ANGELO RDO,122.400
KBPG,UNIC,CTAF/UNICOM,122.800
KBPI,ASOS,ASOS,135.225
KBPI,RDO,CASPER RDO,122.300
KBPI,UNIC,CTAF/UNICOM,122.800
KBPK,ASOS,ASOS,133.975
KBPK,CNTR,MEMPHIS CNTR,126.850
KBPK,UNIC,CTAF/UNICOM,123.000
KBPT,A/D,BEAUMONT APP/DEP,121.300
KBPT,ATIS,ATIS,126.300
KBPT,CLD,CLNC DEL,118.300
KBPT,CTAF,CTAF,119.500
KBPT,GND,GND,121.900
KBPT,RDO,MONTGOMERY CO RDO,122.200
KBPT,TWR,BEAUMONT TWR,119.500
KBPT,UNIC,UNICOM,122.950
KBQK,AWOS,AWOS 3,124.175
KBQK,CLD,CLNC DEL,126.750
KBQK,CNTR,JACKSONVILLE CNTR,126.750
KBQK,RDO,MACON RDO,122.200
KBQK,UNIC,CTAF/UNICOM,122.800
KBQP,A/D,MONROE APP/DEP,126.900
KBQP,AWOS,AWOS 3,32.900
KBQP,UNIC,CTAF/UNICOM,122.800
KBQR,UNIC,CTAF/UNICOM,123.050
KBRD,ASOS,ASOS,126.775
KBRD,CNTR,MINNEAPOLIS CNTR,118.050
KBRD,RDO,PRINCETON RDO,123.650
KBRD,UNIC,CTAF/UNICOM,122.700
KBRL,ASOS,ASOS,118.025
KBRL,CNTR,CHICAGO CNTR,135.600
KBRL,RDO,FORT DODGE RDO,122.650
KBRL,UNIC,CTAF/UNICOM,123.000
KBRO,A/D,VALLEY APP/DEP,119.500
KBRO,ATIS,ATIS,128.550
KBRO,CTAF,CTAF,118.900
KBRO,GND,GND,121.900
KBRO,RDO,SAN ANGELO RDO,122.300
KBRO,TWR,TWR,118.900
KBRO,UNIC,UNICOM,122.950
KBRY,A/D,LOUISVILLE APP/DEP,123.675
KBRY,AWOS,AWOS 3,119.925
KBRY,UNIC,CTAF/UNICOM,122.800
KBST,APP,BANGOR APP/DEP,118.925
KBST,CLD,CLNC DEL,121.975
KBST,UNIC,CTAF/UNICOM,122.800
KBTA,CTAF,CTAF,122.900
KBTF,CLD,SALT LAKE CITY,120.700
KBTF,UNIC,CTAF/UNICOM,122.800
KBTL,A/D,KALAMAZOO APP/DEP,119.200
KBTL,ATIS,ATIS,128.325
KBTL,CTAF,CTAF,118.500
KBTL,GND,GND,121.700
KBTL,OPS,ANG OPS,32.350
KBTL,RDO,LANSING RDO,122.200
KBTL,TWR,BATTLE CREEK TWR,126.825
KBTL,UNIC,UNICOM,122.950
KBTM,ASOS,ASOS,135.175
KBTM,CNTR,SALT LAKE CITY CNTR,132.400
KBTM,RDO,GREAT FALLS RDO,122.200
KBTM,UNIC,CTAF/UNICOM,123.000
KBTN,CNTR,MINNEAPOLIS CNTR,120.600
KBTN,UNIC,CTAF/UNICOM,122.800
KBTP,A/D,PITTSBURGH APP/DEP,124.750
KBTP,AWOS,AWOS 3,121.450
KBTP,CLD,PITTSBURGH CLNC DEL,119.400
KBTP,CTAF,,123.050
KBTP,RDO,ALTOONA RDO,115.800
KBTP,UNIC,CTAF/UNICOM,123.050
KBTR,A/D,APP/DEP,120.300
KBTR,ATIS,ATIS,125.200
KBTR,CLD,CLNC DEL,119.400
KBTR,CTAF,CTAF,118.450
KBTR,GND,GND,121.900
KBTR,RDO,DE RIDDER RDO,122.200
KBTR,TWR,TWR,118.450
KBTR,UNIC,UNICOM,122.950
KBTV,A/D,APP/DEP,121.100
KBTV,ATIS,ATIS,123.800
KBTV,CTAF,CTAF,118.300
KBTV,GND,GND,121.900
KBTV,MISC,ANG OPS,125.125
KBTV,OPS,ARNG OPS,41.200
KBTV,RDO,RDO,122.200
KBTV,TWR,TWR,118.300
KBTV,UNIC,UNICOM,122.950
KBTY,CTAF,CTAF,122.900
KBTY,RDO,RENO RDO,114.700
KBUB,CNTR,DENVER CNTR,132.700
KBUB,CTAF,CTAF,122.900
KBUF,A/D,Buffalo APP/DEP,126.150
KBUF,ATIS,ATIS,135.350
KBUF,CLD,CLNC DEL,124.700
KBUF,GND,GND,133.200
KBUF,RDO,RDO,122.600
KBUF,TWR,TWR,120.500
KBUM,CNTR,KANSAS CITY CNTR,125.550
KBUM,CTAF,CTAF,122.900
KBUM,RDO,COLUMBIA RDO,115.900
KBUR,A/D,SOCAL APP/DEP,120.400
KBUR,ATIS,ATIS,134.500
KBUR,CLD,CLNC DEL,118.000
KBUR,GND,GND,123.900
KBUR,RDO,HAWTHORNE RDO,122.350
KBUR,TWR,TWR,118.700
KBUR,UNIC,UNICOM,122.950
KBUU,A/D,MILWAUKEE APP/DEP,125.350
KBUU,AWOS,AWOS 3,114.500
KBUU,UNIC,CTAF/UNICOM,123.050
KBUY,A/D,GREENSBORO APP/DEP,118.500
KBUY,ASOS,ASOS,135.325
KBUY,CLD,CLNC DEL,120.250
KBUY,UNIC,CTAF/UNICOM,122.975
KBVI,A/D,PITTSBURGH APP/DEP,124.750
KBVI,ATIS,ATIS,118.350
KBVI,CLD,PITTSBURGH CLNC DEL,124.850
KBVI,CTAF,CTAF,120.300
KBVI,GND,GND,121.800
KBVI,RDO,ALTOONA RDO,115.800
KBVI,TWR,TWR,120.300
KBVN,AWOS,AWOS 3,118.575
KBVN,CNTR,MINNEAPOLIS CNTR,128.000
KBVN,CTAF,CTAF,122.900
KBVO,AAS,ADVSY SVC,120.000
KBVO,ASOS,ASOS,132.675
KBVO,CNTR,KANSAS CITY CNTR,128.800
KBVO,CTAF,CTAF,120.000
KBVO,RDO,MC ALESTER RDO,123.600
KBVO,UNIC,UNICOM,123.000
KBVS,A/D,WHIDBEY APP/DEP,120.700
KBVS,AWOS,AWOS 3,121.125
KBVS,UNIC,CTAF/UNICOM,123.075
KBVX,AWOS,AWOS 3,126.850
KBVX,CNTR,MEMPHIS CNTR,126.850
KBVX,RDO,JONESBORO RDO,122.250
KBVX,UNIC,CTAF/UNICOM,122.800
KBVY,A/D,BOSTON APP/DEP,124.400
KBVY,ATIS,ATIS,119.200
KBVY,CTAF,CTAF,125.200
KBVY,GND,GND,121.600
KBVY,TWR,TWR,125.200
KBVY,UNIC,UNICOM,122.950
KBWC,CNTR,LOS ANGELES CNTR,128.600
KBWC,CTAF,CTAF,122.900
KBWD,AWOS,AWOS 3,118.325
KBWD,CNTR,FORT WORTH CNTR,127.450
KBWD,RDO,FORT WORTH RDO,122.500
KBWD,UNIC,CTAF/UNICOM,122.800
KBWG,ASOS,ASOS,127.825
KBWG,CNTR,MEMPHIS CNTR,133.850
KBWG,RDO,LOUISVILLE RDO,122.200
KBWG,UNIC,CTAF/UNICOM,123.000
KBWI,APP,POTOMAC APP,119.000
KBWI,ATIS,ATIS,115.100
KBWI,CLD,CLNC DEL,118.050
KBWI,DEP,POTOMAC DEP,126.750
KBWI,GND,GND,121.900
KBWI,RDO,LEESBURG RDO,122.200
KBWI,TWR,TWR,119.400
KBWI,UNIC,UNICOM,122.950
KBWP,AWOS,AWOS 3,127.875
KBWP,RDO,GRAND FORKS RDO,122.425
KBWP,UNIC,CTAF/UNICOM,123.000
KBXA,AWOS,AWOS 3,118.025
KBXA,CNTR,HOUSTON CNTR,133.500
KBXA,UNIC,CTAF/UNICOM,122.800
KBXG,A/D,AUGUSTA APP/DEP,126.800
KBXG,CNTR,ATLANTA CNTR,128.100
KBXG,CTAF,CTAF,122.900
KBXK,RDO,PRESCOTT RDO,110.600
KBXK,UNIC,CTAF/UNICOM,122.800
KBXM,A/D,APP/DEP,118.150
KBXM,ATIS,ATIS,120.550
KBXM,CLD,CLNC DEL,134.100
KBXM,GND,GND,134.550
KBXM,OPS,BASE OPS,25.750
KBXM,PMSV,PMSV METRO,26.400
KBXM,TWR,TWR,119.600
KBYG,ASOS,ASOS,135.425
KBYG,RDO,CASPER RDO,122.025
KBYG,UNIC,CTAF/UNICOM,122.800
KBYH,CNTR,MEMPHIS CNTR,134.650
KBYH,UNIC,CTAF/UNICOM,122.700
KBYI,A/D,TWIN FALLS APP/DEP,126.700
KBYI,ASOS,ASOS,135.575
KBYI,CNTR,SALT LAKE CITY CNTR,118.050
KBYI,CTAF,CTAF,122.900
KBYI,RDO,BOISE RDO,122.050
KBYS,A/G,DESERT RDO NORTH,41.650
KBYS,INFO,DESERT RDO ROZ 1,41.500
KBYS,RDO,DESERT RDO SOUTH,41.000
KBYY,AWOS,AWOS 3,118.075
KBYY,CNTR,HOUSTON CNTR,128.600
KBYY,UNIC,CTAF/UNICOM,122.800
KBZN,ATIS,ATIS,135.425
KBZN,CNTR,SALT LAKE CITY CNTR,132.400
KBZN,CTAF,CTAF,118.200
KBZN,GND,GND,121.800
KBZN,RDO,GREAT FALLS RDO,122.500
KBZN,TWR,BOZEMAN TWR,118.200
KBZN,UNIC,UNICOM,122.950
KCAD,AWOS,AWOS 3,128.325
KCAD,CNTR,MINNEAPOLIS CNTR,132.900
KCAD,UNIC,CTAF/UNICOM,122.800
KCAE,A/D,APP/DEP,124.150
KCAE,ATIS,ATIS,120.150
KCAE,CLD,CLNC DEL,119.750
KCAE,GND,GND,121.900
KCAE,RDO,ANDERSON RDO,122.650
KCAE,TWR,TWR,119.500
KCAE,UNIC,UNICOM,122.950
KCAG,ASOS,ASOS,135.425
KCAG,CNTR,DENVER CNTR,120.475
KCAG,UNIC,CTAF/UNICOM,122.800
KCAK,A/D,APP/DEP,118.600
KCAK,A/D,APP/DEP,32.300
KCAK,ATIS,ATIS,121.050
KCAK,CLD,CLNC DEL,132.050
KCAK,GND,GND,121.700
KCAK,OPS,ARNG OPS,41.100
KCAK,RDO,CLEVELAND RDO,114.400
KCAK,TWR,TWR,118.300
KCAK,UNIC,UNICOM,122.950
KCAO,ARTC,ALBUQUERQUE CNTR,127.850
KCAO,ASOS,ASOS,120.625
KCAO,UNIC,CTAF/UNICOM,122.800
KCAR,ASOS,ASOS,135.125
KCAR,CNTR,BOSTON CNTR,124.750
KCAR,RDO,BANGOR RDO,122.300
KCAR,UNIC,CTAF/UNICOM,122.800
KCAV,A/D,MINNEAPOLIS CNTR,134.000
KCAV,AWOS,AWOS 3,126.575
KCAV,FSS,FORT DODGE RDO,122.300
KCAV,UNIC,CTAF/UNICOM,122.800
KCBE,AWOS,AWOS 3,128.625
KCBE,CNTR,CLEVELAND CNTR,124.400
KCBE,RDO,ELKINS RDO,122.350
KCBE,UNIC,CTAF/UNICOM,122.800
KCBF,A/D,OMAHA APP/DEP,124.500
KCBF,AWOS,AWOS 3,126.575
KCBF,UNIC,CTAF/UNICOM,122.800
KCBG,AWOS,AWOS 3,121.125
KCBG,CNTR,MINNEAPOLIS CNTR,121.050
KCBG,UNIC,CTAF/UNICOM,122.800
KCBK,AWOS,AWOS 3,118.175
KCBK,CNTR,DENVER CNTR,132.500
KCBK,UNIC,CTAF/UNICOM,122.800
KCBM,APP,APP,126.075
KCBM,ATIS,ATIS,115.200
KCBM,CLD,CLNC DEL,33.860
KCBM,DEP,DEP,132.050
KCBM,GND,GND,121.900
KCBM,MISC,SOF,25.210
KCBM,PMSV,PMSV METRO,34.460
KCBM,PTD,PTD,37.600
KCBM,TWR,TWR,128.650
KCCB,A/D,SOCAL APP/DEP,125.500
KCCB,UNIC,CTAF/UNICOM,123.000
KCCO,A/D,ATLANTA APP/DEP,119.800
KCCO,AWOS,AWOS 3,118.975
KCCO,CLD,CLNC DEL,119.800
KCCO,UNIC,CTAF/UNICOM,122.800
KCCR,A/D,TRAVIS APP/DEP,119.900
KCCR,ATIS,ATIS,124.700
KCCR,CLD,CLNC DEL,118.750
KCCR,CTAF,CTAF,119.700
KCCR,GND,GND,121.900
KCCR,TWR,CONCORD TWR,119.700
KCCR,UNIC,UNICOM,122.950
KCCY,A/D,WATERLOO APP/DEP,118.900
KCCY,AWOS,AWOS 3,125.525
KCCY,RDO,FORT DODGE RDO,122.400
KCCY,UNIC,CTAF/UNICOM,122.800
KCDA,A/D,BOSTON APP/DEP,125.700
KCDA,AWOS,AWOS 3,119.275
KCDA,UNIC,CTAF/UNICOM,122.800
KCDC,ASOS,ASOS,119.025
KCDC,CTAF,CTAF,123.600
KCDC,RDO,RDO,122.200
KCDC,UNIC,UNICOM,122.950
KCDH,A/D,FORT WORTH CNTR,126.320
KCDH,UNIC,CTAF/UNICOM,122.700
KCDI,AWOS,AWOS 3,118.525
KCDI,CNTR,CLEVELAND CNTR,120.400
KCDI,CNTR,INDIANAPOLIS CNTR,124.450
KCDI,UNIC,CTAF/UNICOM,123.075
KCDN,A/D,SHAW APP/DEP,125.400
KCDN,AWOS,AWOS 3,119.975
KCDN,UNIC,CTAF/UNICOM,123.000
KCDR,ASOS,ASOS,118.050
KCDR,CNTR,DENVER CNTR,127.950
KCDR,FSS,COLUMBUS RDO,122.500
KCDR,UNIC,CTAF/UNICOM,122.800
KCDS,ASOS,ASOS,135.125
KCDS,CNTR,FORT WORTH CNTR,133.500
KCDS,RDO,FORT WORTH RDO,122.450
KCDS,UNIC,CTAF/UNICOM,122.800
KCDW,APP,NEW YORK APP,127.600
KCDW,ATIS,ATIS,135.500
KCDW,CLD,CLNC DEL,121.100
KCDW,CTAF,CTAF,119.800
KCDW,DEP,NEW YORK DEP,119.200
KCDW,GND,GND,121.900
KCDW,TWR,TWR,119.800
KCDW,UNIC,UNICOM,122.950
KCEA,A/D,WICHITA APP/DEP,134.800
KCEA,CLD,WICHITA CLNC DEL,125.000
KCEA,CTAF,CTAF,122.900
KCEA,TWR,MC CONNELL TWR,127.250
KCEC,ASOS,ASOS,119.925
KCEC,CNTR,SEATTLE CNTR,124.850
KCEC,CTAF,CTAF,122.800
KCEC,RDO,OAKLAND RDO,122.300
KCEC,UNIC,UNICOM,122.800
KCEF,A/D,BRADLEY APP/DEP,125.350
KCEF,ATIS,ATIS,114.000
KCEF,GND,GND,118.350
KCEF,PMSV,PMSV METRO,27.475
KCEF,POST,COMD POST 439 AW,25.210
KCEF,PTD,PTD,37.220
KCEF,TWR,TWR,134.850
KCEF,UNIC,UNICOM,123.000
KCEK,A/D,LINCOLN APP/DEP,124.000
KCEK,UNIC,CTAF/UNICOM,122.800
KCEU,A/D,GREER APP/DEP,118.800
KCEU,ASOS,ASOS,119.275
KCEU,UNIC,CTAF/UNICOM,122.700
KCEV,A/D,DAYTON APP/DEP,134.450
KCEV,AWOS,AWOS 3,118.325
KCEV,UNIC,CTAF/UNICOM,122.800
KCEW,A/D,EGLIN APP/DEP,124.050
KCEW,ASOS,ASOS,119.275
KCEW,RDO,GAINESVILLE RDO,122.000
KCEW,UNIC,CTAF/UNICOM,122.950
KCEY,AWOS,AWOS 3,119.975
KCEY,CNTR,MEMPHIS CNTR,133.650
KCEY,UNIC,CTAF/UNICOM,122.700
KCEZ,ASOS,ASOS,135.625
KCEZ,CNTR,DENVER CNTR,118.575
KCEZ,RDO,DENVER RDO,122.300
KCEZ,UNIC,CTAF/UNICOM,122.800
KCFD,CNTR,HOUSTON CNTR,120.400
KCFD,UNIC,CTAF/UNICOM,123.000
KCFE,CTAF,,122.800
KCFJ,A/D,INDIANAPOLIS APP/DEP,119.050
KCFJ,UNIC,CTAF/UNICOM,122.800
KCFS,A/D,SAGINAW APP/DEP,120.950
KCFS,AWOS,AWOS 3,119.275
KCFS,RCO,RCO,121.725
KCFS,UNIC,CTAF/UNICOM,123.000
KCFT,CTAF,CTAF,122.900
KCFV,ASOS,ASOS,121.275
KCFV,CNTR,KANSAS CITY CNTR,132.900
KCFV,UNIC,CTAF/UNICOM,123.000
KCGC,A/D,JACKSONVILLE APP/DEP,118.600
KCGC,AWOS,AWOS 3,118.325
KCGC,UNIC,CTAF/UNICOM,122.725
KCGE,A/D,PATUXENT APP/DEP,127.950
KCGE,AWOS,AWOS 3,120.675
KCGE,UNIC,CTAF/UNICOM,122.700
KCGF,A/D,CLEVELAND APP/DEP,125.350
KCGF,CTAF,CTAF,118.500
KCGF,GCCD,GND/CLNC DEL,121.850
KCGF,TWR,COUNTY TWR,118.500
KCGF,UNIC,UNICOM,122.950
KCGI,ASOS,ASOS,120.550
KCGI,CNTR,MEMPHIS CNTR,133.650
KCGI,CTAF,CTAF,119.000
KCGI,GND,GND,121.600
KCGI,RDO,ST LOUIS RDO,122.400
KCGI,TWR,TWR,119.000
KCGI,UNIC,UNICOM,122.950
KCGS,A/D,POTOMAC APP/DEP,119.850
KCGS,AWOS,AWOS 3,121.225
KCGS,UNIC,CTAF/UNICOM,122.975
KCGZ,AWOS,AWOS 3,132.175
KCGZ,CNTR,ALBUQUERQUE CNTR,125.400
KCGZ,UNIC,CTAF/UNICOM,122.700
KCHA,APP,CHATTANOOGA APP,119.200
KCHA,APP,CHATTANOOGA APP,122.500
KCHA,ATIS,ATIS,119.850
KCHA,CLD,CLNC DEL,120.950
KCHA,CTAF,CTAF,118.300
KCHA,DEP,CHATTANOOGA DEP,119.200
KCHA,GND,GND,121.700
KCHA,OPS,ARNG OPS,41.500
KCHA,TWR,CHATTANOOGA TWR,118.300
KCHA,UNIC,UNICOM,122.950
KCHD,A/D,PHOENIX APP/DEP,123.700
KCHD,ATIS,ATIS,128.325
KCHD,AWOS,AWOS 3,128.325
KCHD,GND,GND,124.400
KCHD,TWR,TWR,126.100
KCHD,UNIC,UNICOM,122.950
KCHK,A/D,OKE CITY APP/DEP,124.600
KCHK,AWOS,AWOS 3,118.175
KCHK,UNIC,CTAF/UNICOM,123.000
KCHN,CNTR,MIAMI CNTR,134.550
KCHN,CTAF,CTAF,122.900
KCHO,A/D,POTOMAC APP/DEP,132.850
KCHO,ASOS,ASOS,118.425
KCHO,ATIS,ATIS,118.425
KCHO,CTAF,CTAF,124.500
KCHO,GND,GND,121.900
KCHO,RDO,LEESBURG RDO,122.200
KCHO,TWR,TWR,124.500
KCHO,UNIC,UNICOM,122.950
KCHQ,CNTR,MEMPHIS CNTR,133.650
KCHQ,CTAF,CTAF,122.900
KCHS,APP,APP,119.300
KCHS,APP,APP,30.692
KCHS,ATIS,ATIS,124.750
KCHS,CLD,CLNC DEL,118.000
KCHS,DEP,DEP,120.700
KCHS,GND,GND,121.900
KCHS,PMSV,PMSV  METRO,34.460
KCHS,POST,CONSOLIDATED COMD,134.100
KCHS,PTD,PTD,37.220
KCHS,RDO,ANDERSON RDO,122.200
KCHS,TWR,TWR,126.000
KCHS,UNIC,UNICOM,122.950
KCHT,AWOS,AWOS 3,118.175
KCHT,CNTR,KANSAS CITY CNTR,125.250
KCHT,RDO,COLUMBIA RDO,122.250
KCHT,UNIC,CTAF/UNICOM,122.800
KCHU,CNTR,MINNEAPOLIS CNTR,128.600
KCHU,CTAF,CTAF,122.900
KCHU,RDO,PRINCETON RDO,122.100
KCIC,AWOS,AWOS 3,119.675
KCIC,CNTR,OAKLAND CNTR,132.200
KCIC,CTAF,CTAF,121.000
KCIC,GND,GND,121.900
KCIC,RDO,RANCHO RDO,109.800
KCIC,TWR,TWR,121.000
KCIC,UNIC,UNICOM,122.950
KCID,A/D,APP/DEP (091-269),119.700
KCID,A/D,APP/DEP  (270-090),134.050
KCID,ATIS,ATIS,124.150
KCID,CLD,CLNC DEL,125.450
KCID,CTAF,CTAF,118.700
KCID,GND,GND,121.600
KCID,RDO,FORT DODGE RDO,122.550
KCID,TWR,TWR,118.700
KCID,UNIC,UNICOM,122.950
KCII,CNTR,SALT LAKE CITY CNTR,133.400
KCII,FSS,GREAT FALLS RDO,122.600
KCII,UNIC,CTAF/UNICOM,122.800
KCIN,AWOS,AWOS 3,118.025
KCIN,CNTR,MINNEAPOLIS CNTR,134.000
KCIN,UNIC,CTAF/UNICOM,122.800
KCIR,AWOS,AWOS 3,118.025
KCIR,CNTR,MEMPHIS CNTR,133.650
KCIR,UNIC,CTAF/UNICOM,122.800
KCIU,AWOS,AWOS 3,127.575
KCIU,CNTR,TORONTO CNTR,132.650
KCIU,RDO,GREEN BAY RDO,123.650
KCIU,UNIC,CTAF/UNICOM,123.000
KCJR,A/D,POTOMAC APP/DEP,124.650
KCJR,AWOS,AWOS 3,120.025
KCJR,RCO,LEESBURG RDO,116.300
KCJR,UNIC,CTAF/UNICOM,123.075
KCKA,MISC,DOGFACE,38.625
KCKB,A/D,CLARKSBURG APP/DEP,119.600
KCKB,ATIS,ATIS,127.825
KCKB,CTAF,CTAF,126.700
KCKB,GND,GND,121.900
KCKB,OPS,ARNG OPS,139.050
KCKB,RDO,ELKINS RDO,112.600
KCKB,TWR,CLARKSBURG TWR,126.700
KCKB,UNIC,UNICOM,123.000
KCKC,AWOS,AWOS 3,119.925
KCKC,RDO,PRINCETON RDO,122.300
KCKC,UNIC,CTAF/UNICOM,122.800
KCKF,AWOS,AWOS 3,119.325
KCKF,CNTR,JACKSONVILLE CNTR,125.750
KCKF,UNIC,CTAF/UNICOM,123.050
KCKI,A/D,MYRTLE BEACH APP/DEP,127.400
KCKI,UNIC,CTAF/UNICOM,122.700
KCKM,AWOS,AWOS 3,120.675
KCKM,CNTR,MEMPHIS CNTR,135.300
KCKM,UNIC,CTAF/UNICOM,122.800
KCKN,A/D,GRAND FORKS APP/DEP,118.100
KCKN,AWOS,AWOS 3,40.000
KCKN,CLD,CLNC DEL,118.150
KCKN,UNIC,CTAF/UNICOM,122.700
KCKP,AWOS,AWOS 3,119.225
KCKP,CNTR,MINNEAPOLIS CNTR,124.100
KCKP,UNIC,CTAF/UNICOM,122.800
KCKV,A/D,CAMPBELL APP/DEP,134.350
KCKV,ASOS,ASOS,134.575
KCKV,UNIC,CTAF/UNICOM,122.800
KCKZ,A/D,PHILADELPHIA APP/DEP,123.800
KCKZ,AWOS,AWOS 3,108.850
KCKZ,CLD,CLNC DEL,118.550
KCKZ,UNIC,CTAF/UNICOM,123.000
KCLE,APP,APP,119.625
KCLE,ATIS,ATIS,127.850
KCLE,CLD,CLNC DEL,125.050
KCLE,DEP,DEP,118.150
KCLE,GND,GND,121.700
KCLE,RDO,RDO,122.200
KCLE,RMP,RAMP CON,129.170
KCLE,TWR,TWR,120.900
KCLE,UNIC,UNICOM,122.950
KCLI,A/D,GREEN BAY APP/DEP,126.300
KCLI,AWOS,AWOS 3,120.675
KCLI,UNIC,CTAF/UNICOM,122.800
KCLK,A/D,FORT WORTH CNTR,128.400
KCLK,ASOS,AWOS,119.225
KCLK,UNIC,CTAF/UNICOM,122.800
KCLL,ATIS,ATIS,126.850
KCLL,CNTR,HOUSTON CNTR,120.400
KCLL,CTAF,CTAF,118.500
KCLL,GND,GND,128.700
KCLL,RDO,MONTGOMERY CO RDO,122.200
KCLL,TWR,TWR,118.500
KCLL,UNIC,UNICOM,122.950
KCLM,A/D,WHIDBEY APP/DEP,118.200
KCLM,ASOS,ASOS,135.175
KCLM,CLD,CLNC DEL,124.150
KCLM,RDO,SEATTLE RDO,122.600
KCLM,UNIC,CTAF/UNICOM,123.000
KCLR,ARTC,LOS ANGELES CNTR,128.600
KCLR,CTAF,CTAF,122.900
KCLS,APP,SEATTLE APP,121.100
KCLS,DEP,SEATTLE DEP,124.200
KCLS,UNIC,CTAF/UNICOM,122.800
KCLT,A/D,APP/DEP,120.050
KCLT,ATIS,ATIS,121.150
KCLT,CLD,CLNC DEL,127.150
KCLT,GND,GND,121.800
KCLT,POST,BASE OPS COMD POST,29.220
KCLT,RDO,RALEIGH RDO,122.400
KCLT,TWR,TWR,118.100
KCLT,UNIC,UNICOM,122.950
KCLW,A/D,TAMPA APP/DEP,125.300
KCLW,UNIC,CTAF/UNICOM,123.000
KCMA,A/D,PT MUGU APP/DEP,124.700
KCMA,ATIS,ATIS,126.025
KCMA,CLD,CLNC DEL,121.800
KCMA,CTAF,CTAF,128.200
KCMA,GND,GND,121.800
KCMA,TWR,TWR,128.200
KCMD,A/D,HUNTSVILLE APP/DEP,118.050
KCMD,AWOS,AWOS 3,124.175
KCMD,UNIC,CTAF/UNICOM,122.800
KCMH,A/D,COLUMBUS APP/DEP,118.200
KCMH,A/D,COLUMBUS APP/DEP,33.822
KCMH,ATIS,ATIS,124.600
KCMH,CLD,CLNC DEL,126.300
KCMH,GND,GND,121.900
KCMH,RDO,DAYTON RDO,122.200
KCMH,TWR,TWR,132.700
KCMH,UNIC,UNICOM,122.950
KCMI,A/D,CHAMPAIGN APP/DEP,121.350
KCMI,ATIS,ATIS,124.850
KCMI,CLD,CLNC DEL,128.750
KCMI,CTAF,CTAF,120.400
KCMI,GND,GND,121.800
KCMI,RDO,ST LOUIS RDO,110.000
KCMI,TWR,CHAMPAIGN TWR,118.250
KCMI,UNIC,UNICOM,122.950
KCMR,AWOS,AWOS 3,121.125
KCMR,RDO,PRESCOTT RDO,122.300
KCMR,UNIC,CTAF/UNICOM,122.800
KCMX,ASOS,ASOS,125.675
KCMX,CNTR,MINNEAPOLIS CNTR,127.200
KCMX,RDO,GREEN BAY RDO,122.525
KCMX,UNIC,CTAF/UNICOM,122.700
KCMY,A/D,VOLK APP/DEP,135.250
KCMY,AWOS,AWOS 3,118.375
KCMY,CTAF,CTAF,124.600
KCMY,MISC,RANGE,41.900
KCMY,TWR,TWR,38.500
KCNB,A/D,MINNEAPOLIS CNTR,128.500
KCNB,AWOS,AWOS 3,118.575
KCNB,CTAF,CTAF,122.900
KCNC,A/D,DES MOINES APP/DEP,135.200
KCNC,AWOS,AWOS 3,125.525
KCNC,UNIC,CTAF/UNICOM,122.800
KCNH,CNTR,BOSTON CNTR,134.700
KCNH,RDO,BANGOR RDO,122.400
KCNH,UNIC,CTAF/UNICOM,122.700
KCNK,ASOS,ASOS,121.225
KCNK,CNTR,KANSAS CITY CNTR,134.900
KCNK,UNIC,CTAF/UNICOM,122.800
KCNM,ASOS,ASOS,118.375
KCNM,CNTR,ALBUQUERQUE CNTR,135.875
KCNM,RDO,ALBUQUERQUE RDO,122.650
KCNM,UNIC,CTAF/UNICOM,122.950
KCNO,A/D,SOCAL APP/DEP,135.400
KCNO,ATIS,ATIS,125.850
KCNO,CTAF,CTAF,118.500
KCNO,GND,GND,121.600
KCNO,TWR,TWR,118.500
KCNO,UNIC,UNICOM,122.950
KCNP,CNTR,DENVER CNTR,118.475
KCNP,CTAF,CTAF,122.900
KCNU,ASOS,ASOS,127.075
KCNU,CNTR,KANSAS CITY CNTR,132.900
KCNU,RDO,WICHITA RDO,122.350
KCNU,UNIC,CTAF/UNICOM,122.700
KCNW,APP,WACO APP,135.200
KCNW,AWOS,AWOS 3,134.225
KCNW,CTAF,CTAF,124.000
KCNW,DEP,WACO DEP,126.125
KCNW,GND,GND,121.700
KCNW,MISC,CTAS RDO,123.550
KCNW,RDO,FORT WORTH RDO,122.150
KCNW,TWR,TWR,124.000
KCNW,UNIC,UNICOM,122.950
KCNY,ASOS,ASOS,118.525
KCNY,CNTR,DENVER CNTR,134.500
KCNY,RDO,CEDAR CITY RDO,122.300
KCNY,UNIC,CTAF/UNICOM,122.800
KCOD,AWOS,AWOS 3,135.075
KCOD,CNTR,SALT LAKE CITY CNTR,133.250
KCOD,RDO,CASPER RDO,122.300
KCOD,UNIC,CTAF/UNICOM,122.800
KCOE,A/D,SPOKANE APP/DEP,132.100
KCOE,AWOS,AWOS 3,135.075
KCOE,CNTR,SEATTLE CNTR,123.950
KCOE,RDO,BOISE RDO,122.050
KCOE,UNIC,CTAF/UNICOM,122.800
KCOF,A/D,ORLANDO APP/DEP,132.650
KCOF,ATIS,ATIS,119.175
KCOF,CLD,CLNC DEL,118.400
KCOF,GND,GND,124.350
KCOF,OPS,RESCUE OPS,138.475
KCOF,OPS,KING OPS,150.350
KCOF,OPS,BEACH OPS,311.000
KCOF,PMSV,PMSV METRO,344.600
KCOF,PTD,PTD,139.300
KCOF,TWR,TWR,133.750
KCOI,A/D,ORLANDO APP/DEP,134.950
KCOI,ASOS,ASOS,119.025
KCOI,CTAF,CTAF/UNICOM,122.975
KCOM,CNTR,FORT WORTH CNTR,127.345
KCOM,UNIC,CTAF/UNICOM,122.800
KCON,A/D,BOSTON APP/DEP,127.350
KCON,ASOS,ASOS,132.320
KCON,CLD,CLNC DEL,133.650
KCON,OPS,ARNG OPS,32.100
KCON,RDO,BANGOR RDO,122.300
KCON,UNIC,CTAF/UNICOM,122.700
KCOQ,A/D,DULUTH APP/DEP,125.450
KCOQ,AWOS,AWOS 3,118.525
KCOQ,CLD,DULUTH CLNC DEL,122.150
KCOQ,UNIC,CTAF/UNICOM,122.800
KCOS,APP,SPRINGS APP,118.500
KCOS,ATIS,ATIS,125.000
KCOS,CLD,CLNC DEL,134.450
KCOS,CTAF,CTAF,124.150
KCOS,DEP,SPRINGS DEP,124.000
KCOS,GND,GND,121.700
KCOS,OPS,AFRC OPS,29.840
KCOS,PMSV,PMSV PETERSON METRO,34.920
KCOS,PTD,PETERSON PTD,122.850
KCOS,RDO,DENVER RDO,122.250
KCOS,TWR,SPRINGS TWR,119.900
KCOS,UNIC,UNICOM,122.950
KCOT,ASOS,ASOS,134.075
KCOT,CNTR,HOUSTON CNTR,134.600
KCOT,RDO,SAN ANGELO RDO,122.200
KCOT,UNIC,CTAF/UNICOM,122.700
KCOU,A/D,MIZZU APP/DEP,124.375
KCOU,ATIS,ATIS,128.450
KCOU,CTAF,CTAF,119.300
KCOU,GND,GND,121.600
KCOU,RDO,RDO,122.200
KCOU,TWR,TWR,119.300
KCOU,UNIC,UNICOM,122.950
KCPC,A/D,MYRTLE BEACH APP/DEP,119.200
KCPC,AWOS,AWOS 3,118.375
KCPC,UNIC,CTAF/UNICOM,122.800
KCPK,A/D,NORFOLK APP/DEP,118.900
KCPK,AWOS,AWOS 3,123.675
KCPK,UNIC,CTAF/UNICOM,123.050
KCPM,UNIC,CTAF/UNICOM,123.050
KCPR,A/D,CASPER APP/DEP,119.000
KCPR,AAS,VFR ADVSY SVC,118.300
KCPR,ATIS,ATIS,126.150
KCPR,CTAF,CTAF,118.300
KCPR,GCCD,CASPER GND/CLNC DEL,121.900
KCPR,RDO,CASPER RDO,122.200
KCPR,TWR,CASPER TWR,118.300
KCPR,UNIC,UNICOM,122.950
KCPS,A/D,APP/DEP,123.700
KCPS,ATIS,ATIS,121.450
KCPS,CLD,CLNC DEL,121.800
KCPS,CTAF,CTAF,119.925
KCPS,GND,GND,121.800
KCPS,TWR,DOWNTOWN TWR,119.925
KCPS,UNIC,UNICOM,122.950
KCPT,A/D,RGNL APP/DEP,135.975
KCPT,AWOS,AWOS 3,119.525
KCPT,UNIC,CTAF/UNICOM,122.800
KCPU,APRCH,Norcal Approach/Departure,125.100
KCPU,AWOS,AWOS 3,118.525
KCPU,CNTR,OAKLAND CNTR,126.850
KCPU,CTAF,CTAF/UNICOM,123.000
KCPU,FSS,RANCHO RDO,122.300
KCQA,A/D,DAYTON APP/DEP,134.450
KCQA,UNIC,CTAF/UNICOM,122.800
KCQB,AWOS,AWOS 3,119.275
KCQB,CNTR,KANSAS CITY CNTR,128.300
KCQB,UNIC,CTAF/UNICOM,122.900
KCQM,AWOS,AWOS 3,118.175
KCQM,CTAF,CTAF,122.900
KCQM,RDO,PRINCETON RDO,122.450
KCQW,A/D,FLORENCE APP/DEP,118.600
KCQW,AWOS,AWOS 3,118.175
KCQW,UNIC,CTAF/UNICOM,122.800
KCQX,A/D,CAPE APP/DEP,118.200
KCQX,ASOS,ASOS,135.875
KCQX,CLD,CLNC DEL,127.300
KCQX,UNIC,CTAF/UNICOM,122.800
KCRE,A/D,MYRTLE BEACH APP/DEP,119.200
KCRE,ATIS,ATIS,119.625
KCRE,CTAF,CTAF,124.600
KCRE,GND,STRAND GND,121.800
KCRE,RDO,ANDERSON RDO,123.600
KCRE,TWR,STRAND TWR,124.600
KCRE,UNIC,UNICOM,122.950
KCRG,APP,JACKSONVILLE APP,124.900
KCRG,ATIS,ATIS,125.400
KCRG,CLD,CLNC DEL,118.350
KCRG,CTAF,CTAF,132.100
KCRG,DEP,JACKSONVILLE DEP,118.000
KCRG,GND,GND,121.800
KCRG,RDO,GAINESVILLE RDO,122.200
KCRG,TWR,TWR,132.100
KCRG,UNIC,UNICOM,122.950
KCRP,A/D,APP/DEP,120.900
KCRP,ATIS,ATIS,126.800
KCRP,CLD,CLNC DEL,118.550
KCRP,GND,GND,121.900
KCRP,RDO,SAN ANGELO RDO,122.650
KCRP,TWR,TWR,119.400
KCRP,UNIC,UNICOM,122.950
KCRQ,A/D,SOCAL APP/DEP,127.300
KCRQ,ATIS,ATIS,120.150
KCRQ,CLD,CLNC DEL,134.850
KCRQ,CTAF,CTAF,118.600
KCRQ,GND,GND,121.800
KCRQ,RDO,SAN DIEGO RDO,115.300
KCRQ,TWR,TWR,118.600
KCRS,ASOS,ASOS,120.675
KCRS,CNTR,FORT WORTH CNTR,135.250
KCRS,UNIC,CTAF/UNICOM,122.800
KCRT,CNTR,MEMPHIS CNTR,135.875
KCRT,UNIC,CTAF/UNICOM,122.800
KCRW,A/D,CHARLESTON APP/DEP,128.500
KCRW,ATIS,ATIS,127.600
KCRW,CLD,CLNC DEL,118.550
KCRW,GND,GND,121.800
KCRW,POST,ANG COMD POST/OPS,30.230
KCRW,RDO,ELKINS RDO,122.200
KCRW,TWR,CHARLESTON TWR,125.700
KCRW,UNIC,UNICOM,122.950
KCRX,AWOS,AWOS 3,118.675
KCRX,CNTR,MEMPHIS CNTR,135.900
KCRX,UNIC,CTAF/UNICOM,122.800
KCRZ,CNTR,MINNEAPOLIS CNTR,119.600
KCRZ,CTAF,CTAF,122.900
KCSB,CNTR,DENVER CNTR,132.700
KCSB,UNIC,CTAF/UNICOM,122.800
KCSG,A/D,ATLANTA  APP/DEP,125.500
KCSG,ATIS,ATIS,127.750
KCSG,CTAF,CTAF,120.100
KCSG,GND,GND,121.900
KCSG,RDO,MACON RDO,122.650
KCSG,TWR,TWR,120.100
KCSG,UNIC,UNICOM,122.950
KCSM,A/D,FORT WORTH CNTR,128.400
KCSM,ASOS,ASOS,135.225
KCSM,CTAF,CTAF,119.600
KCSM,GND,GND,121.700
KCSM,TWR,TWR,119.600
KCSM,UNIC,UNICOM,122.950
KCSQ,AWOS,AWOS 3,124.750
KCSQ,CNTR,MINNEAPOLIS CNTR,125.650
KCSQ,UNIC,CTAF/UNICOM,122.800
KCSV,ASOS,ASOS,120.625
KCSV,CNTR,ATLANTA CNTR,133.600
KCSV,RDO,NASHVILLE RDO,122.200
KCSV,UNIC,CTAF/UNICOM,122.700
KCTB,ARTC,SALT LAKE CITY CNTR,133.400
KCTB,ASOS,ASOS,119.025
KCTB,RDO,GREAT FALLS RDO,122.200
KCTB,UNIC,CTAF/UNICOM,122.800
KCTJ,A/D,ATLANTA APP/DEP,121.000
KCTJ,AWOS,AWOS 3,118.175
KCTJ,CLD,ATLANTA CLNC DEL,121.600
KCTJ,UNIC,CTAF/UNICOM,122.975
KCTK,A/D,PEORIA APP/DEP,124.675
KCTK,UNIC,CTAF/UNICOM,122.800
KCTY,CNTR,JACKSONVILLE CNTR,127.800
KCTY,RDO,GAINESVILLE RDO,112.000
KCTY,UNIC,CTAF/UNICOM,122.800
KCTZ,A/D,FAYETTEVILLE APP/DEP,133.000
KCTZ,AWOS,AWOS 3,119.125
KCTZ,UNIC,CTAF/UNICOM,122.800
KCUB,A/D,APP/DEP,133.400
KCUB,ASOS,ASOS,119.675
KCUB,CLD,CLNC DEL,124.400
KCUB,OPS,MIL OPS,122.800
KCUB,RDO,ANDERSON RDO,114.700
KCUB,UNIC,CTAF/UNICOM,122.800
KCUH,AWOS,AWOS 3,118.250
KCUH,CNTR,KANSAS CITY CNTR,128.300
KCUH,UNIC,CTAF/UNICOM,122.800
KCUL,A/D,EVANSVILLE APP/DEP,127.350
KCUL,AWOS,AWOS 3,33.200
KCUL,UNIC,CTAF/UNICOM,122.800
KCUT,ASOS,ASOS,120.000
KCUT,UNIC,CTAF/UNICOM,122.800
KCVB,A/D,SAN ANTONIO APP/DEP,118.050
KCVB,UNIC,CTAF/UNICOM,122.800
KCVG,APP,,119.700
KCVG,APP,,123.875
KCVG,APP,Cincinnati Approach UHF,363.150
KCVG,ATIS,Cincinnati D-ATIS ARR,134.375
KCVG,ATIS,Cincinnati D-ATIS DEP,135.300
KCVG,CLD,Clearance Delivery,127.175
KCVG,CLSB,,121.000
KCVG,CLSB,,128.700
KCVG,CLSB,Cincinnati Class B UHF,254.250
KCVG,DEP,,126.650
KCVG,DEP,,128.700
KCVG,DEP,Cincinnati Departure UHF,254.250
KCVG,EMERG,Emergancy,121.500
KCVG,EMERG,Emergancy,243.000
KCVG,GND,Cincinnati Ground,121.700
KCVG,STAR,,119.700
KCVG,STAR,,119.700
KCVG,STAR,Jakie Star,119.700
KCVG,STAR,,123.875
KCVG,STAR,,123.875
KCVG,STAR,CINCE STAR,123.875
KCVG,STAR,JAKIE STAR UHF,254.250
KCVG,STAR,CINCE STAR UHF,254.250
KCVG,STAR,SHELBYVILLE STAR UHF,363.150
KCVG,STAR,HARDU STAR UHF,363.150
KCVG,TWR,Cincinnati Tower Runway 09-27 & 18C-36C,118.300
KCVG,TWR,Cincinnati Tower Runway 18L-36R,118.975
KCVG,TWR,Cincinnati Tower Runway 18R-36L,133.325
KCVG,TWR,Cincinnati Tower Runway 18L-36R,360.850
KCVG,UNIC,UNICOM,122.950
KCVG,WXAS,,134.375
KCVH,AWOS,,120.425
KCVH,Appr & dep,,124.525
KCVH,CTAF,,123.000
KCVK,CNTR,MEMPHIS CNTR,120.075
KCVK,UNIC,CTAF/UNICOM,122.700
KCVN,APP,CANNON APP,125.500
KCVN,AWOS,AWOS 3,135.375
KCVN,CLD,CANNON CLNC DEL,119.000
KCVN,DEP,CANNON DEP,125.500
KCVN,RDO,ALBUQUERQUE RDO,122.500
KCVN,UNIC,CTAF/UNICOM,122.800
KCVO,A/D,CASCADE APP/DEP,127.500
KCVO,AWOS,AWOS 3,135.775
KCVO,UNIC,CTAF/UNICOM,123.000
KCVS,APP,APP,125.500
KCVS,ATIS,ATIS,119.100
KCVS,CLD,CLNC DEL,120.200
KCVS,DEP,DEP,125.500
KCVS,GND,GND,121.900
KCVS,PMSV,PMSV METRO,34.460
KCVS,POST,COMD POST,38.130
KCVS,PTD,PTD,139.600
KCVS,TWR,TWR,120.400
KCVX,AWOS,AWOS 3,120.000
KCVX,CNTR,MINNEAPOLIS CNTR,134.600
KCVX,UNIC,CTAF/UNICOM,122.800
KCWA,ATIS,ATIS,127.450
KCWA,AWOS,AWOS 3,127.450
KCWA,CNTR,MINNEAPOLIS CNTR,124.400
KCWA,CTAF,CTAF,119.750
KCWA,GND,GND,121.900
KCWA,RDO,GREEN BAY RDO,122.525
KCWA,TWR,TWR,119.750
KCWA,UNIC,UNICOM,122.950
KCWC,A/D,SHEPPARD APP/DEP,120.400
KCWC,CLD,CLNC DEL,121.200
KCWC,UNIC,CTAF/UNICOM,122.700
KCWF,A/D,LAKE CHARLES APP/DEP,119.800
KCWF,AWOS,AWOS 3,120.000
KCWF,CTAF,CTAF,124.200
KCWF,GND,GND,121.650
KCWF,TWR,TWR,124.200
KCWF,UNIC,UNICOM,122.950
KCWI,A/D,QUAD CITY APP/DEP,125.950
KCWI,AWOS,AWOS 3,125.525
KCWI,CLD,QUAD CITY CLNC DEL,118.500
KCWI,UNIC,CTAF/UNICOM,122.800
KCWV,AWOS,AWOS A,39.500
KCWV,CNTR,JACKSONVILLE CNTR,120.850
KCWV,UNIC,CTAF/UNICOM,122.800
KCXE,CNTR,WASHINGTON CNTR,118.750
KCXE,CTAF,CTAF,122.900
KCXL,UNIC,CTAF/UNICOM,122.800
KCXO,A/D,HOUSTON APP/DEP,119.700
KCXO,ASOS,ASOS,118.325
KCXO,CLD,CLNC DEL,119.550
KCXO,RDO,RDO,122.200
KCXO,UNIC,CTAF/UNICOM,122.950
KCXP,AWOS,AWOS 3,119.925
KCXP,UNIC,CTAF/UNICOM,123.000
KCXU,AWOS,AWOS A,36.900
KCXU,CNTR,JACKSONVILLE CNTR,125.750
KCXU,UNIC,CTAF/UNICOM,122.800
KCXY,A/D,HARRISBURG APP/DEP,118.250
KCXY,ATIS,ATIS,134.950
KCXY,CTAF,CTAF,119.500
KCXY,GND,GND,121.900
KCXY,RDO,WILLIAMSPORT RDO,122.200
KCXY,TWR,TWR,119.500
KCXY,UNIC,UNICOM,122.950
KCYO,A/D,COLUMBUS APP/DEP,132.300
KCYO,RDO,DAYTON RDO,112.500
KCYO,UNIC,CTAF/UNICOM,122.700
KCYS,A/D,APP/DEP,124.550
KCYS,ATIS,ATIS,134.425
KCYS,CTAF,CTAF,118.700
KCYS,GND,GND,121.900
KCYS,MISC,ARNG OPS,126.200
KCYS,OPS,ANG OPS/COMD POST,22.552
KCYS,RDO,CASPER RDO,122.300
KCYS,TWR,TWR,118.700
KCYS,UNIC,UNICOM,122.950
KCYW,A/D,KANSAS CITY CNTR,127.350
KCYW,UNIC,CTAF/UNICOM,122.800
KCZD,CNTR,DENVER CNTR,132.700
KCZD,UNIC,CTAF/UNICOM,122.800
KCZG,A/D,BINGHAMTON APP/DEP,118.600
KCZG,AWOS,AWOS 3,119.075
KCZG,CLD,CLNC DEL,121.700
KCZG,UNIC,CTAF/UNICOM,122.800
KCZL,CNTR,ATLANTA CNTR,133.800
KCZL,UNIC,CTAF/UNICOM,122.800
KCZT,CNTR,HOUSTON CNTR,126.100
KCZT,UNIC,CTAF/UNICOM,122.800
KDAA,APP,POTOMAC APP,119.850
KDAA,ATIS,ATIS,128.175
KDAA,CLD,CLNC DEL,24.520
KDAA,CTAF,CTAF,126.300
KDAA,DEP,POTOMAC DEP,118.100
KDAA,GND,GND,121.900
KDAA,MISC,ARNG OPS,52.750
KDAA,OPS,BASE OPS,139.400
KDAA,PMSV,PMSV METRO,139.400
KDAA,PTD,PTD,139.400
KDAA,TWR,TWR,126.300
KDAB,APP,APP,118.850
KDAB,ATIS,ATIS,132.875
KDAB,CLD,CLNC DEL,119.300
KDAB,DEP,DEP,123.900
KDAB,GND,GND,121.900
KDAB,TWR,TWR,120.700
KDAB,UNIC,UNICOM,122.950
KDAG,ASOS,ASOS,132.175
KDAG,CNTR,LOS ANGELES CNTR,132.500
KDAG,MISC,HAWK 86,46.700
KDAG,RDO,RIVERSIDE RDO,122.200
KDAG,UNIC,CTAF/UNICOM,123.000
KDAL,APP,RGNL APP,124.300
KDAL,ATIS,ATIS,120.150
KDAL,CLD,CLNC DEL,127.900
KDAL,DEP,RGNL DEP,118.550
KDAL,GND,GND,121.750
KDAL,RDO,FORT WORTH RDO,122.300
KDAL,TWR,LOVE TWR,118.700
KDAL,UNIC,UNICOM,122.950
KDAN,ASOS,ASOS,128.125
KDAN,CNTR,WASHINGTON CNTR,124.050
KDAN,RDO,LEESBURG RDO,122.200
KDAN,UNIC,CTAF/UNICOM,123.050
KDAW,A/D,BOSTON APP/DEP,125.050
KDAW,ASOS,ASOS,135.275
KDAW,RDO,BANGOR RDO,122.250
KDAW,UNIC,CTAF/UNICOM,122.700
KDAY,A/D,DAYTON APP/DEP,118.000
KDAY,ATIS,ATIS,125.800
KDAY,CLD,CLNC DEL,121.750
KDAY,GND,GND,121.900
KDAY,RDO,DAYTON RDO,122.200
KDAY,TWR,DAYTON TWR,119.900
KDAY,UNIC,UNICOM,122.950
KDBN,A/D,ATLANTA APP/DEP,119.600
KDBN,AWOS,AWOS 3,118.425
KDBN,UNIC,CTAF/UNICOM,122.700
KDBQ,ATIS,ATIS,127.250
KDBQ,CNTR,CHICAGO CNTR,127.000
KDBQ,CTAF,CTAF,119.500
KDBQ,GND,GND,121.800
KDBQ,RDO,FORT DODGE RDO,122.050
KDBQ,TWR,TWR,119.500
KDBQ,UNIC,UNICOM,122.950
KDCA,APP,,119.850
KDCA,APP,,124.200
KDCA,CLRD,,128.250
KDCA,DEP,,118.950
KDCA,DEP,,125.650
KDCA,GND,Washington Ground,121.700
KDCA,GND,,257.600
KDCA,TWR,Washington Tower,119.100
KDCA,TWR,,134.350
KDCA,TWR,,257.600
KDCA,UNIC,UNICOM,122.950
KDCA,WXAS,,132.650
KDCM,A/D,CHARLOTTE APP/DEP,120.050
KDCM,UNIC,CTAF/UNICOM,122.700
KDCU,A/D,HUNTSVILLE APP/DEP,118.050
KDCU,ASOS,ASOS,118.375
KDCU,RDO,ANNISTON RDO,122.600
KDCU,UNIC,CTAF/UNICOM,123.075
KDCY,A/D,EVANSVILLE APP/DEP,125.600
KDCY,RDO,TERRE HAUTE RDO,122.200
KDCY,UNIC,CTAF/UNICOM,122.800
KDDC,ASOS,ASOS,118.525
KDDC,CNTR,KANSAS CITY CNTR,125.200
KDDC,RDO,WICHITA RDO,122.350
KDDC,UNIC,CTAF/UNICOM,122.700
KDDH,A/D,ALBANY APP/DEP,125.000
KDDH,ASOS,ASOS,135.925
KDDH,UNIC,CTAF/UNICOM,122.800
KDEC,A/D,CHAMPAIGN APP/DEP,132.850
KDEC,ATIS,ATIS,126.350
KDEC,CTAF,CTAF,118.900
KDEC,GND,GND,121.750
KDEC,RDO,ST LOUIS RDO,122.300
KDEC,TWR,TWR,118.900
KDEC,UNIC,UNICOM,122.950
KDED,A/D,DAYTONA APP/DEP,125.350
KDED,AWOS,AWOS 3,119.575
KDED,UNIC,CTAF/UNICOM,123.075
KDEH,AWOS,AWOS 3,120.925
KDEH,CNTR,MINNEAPOLIS CNTR,118.850
KDEH,UNIC,CTAF/UNICOM,122.800
KDEN,APP,APP,119.300
KDEN,ATIS,ATIS,125.600
KDEN,CLD,CLNC DEL,118.750
KDEN,DEP,DEP,126.100
KDEN,GND,GND,121.850
KDEN,RDO,RDO,123.650
KDEN,TWR,TWR,124.300
KDEN,UNIC,UNICOM,122.950
KDEQ,ASOS,ASOS,134.075
KDEQ,CNTR,FORT WORTH CNTR,123.925
KDEQ,UNIC,CTAF/UNICOM,122.800
KDET,A/D,APP/DEP,126.850
KDET,ATIS,ATIS,124.875
KDET,GND,GND,121.850
KDET,RDO,LANSING RDO,122.200
KDET,TWR,TWR,121.300
KDET,UNIC,UNICOM,122.950
KDEW,A/D,SPOKANE APP/DEP,123.750
KDEW,ASOS,ASOS,135.175
KDEW,UNIC,CTAF/UNICOM,123.000
KDFI,A/D,TOLEDO APP/DEP,134.350
KDFI,ASOS,ASOS,121.425
KDFI,UNIC,CTAF/UNICOM,122.700
KDFW,APP,RGNL APP,119.875
KDFW,APP,RGNL APP,28.465
KDFW,ATIS,ATIS,123.775
KDFW,CLD,CLNC DEL,128.250
KDFW,DEP,RGNL DEP,118.550
KDFW,DEP,RGNL DEP,31.985
KDFW,GND,RGNL GND,121.650
KDFW,TWR,RGNL TWR,124.150
KDFW,UNIC,UNICOM,122.950
KDGL,RDO,PRESCOTT RDO,122.600
KDGL,UNIC,CTAF/UNICOM,122.800
KDGW,ASOS,ASOS,135.225
KDGW,CNTR,DENVER CNTR,135.600
KDGW,RDO,CASPER RDO,121.975
KDGW,UNIC,CTAF/UNICOM,122.800
KDHN,A/D,CAIRNS APP/DEP,125.400
KDHN,ATIS,ATIS,135.720
KDHN,CTAF,CTAF,118.400
KDHN,GND,GND,121.700
KDHN,MISC,VFR ADVSY SVC,118.400
KDHN,RDO,ANNISTON RDO,122.200
KDHN,TWR,TWR,118.400
KDHN,UNIC,UNICOM,122.950
KDHT,ASOS,ASOS,134.075
KDHT,CNTR,ALBUQUERQUE CNTR,127.850
KDHT,RDO,FORT WORTH RDO,122.200
KDHT,UNIC,CTAF/UNICOM,122.950
KDIJ,ASOS,ASOS,120.775
KDIJ,CNTR,SALT LAKE CITY,132.400
KDIJ,RDO,CASPER,122.050
KDIJ,UNIC,CTAF/UNICOM,122.700
KDIK,CNTR,MINNEAPOLIS CNTR,124.250
KDIK,RDO,GRAND FORKS RDO,122.200
KDIK,UNIC,CTAF/UNICOM,123.000
KDKB,A/D,CHICAGO APP/DEP,133.500
KDKB,AWOS,AWOS 3,119.075
KDKB,UNIC,CTAF/UNICOM,122.700
KDKK,A/D,BUFFALO APP/DEP,126.500
KDKK,ASOS,ASOS,119.275
KDKK,RDO,BUFFALO RDO,116.200
KDKK,UNIC,CTAF/UNICOM,123.075
KDKR,ARTC,HOUSTON CNTR,134.800
KDKR,AWOS,AWOS 3,118.775
KDKR,CTAF,CTAF,122.900
KDKX,A/D,APP/DEP,123.900
KDKX,AWOS,AWOS 3,125.375
KDKX,CLD,CLNC DEL,121.700
KDKX,CTAF,CTAF,126.600
KDKX,UNIC,UNICOM,122.950
KDLC,A/D,FLORENCE APP/DEP,118.600
KDLC,UNIC,CTAF/UNICOM,122.800
KDLF,APP,DEL RIO APP,119.600
KDLF,ATIS,ATIS,114.400
KDLF,CLD,CLNC DEL,120.500
KDLF,DEP,DEL RIO DEP,119.600
KDLF,GND,GND,138.750
KDLF,PMSV,PMSV METRO,35.460
KDLF,PTD,PTD,37.220
KDLF,TWR,TWR,125.200
KDLH,A/D,APP/DEP,125.450
KDLH,ATIS,ATIS,124.100
KDLH,GND,GND,121.900
KDLH,POST,ANG COMD POST,28.890
KDLH,PTD,PTD,28.890
KDLH,RDO,PRINCETON RDO,122.350
KDLH,TWR,TWR,118.300
KDLH,UNIC,UNICOM,122.950
KDLL,A/D,MADISON APP/DEP,135.450
KDLL,AWOS,AWOS 3,118.325
KDLL,RDO,GREEN BAY RDO,117.000
KDLL,UNIC,CTAF/UNICOM,123.000
KDLN,ASOS,ASOS,135.225
KDLN,CNTR,SALT LAKE CITY CNTR,132.400
KDLN,RDO,GREAT FALLS RDO,122.150
KDLN,UNIC,CTAF/UNICOM,122.800
KDLO,A/D,BAKERSFIELD APP/DEP,118.900
KDLO,AWOS,AWOS 3,119.550
KDLO,UNIC,CTAF/UNICOM,122.800
KDLS,ASOS,ASOS,135.175
KDLS,CNTR,SEATTLE CNTR,119.650
KDLS,RDO,SEATTLE RDO,122.650
KDLS,UNIC,CTAF/UNICOM,123.000
KDLZ,A/D,COLUMBUS APP/DEP,120.200
KDLZ,AWOS,AWOS 3,119.025
KDLZ,UNIC,CTAF/UNICOM,122.700
KDMA,A/D,TUCSON APP/DEP,119.400
KDMA,ACP,COMD POST,38.130
KDMA,ATIS,ATIS,27.010
KDMA,CLD,CLNC DEL,121.800
KDMA,GND,GND,121.800
KDMA,PMSV,PMSV METRO,23.980
KDMA,PTD,PTD,37.220
KDMA,TWR,TWR,118.850
KDMN,ASOS,ASOS,118.525
KDMN,CNTR,ALBUQUERQUE CNTR,128.200
KDMN,RDO,ALBUQUERQUE RDO,122.200
KDMN,UNIC,CTAF/UNICOM,122.800
KDMO,APP,WHITEMAN APP,127.450
KDMO,ASOS,ASOS,120.525
KDMO,DEP,WHITEMAN DEP,125.925
KDMO,RDO,COLUMBIA RDO,122.050
KDMO,UNIC,CTAF/UNICOM,122.800
KDMW,A/D,POTOMAC APP/DEP,126.750
KDMW,AWOS,AWOS 3,121.250
KDMW,RDO,LEESBURG RDO,117.900
KDMW,UNIC,CTAF/UNICOM,122.700
KDNL,A/D,AUGUSTA APP/DEP,126.800
KDNL,ASOS,ASOS,135.275
KDNL,CLD,CLNC DEL,128.100
KDNL,RDO,MACON RDO,122.300
KDNL,UNIC,CTAF/UNICOM,123.050
KDNN,A/D,CHATTANOOGA APP/DEP,125.100
KDNN,AWOS,AWOS 3,127.650
KDNN,CLD,CLNC DEL,120.250
KDNN,UNIC,CTAF/UNICOM,122.975
KDNS,AWOS,AWOS 3,119.950
KDNS,CNTR,MINNEAPOLIS CNTR,119.600
KDNS,RDO,FORT DODGE RDO,122.250
KDNS,UNIC,CTAF/UNICOM,122.800
KDNV,A/D,CHAMPAIGN APP/DEP,121.350
KDNV,AWOS,AWOS 3,119.275
KDNV,CLD,CHAMPAIGN CLNC DEL,121.700
KDNV,RDO,ST LOUIS RDO,111.000
KDNV,UNIC,CTAF/UNICOM,122.700
KDOV,APP,APP,132.425
KDOV,ATIS,ATIS,135.050
KDOV,CLD,CLNC DEL,125.550
KDOV,DEP,DEP,32.300
KDOV,GND,GND,118.875
KDOV,PMSV,PMSV METRO,34.200
KDOV,POST,COMD POST,134.100
KDOV,PTD,PTD,134.100
KDOV,RDO,MILLVILLE RDO,111.400
KDOV,TWR,TWR,126.350
KDPA,A/D,CHICAGO APP/DEP,133.500
KDPA,ASOS,ASOS,124.800
KDPA,ATIS,ATIS,124.800
KDPA,CLD,CLNC DEL,119.750
KDPA,GND,GND,121.800
KDPA,RDO,KANKAKEE RDO,122.300
KDPA,TWR,TWR,120.900
KDPA,UNIC,UNICOM,122.950
KDPG,ACC,CLOVER CON SOUTH,134.100
KDPG,CTAF,CTAF,126.200
KDPG,EMR,FIRE STATION,126.200
KDPG,INFO,DUGWAY RANGE CON,36.100
KDPL,A/D,SEYMOUR JOHNSON APP,119.700
KDPL,AWOS,AWOS 3,120.675
KDPL,UNIC,CTAF/UNICOM,123.000
KDQH,AWOS,AWOS 3,119.075
KDQH,CNTR,JACKSONVILLE CNTR,132.300
KDQH,RDO,MACON RDO,121.725
KDQH,UNIC,CTAF/UNICOM,122.800
KDRA,AAS,MERCURY RDO,118.700
KDRA,ASOS,ASOS,119.675
KDRA,UNIC,CTAF/UNICOM,122.800
KDRI,A/D,POLK APP/DEP,123.700
KDRI,AWOS,AWOS 3,118.225
KDRI,RDO,DE RIDDER RDO,122.200
KDRI,UNIC,CTAF/UNICOM,122.800
KDRM,AWOS,AWOS 3,118.325
KDRM,CNTR,TORONTO CNTR,132.650
KDRM,UNIC,CTAF/UNICOM,122.800
KDRO,ASOS,ASOS,120.625
KDRO,CNTR,DENVER CNTR,118.575
KDRO,RDO,DENVER RDO,122.350
KDRO,UNIC,CTAF/UNICOM,122.800
KDRT,APP,APP,119.600
KDRT,ASOS,ASOS,118.525
KDRT,CLD,CLNC DEL,120.500
KDRT,DEP,DEP,119.600
KDRT,RDO,SAN ANGELO RDO,122.300
KDRT,UNIC,CTAF/UNICOM,122.800
KDSM,A/D,APP/DEP,118.600
KDSM,ATIS,ATIS,119.550
KDSM,CLD,CLNC DEL,134.150
KDSM,GND,GND,121.900
KDSM,OPS,ANG OPS MAINT,138.150
KDSM,RDO,FORT DODGE RDO,122.650
KDSM,TWR,TWR,118.300
KDSM,UNIC,UNICOM,122.950
KDSV,A/D,ROCHESTER APP/DEP,123.700
KDSV,ASOS,ASOS,118.325
KDSV,AWOS,Automated Weather Operating System,118.325
KDSV,UNIC,CTAF/UNICOM,123.000
KDTA,AWOS,AWOS 3,127.750
KDTA,RDO,CEDAR CITY RDO,122.550
KDTA,UNIC,CTAF/UNICOM,122.800
KDTL,AWOS,AWOS 3,111.200
KDTL,RDO,PRINCETON RDO,122.500
KDTL,UNIC,CTAF/UNICOM,122.800
KDTN,A/D,APP/DEP,119.900
KDTN,ASOS,ASOS,118.525
KDTN,CLD,CLNC DEL,120.750
KDTN,CTAF,CTAF,120.225
KDTN,GND,GND,121.650
KDTN,RDO,DE RIDDER RDO,122.600
KDTN,TWR,TWR,120.225
KDTN,UNIC,UNICOM,122.950
KDTO,A/D,RGNL APP/DEP,118.100
KDTO,ASOS,ASOS,119.325
KDTO,CTAF,CTAF,119.950
KDTO,GCCD,GND/CLNC DEL,123.950
KDTO,TWR,TWR,119.950
KDTO,UNIC,UNICOM,122.950
KDTS,A/D,EGLIN APP/DEP,132.100
KDTS,ASOS,ASOS,133.925
KDTS,CLD,EGLIN CLNC DEL,121.600
KDTS,UNIC,UNICOM,123.075
KDTW,APP,APP,118.575
KDTW,ATIS,ATIS,133.675
KDTW,CLD,PRE TAXI CLNC,120.650
KDTW,DEP,DEP,118.575
KDTW,GND,GND,119.250
KDTW,RDO,LANSING RDO,115.700
KDTW,TWR,METRO TWR,118.400
KDTW,UNIC,UNICOM,122.950
KDUA,AWOS,AWOS 3,124.175
KDUA,CNTR,FORT WORTH CNTR,124.750
KDUA,UNIC,CTAF/UNICOM,122.800
KDUC,A/D,FORT SILL APP/DEP,118.600
KDUC,AWOS,AWOS 3,119.075
KDUC,CLD,FORT SILL CLNC DEL,118.400
KDUC,UNIC,CTAF/UNICOM,122.800
KDUG,ASOS,ASOS,119.275
KDUG,RDO,PRESCOTT RDO,122.400
KDUG,UNIC,CTAF/UNICOM,123.000
KDUH,A/D,APP/DEP,134.350
KDUH,AWOS,AWOS 3,119.175
KDUH,RDO,CLEVELAND RDO,113.100
KDUH,UNIC,CTAF/UNICOM,122.700
KDUJ,ASOS,ASOS,119.025
KDUJ,CNTR,CLEVELAND CNTR,126.720
KDUJ,CTAF,CTAF,123.000
KDUJ,RDO,ALTOONA RDO,122.200
KDUJ,UNIC,UNICOM,123.000
KDUX,AWOS,AWOS 3,118.075
KDUX,CNTR,ALBUQUERQUE CNTR,127.850
KDUX,UNIC,CTAF/UNICOM,122.800
KDVK,A/D,LEXINGTON APP/DEP,120.150
KDVK,AWOS,AWOS 3,128.325
KDVK,UNIC,CTAF/UNICOM,122.800
KDVL,AWOS,AWOS 3,125.875
KDVL,RDO,GRAND FORKS RDO,122.300
KDVL,UNIC,CTAF/UNICOM,122.800
KDVN,A/D,QUAD CITY APP/DEP,125.950
KDVN,ASOS,ASOS,120.175
KDVN,CLD,QUAD CITY CLNC DEL,118.350
KDVN,OPS,ARNG OPS,36.100
KDVN,RDO,FORT DODGE RDO,122.500
KDVN,UNIC,CTAF/UNICOM,123.000
KDVO,ARTC,OAKLAND CNTR,127.800
KDVO,AWOS,AWOS 3,120.675
KDVO,UNIC,CTAF/UNICOM,123.075
KDVP,A/D,MINNEAPOLIS APP/DEP,132.050
KDVP,AWOS,AWOS 3,118.550
KDVP,CTAF,CTAF,122.900
KDVT,A/D,APP/DEP,120.700
KDVT,ATIS,ATIS,126.500
KDVT,CLD,CLNC DEL,123.900
KDVT,CTAF,CTAF,118.400
KDVT,GND,GND,121.800
KDVT,RDO,PRESCOTT RDO,122.600
KDVT,TWR,DEER VALLEY TWR,118.400
KDVT,UNIC,UNICOM,122.950
KDWA,A/D,TRAVIS APP/DEP,126.600
KDWA,AWOS,AWOS 3,125.775
KDWA,UNIC,CTAF/UNICOM,123.000
KDWH,A/D,HOUSTON APP/DEP,119.700
KDWH,ATIS,ATIS,124.950
KDWH,CLD,CLNC DEL,119.450
KDWH,CTAF,CTAF,118.400
KDWH,GND,GND,121.800
KDWH,TWR,TWR,118.400
KDWH,UNIC,UNICOM,122.950
KDWU,A/D,HUNTINGTON APP/DEP,128.400
KDWU,AWOS,AWOS 3,132.425
KDWU,CLD,CLNC DEL,121.700
KDWU,UNIC,CTAF/UNICOM,122.800
KDXE,CNTR,MEMPHIS CNTR,133.650
KDXE,UNIC,CTAF/UNICOM,122.800
KDXR,A/D,NEW YORK APP/DEP,126.400
KDXR,ASOS,ASOS,127.750
KDXR,ATIS,ATIS,127.750
KDXR,CLD,CLNC DEL,128.600
KDXR,CTAF,CTAF,119.400
KDXR,GND,GND,121.600
KDXR,TWR,TWR,119.400
KDXR,UNIC,UNICOM,122.950
KDXX,AWOS,AWOS 3,34.100
KDXX,CNTR,MINNEAPOLIS CNTR,128.500
KDXX,RDO,PRINCETON RDO,122.300
KDXX,UNIC,CTAF/UNICOM,122.800
KDYA,A/D,MERIDIAN APP/DEP,119.200
KDYA,UNIC,CTAF/UNICOM,122.800
KDYB,A/D,CHARLESTON APP/DEP,120.700
KDYB,ASOS,ASOS,119.575
KDYB,UNIC,CTAF/UNICOM,123.000
KDYL,A/D,PHILADELPHIA APP/DEP,123.800
KDYL,ASOS,ASOS,118.875
KDYL,CLD,CLNC DEL,118.550
KDYL,UNIC,CTAF/UNICOM,122.975
KDYR,AWOS,AWOS 3,135.625
KDYR,CNTR,MEMPHIS CNTR,134.650
KDYR,RDO,JACKSON RDO,122.200
KDYR,UNIC,CTAF/UNICOM,123.050
KDYS,A/D,ABILENE APP/DEP,125.000
KDYS,ATIS,ATIS,38.570
KDYS,GND,GND,118.350
KDYS,PMSV,PMSV METRO,38.325
KDYS,POST,ACC COMMAND POST,31.100
KDYS,POST,AMCC,34.940
KDYS,PTD,PTD,139.300
KDYS,TWR,TWR,133.000
KDYT,A/D,DULUTH APP/DEP,125.450
KDYT,AWOS,AWOS 3,119.275
KDYT,CLD,DULUTH CLNC DEL,124.800
KDYT,UNIC,CTAF/UNICOM,122.700
KDZB,UNIC,UNICOM,122.800
KDZJ,UNIC,CTAF/UNICOM,122.800
KEAG,CNTR,MINNEAPOLIS CNTR,134.000
KEAG,UNIC,CTAF/UNICOM,122.800
KEAN,CTAF,CTAF,122.900
KEAR,AWOS,AWOS 3,123.875
KEAR,CNTR,MINNEAPOLIS CNTR,119.400
KEAR,RDO,COLUMBUS RDO,122.550
KEAR,UNIC,CTAF/UNICOM,122.800
KEAT,ASOS,ASOS,119.925
KEAT,CNTR,SEATTLE CNTR,126.100
KEAT,RDO,SEATTLE RDO,122.600
KEAT,UNIC,CTAF/UNICOM,123.000
KEAU,A/D,MINNEAPOLIS APP/DEP,125.300
KEAU,ASOS,ASOS,119.675
KEAU,RDO,GREEN BAY RDO,122.650
KEAU,UNIC,CTAF/UNICOM,123.000
KEBG,AWOS,AWOS 3,118.025
KEBG,UNIC,CTAF/UNICOM,122.800
KEBS,AWOS,AWOS 3,127.825
KEBS,CNTR,MINNEAPOLIS CNTR,134.000
KEBS,UNIC,CTAF/UNICOM,122.800
KECG,A/D,NORFOLK APP/DEP,119.550
KECG,A/G,AIR,34.500
KECG,ASOS,ASOS,118.525
KECG,CTAF,CTAF,120.500
KECG,GND,GND,121.900
KECG,TWR,TWR,120.500
KECG,UNIC,UNICOM,122.950
KECP,ATIS,,119.975
KECP,CTAF,,118.950
KECP,GND,Panama City Ground,121.650
KECP,TWR,Panama City Tower,118.950
KECS,AWOS,AWOS 3,118.000
KECS,CNTR,DENVER CNTR,127.950
KECS,RDO,CASPER RDO,122.500
KECS,UNIC,CTAF/UNICOM,122.800
KECU,APP,DEL RIO APP,119.600
KECU,AWOS,AWOS 3,118.175
KECU,CTAF,CTAF,122.900
KECU,DEP,DEL RIO DEP,119.600
KEDE,AWOS,AWOS 3,121.125
KEDE,CNTR,WASHINGTON CNTR,123.850
KEDE,UNIC,CTAF/UNICOM,123.000
KEDG,A/D,POTOMAC APP/DEP,119.000
KEDG,CTAF,CTAF,126.200
KEDG,OPS,OPS,126.200
KEDJ,A/D,DAYTON APP/DEP,127.650
KEDJ,AWOS,AWOS 3,118.075
KEDJ,UNIC,CTAF/UNICOM,122.800
KEDN,A/D,CAIRNS APP/DEP,133.450
KEDN,UNIC,CTAF/UNICOM,122.800
KEDW,A/D,SPORT APP/DEP,132.750
KEDW,ATIS,ATIS,26.990
KEDW,GND,GND,121.800
KEDW,MISC,NASA FLT OPS,135.825
KEDW,PMSV,PMSV METRO,34.240
KEDW,POST,COMD POST,30.400
KEDW,PTD,PTD,37.220
KEDW,TWR,TWR,120.700
KEED,A/D,LOS ANGELES CNTR,134.650
KEED,ASOS,ASOS,128.325
KEED,RDO,PRESCOTT RDO,115.200
KEED,UNIC,CTAF/UNICOM,123.000
KEEN,AWOS,AWOS 3,119.025
KEEN,CNTR,BOSTON CNTR,123.750
KEEN,RDO,BANGOR RDO,109.400
KEEN,UNIC,CTAF/UNICOM,123.000
KEEO,ASOS,ASOS,135.525
KEEO,CNTR,DENVER CNTR,134.500
KEEO,RDO,DENVER RDO,122.150
KEEO,UNIC,CTAF/UNICOM,122.800
KEET,A/D,BIRMINGHAM APP/DEP,123.800
KEET,ASOS,ASOS,134.325
KEET,UNIC,CTAF/UNICOM,122.700
KEFC,CNTR,DENVER CNTR,127.950
KEFC,UNIC,CTAF/UNICOM,122.800
KEFD,A/D,HOUSTON APP DEP,134.450
KEFD,ATIS,ATIS,135.575
KEFD,GND,GND,121.600
KEFD,MISC,HOUSTON AIR,38.180
KEFD,OPS,ANG OPS,142.200
KEFD,OPS,ARNG OPS,41.000
KEFD,POST,COMD POST,142.200
KEFD,TWR,TWR,126.050
KEFD,UNIC,UNICOM,122.950
KEFK,AWOS,AWOS 3,118.275
KEFK,RDO,BURLINGTON RDO,122.500
KEFK,UNIC,CTAF/UNICOM,122.800
KEFT,A/D,ROCKFORD APP/DEP,126.000
KEFT,AWOS,AWOS 3,118.375
KEFT,UNIC,CTAF/UNICOM,123.050
KEFW,CNTR,MINNEAPOLIS CNTR,134.000
KEFW,UNIC,CTAF/UNICOM,122.800
KEGE,ATIS,ATIS,135.575
KEGE,AWOS,AWOS 3,135.575
KEGE,CNTR,DENVER CNTR,128.650
KEGE,CTAF,CTAF,119.800
KEGE,GCCD,GND/CLNC DEL,121.800
KEGE,MISC,EAGLES NEST,41.750
KEGE,RDO,DENVER RDO,122.200
KEGE,TWR,TWR,119.800
KEGI,APP,APP,125.100
KEGI,APP,APP,37.915
KEGI,DEP,DEP,120.900
KEGI,GND,GND,25.112
KEGI,POST,COMD POST,150.600
KEGI,PTD,PTD,139.300
KEGI,TWR,TWR,133.200
KEGQ,CNTR,MINNEAPOLIS CNTR,127.750
KEGQ,UNIC,CTAF/UNICOM,122.800
KEGT,A/D,WICHITA APP/DEP,134.850
KEGT,UNIC,CTAF/UNICOM,122.800
KEGV,AWOS,AWOS 3,118.325
KEGV,CNTR,MINNEAPOLIS CNTR,133.650
KEGV,RDO,GREEN BAY RDO,109.200
KEGV,UNIC,CTAF/UNICOM,122.800
KEHA,A/D,KANSAS CITY CNTR,134.000
KEHA,AWOS,AWOS 1,118.025
KEHA,UNIC,CTAF/UNICOM,122.800
KEHO,A/D,CHARLOTTE APP/DEP,134.750
KEHO,AWOS,AWOS 3,118.425
KEHO,UNIC,CTAF/UNICOM,122.800
KEHR,A/D,EVANSVILLE APP/DEP,126.400
KEHR,AWOS,AWOS 3,128.175
KEHR,UNIC,CTAF/UNICOM,122.800
KEIK,A/D,DENVER APP/DEP,126.100
KEIK,AWOS,AWOS 3,133.825
KEIK,UNIC,CTAF/UNICOM,123.000
KEIW,CNTR,MEMPHIS CNTR,133.650
KEIW,UNIC,CTAF/UNICOM,122.800
KEKA,A/D,SEATTLE CNTR,124.850
KEKA,FSS,OAKLAND RDO,122.350
KEKA,UNIC,CTAF/UNICOM,122.700
KEKM,A/D,SOUTH BEND APP/DEP,118.550
KEKM,AWOS,AWOS 3,124.475
KEKM,CLD,CLNC DEL,121.800
KEKM,CTAF,CTAF,119.500
KEKM,GND,GND,121.800
KEKM,RDO,TERRE HAUTE RDO,113.700
KEKM,TWR,TWR,119.500
KEKM,UNIC,UNICOM,122.950
KEKN,A/D,CLARKSBURG APP/DEP,121.150
KEKN,ASOS,ASOS,119.275
KEKN,CTAF,CTAF,123.600
KEKN,RDO,RDO,122.200
KEKO,ASOS,ASOS,119.275
KEKO,CNTR,SALT LAKE CNTR,132.250
KEKO,CTAF,CTAF,123.000
KEKO,UNIC,UNICOM,123.000
KEKQ,ASOS,ASOS,118.825
KEKQ,CNTR,INDIANAPOLIS CNTR,121.325
KEKQ,UNIC,CTAF/UNICOM,122.800
KEKS,UNIC,CTAF/UNICOM,122.800
KEKX,A/D,LOUISVILLE APP/DEP,123.675
KEKX,AWOS,AWOS 3,121.025
KEKX,CLD,CLNC DEL,119.450
KEKX,UNIC,CTAF/UNICOM,122.800
KEKY,A/D,BIRMINGHAM APP/DEP,124.900
KEKY,AWOS,AWOS 3,118.825
KEKY,CLD,BIRMINGHAM CLNC DEL,123.750
KEKY,UNIC,CTAF/UNICOM,123.000
KELA,CNTR,HOUSTON CNTR,128.600
KELA,CTAF,CTAF,122.900
KELD,A/D,FORT WORTH CNTR,126.320
KELD,ASOS,ASOS,118.325
KELD,RDO,JONESBORO RDO,122.650
KELD,UNIC,CTAF/UNICOM,123.000
KELK,A/D,FORT WORTH CNTR,128.400
KELK,AWOS,AWOS 3,118.225
KELK,UNIC,CTAF/UNICOM,122.800
KELM,A/D,APP/DEP,119.450
KELM,ATIS,ATIS,125.475
KELM,CLD,CLNC DEL,121.900
KELM,CTAF,CTAF,122.400
KELM,GND,GND/CLNC DEL,121.900
KELM,RDO,BUFFALO RDO,122.200
KELM,TWR,TWR,121.100
KELM,UNIC,UNICOM,122.950
KELN,ASOS,ASOS,118.375
KELN,CNTR,SEATTLE CNTR,132.600
KELN,RDO,SEATTLE RDO,122.200
KELN,UNIC,CTAF/UNICOM,123.000
KELO,AWOS,AWOS 3,132.025
KELO,RDO,PRINCETON RDO,109.600
KELO,UNIC,CTAF/UNICOM,122.800
KELP,APP,APP,119.150
KELP,ATIS,ATIS,120.000
KELP,CLD,CLNC DEL,125.000
KELP,DEP,DEP,119.150
KELP,GND,GND,121.900
KELP,RDO,ALBUQUERQUE RDO,122.400
KELP,TWR,TWR,118.300
KELP,UNIC,UNICOM,122.950
KELY,ASOS,ASOS,120.625
KELY,CNTR,SALT LAKE CNTR,133.450
KELY,UNIC,CTAF/UNICOM,122.800
KELZ,ASOS,ASOS,119.275
KELZ,CNTR,CLEVELAND CNTR,124.325
KELZ,RDO,BUFFALO RDO,111.400
KELZ,UNIC,CTAF/UNICOM,123.000
KEMM,AWOS,AWOS 3,119.675
KEMM,CNTR,SALT LAKE CNTR,124.350
KEMM,UNIC,CTAF/UNICOM,122.800
KEMP,A/D,KANSAS CITY CNTR,127.725
KEMP,ASOS,ASOS,124.675
KEMP,RDO,WICHITA RDO,122.300
KEMP,UNIC,CTAF/UNICOM,122.800
KEMT,A/D,SOCAL APP/DEP,125.500
KEMT,ATIS,ATIS,118.750
KEMT,CTAF,CTAF,121.200
KEMT,GND,GND,125.900
KEMT,TWR,TWR,121.200
KEMT,UNIC,UNICOM,122.950
KEMV,AWOS,AWOS 3,124.175
KEMV,CNTR,WASHINGTON CNTR,132.025
KEMV,RDO,LEESBURG RDO,122.400
KEMV,UNIC,CTAF/UNICOM,123.000
KEND,APP,APP,118.075
KEND,ATIS,ATIS,115.400
KEND,CLD,CLNC DEL,22.540
KEND,DEP,DEP,120.525
KEND,GND,GND,121.800
KEND,PMSV,PMSV METRO,34.255
KEND,PTD,PTD,37.220
KEND,TWR,TWR,124.050
KENL,AWOS,AWOS 3,121.125
KENL,CNTR,KANSAS CITY CNTR,127.700
KENL,RDO,ST LOUIS RDO,115.000
KENL,UNIC,CTAF/UNICOM,122.800
KENV,AWOS,AWOS 3,135.075
KENV,RDO,CEDAR CITY RDO,112.300
KENV,UNIC,CTAF/UNICOM,122.800
KENW,A/D,MILWAUKEE APP/DEP,120.150
KENW,ASOS,ASOS,127.175
KENW,ATIS,ATIS,127.175
KENW,CLD,CLNC DEL,118.600
KENW,CTAF,CTAF,118.600
KENW,GND,GND,121.875
KENW,RDO,GREEN BAY RDO,109.200
KENW,TWR,TWR,118.600
KENW,UNIC,UNICOM,122.950
KEOE,A/D,COLUMBIA APP/DEP,133.400
KEOE,UNIC,CTAF/UNICOM,122.800
KEOK,AWOS,AWOS 3,118.375
KEOK,CNTR,KANSAS CITY CNTR,135.525
KEOK,UNIC,CTAF/UNICOM,122.800
KEOP,CNTR,INDIANAPOLIS CNTR,127.100
KEOP,UNIC,CTAF/UNICOM,122.800
KEOS,CNTR,KANSAS CITY CNTR,128.600
KEOS,RDO,COLUMBIA RDO,117.300
KEOS,UNIC,CTAF/UNICOM,122.800
KEPH,A/D,GRANT CO APP/DEP,126.400
KEPH,ASOS,ASOS,135.775
KEPH,RDO,SEATTLE RDO,122.200
KEPH,UNIC,CTAF/UNICOM,122.800
KEPM,AWOS,AWOS A,26.000
KEPM,CNTR,BOSTON CNTR,124.250
KEPM,UNIC,CTAF/UNICOM,122.800
KEQA,A/D,WICHITA APP/DEP,134.800
KEQA,UNIC,CTAF/UNICOM,122.800
KEQY,A/D,CHARLOTTE APP/DEP,120.050
KEQY,ASOS,ASOS,135.775
KEQY,CLD,CLNC DEL,132.550
KEQY,UNIC,CTAF/UNICOM,122.700
KERI,A/D,APP/DEP,121.000
KERI,ATIS,ATIS,120.350
KERI,CLD,CLNC DEL,126.800
KERI,CTAF,CTAF,118.100
KERI,GND,GND,121.900
KERI,RDO,ALTOONA RDO,109.400
KERI,TWR,TWR,118.100
KERI,UNIC,UNICOM,122.950
KERV,AWOS,AWOS 3,118.125
KERV,CLD,CLNC DEL,134.950
KERV,CNTR,HOUSTON CNTR,134.950
KERV,UNIC,CTAF/UNICOM,122.700
KERY,AWOS,AWOS 3,108.200
KERY,RDO,GREEN BAY RDO,122.400
KERY,UNIC,CTAF/UNICOM,122.800
KESC,AWOS,AWOS 3,121.425
KESC,CNTR,MINNEAPOLIS CNTR,127.650
KESC,RDO,GREEN BAY RDO,122.300
KESC,UNIC,CTAF/UNICOM,122.800
KESF,A/D,POLK APP/DEP,132.050
KESF,CTAF,CTAF/UNICOM,122.800
KESF,MISC,ARNG OPS,141.450
KESF,RDO,DE RIDDER RDO,122.550
KESN,A/D,POTOMAC APP/DEP,124.550
KESN,AWOS,AWOS 3,124.475
KESN,CLD,POTOMAC CLNC DEL,126.900
KESN,UNIC,CTAF/UNICOM,122.950
KEST,ASOS,ASOS,121.425
KEST,CNTR,MINNEAPOLIS CNTR,127.750
KEST,UNIC,CTAF/UNICOM,122.800
KETB,A/D,MILWAUKEE APP/DEP,125.350
KETB,AWOS,AWOS 3,120.000
KETB,CLD,CLNC DEL,124.750
KETB,OPS,ARNG OPS,40.900
KETB,RDO,GREEN BAY RDO,109.800
KETB,UNIC,CTAF/UNICOM,122.800
KETC,A/D,WASHINGTON APP/DEP,135.300
KETC,CTAF,CTAF,122.900
KETH,AWOS,AWOS 3,32.600
KETH,CNTR,MINNEAPOLIS CNTR,126.100
KETH,CTAF,CTAF,122.900
KETH,FSS,PRINCETON RDO,122.250
KETN,A/D,FORT WORTH CNTR,127.150
KETN,UNIC,CTAF/UNICOM,122.800
KEUF,A/D,ATLANTA APP/DEP,125.500
KEUF,CLD,ATLANTA CLNC DEL,134.250
KEUF,RDO,ANNISTON RDO,109.200
KEUF,UNIC,CTAF/UNICOM,122.800
KEUG,A/D,CASCADE APP/DEP,119.600
KEUG,ATIS,ATIS,125.225
KEUG,CLD,EUGENE CLNC DEL,121.700
KEUG,CTAF,CTAF,118.900
KEUG,GND,GND,121.700
KEUG,RDO,MC MINNVILLE RDO,122.300
KEUG,TWR,EUGENE TWR,118.900
KEUG,UNIC,UNICOM,122.950
KEUL,A/D,BOISE APP/DEP,119.600
KEUL,AWOS,AWOS 3,135.075
KEUL,CNTR,SALT LAKE CITY CNTR,118.050
KEUL,RDO,BOISE RDO,122.450
KEUL,UNIC,CTAF/UNICOM,122.700
KEVB,A/D,DAYTONA APP/DEP,125.350
KEVB,ATIS,ATIS,124.625
KEVB,GND,GND,121.325
KEVB,TWR,TWR,119.675
KEVB,UNIC,UNICOM,122.800
KEVM,A/D,DULUTH APP/DEP,125.450
KEVM,AWOS,AWOS 3,108.200
KEVM,RDO,PRINCETON RDO,122.450
KEVM,UNIC,CTAF/UNICOM,122.700
KEVU,AWOS,AWOS 3,118.225
KEVU,CNTR,MINNEAPOLIS CNTR,119.600
KEVU,UNIC,CTAF/UNICOM,122.800
KEVV,APP,,124.025
KEVV,APP,,127.350
KEVV,ATIS,ATIS,120.200
KEVV,CLD,CLNC DEL,126.600
KEVV,CTAF,CTAF,118.700
KEVV,CTR,INDIANAPOLIS CENTER,128.300
KEVV,GND,GND,121.900
KEVV,RDO,TERRE HAUTE RDO,122.650
KEVV,TWR,TWR,118.700
KEVV,UNIC,UNICOM,122.950
KEVW,ASOS,ASOS,120.000
KEVW,CNTR,SALT LAKE CITY CNTR,127.700
KEVW,UNIC,CTAF/UNICOM,122.800
KEVY,A/D,PHILADELPHIA APP/DEP,118.350
KEVY,AWOS,AWOS 3,132.325
KEVY,CLD,CLNC DEL,125.300
KEVY,RDO,MILLVILLE RDO,114.000
KEVY,UNIC,CTAF/UNICOM,122.725
KEWB,A/D,PROVIDENCE APP/DEP,128.700
KEWB,ATIS,ATIS,126.850
KEWB,CTAF,CTAF,118.100
KEWB,GND,GND,121.900
KEWB,TWR,TWR,118.100
KEWB,UNIC,UNICOM,122.950
KEWK,A/D,WICHITA APP/DEP,125.500
KEWK,AWOS,AWOS 3,123.875
KEWK,CLD,CLNC DEL,126.550
KEWK,UNIC,CTAF/UNICOM,123.000
KEWN,A/D,CHERRY POINT APP/DEP,119.350
KEWN,ASOS,ASOS,118.525
KEWN,CLD,CLNC DEL,120.525
KEWN,CTAF,CTAF,124.250
KEWN,GND,GND,121.700
KEWN,RDO,RALEIGH RDO,122.200
KEWN,TWR,NEW BERN TWR,124.250
KEWR,APP,NEW YORK APP,127.600
KEWR,ATIS,ATIS,115.700
KEWR,CLD,CLNC DEL,118.850
KEWR,DEP,NEW YORK DEP,119.200
KEWR,GND,GND,121.800
KEWR,TWR,TWR,118.300
KEWR,UNIC,UNICOM,122.950
KEXX,A/D,GREENSBORO APP/DEP,118.500
KEXX,AWOS,AWOS 3,119.825
KEXX,CLD,CLNC DEL,135.075
KEXX,UNIC,CTAF/UNICOM,122.800
KEYE,A/D,INDIANAPOLIS APP/DEP,119.050
KEYE,ASOS,ASOS,121.575
KEYE,CLD,CLNC DEL,128.600
KEYE,UNIC,CTAF/UNICOM,122.800
KEYF,AWOS,AWOS 3,119.475
KEYF,CTAF,CTAF,122.800
KEYW,A/D,NAVY KEY WEST,124.450
KEYW,ASOS,ASOS,119.650
KEYW,ATIS,ATIS,119.675
KEYW,CLD,CLNC DEL,121.900
KEYW,CTAF,CTAF,118.200
KEYW,FSS,MIAMI RDO,122.200
KEYW,GND,GND,121.900
KEYW,TWR,TWR,118.200
KEYW,UNIC,UNICOM,122.950
KEZF,A/D,POTOMAC APP/DEP,124.650
KEZF,ARR,QUANTICO ARRIVAL,127.050
KEZF,AWOS,AWOS 3,128.125
KEZF,RDO,LEESBURG RDO,114.500
KEZF,UNIC,CTAF/UNICOM,122.800
KEZI,A/D,QUAD CITY APP/DEP,118.200
KEZI,UNIC,CTAF/UNICOM,122.800
KEZM,A/D,ATLANTA APP/DEP,119.600
KEZM,ATIS,,119.425
KEZM,GROUND,,121.175
KEZM,TOWER/CTAF,,124.550
KEZM,UNIC,,122.950
KEZS,A/D,GREEN BAY APP/DEP,119.400
KEZS,UNIC,CTAF/UNICOM,122.800
KEZZ,A/D,KANSAS CITY APP/DEP,119.000
KEZZ,CLD,KANSAS CITY CLNC DEL,121.600
KEZZ,UNIC,CTAF/UNICOM,122.800
KFAF,A/D,NORFOLK APP/DEP,125.700
KFAF,CTAF,CTAF,126.300
KFAF,GND,GND,121.350
KFAF,OPS,BASE OPS,134.100
KFAF,PMSV,PMSV METRO,134.100
KFAF,TWR,TWR,126.300
KFAM,AWOS,AWOS 3,119.275
KFAM,CNTR,KANSAS CITY CNTR,127.470
KFAM,RDO,ST LOUIS RDO,122.300
KFAM,UNIC,CTAF/UNICOM,122.800
KFAR,A/D,FARGO APP/DEP,120.400
KFAR,ATIS,ATIS,124.500
KFAR,GND,GND/CLNC DEL,121.900
KFAR,RDO,GRAND FORKS RDO,122.425
KFAR,TWR,FARGO TWR,133.800
KFAR,UNIC,UNICOM,122.950
KFAT,A/D,APP/DEP,118.500
KFAT,A/D,APP/DEP,35.195
KFAT,ATIS,ATIS,121.350
KFAT,CLD,CLNC DEL,124.350
KFAT,GND,GND,121.700
KFAT,MISC,ANG OPS,138.150
KFAT,OPS,ARNG OPS,40.950
KFAT,RDO,RANCHO RDO,122.200
KFAT,TWR,TWR,118.200
KFAT,UNIC,UNICOM,122.950
KFAY,A/D,APP/DEP,125.175
KFAY,ATIS,ATIS,121.250
KFAY,GCA,GND,121.700
KFAY,RDO,RALEIGH RDO,25.540
KFAY,TWR,TWR,118.300
KFAY,UNIC,UNICOM,122.950
KFBG,A/D,FAYETTEVILLE APP/DEP,133.000
KFBG,AAS,FLT ADVSY,125.900
KFBG,ATIS,ATIS,139.250
KFBG,GCCD,GND/CLNC DEL,121.900
KFBG,MISC,RANGE RDO,46.750
KFBG,OPS,BASE OPS,142.350
KFBG,PMSV,PMSV METRO,141.250
KFBG,TWR,TWR,125.900
KFBL,A/D,MINNEAPOLIS APP/DEP,125.000
KFBL,AWOS,AWOS 3,111.200
KFBL,UNIC,CTAF/UNICOM,122.800
KFBR,AWOS,AWOS 2,118.800
KFBR,RDO,CASPER RDO,122.300
KFBR,UNIC,CTAF/UNICOM,122.800
KFBY,CNTR,MINNEAPOLIS CNTR,126.400
KFBY,UNIC,CTAF/UNICOM,122.700
KFCH,APP,APP,119.000
KFCH,AWOS,AWOS 3,135.225
KFCH,DEP,DEP,119.000
KFCH,UNIC,CTAF/UNICOM,123.000
KFCI,APP,POTOMAC APP,134.700
KFCI,AWOS,AWOS 3,128.625
KFCI,CLD,POTOMAC CLNC DEL,124.600
KFCI,DEP,POTOMAC DEP,134.700
KFCI,RDO,LEESBURG RDO,113.300
KFCI,UNIC,CTAF/UNICOM,123.050
KFCM,A/D,MINNEAPOLIS APP/DEP,125.000
KFCM,ATIS,ATIS,124.900
KFCM,CLD,CLNC DEL,121.700
KFCM,CTAF,CTAF,118.100
KFCM,GND,GND,121.700
KFCM,TWR,TWR,118.100
KFCM,UNIC,UNICOM,122.950
KFCS,A/D,SPRINGS APP/DEP,124.000
KFCS,A/G,FLT FLW,38.350
KFCS,ATIS,ATIS,108.800
KFCS,PMSV,PMSV METRO,44.100
KFCS,PTD,PTD/OPS,141.150
KFCS,TWR,TWR,125.500
KFCT,ATIS,ATIS,36.700
KFCT,CTAF,CTAF,126.200
KFCT,OPS,OPS,41.500
KFCT,POST,RANGE CTL,40.200
KFCT,RDO,RATTLESNAKE,36.700
KFCY,CNTR,MEMPHIS CNTR,135.300
KFCY,UNIC,CTAF/UNICOM,122.800
KFDK,A/D,POTOMAC APP/DEP,126.750
KFDK,ATIS/AWOS,ATIS/AWOS 3,124.875
KFDK,CLD,POTOMAC CLNC DEL,126.900
KFDK,CTAF,,132.400
KFDK,RDO,LEESBURG RDO,109.000
KFDK,TWR,Frederick Tower,132.400
KFDK,UNIC,CTAF/UNICOM,122.950
KFDR,A/D,ALTUS APP/DEP,125.100
KFDR,ASOS,ASOS,132.675
KFDR,UNIC,CTAF/UNICOM,122.800
KFDW,A/D,COLUMBIA APP/DEP,133.400
KFDW,AWOS,AWOS 3,119.075
KFDW,UNIC,CTAF/UNICOM,122.800
KFDY,A/D,TOLEDO APP/DEP,120.800
KFDY,ASOS,ASOS,124.425
KFDY,RDO,CLEVELAND RDO,122.200
KFDY,UNIC,CTAF/UNICOM,122.725
KFEP,A/D,ROCKFORD APP/DEP,126.000
KFEP,AWOS,AWOS 3,119.025
KFEP,CLD,CLNC DEL,121.850
KFEP,UNIC,CTAF/UNICOM,122.800
KFET,A/D,OMAHA APP/DEP,120.100
KFET,AWOS,AWOS 3,121.275
KFET,UNIC,CTAF/UNICOM,122.800
KFFA,CTAF,CTAF,122.900
KFFC,A/D,ATLANTA APP/DEP,119.800
KFFC,ASOS,ASOS,118.525
KFFC,CLD,CLNC DEL,119.800
KFFC,UNIC,CTAF/UNICOM,123.050
KFFL,AWOS,AWOS 3,132.025
KFFL,CNTR,CHICAGO CNTR,118.150
KFFL,UNIC,CTAF/UNICOM,122.700
KFFM,AWOS,AWOS 3,110.400
KFFM,RDO,PRINCETON RDO,122.350
KFFM,UNIC,CTAF/UNICOM,122.800
KFFO,A/D,DAYTON APP/DEP,118.850
KFFO,ATIS,ATIS,124.475
KFFO,GND,GND,121.800
KFFO,PMSV,PMSV METRO,34.460
KFFO,POST,445AW AFRC COMD POST,34.940
KFFO,PTD,PTD,122.850
KFFO,TWR,PATTERSON TWR,126.900
KFFT,A/D,LEXINGTON APP/DEP,120.750
KFFT,ASOS,ASOS,119.275
KFFT,CLD,CLNC DEL,118.100
KFFT,OPS,ARNG OPS,41.150
KFFT,RDO,LOUISVILLE RDO,109.400
KFFT,UNIC,CTAF/UNICOM,122.800
KFFX,A/D,MUSKEGON APP/DEP,119.800
KFFX,CLD,CLNC DEL,118.250
KFFX,UNIC,CTAF/UNICOM,123.000
KFFZ,A/D,PHOENIX APP/DEP,120.700
KFFZ,ATIS,ATIS,118.250
KFFZ,CTAF,CTAF,124.600
KFFZ,GND,GND,121.300
KFFZ,TWR,TWR,124.600
KFFZ,UNIC,UNICOM,122.950
KFGU,UNIC,CTAF/UNICOM,122.700
KFGX,AWOS,AWOS 3,118.125
KFGX,CNTR,INDIANAPOLIS CNTR,124.225
KFGX,UNIC,CTAF/UNICOM,123.000
KFHR,A/D,WHIDBEY APP/DEP,118.200
KFHR,ASOS,ASOS,135.675
KFHR,CTAF,CTAF,128.250
KFHU,ASOS,ASOS,119.675
KFHU,ATIS,ATIS,134.750
KFHU,CTAF,CTAF,124.950
KFHU,GCA,LIBBY GCA,127.050
KFHU,GND,GND,121.700
KFHU,OPS,LIBBY OPS,122.950
KFHU,TWR,LIBBY TWR,124.950
KFHU,UNIC,UNICOM,122.950
KFIG,ASOS,ASOS,119.275
KFIG,CNTR,NEW YORK CNTR,134.800
KFIG,UNIC,CTAF/UNICOM,122.725
KFIT,A/D,BOSTON APP/DEP,124.400
KFIT,ASOS,ASOS,135.175
KFIT,UNIC,CTAF/UNICOM,122.700
KFKA,A/D,ROCHESTER APP/DEP,119.800
KFKA,AWOS,AWOS 3,118.925
KFKA,CTAF,CTAF,122.900
KFKL,A/D,YOUNGSTOWN APP/DEP,133.950
KFKL,AWOS,AWOS 3,118.175
KFKL,CLD,CLNC DEL,126.250
KFKL,RDO,ALTOONA RDO,109.600
KFKL,UNIC,CTAF/UNICOM,122.700
KFKN,A/D,NORFOLK APP/DEP,127.900
KFKN,AWOS,AWOS 3,124.675
KFKN,RDO,LEESBURG RDO,110.600
KFKN,UNIC,CTAF/UNICOM,122.800
KFKR,AWOS,AWOS 3,124.325
KFKR,CNTR,CHICAGO CNTR,123.850
KFKR,UNIC,CTAF/UNICOM,123.000
KFKS,AWOS,AWOS 3,118.325
KFKS,CNTR,MINNEAPOLIS CNTR,132.900
KFKS,UNIC,CTAF/UNICOM,123.050
KFLD,ASOS,ASOS,134.000
KFLD,CNTR,CHICAGO CNTR,127.000
KFLD,RDO,GREEN BAY RDO,122.500
KFLD,UNIC,CTAF/UNICOM,122.800
KFLG,ATIS,ATIS,125.800
KFLG,CNTR,ALBUQUERQUE CNTR,124.500
KFLG,CTAF,CTAF,134.550
KFLG,GND,GND,121.900
KFLG,RDO,PRESCOTT RDO,122.300
KFLG,TWR,TWR,134.550
KFLG,UNIC,UNICOM,122.950
KFLL,APP,MIAMI APP,118.100
KFLL,ATIS,ATIS,135.000
KFLL,CLD,CLNC DEL,128.400
KFLL,DEP,MIAMI DEP,119.700
KFLL,GND,GND,121.400
KFLL,TWR,TWR,119.300
KFLL,UNIC,UNICOM,122.950
KFLO,APP,APP DEP,118.600
KFLO,ATIS,ATIS,123.625
KFLO,CTAF,CTAF,125.100
KFLO,GCCD,GND/CLNC DEL,121.900
KFLO,RDO,ANDERSON RDO,122.600
KFLO,TWR,TWR,125.100
KFLO,UNIC,UNICOM,122.950
KFLP,AWOS,AWOS 3,132.075
KFLP,CNTR,MEMPHIS CNTR,126.850
KFLP,RDO,JONESBORO RDO,122.350
KFLP,UNIC,CTAF/UNICOM,123.000
KFLV,A/D,KANSAS CITY APP/DEP,124.700
KFLV,CTAF,CTAF,126.200
KFLV,RDO,WICHITA RDO,122.350
KFLX,A/D,NAVY FALLON APP/DEP,120.850
KFLX,RDO,RENO RDO,114.100
KFLX,UNIC,CTAF/UNICOM,122.800
KFME,A/D,POTOMAC APP DEP,119.700
KFME,AWOS,AWOS 3,123.925
KFME,UNIC,CTAF/UNICOM,123.050
KFMH,APP,CAPE APP,118.200
KFMH,DEP,CAPE DEP,28.460
KFMH,GND,GND,121.600
KFMH,INFO,ANG SOF,26.200
KFMH,MISC,CG CAPE COD AIR,164.550
KFMH,OPS,ANG BASE OPS,37.220
KFMH,POST,102 FW COMD POST,26.200
KFMH,PTD,PTD,37.220
KFMH,TWR,TWR,121.000
KFMM,AWOS,AWOS 3,132.950
KFMM,UNIC,CTAF/UNICOM,123.050
KFMN,ATIS,ATIS,127.150
KFMN,CNTR,DENVER CNTR,118.575
KFMN,CTAF,CTAF,118.900
KFMN,GND,GND,121.700
KFMN,RDO,ALBUQUERQUE RDO,122.400
KFMN,TWR,FARMINGTON TWR,118.900
KFMN,UNIC,UNICOM,122.950
KFMY,A/D,FORT MYERS APP/DEP,126.800
KFMY,ATIS,ATIS,123.725
KFMY,CLD,CLNC DEL,121.700
KFMY,CTAF,CTAF,119.000
KFMY,GND,GND,121.700
KFMY,RDO,MIAMI RDO,122.200
KFMY,TWR,TWR,119.000
KFMY,UNIC,UNICOM,130.550
KFMZ,CNTR,MINNEAPOLIS CNTR,119.400
KFMZ,CTAF,CTAF,122.900
KFNB,ASOS,ASOS,119.270
KFNB,FSS,COLUMBUS RDO,122.100
KFNB,UNIC,CTAF/UNICOM,122.800
KFNL,A/D,DENVER APP/DEP,134.850
KFNL,AWOS,AWOS 3,135.075
KFNL,CLD,CLNC DEL,120.250
KFNL,RDO,DENVER RDO,122.400
KFNL,UNIC,CTAF/UNICOM,122.700
KFNT,A/D,FLINT APP/DEP,118.800
KFNT,ATIS,ATIS,133.150
KFNT,CLD,CLNC DEL,121.750
KFNT,CTAF,CTAF,126.300
KFNT,GND,FLINT GND,121.900
KFNT,RDO,LANSING RDO,122.300
KFNT,TWR,FLINT TWR,126.300
KFNT,UNIC,UNICOM,122.950
KFOA,AWOS,AWOS 3,120.175
KFOA,CNTR,KANSAS CITY CNTR,127.700
KFOA,UNIC,CTAF/UNICOM,122.700
KFOD,AWOS,AWOS 3,118.775
KFOD,CNTR,MINNEAPOLIS CNTR,134.000
KFOD,RDO,RDO,122.300
KFOD,UNIC,CTAF/UNICOM,122.950
KFOE,A/D,KANSAS CITY CNTR,123.800
KFOE,ATIS,ATIS,128.250
KFOE,CTAF,CTAF,120.800
KFOE,GND,GND,121.700
KFOE,MISC,ARNG OPS,41.700
KFOE,OPS,ANG OPS,28.650
KFOE,RDO,WICHITA RDO,122.450
KFOE,TWR,TWR,120.800
KFOE,UNIC,UNICOM,122.950
KFOK,A/D,NEW YORK APP/DEP,118.950
KFOK,ASOS,ASOS,119.925
KFOK,CTAF,CTAF,125.300
KFOK,GND,GND,121.800
KFOK,OPS,ANG OPS,28.750
KFOK,TWR,TWR,125.300
KFOK,UNIC,UNICOM,122.950
KFOM,AWOS,AWOS 3,133.775
KFOM,UNIC,CTAF/UNICOM,122.800
KFOT,CNTR,SEATTLE CNTR,124.850
KFOT,CTAF,CTAF,122.900
KFOT,RDO,OAKLAND RDO,122.300
KFOZ,AWOS,AWOS 3,34.500
KFOZ,CNTR,MINNEAPOLIS CNTR,127.900
KFOZ,CTAF,CTAF,122.900
KFPK,A/D,LANSING APP/DEP,118.650
KFPK,AWOS,AWOS 3,118.075
KFPK,UNIC,CTAF/UNICOM,123.000
KFPR,ATIS,ATIS,134.825
KFPR,CNTR,MIAMI CNTR,132.250
KFPR,CTAF,CTAF,128.200
KFPR,GND,GND,119.550
KFPR,RDO,MIAMI RDO,122.550
KFPR,TWR,FORT PIERCE TWR,128.200
KFQD,A/D,RALEIGH APP/DEP,119.400
KFQD,AWOS,AWOS 3,118.275
KFQD,UNIC,CTAF/UNICOM,122.800
KFRG,APP,NEW YORK APP,118.400
KFRG,ATIS,ATIS,126.650
KFRG,CLD,CLNC DEL,128.250
KFRG,CTAF,CTAF,118.800
KFRG,DEP,NEW YORK DEP,123.700
KFRG,GND,GND,121.600
KFRG,ILS RWY14,,111.900
KFRG,TWR,TWR,118.800
KFRG,UNIC,UNICOM,122.950
KFRH,A/D,LOUISVILLE APP/DEP,132.075
KFRH,AWOS,AWOS 3,118.075
KFRH,UNIC,CTAF/UNICOM,122.800
KFRI,AAS,VFR ADVSY SVC,126.200
KFRI,ARTC,KANSAS CITY CNTR,127.350
KFRI,ASOS,ASOS,118.375
KFRI,CTAF,CTAF,126.200
KFRI,MISC,RANGE CON,40.800
KFRI,OPS,OPS,40.550
KFRM,AWOS,AWOS 3,110.200
KFRM,CNTR,MINNEAPOLIS CNTR,127.750
KFRM,RDO,PRINCETON RDO,110.200
KFRM,UNIC,CTAF/UNICOM,122.800
KFRR,UNIC,CTAF/UNICOM,123.000
KFSD,A/D,SIOUX FALLS APP/DEP,125.800
KFSD,ATIS,ATIS,126.600
KFSD,CTAF,CTAF,118.300
KFSD,GND,SIOUX FALLS GND,121.900
KFSD,RDO,HURON RDO,122.200
KFSD,TWR,SIOUX FALLS TWR,118.300
KFSD,UNIC,UNICOM,122.950
KFSE,AWOS,AWOS 3,22.400
KFSE,CNTR,MINNEAPOLIS CNTR,134.750
KFSE,CTAF,CTAF,122.900
KFSI,A/D,FORT SILL APP/DEP,118.600
KFSI,ATIS,ATIS,135.425
KFSI,CLD,CLNC DEL,121.700
KFSI,GND,POST GND,121.700
KFSI,MISC,DUNCAN SCTR,118.600
KFSI,PMSV,PMSV METRO,37.520
KFSI,PTD,PTD,123.050
KFSI,TWR,POST TWR,124.950
KFSK,AWOS,AWOS 3,124.425
KFSK,CNTR,KANSAS CITY CNTR,125.550
KFSK,UNIC,CTAF/UNICOM,122.800
KFSM,APP,RAZORBACK APP,120.175
KFSM,APP,RAZORBACK APP,35.357
KFSM,ATIS,ATIS,126.300
KFSM,CLD,CLNC DEL,133.850
KFSM,CTAF,CTAF,118.300
KFSM,DEP,RAZORBACK DEP,120.900
KFSM,GND,GND,121.900
KFSM,RDO,JONESBORO RDO,122.200
KFSM,TWR,TWR,118.300
KFSM,UNIC,UNICOM,122.950
KFSO,A/D,BURLINGTON APP/DEP,121.100
KFSO,AWOS,AWOS 3,119.025
KFSO,RDO,BURLINGTON RDO,116.900
KFSO,UNIC,CTAF/UNICOM,122.800
KFST,ASOS,ASOS,118.525
KFST,CNTR,ALBUQUERQUE CNTR,135.875
KFST,RDO,SAN ANGELO RDO,116.900
KFST,UNIC,CTAF/UNICOM,122.800
KFSU,UNIC,CTAF/UNICOM,122.800
KFSW,AWOS,AWOS 3,120.925
KFSW,CNTR,CHICAGO CNTR,135.600
KFSW,UNIC,CTAF/UNICOM,122.800
KFTG,A/D,DENVER APP/DEP,128.250
KFTG,ATIS,ATIS,119.025
KFTG,AWOS,AWOS 3,119.025
KFTG,CLD,CLNC DEL,121.750
KFTG,CTAF,CTAF,120.200
KFTG,GND,GND,124.700
KFTG,TWR,TWR,120.200
KFTG,UNIC,UNICOM,122.950
KFTK,A/D,LOUISVILLE APP/DEP,123.675
KFTK,ATIS,ATIS,109.600
KFTK,CTAF,CTAF,126.800
KFTK,GND,GND,121.900
KFTK,MISC,AIR TO AIR,23.750
KFTK,OPS,BASE OPS,126.200
KFTK,TWR,TWR,126.800
KFTT,A/D,MIZZU APP/DEP,124.375
KFTT,UNIC,CTAF/UNICOM,122.700
KFTW,A/D,RGNL APP DEP,118.100
KFTW,ATIS,ATIS,120.700
KFTW,CLD,CLNC DEL,124.650
KFTW,GND,GND,121.900
KFTW,RDO,FORT WORTH RDO,122.600
KFTW,TWR,TWR,118.300
KFTW,UNIC,UNICOM,122.950
KFTY,A/D,ATLANTA  APP/DEP,121.000
KFTY,ATIS,ATIS,120.175
KFTY,CTAF,CTAF,118.450
KFTY,GND,GND,121.700
KFTY,RDO,MACON RDO,122.200
KFTY,TWR,COUNTY TWR,118.450
KFTY,UNIC,UNICOM,122.950
KFUL,A/D,SOCAL APP/DEP,125.350
KFUL,ATIS,ATIS,125.050
KFUL,CTAF,CTAF,119.100
KFUL,GND,GND,121.800
KFUL,RDO,RIVERSIDE RDO,122.450
KFUL,TWR,TWR,119.100
KFUL,UNIC,UNICOM,122.950
KFVE,ASOS,ASOS,135.725
KFVE,CNTR,BOSTON CNTR,124.750
KFVE,UNIC,CTAF/UNICOM,122.800
KFVX,AWOS,AWOS 3,132.725
KFVX,CNTR,WASHINGTON CNTR,135.400
KFVX,UNIC,CTAF/UNICOM,122.800
KFWA,A/D,APP/DEP SW/NW OF ACT RWY,127.200
KFWA,A/D,SE/NE OF ACTIVE RWY,132.150
KFWA,A/D,FORT WAYNE A/D,135.325
KFWA,ATIS,ATIS,121.250
KFWA,CLD,CLNC DEL,124.750
KFWA,GND,GND,121.900
KFWA,OPS,122FW COMD POST OPS,138.400
KFWA,RDO,TERRE HAUTE RDO,122.200
KFWA,TWR,TWR,119.100
KFWA,UNIC,UNICOM,122.950
KFWC,AWOS,AWOS 3,119.425
KFWC,CNTR,KANSAS CITY CNTR,127.700
KFWC,UNIC,CTAF/UNICOM,123.050
KFWN,A/D,NEW YORK APP/DEP,127.600
KFWN,ASOS,ASOS,118.525
KFWN,UNIC,CTAF/UNICOM,122.700
KFWQ,A/D,PITTSBURGH APP/DEP,119.350
KFWQ,AWOS,AWOS 3,118.475
KFWQ,RDO,ALTOONA RDO,122.200
KFWQ,UNIC,CTAF/UNICOM,122.800
KFWS,A/D,REGIONAL APP/DEP,135.975
KFWS,AWOS,AWOS 3,120.025
KFWS,CTAF,CTAF,124.625
KFWS,FSS,FORT WORTH RDO,121.725
KFWS,GND,GND,119.475
KFWS,TWR,TWR,124.625
KFWS,UNIC,UNICOM,122.700
KFXE,A/D,MIAMI APP/DEP,119.700
KFXE,ATIS,ATIS,119.850
KFXE,CLD,CLNC DEL,127.950
KFXE,GND,EXECUTIVE GND,121.750
KFXE,TWR,EXECUTIVE TWR,120.900
KFXE,UNIC,UNICOM,122.950
KFXY,CNTR,MINNEAPOLIS CNTR,127.300
KFXY,UNIC,CTAF/UNICOM,122.800
KFYE,APP,MEMPHIS APP,125.800
KFYE,AWOS,AWOS 3,119.875
KFYE,CTAF,CTAF,122.900
KFYE,DEP,MEMPHIS DEP,124.150
KFYJ,A/D,POTOMAC APP/DEP,126.400
KFYJ,AWOS,AWOS 3,132.825
KFYJ,RDO,LEESBURG RDO,108.800
KFYJ,UNIC,CTAF/UNICOM,123.000
KFYM,A/D,HUNTSVILLE APP/DEP,125.600
KFYM,AWOS,AWOS 3,135.275
KFYM,CNTR,MEMPHIS CNTR,120.800
KFYM,UNIC,CTAF/UNICOM,122.800
KFYV,A/D,RAZORBACK APP/DEP,121.000
KFYV,ATIS,ATIS,133.100
KFYV,CTAF,CTAF,128.000
KFYV,GND,GND,121.800
KFYV,RDO,JONESBORO RDO,122.300
KFYV,TWR,TWR,128.000
KFYV,UNIC,UNICOM,122.950
KFZG,ARTC,JACKSONVILLE CNTR,132.300
KFZG,AWOS,AWOS 3,118.625
KFZG,UNIC,CTAF/UNICOM,123.000
KFZI,A/D,TOLEDO APP/DEP,126.100
KFZI,FSS,CLEVELAND RDO,122.100
KFZI,UNIC,CTAF/UNICOM,122.700
KFZY,A/D,SYRACUSE APP/DEP,134.275
KFZY,ASOS,ASOS,119.275
KFZY,UNIC,CTAF/UNICOM,123.000
KGAD,A/D,BIRMINGHAM APP/DEP,120.050
KGAD,AWOS,AWOS 3,127.825
KGAD,RDO,ANNISTON RDO,112.300
KGAD,UNIC,CTAF/UNICOM,122.800
KGAF,A/D,GRAND FORKS APP/DEP,132.300
KGAF,UNIC,UNICOM,122.800
KGAI,A/D,POTOMAC APP/DEP,128.700
KGAI,AWOS,AWOS 3,128.275
KGAI,CLD,POTOMAC CLNC DEL,121.600
KGAI,UNIC,CTAF/UNICOM,123.075
KGAO,A/D,NEW ORLEANS APP/DEP,123.850
KGAO,AWOS,AWOS 3,118.175
KGAO,UNIC,UNICOM CTAF,123.000
KGAS,A/D,HUNTINGTON APP/DEP,132.950
KGAS,CLD,CLNC DEL,124.550
KGAS,UNIC,CTAF/UNICOM,123.000
KGBD,AWOS,AWOS 3,119.275
KGBD,CNTR,KANSAS CITY CNTR,118.800
KGBD,RDO,WICHITA RDO,122.500
KGBD,UNIC,CTAF/UNICOM,122.800
KGBG,A/D,QUAD CITY APP/DEP,118.200
KGBG,AWOS,AWOS 3,109.800
KGBG,CLD,CLNC DEL,120.700
KGBG,RDO,KANKAKEE RDO,109.800
KGBG,UNIC,CTAF/UNICOM,123.000
KGBN,A/D,LUKE APP/DEP,125.450
KGBN,MISC,SNAKE EYE,122.775
KGBN,TWR,TWR,127.750
KGBR,A/D,ALBANY APP/DEP,125.000
KGBR,UNIC,CTAF/UNICOM,122.800
KGCC,ASOS,ASOS,124.175
KGCC,CNTR,DENVER CNTR,135.600
KGCC,CTAF,CTAF,118.500
KGCC,GND,GND,121.700
KGCC,RDO,CASPER RDO,122.300
KGCC,TWR,TWR,118.500
KGCC,UNIC,UNICOM,122.950
KGCK,ASOS,ASOS,121.325
KGCK,CNTR,KANSAS CITY CNTR,125.200
KGCK,CTAF,CTAF,118.150
KGCK,GND,GND,119.000
KGCK,RDO,WICHITA RDO,122.450
KGCK,TWR,TWR,118.150
KGCK,UNIC,UNICOM,122.950
KGCM,A/D,TULSA APP/DEP,119.100
KGCM,AWOS,AWOS 3,119.925
KGCM,UNIC,CTAF/UNICOM,122.700
KGCN,ASOS,ASOS,124.300
KGCN,ATIS,ATIS,124.300
KGCN,CNTR,LOS ANGELES CNTR,124.850
KGCN,CTAF,CTAF,119.000
KGCN,GND,GND,121.900
KGCN,RDO,PRESCOTT RDO,122.300
KGCN,TWR,CANYON TWR,119.000
KGCN,UNIC,UNICOM,122.950
KGCT,A/D,DES MOINES APP/DEP,135.200
KGCT,UNIC,CTAF/UNICOM,122.800
KGCY,A/D,TRI CITY APP/DEP,119.250
KGCY,AWOS,AWOS 3,128.425
KGCY,UNIC,CTAF/UNICOM,122.700
KGDB,AWOS,AWOS 3,120.100
KGDB,CNTR,MINNEAPOLIS CNTR,127.100
KGDB,UNIC,CTAF/UNICOM,122.800
KGDJ,AWOS,AWOS 3,118.925
KGDJ,CNTR,FORT WORTH CNTR,127.150
KGDJ,UNIC,CTAF/UNICOM,123.000
KGDM,CNTR,BOSTON CNTR,123.750
KGDM,RDO,BRIDGEPORT RDO,110.600
KGDM,UNIC,CTAF/UNICOM,122.800
KGDV,AWOS,AWOS 3,135.075
KGDV,RDO,GREAT FALLS RDO,122.550
KGDV,UNIC,CTAF/UNICOM,122.800
KGDW,A/D,SAGINAW APP/DEP,126.450
KGDW,UNIC,CTAF/UNICOM,122.800
KGED,A/D,DOVER APP/DEP,132.425
KGED,ASOS,ASOS,118.375
KGED,RDO,MILLVILLE RDO,112.600
KGED,UNIC,CTAF/UNICOM,123.000
KGEG,A/D,APP/DEP,123.750
KGEG,ATIS,ATIS,124.325
KGEG,CLD,CLNC DEL,127.550
KGEG,GND,GND,121.900
KGEG,OPS,ARNG,38.750
KGEG,RDO,SEATTLE RDO,122.200
KGEG,TWR,TWR,118.300
KGEG,UNIC,UNICOM,122.950
KGEO,CNTR,INDIANAPOLIS CNTR,135.575
KGEO,CTAF,CTAF,122.900
KGEU,A/D,LUKE APP/DEP,120.500
KGEU,ATIS,ATIS,119.425
KGEU,AWOS,AWOS 3,119.425
KGEU,CTAF,CTAF,121.000
KGEU,GND,GND,118.000
KGEU,RDO,PRESCOTT RDO,122.600
KGEU,TWR,TWR,121.000
KGEU,UNIC,UNICOM,122.950
KGEV,A/D,ATLANTA APP/DEP,125.150
KGEV,AWOS,AWOS 3,120.675
KGEV,UNIC,CTAF/UNICOM,122.800
KGEY,ASOS,ASOS,135.325
KGEY,CNTR,SALT LAKE CITY CNTR,133.250
KGEY,UNIC,CTAF/UNICOM,122.800
KGEZ,A/D,INDIANAPOLIS APP/DEP,127.150
KGEZ,ASOS,ASOS,121.550
KGEZ,OPS,ARNG OPS,41.500
KGEZ,RDO,TERRE HAUTE RDO,112.000
KGEZ,UNIC,CTAF/UNICOM,122.800
KGFK,A/D,APP/DEP,118.100
KGFK,ATIS,ATIS,119.400
KGFK,CTAF,CTAF,118.400
KGFK,GND,GND,124.575
KGFK,RDO,RDO,122.200
KGFK,TWR,Grand Forks Tower,118.400
KGFK,UNIC,UNICOM,122.950
KGFL,A/D,ALBANY APP/DEP,125.000
KGFL,ASOS,ASOS,119.250
KGFL,RDO,BURLINGTON RDO,122.200
KGFL,UNIC,CTAF/UNICOM,123.000
KGFZ,A/D,MINNEAPOLIS CNTR,125.650
KGFZ,CTAF,CTAF,122.900
KGGE,A/D,MYRTLE BEACH APP/DEP,127.400
KGGE,AWOS,AWOS 3,24.200
KGGE,CLD,MYRTLE BEACH CLNC,119.700
KGGE,UNIC,CTAF/UNICOM,123.000
KGGF,CNTR,DENVER CNTR,132.700
KGGF,UNIC,CTAF/UNICOM,122.800
KGGG,A/D,LONGVIEW APP/DEP,118.250
KGGG,ATIS,ATIS,119.650
KGGG,CTAF,CTAF,119.200
KGGG,GND,GND,121.600
KGGG,TWR,TWR,119.200
KGGG,UNIC,UNICOM,122.950
KGGI,A/D,CHICAGO CNTR,127.050
KGGI,FSS,FORT DODGE RDO,122.350
KGGI,UNIC,CTAF/UNICOM,122.800
KGGP,A/D,GRISSOM APP/DEP,121.050
KGGP,RDO,TERRE HAUTE RDO,109.800
KGGP,UNIC,CTAF/UNICOM,122.800
KGGW,ASOS,ASOS,135.175
KGGW,CNTR,SALT LAKE CITY CNTR,126.850
KGGW,RDO,GREAT FALLS RDO,122.250
KGGW,UNIC,CTAF/UNICOM,122.800
KGHG,A/D,BOSTON APP/DEP,124.100
KGHG,AWOS,AWOS 3,120.000
KGHG,UNIC,CTAF/UNICOM,122.800
KGHM,CNTR,MEMPHIS CNTR,125.850
KGHM,RDO,JACKSON RDO,122.250
KGHM,UNIC,CTAF/UNICOM,122.800
KGHW,AWOS,AWOS 3,34.600
KGHW,CNTR,MINNEAPOLIS CNTR,126.100
KGHW,CTAF,CTAF,122.900
KGIC,A/D,SEATTLE CNTR,123.950
KGIC,CTAF,CTAF,122.900
KGIF,A/D,TAMPA APP/DEP,120.650
KGIF,ASOS,ASOS,133.675
KGIF,UNIC,CTAF/UNICOM,123.050
KGJT,A/D,DENVER APP/DEP,119.700
KGJT,AAS,VFR ADVSY SVC,118.100
KGJT,ATIS,ATIS,118.550
KGJT,CTAF,CTAF,118.100
KGJT,GND,GND,121.700
KGJT,RCO,DENVER RDO,122.600
KGJT,TWR,GRAND JUNCTION TWR,118.100
KGJT,UNIC,UNICOM,122.950
KGKJ,A/D,YOUNGSTOWN APP/DEP,133.950
KGKJ,ASOS,ASOS,121.425
KGKJ,CLD,CLNC DEL,124.950
KGKJ,UNIC,CTAF/UNICOM,123.000
KGKT,A/D,KNOXVILLE APP/DEP,132.800
KGKT,AWOS,AWOS 3,126.875
KGKT,UNIC,CTAF/UNICOM,123.000
KGKY,A/D,RGNL APP/DEP,135.975
KGKY,ASOS,ASOS,127.375
KGKY,CLD,RGNL CLNC DEL,118.850
KGKY,UNIC,CTAF/UNICOM,123.075
KGLD,ASOS,ASOS,121.025
KGLD,CNTR,DENVER CNTR,132.500
KGLD,RDO,WICHITA RDO,122.400
KGLD,UNIC,CTAF/UNICOM,122.950
KGLE,AWOS,AWOS 3,118.375
KGLE,CNTR,FORT WORTH CNTR,124.750
KGLE,UNIC,CTAF/UNICOM,123.000
KGLH,ASOS,ASOS,125.525
KGLH,CNTR,MEMPHIS CNTR,135.875
KGLH,CTAF,CTAF,119.000
KGLH,GND,GND,121.800
KGLH,TWR,GREENVILLE TWR,119.000
KGLH,UNIC,UNICOM,122.950
KGLR,ASOS,ASOS,118.375
KGLR,CNTR,MINNEAPOLIS CNTR,134.600
KGLR,RDO,LANSING RDO,122.550
KGLR,UNIC,CTAF/UNICOM,122.800
KGLS,A/D,HOUSTON APP/DEP,134.450
KGLS,ASOS,ASOS,119.275
KGLS,CLD,CLNC DEL,135.350
KGLS,CTAF,CTAF,120.575
KGLS,GND,GND,118.625
KGLS,RDO,MONTGOMERY CO RDO,122.150
KGLS,TWR,TWR,120.575
KGLS,UNIC,UNICOM,123.050
KGLW,AWOS,AWOS 3,118.525
KGLW,CNTR,MEMPHIS CNTR,132.100
KGLW,UNIC,CTAF/UNICOM,122.800
KGLY,APP,WHITEMAN APP,127.450
KGLY,DEP,WHITEMAN DEP,125.925
KGLY,RDO,COLUMBIA RDO,122.400
KGLY,UNIC,CTAF/UNICOM,122.800
KGMJ,AWOS,AWOS 3,119.025
KGMJ,CNTR,KANSAS CITY CNTR,128.800
KGMJ,UNIC,CTAF/UNICOM,122.800
KGMU,A/D,GREER APP/DEP,118.800
KGMU,ASOS,ASOS,127.075
KGMU,CTAF,CTAF,119.900
KGMU,GND,GND,121.250
KGMU,TWR,TWR,119.900
KGMU,UNIC,UNICOM,122.950
KGNB,AWOS,AWOS 1,119.925
KGNB,UNIC,CTAF/UNICOM,123.000
KGNC,A/D,FORT WORTH CNTR,132.600
KGNC,AWOS,AWOS 3,118.075
KGNC,UNIC,CTAF/UNICOM,122.800
KGNF,AWOS,AWOS 3,118.025
KGNF,CNTR,MEMPHIS CNTR,128.500
KGNF,UNIC,CTAF/UNICOM,122.800
KGNG,CNTR,SALT LAKE CITY CNTR,118.050
KGNG,RDO,BOISE RDO,122.400
KGNG,UNIC,CTAF/UNICOM,122.800
KGNT,CNTR,ALBUQUERQUE CNTR,124.325
KGNT,UNIC,CTAF/UNICOM,122.800
KGNV,A/D,JACKSONVILLE APP/DEP,118.175
KGNV,ATIS,ATIS,127.150
KGNV,CTAF,CTAF,119.550
KGNV,GND,GND,121.700
KGNV,RDO,RDO,122.100
KGNV,RDO,RDO,122.200
KGNV,TWR,TWR,119.550
KGNV,UNIC,UNICOM,122.950
KGOK,A/D,OKE CITY APP/DEP,124.200
KGOK,ASOS,ASOS,133.975
KGOK,UNIC,CTAF/UNICOM,122.800
KGON,A/D,PROVIDENCE APP/DEP,125.750
KGON,ATIS,ATIS,127.000
KGON,CLD,CLNC DEL,119.850
KGON,CTAF,CTAF,125.600
KGON,GND,GND,121.650
KGON,OPS,ARNG OPS,126.200
KGON,RDO,BRIDGEPORT RDO,122.100
KGON,TWR,TWR,125.600
KGOO,A/D,NORCAL APP/DEP,125.400
KGOO,AWOS,AWOS 3,121.325
KGOO,UNIC,CTAF/UNICOM,122.725
KGOV,A/D,MINNEAPOLIS APP/DEP,132.900
KGOV,AWOS,AWOS 3,119.075
KGOV,GND,GND,121.900
KGOV,TWR,TWR,36.500
KGOV,UNIC,CTAF/UNICOM,122.800
KGPH,A/D,KANSAS CITY APP/DEP,119.000
KGPH,CLD,KANAS CITY,118.200
KGPH,UNIC,CTAF/UNICOM,122.700
KGPI,ATIS,ATIS,132.625
KGPI,CNTR,SALT LAKE CITY CNTR,133.400
KGPI,CTAF,CTAF,124.550
KGPI,GND,GND,121.600
KGPI,RCO,GREAT FALLS RDO,122.500
KGPI,TWR,TWR,124.550
KGPI,UNIC,UNICOM,122.950
KGPM,A/D,RGNL APP/DEP,135.975
KGPM,AWOS,AWOS 3,118.475
KGPM,GND,GND,121.150
KGPM,TWR,TWR,128.550
KGPM,UNIC,CTAF/UNICOM,128.550
KGPT,A/D,APP/DEP,124.600
KGPT,ATIS,ATIS,119.450
KGPT,CTAF,CTAF,123.700
KGPT,GND,GND,120.400
KGPT,OPS,ANG OPS,37.780
KGPT,RDO,GREENWOOD RDO,109.000
KGPT,TWR,TWR,123.700
KGPT,UNIC,UNICOM,122.950
KGPZ,AWOS,AWOS 3,111.400
KGPZ,CNTR,MINNEAPOLIS CNTR,127.900
KGPZ,RDO,PRINCETON RDO,122.050
KGPZ,UNIC,CTAF/UNICOM,122.800
KGQQ,A/D,MANSFIELD APP/DEP,124.200
KGQQ,CLD,CLNC DEL,126.800
KGQQ,RDO,CLEVELAND RDO,122.600
KGQQ,UNIC,CTAF/UNICOM,122.800
KGRB,APP,GREEN BAY APP,119.400
KGRB,ATIS,ATIS,124.100
KGRB,CLD,CLNC DEL,121.750
KGRB,CTAF,CTAF,118.700
KGRB,DEP,GREEN BAY DEP,126.550
KGRB,GND,GND,121.900
KGRB,RDO,GREEN BAY RDO,122.200
KGRB,TWR,GREEN BAY TWR,118.700
KGRB,UNIC,UNICOM,122.950
KGRD,A/D,GREER APP/DEP,120.600
KGRD,ASOS,ASOS,121.125
KGRD,RDO,ANDERSON RDO,122.625
KGRD,UNIC,CTAF/UNICOM,122.800
KGRE,CNTR,KANSAS CITY CNTR,127.700
KGRE,RDO,ST LOUIS RDO,114.300
KGRE,UNIC,CTAF/UNICOM,123.050
KGRF,A/D,SEATTLE APP/DEP,120.100
KGRF,ATIS,ATIS,124.650
KGRF,CTAF,CTAF,119.325
KGRF,GND,GND/CLNC DEL,121.900
KGRF,INFO,AR OPS,36.100
KGRF,MISC,ARNG OPS,36.550
KGRF,OPS,OPS,32.300
KGRF,PMSV,PMSV METRO,134.100
KGRF,RDO,BULLSEYE RDO,36.700
KGRF,TWR,TWR,119.325
KGRI,ATIS,ATIS,127.400
KGRI,CLD,CLNC DEL,121.900
KGRI,CNTR,MINNEAPOLIS CNTR,119.400
KGRI,CTAF,CTAF,118.200
KGRI,GND,GND,121.900
KGRI,OPS,ARNG OPS,38.000
KGRI,RDO,COLUMBUS RDO,122.450
KGRI,TWR,GRAND ISLAND TWR,118.200
KGRI,UNIC,UNICOM,122.950
KGRK,A/D,GRAY APP/DEP,120.075
KGRK,ATIS,ATIS,111.800
KGRK,CLD,CLNC DEL,121.800
KGRK,GND,GRAY GND,126.200
KGRK,INFO,RANGE CTL,30.450
KGRK,MISC,FT HOOD FLT FLW,38.750
KGRK,PMSV,PMSV GRAY METRO,41.200
KGRK,PTD,PTD,38.700
KGRK,TWR,TWR,120.750
KGRN,CNTR,DENVER CNTR,127.950
KGRN,UNIC,CTAF/UNICOM,122.800
KGRR,A/D,GRAND RAPIDS APP/DEP N,124.600
KGRR,A/D,GRAND RAPIDS APP/DEP S,128.400
KGRR,ATIS,ATIS,118.725
KGRR,CLD,CLNC DEL,119.300
KGRR,CTAF,CTAF,135.650
KGRR,GND,GND,121.800
KGRR,RDO,LANSING RDO,122.250
KGRR,TWR,GRAND RAPIDS TWR,135.650
KGRR,UNIC,UNICOM,122.950
KGSB,APP,APP,119.700
KGSB,ATIS,ATIS,31.762
KGSB,CLD,CLNC DEL,128.025
KGSB,DEP,DEP,119.700
KGSB,GND,GND,138.100
KGSB,MISC,ACC SOF,37.610
KGSB,PMSV,PMSV METRO,32.392
KGSB,POST,916TH COMD POST,31.100
KGSB,POST,4FW COMD POST,31.100
KGSB,PTD,PTD,37.220
KGSB,TWR,TWR,126.250
KGSH,A/D,SOUTH BEND APP/DEP,132.050
KGSH,ASOS,ASOS,126.475
KGSH,CLD,SOUTH BEND CLNC DEL,125.250
KGSH,RDO,TERRE HAUTE RDO,113.700
KGSH,UNIC,CTAF/UNICOM,123.050
KGSO,A/D,APP/DEP,118.500
KGSO,ATIS,ATIS,128.550
KGSO,CLD,CLNC DEL,121.750
KGSO,GND,GND,121.900
KGSO,TWR,TWR,119.100
KGSO,UNIC,UNICOM,122.950
KGSP,A/D,GREER APP/DEP,120.600
KGSP,ATIS,ATIS,134.250
KGSP,CTAF,CTAF,120.100
KGSP,GND,GREER GND,121.900
KGSP,TWR,GREER TWR,120.100
KGSP,UNIC,UNICOM,122.950
KGTB,A/D,APP/DEP,128.250
KGTB,ATIS,ATIS,126.550
KGTB,GND,GND,121.900
KGTB,MISC,FORT DRUM FLT FLW,141.025
KGTB,OPS,BASE OPS,120.800
KGTB,PMSV,PMSV SACK METRO,63.300
KGTB,TWR,TWR,118.750
KGTE,CNTR,DENVER CNTR,132.700
KGTE,UNIC,CTAF/UNICOM,122.800
KGTF,A/D,APP/DEP,128.600
KGTF,ATIS,ATIS,126.600
KGTF,GND,GND/CLNC DEL,121.700
KGTF,OPS,ANG OPS MAINT,28.890
KGTF,RDO,RDO,122.600
KGTF,TWR,TWR,118.700
KGTF,UNIC,UNICOM,122.950
KGTG,CNTR,MINNEAPOLIS CNTR,121.050
KGTG,CTAF,CTAF,122.900
KGTG,RDO,GREEN BAY RDO,122.100
KGTR,A/D,COLUMBUS APP/DEP,135.600
KGTR,ATIS,ATIS,126.375
KGTR,AWOS,AWOS 3,126.375
KGTR,CLD,COLUMBUS CLNC DEL,126.250
KGTR,CTAF,CTAF,118.200
KGTR,GND,GND/CLNC DEL,135.375
KGTR,TWR,TWR,118.200
KGTR,UNIC,UNICOM,122.800
KGTU,A/D,AUSTIN APP/DEP,119.000
KGTU,AWOS,AWOS 3,135.425
KGTU,CLD,CLNC DEL,121.100
KGTU,UNIC,CTAF/UNICOM,123.000
KGUC,AWOS,AWOS 3,135.075
KGUC,CNTR,DENVER CNTR,125.350
KGUC,UNIC,CTAF/UNICOM,122.700
KGUP,ASOS,ASOS,118.375
KGUP,RDO,ALBUQUERQUE RDO,122.600
KGUP,UNIC,CTAF/UNICOM,122.950
KGUS,A/D,A/D INITIAL CONTACT,121.050
KGUS,A/D,GRISSOM A/D WEST,123.850
KGUS,A/D,GRISSOM A/D SECONDARY,135.350
KGUS,ATIS,ATIS,108.450
KGUS,CLD,CLNC DEL,128.425
KGUS,CTR,CHICAGO CTR,121.050
KGUS,GND,GND,128.425
KGUS,PMSV,PMSV METRO,34.460
KGUS,PTD,PTD,372.200
KGUS,TWR,TWR,133.700
KGUY,ASOS,ASOS,119.925
KGUY,CNTR,KANSAS CITY CNTR,134.000
KGUY,UNIC,CTAF/UNICOM,122.700
KGVL,A/D,ATLANTA APP/DEP,132.475
KGVL,ASOS,ASOS,126.475
KGVL,CLD,CLNC DEL,134.800
KGVL,RDO,MACON RDO,122.550
KGVL,UNIC,CTAF/UNICOM,123.075
KGVQ,A/D,ROCHESTER APP/DEP,123.700
KGVQ,AWOS,AWOS 3,127.525
KGVQ,CLD,CLNC DEL,121.800
KGVQ,UNIC,CTAF/UNICOM,122.700
KGVT,AWOS,AWOS 3,133.425
KGVT,CNTR,FORT WORTH CNTR,132.850
KGVT,CTAF,CTAF,118.650
KGVT,GND,GND,121.700
KGVT,OPS,AFMCLO FLT,34.960
KGVT,TWR,TWR,118.650
KGVT,UNIC,UNICOM,122.950
KGWB,A/D,FORT WAYNE APP/DEP,127.200
KGWB,AWOS,AWOS 3,124.150
KGWB,CLD,CLNC DEL,126.600
KGWB,UNIC,CTAF/UNICOM,123.000
KGWO,ASOS,ASOS,119.975
KGWO,CLD,CLNC DEL,125.550
KGWO,CNTR,MEMPHIS CNTR,132.500
KGWO,CTAF,CTAF,118.350
KGWO,GND,GND,125.550
KGWO,RDO,RDO,122.200
KGWO,TWR,TWR,118.350
KGWO,UNIC,UNICOM,122.950
KGWR,AWOS,AWOS 3,118.325
KGWR,CNTR,MINNEAPLOIS CNTR,127.350
KGWR,UNIC,CTAF,122.700
KGWS,RDO,DENVER RDO,122.200
KGWS,UNIC,CTAF/UNICOM,123.000
KGWW,A/D,SEY JOHNSON APP DEP,123.700
KGWW,AWOS,AWOS 3,118.975
KGWW,UNIC,CTAF/UNICOM,122.700
KGXY,A/D,DENVER APP/DEP,134.850
KGXY,AWOS,AWOS 3,135.175
KGXY,CLD,DENVER CLNC DEL,126.650
KGXY,RDO,DENVER RDO,122.650
KGXY,UNIC,CTAF/UNICOM,122.800
KGYB,A/D,HOUSTON CNTR,132.150
KGYB,AWOS,AWOS 3,119.225
KGYB,UNIC,CTAF/UNICOM,123.050
KGYH,A/D,GREER APP/DEP,118.800
KGYH,AWOS,AWOS 3,127.325
KGYH,CLD,CLNC DEL,121.400
KGYH,GND,GND,121.400
KGYH,TWR,TWR,133.325
KGYH,UNIC,CTAF/UNICOM,133.325
KGYI,A/D,FORT WORTH APP/DEP,124.750
KGYI,AWOS,AWOS 3,118.775
KGYI,RDO,FORT WORTH RDO,122.300
KGYI,UNIC,CTAF/UNICOM,122.700
KGYL,A/D,MINNEAPOLIS APP/DEP,125.000
KGYL,AWOS,AWOS 3,40.700
KGYL,UNIC,CTAF/UNICOM,122.800
KGYR,ATIS,ATIS,118.350
KGYR,CTAF,CTAF,120.100
KGYR,GND,GND,121.700
KGYR,RDO,PRESCOTT RDO,122.600
KGYR,TWR,GOODYEAR TWR,120.100
KGYR,UNIC,UNICOM,122.950
KGYY,A/D,CHICAGO APP/DEP,133.100
KGYY,ATIS,ATIS,120.625
KGYY,CTAF,CTAF,125.600
KGYY,GND,GND,121.900
KGYY,RCO,KANKAKEE RDO,114.200
KGYY,RDO,TERRE HAUTE RDO,123.650
KGYY,TWR,TWR,125.600
KGZH,ASOS,ASOS,133.425
KGZH,CNTR,JACKSONVILLE CNTR,120.200
KGZH,UNIC,CTAF/UNICOM,122.700
KGZS,AWOS,AWOS 3,118.275
KGZS,CNTR,MEMPHIS CNTR,125.850
KGZS,UNIC,CTAF/UNICOM,122.800
KHAB,CNTR,MEMPHIS CNTR,127.100
KHAB,RDO,ANNISTON RDO,122.300
KHAB,UNIC,CTAF/UNICOM,122.800
KHAE,AWOS,AWOS 3,120.775
KHAE,CNTR,KANSAS CITY CNTR,135.525
KHAE,UNIC,CTAF/UNICOM,122.800
KHAF,A/D,NORCAL APP/DEP,135.100
KHAF,UNIC,CTAF/UNICOM,122.800
KHAI,A/D,KALAMAZOO APP/DEP,121.200
KHAI,AWOS,AWOS 3,119.975
KHAI,UNIC,CTAF/UNICOM,122.800
KHAO,A/D,CINCINNATI APP/DEP,121.000
KHAO,ASOS,ASOS,121.425
KHAO,CLD,CLNC DEL,126.250
KHAO,UNIC,CTAF/UNICOM,123.050
KHBC,APP,MINOT APP,119.600
KHBC,DEP,MINOT DEP,119.600
KHBC,UNIC,CTAF/UNICOM,122.800
KHBG,ASOS,ASOS,135.425
KHBG,CNTR,HOUSTON CNTR,126.800
KHBG,UNIC,CTAF/UNICOM,122.800
KHBI,A/D,GREENSBORO APP/DEP,118.500
KHBI,AWOS,AWOS 3,119.275
KHBI,UNIC,CTAF/UNICOM,122.800
KHBR,APP,ALTUS APP,125.100
KHBR,ASOS,ASOS,133.325
KHBR,DEP,ALTUS DEP,125.100
KHBR,RDO,MC ALESTER RDO,122.200
KHBR,UNIC,CTAF/UNICOM,122.800
KHBV,AWOS,AWOS 3,118.075
KHBV,CNTR,HOUSTON CNTR,127.800
KHBV,UNIC,CTAF/UNICOM,122.800
KHBZ,CNTR,MEMPHIS CNTR,126.850
KHBZ,UNIC,CTAF/UNICOM,122.700
KHCD,AWOS,AWOS 3,118.525
KHCD,CNTR,MINNEAPOLIS CNTR,127.100
KHCD,UNIC,CTAF/UNICOM,122.800
KHCO,A/D,MINNEAPOLIS APP/DEP,132.150
KHCO,AWOS,AWOS 3,126.475
KHCO,UNIC,CTAF/UNICOM,122.800
KHCR,AWOS,AWOS 3,124.825
KHCR,CNTR,SALT LAKE CITY CNTR,119.950
KHCR,UNIC,CTAF/UNICOM,122.800
KHDC,A/D,NEW ORLEANS APP/DEP,119.300
KHDC,AWOS,AWOS 3,118.325
KHDC,UNIC,CTAF/UNICOM,122.700
KHDE,AWOS,AWOS 3,121.325
KHDE,CNTR,DENVER CNTR,132.700
KHDE,UNIC,CTAF/UNICOM,122.800
KHDN,AWOS,AWOS 3,119.275
KHDN,CNTR,DENVER CNTR,120.475
KHDN,RDO,DENVER RDO,122.250
KHDN,UNIC,CTAF/UNICOM,123.000
KHDO,ASOS,ASOS,119.675
KHDO,CNTR,HOUSTON CNTR,134.950
KHDO,UNIC,CTAF/UNICOM,122.725
KHEE,CNTR,MEMPHIS CNTR,135.300
KHEE,UNIC,CTAF/UNICOM,122.800
KHEF,A/D,POTOMAC APP/DEP,128.525
KHEF,ATIS,ATIS,125.175
KHEF,AWOS,KHWY AWOS-3 (12nm SW),120.350
KHEF,CLD,POTOMAC CLNC DEL,120.200
KHEF,CTAF,CTAF,133.100
KHEF,GND,GND,121.800
KHEF,TWR,TWR,133.100
KHEG,A/D,JACKSONVILLE APP/DEP,124.400
KHEG,AWOS,AWOS 3,119.275
KHEG,UNIC,CTAF/UNICOM,123.000
KHEI,ASOS,ASOS,119.925
KHEI,CNTR,MINNEAPOLIS CNTR,124.250
KHEI,UNIC,CTAF/UNICOM,122.800
KHEQ,AWOS,AWOS 3,119.275
KHEQ,CNTR,DENVER CNTR,118.475
KHEQ,UNIC,CTAF/UNICOM,122.700
KHEZ,AWOS,AWOS 3,124.675
KHEZ,CNTR,HOUSTON CNTR,120.970
KHEZ,RDO,GREENWOOD RDO,110.000
KHEZ,UNIC,CTAF/UNICOM,122.800
KHFD,A/D,BRADLEY APP/DEP,127.800
KHFD,ATIS,ATIS,126.450
KHFD,CLD,BRADLEY CLNC DEL,121.600
KHFD,CTAF,CTAF,119.600
KHFD,GND,GND,121.600
KHFD,TWR,BRAINARD TWR,119.600
KHFD,UNIC,UNICOM,122.950
KHFF,A/D,FAYETTEVILLE APP/DEP,127.800
KHFF,ATIS,ATIS,141.400
KHFF,GND,GND,41.750
KHFF,MISC,RANGE RDO,46.750
KHFF,PMSV,PMSV METRO,141.250
KHFF,TWR,TWR,121.000
KHFJ,A/D,SPRINGFIELD APP/DEP,124.950
KHFJ,AWOS,AWOS 3,118.275
KHFJ,CLD,CLNC DEL,121.850
KHFJ,UNIC,CTAF/UNICOM,123.075
KHFY,A/D,INDIANAPOLIS APP/DEP,124.950
KHFY,AWOS,AWOS 3,118.525
KHFY,CTR,INDIANAPOLIS CENTER,132.200
KHFY,UNIC,CTAF/UNICOM,123.000
KHGR,ASOS,ASOS,126.375
KHGR,CNTR,WASHINGTON CNTR,134.150
KHGR,CTAF,CTAF,120.300
KHGR,GND,GND,121.900
KHGR,OPS,AR OPS,32.300
KHGR,RDO,LEESBURG RDO,109.800
KHGR,TWR,TWR,120.300
KHGR,UNIC,UNICOM,122.950
KHHF,A/D,FORT WORTH RDO,122.100
KHHF,AWOS,AWOS 3,119.025
KHHF,CTAF,CTAF,122.900
KHHG,A/D,FORT WAYNE APP/DEP,127.200
KHHG,UNIC,CTAF/UNICOM,122.800
KHHR,APP,SOCAL APP,124.300
KHHR,ATIS,ATIS,118.400
KHHR,CTAF,CTAF,121.100
KHHR,DEP,SOCAL DEP,124.300
KHHR,GND,GND,125.100
KHHR,RDO,HAWTHORNE RDO,122.200
KHHR,TWR,TWR,121.100
KHHW,A/D,FORT WORTH CNTR,124.875
KHHW,AWOS,AWOS 3,119.025
KHHW,UNIC,CTAF/UNICOM,122.800
KHIB,A/D,DULUTH APP/DEP,125.450
KHIB,ASOS,ASOS,126.425
KHIB,CLD,DULUTH CLNC DEL,127.400
KHIB,RDO,PRINCETON RDO,122.600
KHIB,UNIC,CTAF/UNICOM,123.000
KHIE,ASOS,ASOS,118.525
KHIE,CLD,CLNC DEL,122.400
KHIE,CNTR,BOSTON CNTR,135.700
KHIE,RDO,BANGOR RDO,122.400
KHIE,UNIC,CTAF/UNICOM,122.800
KHIF,APP,SALT LAKE CITY APP,121.100
KHIF,APP,SALT LAKE CITY APP,25.787
KHIF,APP,SALT LAKE CITY APP,31.925
KHIF,ATIS,ATIS,134.925
KHIF,CLD,CLNC DEL,124.100
KHIF,DEP,SALT LAKE CITY DEP,121.100
KHIF,GND,GND,121.600
KHIF,OPS,419 OPS,25.210
KHIF,PMSV,PMSV METRO,34.230
KHIF,POST,COMD POST,38.130
KHIF,PTD,PTD,139.300
KHIF,TWR,TWR,127.150
KHIG,UNIC,CTAF/UNICOM,122.800
KHII,AWOS,AWOS 3,119.025
KHII,CNTR,LOS ANGELES CNTR,134.650
KHII,HARE,Lake Havasu City VORTAC,121.100
KHII,UNIC,CTAF/UNICOM,122.700
KHIO,A/D,APP/DEP,126.000
KHIO,ATIS,ATIS,127.650
KHIO,CTAF,CTAF,119.300
KHIO,GND,GND,121.700
KHIO,TWR,HILLSBORO TWR,119.300
KHIO,UNIC,UNICOM,122.950
KHJH,AWOS,AWOS3,118.525
KHJH,CNTR,MINNEAPOLIS CNTR,126.400
KHJH,CTAF,CTAF,122.900
KHJO,A/D,FRESNO APP/DEP,123.900
KHJO,ASOS,ASOS,134.750
KHJO,UNIC,CTAF/UNICOM,122.800
KHKA,ASOS,ASOS,135.025
KHKA,CNTR,MEMPHIS CNTR,134.650
KHKA,UNIC,CTAF/UNICOM,123.050
KHKS,A/D,JACKSON APP/DEP,123.900
KHKS,ASOS,ASOS,120.625
KHKS,CLD,JACKSON CLNC DEL,121.900
KHKS,CTAF,CTAF,119.650
KHKS,GND,GND,121.900
KHKS,OPS,ARNG OPS,139.050
KHKS,TWR,TWR,119.650
KHKS,UNIC,UNICOM,122.950
KHKY,ASOS,ASOS,118.325
KHKY,CLD,CLNC DEL,121.700
KHKY,CNTR,ATLANTA CNTR,125.150
KHKY,CTAF,CTAF,128.150
KHKY,GND,GND,121.700
KHKY,RDO,RALEIGH RDO,122.200
KHKY,TWR,TWR,128.150
KHLB,UNIC,UNICOM,122.725
KHLC,ASOS,ASOS,118.425
KHLC,CTAF,CTAF,122.800
KHLC,FSS,WICHITA RDO,122.650
KHLG,A/D,PITTSBURG APP/DEP,118.650
KHLG,ASOS,ASOS,127.375
KHLG,CTAF,CTAF,118.100
KHLG,GND,GND,121.750
KHLG,RDO,ELKINS RDO,118.650
KHLG,TWR,TWR,118.100
KHLG,UNIC,UNICOM,122.950
KHLN,A/D,APP/DEP,119.500
KHLN,ATIS,ATIS,120.400
KHLN,CTAF,CTAF,118.300
KHLN,GND,GND,121.900
KHLN,OPS,ARNG OPS,40.650
KHLN,RDO,GREAT FALLS RDO,122.550
KHLN,TWR,TWR,118.300
KHLN,UNIC,UNICOM,122.950
KHLR,A/D,GRAY APP/DEP,120.075
KHLR,CLD,CLNC DEL,22.540
KHLR,GND,GND,133.850
KHLR,INFO,RANGE CON,30.450
KHLR,MISC,FORT HOOD FLT FLW,143.100
KHLR,PMSV,PMSV GRAY METRO,41.200
KHLR,TWR,TWR,119.650
KHLX,A/D,ROANOKE APP/DEP,126.000
KHLX,AWOS,AWOS 3,118.375
KHLX,UNIC,CTAF/UNICOM,122.800
KHMN,A/G,ARMY AVIATION,22.930
KHMN,APP,APP,120.600
KHMN,ATIS,ATIS,27.350
KHMN,CLD,CLNC DEL,126.700
KHMN,CLD,CHEROKEE  MISSION,126.900
KHMN,DEP,DEP,128.100
KHMN,GND,GND,127.050
KHMN,PMSV,PMSV METRO,34.655
KHMN,POST,COMD POST,38.130
KHMN,PTD,PTD,37.220
KHMN,TWR,TWR,119.300
KHMT,A/D,MARCH APP/DEP,119.250
KHMT,AWOS,AWOS 3,118.375
KHMT,UNIC,CTAF/UNICOM,123.000
KHMY,CNTR,FORT WORTH CNTR,128.100
KHMY,OPS,OPS,142.450
KHMZ,CNTR,CLEVELAND CNTR APP,124.400
KHMZ,UNIC,UNICOM,122.700
KHNB,A/D,EVANSVILLE APP/DEP,126.400
KHNB,AWOS,AWOS 3,118.250
KHNB,CLD,CLNC DEL,118.800
KHNB,UNIC,CTAF/UNICOM,122.800
KHND,A/D,LAS VEGAS APP/DEP,118.400
KHND,ASOS,ASOS,120.775
KHND,CTAF,CTAF,125.100
KHND,GND,GND,127.800
KHND,RDO,RENO RDO,122.350
KHND,TWR,TWR,125.100
KHND,UNIC,UNICOM,122.950
KHNR,A/D,OMAHA APP/DEP,124.500
KHNR,AWOS,AWOS 3,118.325
KHNR,UNIC,CTAF/UNICOM,122.800
KHNZ,A/D,RALEIGH APP/DEP,132.350
KHNZ,AWOS,AWOS 3,118.625
KHNZ,UNIC,CTAF/UNICOM,122.800
KHOB,ATIS,ATIS,119.750
KHOB,CNTR,FORT WORTH CNTR,133.100
KHOB,CTAF,CTAF,120.650
KHOB,GND,GND,121.900
KHOB,RDO,ALBUQUERQUE RDO,122.200
KHOB,TWR,HOBBS TWR,120.650
KHOB,UNIC,UNICOM,122.950
KHOC,AWOS,AWOS 3,118.175
KHOC,CNTR,INDIANAPOLIS CNTR,134.000
KHOC,RDO,DAYTON RDO,122.200
KHOC,UNIC,CTAF/UNICOM,123.050
KHOE,A/D,VALDOSTA APP/DEP,119.525
KHOE,CTAF,CTAF,122.900
KHON,ASOS,ASOS,118.125
KHON,CNTR,MINNEAPOLIS CNTR,126.250
KHON,CTAF,CTAF,123.600
KHON,RDO,RDO,122.100
KHON,RDO,RDO,122.200
KHON,UNIC,UNICOM,123.000
KHOP,APP,APP,118.100
KHOP,ATIS,ATIS,125.175
KHOP,CLD,CLNC DEL,138.800
KHOP,DEP,DEP,118.100
KHOP,GND,GND,121.800
KHOP,PMSV,PMSV METRO,34.330
KHOP,POST,EAGLE CON,65.200
KHOP,PTD,PTD,130.650
KHOP,TWR,TWR,120.900
KHOT,A/D,MEMPHIS CNTR,127.825
KHOT,ASOS,ASOS,119.925
KHOT,RDO,JONESBORO RDO,110.000
KHOT,UNIC,CTAF/UNICOM,123.000
KHOU,APP,HOUSTON APP,120.050
KHOU,ATIS,ATIS,124.600
KHOU,CLD,CLNC DEL,125.450
KHOU,DEP,HOUSTON DEP,119.700
KHOU,DEP,HOUSTON DEP,28.400
KHOU,GND,GND,121.900
KHOU,RDO,MONTGOMERY CO RDO,122.350
KHOU,TWR,HOBBY TWR,118.700
KHOU,UNIC,UNICOM,122.950
KHPN,APP,NEW YORK APP,120.800
KHPN,ATIS,ATIS,133.800
KHPN,CLD,CLNC DEL,127.250
KHPN,CTAF,CTAF,118.575
KHPN,DEP,NEW YORK DEP,120.550
KHPN,GND,GND,121.825
KHPN,TWR,TWR,118.575
KHPN,UNIC,UNICOM,122.950
KHPT,CNTR,MINNEAPOLIS CNTR,134.000
KHPT,UNIC,CTAF/UNICOM,122.700
KHPY,A/D,HOUSTON APP/DEP,134.450
KHPY,UNIC,CTAF/UNICOM,122.800
KHQG,AWOS,AWOS 3,118.600
KHQG,CNTR,KANSAS CITY CNTR,134.000
KHQG,UNIC,CTAF/UNICOM,122.800
KHQM,ASOS,ASOS,135.775
KHQM,CNTR,SEATTLE CNTR,128.300
KHQM,RDO,SEATTLE RDO,122.200
KHQM,UNIC,CTAF/UNICOM,122.700
KHQU,A/D,AUGUSTA APP/DEP,126.800
KHQU,AWOS,AWOS 3,120.625
KHQU,UNIC,CTAF/UNICOM,122.800
KHQZ,A/D,REGIONAL APP/DEP,125.200
KHQZ,AWOS,AWOS 3,118.175
KHQZ,UNIC,CTAF/UNICOM,123.050
KHRI,A/D,CHINOOK APP/DEP,133.150
KHRI,ASOS,ASOS,135.225
KHRI,UNIC,CTAF/UNICOM,122.800
KHRJ,A/D,FAYETTEVILLE APP/DEP,125.175
KHRJ,AWOS,AWOS 3,119.025
KHRJ,UNIC,CTAF/UNICOM,122.700
KHRL,A/D,APP/DEP,120.700
KHRL,ATIS,ATIS,124.850
KHRL,CTAF,CTAF,119.300
KHRL,GND,GND,121.700
KHRL,RDO,SAN ANGELO RDO,122.350
KHRL,TWR,TWR,119.300
KHRL,UNIC,UNICOM,122.950
KHRO,ASOS,ASOS,121.125
KHRO,CNTR,MEMPHIS CNTR,126.850
KHRO,RDO,JONESBORO RDO,122.450
KHRO,UNIC,CTAF/UNICOM,123.000
KHRT,APP,EGLIN APP,133.000
KHRT,APP,EGLIN APP,37.915
KHRT,ATIS,ATIS,36.067
KHRT,DEP,EGLIN DEP,132.100
KHRT,GND,GND,123.975
KHRT,PMSV,PMSV METRO,39.075
KHRT,POST,COMD POST,140.400
KHRT,PTD,PTD,37.220
KHRT,TWR,TWR,126.500
KHRU,A/D,KANSAS CITY CNTR,127.350
KHRU,CTAF,CTAF,122.900
KHRX,A/D,AMARILLO APP/DEP,119.500
KHRX,UNIC,CTAF/UNICOM,122.800
KHSA,A/D,GULFPORT APP/DEP,124.600
KHSA,AWOS,AWOS 3,118.375
KHSA,CLD,CLNC DEL,124.325
KHSA,GND,GND,121.725
KHSA,TWR,TWR,127.150
KHSA,UNIC,CTAF/UNICOM,123.000
KHSB,AWOS,AWOS 3,135.925
KHSB,CNTR,KANSAS CITY CNTR,125.300
KHSB,UNIC,CTAF/UNICOM,122.800
KHSD,A/D,OKE CITY APP/DEP,124.600
KHSD,CLD,CLNC DEL,123.700
KHSD,UNIC,CTAF/UNICOM,122.700
KHSE,A/D,CHERRY POINT APP/DEP,119.750
KHSE,ASOS,ASOS,118.375
KHSE,CTAF,CTAF,122.900
KHSE,FSS,RALEIGH RDO,122.300
KHSI,ASOS,ASOS,120.525
KHSI,CNTR,MINNEAPOLIS CNTR,119.400
KHSI,RDO,COLUMBUS RDO,108.800
KHSI,UNIC,CTAF/UNICOM,122.800
KHSP,AWOS,AWOS 3,118.800
KHSP,CNTR,WASHINGTON CNTR,134.400
KHSP,UNIC,CTAF/UNICOM,123.000
KHSR,CNTR,DENVER CNTR,127.950
KHSR,UNIC,CTAF/UNICOM,122.800
KHST,A/D,APP/DEP,123.800
KHST,ATIS,ATIS,132.275
KHST,CLD,CLNC DEL,27.580
KHST,GCA,GCA,123.800
KHST,GND,GND,121.750
KHST,OPS,93FS,138.025
KHST,PMSV,PMSV METRO,31.865
KHST,POST,COMD POST,25.210
KHST,PTD,PTD,37.220
KHST,TWR,TWR,133.450
KHSV,APP,APP,118.050
KHSV,ATIS,ATIS,121.250
KHSV,CLD,CLNC DEL,120.350
KHSV,CTAF,CTAF,127.600
KHSV,DEP,DEP,118.050
KHSV,GND,GND,121.900
KHSV,RDO,ANNISTON RDO,122.200
KHSV,TWR,TWR,127.600
KHSV,UNIC,UNICOM,122.950
KHTH,RDO,RENO RDO,114.100
KHTH,UNIC,CTAF/UNICOM,122.800
KHTL,ASOS,ASOS,111.600
KHTL,CNTR,MINNEAPOLIS CNTR,132.900
KHTL,RDO,LANSING RDO,122.350
KHTL,UNIC,CTAF/UNICOM,122.800
KHTO,A/D,NEW YORK APP/DEP,132.250
KHTO,CLD,NEW YORK CLNC DEL,118.950
KHTO,RDO,NEW YORK RDO,122.100
KHTO,UNIC,CTAF/UNICOM,122.700
KHTS,A/D,HUNTINGTON APP/DEP,119.750
KHTS,ATIS,ATIS,125.200
KHTS,CLD,CLNC DEL,118.050
KHTS,GND,GND,121.900
KHTS,RDO,ELKINS RDO,122.200
KHTS,TWR,HUNTINGTON TWR,118.500
KHTS,UNIC,UNICOM,122.950
KHTW,UNIC,CTAF/UNICOM,122.700
KHUA,A/D,HUNTSVILLE APP/DEP,118.050
KHUA,CTAF,CTAF,126.950
KHUA,GCA,GCA,124.800
KHUA,OPS,BASE OPS,126.200
KHUA,TWR,TWR,126.950
KHUF,A/D,HULMAN A/D SECONDARY,119.800
KHUF,A/D,HULMAN A/D,125.450
KHUF,ASOS,ASOS,127.500
KHUF,ATIS,ATIS,127.500
KHUF,CTR,INDIANAPOLIS CENTER,132.200
KHUF,GND,GND,121.600
KHUF,OPS,RACER OPS,143.550
KHUF,RDO,RDO,122.200
KHUF,TWR,TWR,134.725
KHUF,UNIC,UNICOM,122.950
KHUL,ASOS,ASOS,132.025
KHUL,CNTR,BOSTON CNTR,120.250
KHUL,RDO,BANGOR RDO,122.200
KHUL,UNIC,CTAF/UNICOM,122.800
KHUM,A/D,NEW ORLEANS APP/DEP,118.900
KHUM,ATIS,ATIS,120.250
KHUM,CLD,CLNC DEL,118.350
KHUM,CTAF,CTAF,125.300
KHUM,GND,GND,121.800
KHUM,TWR,TWR,125.300
KHUM,UNIC,UNICOM,122.950
KHUT,A/D,WICHITA APP DEP,125.500
KHUT,ATIS,ATIS,124.250
KHUT,CTAF,CTAF,118.500
KHUT,GND,GND,121.900
KHUT,RDO,WICHITA RDO,122.050
KHUT,TWR,TWR,118.500
KHUT,UNIC,UNICOM,122.950
KHVC,A/D,CAMPBELL APP/DEP,118.100
KHVC,AWOS,AWOS 3,132.575
KHVC,UNIC,CTAF/UNICOM,122.800
KHVE,RDO,CEDAR CITY RDO,122.650
KHVE,UNIC,CTAF/UNICOM,122.800
KHVN,A/D,NEW YORK APP/DEP,124.075
KHVN,ATIS,ATIS,133.650
KHVN,CTAF,CTAF,124.800
KHVN,GND,GND,121.700
KHVN,RDO,BRIDGEPORT RDO,109.800
KHVN,TWR,NEW HAVEN TWR,124.800
KHVN,UNIC,UNICOM,122.950
KHVR,ASOS,ASOS,135.225
KHVR,RDO,GREAT FALLS RDO,123.650
KHVR,UNIC,CTAF/UNICOM,122.800
KHVS,A/D,SHAW APP/DEP,125.400
KHVS,AWOS,AWOS 3,118.225
KHVS,UNIC,CTAF/UNICOM,122.800
KHWD,A/D,NORCAL APP/DEP,124.400
KHWD,A/D,NORCAL APPROACH,125.350
KHWD,A/D,NORCAL APPROACH,134.500
KHWD,ATIS,ATIS,126.700
KHWD,CLD,CLNC DEL,128.050
KHWD,CTAF,CTAF,120.200
KHWD,GND,GND,121.400
KHWD,TWR,TWR,118.900
KHWD,UNIC,UNICOM,122.950
KHWO,A/D,MIAMI APP/DEP,128.600
KHWO,ATIS,ATIS,135.475
KHWO,CTAF,CTAF,132.100
KHWO,GND,GND,120.450
KHWO,TWR,TWR,132.100
KHWO,UNIC,UNICOM,122.950
KHWQ,CTAF,CTAF,122.900
KHWQ,FSS,GREAT FALLS RDO,122.400
KHWV,A/D,NEW YORK APP/DEP,118.000
KHWV,ASOS,ASOS,119.625
KHWV,CLD,CLNC DEL,133.200
KHWV,UNIC,CTAF/UNICOM,122.800
KHWY,A/D,POTOMAC APP/DEP,124.650
KHWY,UNIC,CTAF/UNICOM,122.700
KHXD,A/D,SAVANNAH APP/DEP,125.300
KHXD,ATIS,ATIS,121.400
KHXD,CLD,CLNC DEL,121.100
KHXD,GND,GND,121.100
KHXD,RDO,ANDERSON RDO,122.550
KHXD,TWR,TWR,118.975
KHXD,UNIC,CTAF/UNICOM,123.000
KHXF,A/D,MILWAUKEE APP/DEP,125.350
KHXF,UNIC,CTAF/UNICOM,123.000
KHYA,A/D,CAPE APP/DEP,118.200
KHYA,ATIS,ATIS,123.800
KHYA,CLD,CLNC DEL,125.150
KHYA,CTAF,CTAF,119.500
KHYA,GND,GND,121.900
KHYA,RDO,BRIDGEPORT RDO,126.425
KHYA,TWR,HYANNIS TWR,119.500
KHYA,UNIC,UNICOM,122.950
KHYI,A/D,AUSTIN APP/DEP,119.000
KHYI,AWOS,AWOS 3,120.825
KHYI,CLD,CLNC DEL,121.350
KHYI,UNIC,CTAF/UNICOM,123.050
KHYR,A/D,MINNEAPOLIS CNTR,126.450
KHYR,ASOS,ASOS,113.400
KHYR,RDO,GREEN BAY RDO,113.400
KHYR,UNIC,CTAF/UNICOM,122.800
KHYS,AWOS,AWOS 3,125.525
KHYS,CNTR,KANSAS CITY CNTR,124.400
KHYS,RDO,WICHITA RDO,122.300
KHYS,UNIC,CTAF/UNICOM,122.800
KHYW,A/D,MYRTLE BEACH APP/DEP,127.400
KHYW,UNIC,CTAF/UNICOM,122.700
KHYX,A/D,APP/DEP,120.950
KHYX,AWOS,AWOS 3,118.325
KHYX,RDO,LANSING RDO,122.200
KHYX,UNIC,CTAF/UNICOM,122.800
KHZD,AWOS,AWOS 3,133.275
KHZD,CNTR,MEMPHIS CNTR,134.650
KHZD,UNIC,CTAF/UNICOM,122.800
KHZE,CNTR,MINNEAPOLIS CNTR,124.250
KHZE,CTAF,CTAF,122.800
KHZL,A/D,WILKES BARRE APP/DEP,126.300
KHZL,AWOS,AWOS 3,119.975
KHZL,CLD,CLNC DEL,121.700
KHZL,UNIC,CTAF/UNICOM,123.000
KHZR,A/D,BATON ROUGE APP/DEP,120.300
KHZR,UNIC,CTAF/UNICOM,122.800
KHZX,ARTC,MINNEAPOLIS CNTR,127.900
KHZX,AWOS,AWOS 3,119.575
KHZX,CTAF,CTAF,122.900
KHZY,A/D,ERIE APP/DEP,121.000
KHZY,ASOS,ASOS,118.325
KHZY,RDO,CLEVELAND RDO,115.200
KHZY,UNIC,CTAF/UNICOM,122.800
KIAB,ACP,KS ANG OPS,30.160
KIAB,APP,WICHITA APP,120.600
KIAB,ATIS,ATIS,124.650
KIAB,DEP,WICHITA DEP,120.600
KIAB,GND,GND,118.000
KIAB,PMSV,PMSV METRO,37.520
KIAB,POST,COMD POST,31.100
KIAB,PTD,PTD,37.220
KIAB,RMP,BOEING GND,123.125
KIAB,TWR,TWR,127.250
KIAD,APP,POTOMAC APP,120.450
KIAD,ATIS,ATIS,134.850
KIAD,CLD,CLNC DEL,135.700
KIAD,DEP,POTOMAC DEP,125.050
KIAD,GND,GND,121.900
KIAD,RCO,ARMEL RCO,113.500
KIAD,RMP,RAMP CON,129.550
KIAD,TWR,TWR,120.100
KIAD,UNIC,UNICOM,122.950
KIAG,A/D,BUFFALO APP/DEP,126.500
KIAG,ATIS,ATIS,120.800
KIAG,CLD,CLNC DEL,119.250
KIAG,CTAF,CTAF,118.500
KIAG,GND,GND,121.700
KIAG,OPS,ANG OPS,26.190
KIAG,POST,914 AW COMD POST,34.002
KIAG,PTD,PTD,37.220
KIAG,TWR,TWR,118.500
KIAG,UNIC,UNICOM,122.950
KIAH,APP,APP,120.050
KIAH,ATIS,ATIS,124.050
KIAH,CLD,CLNC DEL,128.100
KIAH,DEP,DEP,119.700
KIAH,DEP,DEP,28.140
KIAH,GND,GND,118.575
KIAH,RDO,MONTGOMERY CO RDO,122.400
KIAH,TWR,TWR,120.725
KIAH,TWR,TWR,29.020
KIAH,UNIC,UNICOM,122.950
KIBM,AWOS,AWOS 3,118.075
KIBM,CNTR,DENVER CNTR,125.900
KIBM,UNIC,CTAF/UNICOM,122.800
KICL,AWOS,AWOS 3,132.025
KICL,CNTR,MINNEAPOLIS CNTR,119.600
KICL,UNIC,CTAF/UNICOM,122.800
KICR,ASOS,ASOS,126.775
KICR,RDO,HURON RDO,112.800
KICR,UNIC,CTAF/UNICOM,122.800
KICT,APP,APP,125.500
KICT,APP,APP,32.710
KICT,ATIS,ATIS,125.150
KICT,CLD,CLNC DEL,125.700
KICT,DEP,DEP,126.700
KICT,GND,GND,121.900
KICT,RDO,RDO,122.200
KICT,TWR,TWR,118.200
KICT,UNIC,UNICOM,122.950
KIDA,ASOS,ASOS,135.325
KIDA,ATIS,ATIS,135.325
KIDA,CNTR,SALT LAKE CITY CNTR,128.350
KIDA,CTAF,CTAF,118.500
KIDA,GND,GND,121.700
KIDA,RDO,BOISE RDO,122.550
KIDA,TWR,TWR,118.500
KIDA,UNIC,UNICOM,122.950
KIDG,UNIC,CTAF/UNICOM,122.800
KIDI,AWOS,AWOS 3,126.625
KIDI,CNTR,CLEVELAND CNTR,121.200
KIDI,UNIC,UNICOM,122.800
KIDL,CNTR,MEMPHIS CNTR,135.875
KIDL,UNIC,CTAF/UNICOM,122.800
KIDP,A/D,KANSAS CITY CNTR,132.900
KIDP,AWOS,AWOS 3,118.525
KIDP,CLD,CLNC DEL,121.650
KIDP,UNIC,CTAF/UNICOM,122.700
KIEN,ASOS,ASOS,126.775
KIEN,CNTR,DENVER CNTR,127.950
KIEN,CTAF,CTAF,122.900
KIER,A/D,POLK APP/DEP,132.050
KIER,AWOS,AWOS 3,119.025
KIER,UNIC,CTAF/UNICOM,122.800
KIFA,A/D,WATERLOO APP/DEP,118.900
KIFA,UNIC,CTAF/UNICOM,122.800
KIFP,CLD,LA CNTR CLNC DEL,118.250
KIFP,CNTR,LOS ANGELES CNTR,134.650
KIFP,CTAF,CTAF,123.900
KIFP,GND,GND,118.250
KIFP,TWR,BULLHEAD TWR,123.900
KIGM,ASOS,ASOS,119.275
KIGM,RDO,PRESCOTT RDO,108.800
KIGM,UNIC,CTAF/UNICOM,122.800
KIGQ,A/D,CHICAGO APP/DEP,118.400
KIGQ,AWOS,AWOS 3,119.275
KIGQ,FSS,KANKAKEE RDO,122.100
KIGQ,UNIC,CTAF/UNICOM,122.700
KIIB,A/D,WATERLOO APP/DEP,118.900
KIIB,AWOS,AWOS 3,118.275
KIIB,UNIC,CTAF/UNICOM,122.800
KIIY,A/D,ATLANTA APP/DEP,127.500
KIIY,AWOS,AWOS 3,118.375
KIIY,UNIC,CTAF/UNICOM,122.700
KIJD,APP,PROVIDENCE APP,119.450
KIJD,ASOS,ASOS,133.675
KIJD,CLD,BRADLEY CLNC DEL,128.600
KIJD,DEP,BRADLEY DEP,127.800
KIJD,RDO,BRIDGEPORT RDO,110.000
KIJD,UNIC,CTAF/UNICOM,122.975
KIJX,A/D,SPRINGFIELD APP/DEP,118.450
KIJX,AWOS,AWOS 3,108.600
KIJX,CLD,CLNC DEL,118.450
KIJX,UNIC,CTAF/UNICOM,122.800
KIKG,APP,KINGSVILLE APP,119.900
KIKG,AWOS,AWOS 3,119.075
KIKG,DEP,KINGSVILLE DEP,119.900
KIKG,UNIC,CTAF/UNICOM,122.700
KIKK,AWOS,AWOS 3,111.600
KIKK,CNTR,CHICAGO CNTR,132.500
KIKK,FSS,KANKAKEE RDO,122.200
KIKK,UNIC,CTAF/UNICOM,123.000
KIKV,A/D,DES MOINES APP/DEP,123.900
KIKV,AWOS,AWOS 3,119.175
KIKV,CLD,CLNC DEL,126.650
KIKV,UNIC,CTAF/UNICOM,122.900
KILE,A/D,GRAY APP/DEP,120.075
KILE,AWOS,AWOS 3,128.575
KILE,CLD,CLNC DEL,121.700
KILE,UNIC,CTAF/UNICOM,122.700
KILG,A/D,PHILADELPHIA APP/DEP,118.350
KILG,ATIS,ATIS,123.950
KILG,CLD,CLNC DEL,119.950
KILG,CTAF,CTAF,126.000
KILG,GND,GND,121.700
KILG,OPS,ARNG OPS,46.900
KILG,POST,WILMINGTON COMD POST,34.300
KILG,RDO,MILLVILLE RDO,114.000
KILG,TWR,WILMINGTON TWR,126.000
KILG,UNIC,UNICOM,122.950
KILM,A/D,WILMINGTON APP/DEP 164-343,118.250
KILM,A/D,WILMINGTON APP/DEP 344-163,135.750
KILM,ATIS,ATIS,124.975
KILM,CTAF,CTAF,119.900
KILM,GCCD,GND/CLNC DEL,121.900
KILM,RDO,RALEIGH RDO,122.550
KILM,TWR,TWR,119.900
KILM,UNIC,UNICOM,122.950
KILN,A/D,DAYTON APP/DEP,118.850
KILN,ASOS,ASOS,126.675
KILN,ATIS,ATIS,124.925
KILN,CLD,CLNC DEL,125.600
KILN,CTAF,CTAF,119.475
KILN,GND,GND,121.600
KILN,TWR,WILMINGTON TWR,119.475
KIML,ASOS,ASOS,124.175
KIML,CNTR,DENVER CNTR,132.700
KIML,UNIC,CTAF/UNICOM,122.800
KIMM,A/D,FORT MYERS APP/DEP,119.750
KIMM,CTAF,CTAF,122.900
KIMS,A/D,LOUISVILLE APP/DEP,123.675
KIMS,AWOS,AWOS 3,119.175
KIMS,UNIC,CTAF/UNICOM,122.800
KIMT,ASOS,ASOS,119.025
KIMT,CNTR,MINNEAPOLIS CNTR,121.250
KIMT,RDO,GREEN BAY RDO,111.200
KIMT,UNIC,CTAF/UNICOM,122.800
KIND,APP,APP INITIAL CONTACT,128.175
KIND,APP (E),APP EAST OF ACTIVE RWY,127.150
KIND,APP (W),APP WEST OF ACTIVE RUNWAY,124.650
KIND,ATIS,ATIS,134.250
KIND,CLD,CLNC DEL,128.750
KIND,DEP (E),DEP EAST,124.950
KIND,DEP (W),DEP WEST,119.050
KIND,GND,GND,121.800
KIND,RDO,TERRE HAUTE RDO,122.550
KIND,TWR,INDY TWR,120.900
KIND,UNIC,UNICOM,122.950
KINF,UNIC,CTAF/UNICOM,122.725
KINJ,A/D,WACO APP/DEP,135.200
KINJ,AWOS,AWOS 3,118.725
KINJ,CTAF,CTAF,122.900
KINK,ASOS,ASOS,118.325
KINK,CNTR,FORT WORTH CNTR,133.100
KINK,RDO,SAN ANGELO RDO,122.050
KINK,UNIC,CTAF/UNICOM,123.000
KINL,ASOS,ASOS,120.000
KINL,CNTR,MINNEAPOLIS CNTR,120.900
KINL,RDO,PRINCETON RDO,123.600
KINL,UNIC,CTAF/UNICOM,122.800
KINS,ASOS,ASOS,121.125
KINS,GND,GND,118.300
KINS,MISC,NELLIS CON,119.350
KINS,PMSV,NELLIS METRO,32.390
KINS,PTD,PTD,139.300
KINS,TWR,TWR,118.300
KINT,A/D,GREENSBORO APP/DEP,124.350
KINT,ATIS,ATIS,121.300
KINT,CTAF,CTAF,123.750
KINT,GND,GND,128.250
KINT,TWR,WINSTON SALEM TWR,123.750
KINT,UNIC,UNICOM,122.950
KINW,ASOS,ASOS,118.875
KINW,CNTR,ALBUQUERQUE CNTR,124.500
KINW,RDO,PRESCOTT RDO,122.600
KINW,UNIC,CTAF/UNICOM,122.800
KIOB,A/D,LEXINGTON APP/DEP,120.150
KIOB,AWOS,AWOS 3,120.675
KIOB,UNIC,CTAF/UNICOM,122.800
KIOW,A/D,CEDAR RAPIDS APP/DEP,119.700
KIOW,ASOS,ASOS,128.075
KIOW,CLD,CLNC DEL,119.050
KIOW,RDO,FORT DODGE RDO,122.250
KIOW,UNIC,CTAF/UNICOM,122.800
KIPJ,A/D,CHARLOTTE APP/DEP,134.750
KIPJ,AWOS,AWOS 3,119.675
KIPJ,CLD,CLNC DEL,124.900
KIPJ,UNIC,CTAF/UNICOM,123.050
KIPL,ASOS,ASOS,132.175
KIPL,CNTR,LOS ANGELES CNTR,128.600
KIPL,RDO,SAN DIEGO RDO,122.500
KIPL,UNIC,CTAF/UNICOM,122.700
KIPT,ASOS,ASOS,125.225
KIPT,CLD,NEW YORK CLNC DEL,124.900
KIPT,CNTR,NEW YORK CNTR,124.900
KIPT,CTAF,CTAF,119.100
KIPT,GND,GND,121.900
KIPT,RDO,RDO,122.200
KIPT,TWR,TWR,119.100
KIPT,UNIC,UNICOM,122.950
KIRK,ASOS,ASOS,121.125
KIRK,CNTR,KANSAS CITY CNTR,132.600
KIRK,RDO,COLUMBIA RDO,122.200
KIRK,UNIC,CTAF/UNICOM,122.800
KIRS,A/D,KALAMAZOO APP/DEP,121.200
KIRS,AWOS,AWOS 3,121.325
KIRS,CLD,CLNC DEL,133.550
KIRS,UNIC,CTAF/UNICOM,123.050
KISB,CNTR,MINNEAPOLIS CNTR,132.050
KISB,UNIC,CTAF/UNICOM,122.800
KISM,A/D,ORLANDO APP/DEP,119.400
KISM,AWOS,AWOS 3,128.775
KISM,CLD,ORLANDO CLNC DEL,119.950
KISM,CTAF,CTAF,124.450
KISM,GND,GND,121.700
KISM,TWR,TWR,124.450
KISM,UNIC,UNICOM,122.950
KISO,A/D,SEYMOUR JOHN APP/DEP,127.300
KISO,AWOS,AWOS 3,132.750
KISO,CTAF,CTAF,120.600
KISO,GND,GND,121.900
KISO,RDO,RALEIGH RDO,109.600
KISO,TWR,TWR,120.600
KISO,UNIC,UNICOM,122.950
KISP,A/D,NEW YORK APP/DEP,118.000
KISP,ATIS,ATIS,120.725
KISP,CLD,CLNC DEL,121.850
KISP,CTAF,CTAF,119.300
KISP,GND,GND,135.300
KISP,OPS,GUARD OPS,45.000
KISP,RDO,NEW YORK RDO,122.600
KISP,TWR,TWR,119.300
KISP,UNIC,UNICOM,122.950
KISQ,AWOS,AWOS 3,110.400
KISQ,RDO,GREEN BAY RDO,122.250
KISQ,UNIC,CTAF/UNICOM,122.800
KISW,ASOS,ASOS,126.575
KISW,CNTR,MINNEAPOLIS CNTR,124.400
KISW,RDO,GREEN BAY RDO,122.450
KISW,UNIC,CTAF/UNICOM,122.800
KITH,A/D,ELMIRA APP/DEP,124.300
KITH,ASOS,ASOS,125.175
KITH,ATIS,ATIS,125.175
KITH,CTAF,CTAF,119.600
KITH,GND,GND,121.800
KITH,RDO,BUFFALO RDO,111.800
KITH,TWR,TWR,119.600
KITH,UNIC,UNICOM,122.950
KITR,ASOS,ASOS,135.225
KITR,CNTR,DENVER CNTR,132.500
KITR,UNIC,CTAF/UNICOM,122.800
KIWA,A/D,PHOENIX APP/DEP,124.900
KIWA,ATIS,ATIS,133.500
KIWA,AWOS,AWOS 3,133.500
KIWA,CLD,CLNC DEL,128.250
KIWA,CTAF,CTAF,120.600
KIWA,GND,GATEWAY GND,128.250
KIWA,TWR,GATEWAY TWR,118.800
KIWD,AWOS,AWOS 3,125.175
KIWD,CNTR,MINNEAPOLIS CNTR,133.550
KIWD,RDO,GREEN BAY RDO,122.300
KIWD,UNIC,CTAF/UNICOM,122.800
KIWH,A/D,GRISSOM APP/DEP,121.050
KIWH,UNIC,CTAF/UNICOM,122.800
KIWI,A/D,BRUNSWICK APP/DEP,118.150
KIWI,ASOS,ASOS,135.725
KIWI,UNIC,CTAF/UNICOM,122.800
KIWS,A/D,HOUSTON APP/DEP,123.800
KIWS,CLD,CLNC DEL,121.150
KIWS,UNIC,CTAF/UNICOM,123.050
KIXD,A/D,KANSAS CITY APP/DEP,118.900
KIXD,ASOS,ASOS,135.325
KIXD,CTAF,CTAF,133.000
KIXD,GND,GND,124.300
KIXD,OPS,ARMY OPS,46.900
KIXD,TWR,TWR,133.000
KIXD,UNIC,UNICOM,122.950
KIYK,A/D,JOSHUA APP DEP,133.650
KIYK,UNIC,CTAF/UNICOM,122.800
KIZA,A/D,SANTA BARB APP/DEP,124.150
KIZA,AWOS,AWOS 3,118.075
KIZA,UNIC,CTAF/UNICOM,122.800
KIZG,A/D,PORTLAND APP/DEP,125.500
KIZG,ASOS,ASOS,135.775
KIZG,RDO,BANGOR RDO,122.550
KIZG,UNIC,CTAF/UNICOM,122.800
KJAC,ATIS,ATIS,120.625
KJAC,AWOS,AWOS 3,135.175
KJAC,CNTR,SALT LAKE CNTR,133.250
KJAC,CTAF,CTAF,118.075
KJAC,GND,GND,124.550
KJAC,RDO,CASPER RDO,122.050
KJAC,TWR,TWR,118.075
KJAC,UNIC,UNICOM,122.950
KJAN,A/D,APP/DEP,123.900
KJAN,ATIS,ATIS,121.050
KJAN,CTAF,CTAF,120.900
KJAN,GND,GND,121.700
KJAN,POST,ANG COMD POST,26.460
KJAN,RDO,GREENWOOD RDO,122.200
KJAN,TWR,TWR,120.900
KJAN,UNIC,UNICOM,122.950
KJAS,AWOS,AWOS 3,118.375
KJAS,CNTR,HOUSTON CNTR,126.950
KJAS,RDO,MONTGOMERY CO RDO,122.500
KJAS,UNIC,CTAF/UNICOM,122.800
KJAU,AWOS,AWOS 3,124.975
KJAU,CNTR,ATLANTA CNTR,133.600
KJAU,UNIC,CTAF/UNICOM,122.800
KJAX,A/D,APP/DEP,118.000
KJAX,ATIS,ATIS,125.850
KJAX,CLD,CLNC DEL,119.500
KJAX,GND,GND,121.900
KJAX,INFO,ANG MAINT,25.125
KJAX,MISC,ANG SOF,27.390
KJAX,POST,ANG COMD POST,25.125
KJAX,TWR,TWR,118.300
KJAX,UNIC,UNICOM,122.950
KJBR,ASOS,ASOS,118.525
KJBR,CNTR,MEMPHIS CNTR,120.075
KJBR,CTAF,CTAF,123.600
KJBR,RDO,RDO,122.200
KJBR,UNIC,UNICOM,123.000
KJCT,ASOS,ASOS,119.275
KJCT,CNTR,HOUSTON CNTR,125.750
KJCT,FSS,SAN ANGELO RDO,122.300
KJCT,UNIC,CTAF/UNICOM,122.800
KJDD,A/D,LONGVIEW APP/DEP,128.750
KJDD,AWOS,AWOS 3,118.900
KJDD,UNIC,CTAF/UNICOM,122.800
KJDN,CTAF,CTAF,122.900
KJEF,A/D,MIZZU APP/DEP,124.375
KJEF,ASOS,ASOS,133.625
KJEF,CTAF,CTAF,125.600
KJEF,GND,GND,121.700
KJEF,OPS,ARNG OPS,41.650
KJEF,RDO,COLUMBIA RDO,122.250
KJEF,TWR,TWR,125.600
KJEF,UNIC,UNICOM,122.950
KJER,A/D,TWIN FALLS APP/DEP,126.700
KJER,ASOS,ASOS,135.225
KJER,UNIC,CTAF/UNICOM,122.800
KJES,AWOS,AWOS A,34.000
KJES,CNTR,JACKSONVILLE CNTR,126.750
KJES,UNIC,CTAF/UNICOM,122.800
KJFK,APP,NEW YORK APP (ROBER),125.700
KJFK,APP,NEW YORK APPROACH (CAMRN),127.400
KJFK,APP,NEW YORK APPROACH (FINAL),132.400
KJFK,ATIS,ATIS,115.100
KJFK,CLD,CLNC DEL,135.050
KJFK,DEP,NEW YORK DEP,135.900
KJFK,GND,GND ALT,121.650
KJFK,GND,GND,121.900
KJFK,RDO,NEW YORK RDO,115.900
KJFK,TWR,KENNEDY TWR,119.100
KJFK,TWR,TWR ALT,123.900
KJFK,UNIC,UNICOM,122.950
KJFX,A/D,BIRMINGHAM APP/DEP,127.675
KJFX,AWOS,AWOS 3,119.225
KJFX,UNIC,CTAF/UNICOM,122.700
KJFZ,ACC,ATLANTA CNTR,132.900
KJFZ,AWOS,AWOS 3,118.075
KJFZ,CNTR,INDIANAPOLIS CNTR,126.575
KJFZ,UNIC,CTAF/UNICOM,123.050
KJGG,A/D,NORFOLK APP/DEP,119.450
KJGG,AWOS,AWOS 3,120.625
KJGG,UNIC,CTAF/UNICOM,122.800
KJHW,A/D,ERIE APP/DEP,126.050
KJHW,AWOS,AWOS 3,118.425
KJHW,RDO,BUFFALO RDO,114.700
KJHW,UNIC,CTAF/UNICOM,122.700
KJKA,A/D,PENSACOLA APP/DEP,120.050
KJKA,AWOS,AWOS 3,134.525
KJKA,CLD,CLNC DEL,124.550
KJKA,UNIC,CTAF/UNICOM,122.700
KJKJ,A/D,FARGO APP/DEP,120.400
KJKJ,AWOS,AWOS 3,120.000
KJKJ,UNIC,CTAF/UNICOM,123.000
KJKL,ASOS,ASOS,118.375
KJKL,CNTR,INDIANAPOLIS CNTR,126.570
KJKL,UNIC,CTAF/UNICOM,122.800
KJLN,ATIS,ATIS,120.850
KJLN,CNTR,KANSAS CITY CNTR,128.600
KJLN,CTAF,CTAF,119.800
KJLN,GND,GND,121.600
KJLN,RDO,COLUMBIA RDO,122.600
KJLN,TWR,TWR,119.800
KJLN,UNIC,UNICOM,122.950
KJMR,AWOS,AWOS 3,32.700
KJMR,CNTR,MINNEAPOLIS CNTR,121.050
KJMR,CTAF,CTAF,122.900
KJMR,RDO,PRINCETON RDO,122.400
KJMS,ASOS,ASOS,118.425
KJMS,CNTR,MINNEAPOLIS CNTR,124.200
KJMS,RDO,GRAND FORKS RDO,122.200
KJMS,UNIC,CTAF/UNICOM,123.000
KJNX,A/D,RALEIGH APP/DEP,125.300
KJNX,UNIC,CTAF/UNICOM,122.800
KJOT,A/D,CHICAGO APP/DEP,119.350
KJOT,AWOS,AWOS 3,119.975
KJOT,RDO,KANKAKEE RDO,122.500
KJOT,UNIC,CTAF/UNICOM,122.700
KJQF,A/D,CHARLOTTE APP/DEP,128.320
KJQF,AWOS,AWOS 3,133.675
KJQF,CLD,CLNC DEL,118.550
KJQF,GND,GND,121.850
KJQF,TWR,FAA CONTRACT TWR,134.650
KJQF,UNIC,CTAF/UNICOM,122.950
KJSO,A/D,LONGVIEW APP/DEP,128.750
KJSO,AWOS,AWOS 3,119.075
KJSO,UNIC,CTAF/UNICOM,122.700
KJST,ATIS,ATIS,118.325
KJST,CNTR,CLEVELAND CNTR,121.200
KJST,CTAF,CTAF,125.750
KJST,GND,GND,121.600
KJST,OPS,KEYSTONE OPS ARNG,36.500
KJST,RDO,ALTOONA RDO,122.650
KJST,TWR,TWR,125.750
KJST,UNIC,UNICOM,122.950
KJSV,A/D,RAZORBACK APP/DEP,120.900
KJSV,AWOS,AWOS 3,118.475
KJSV,UNIC,CTAF/UNICOM,122.700
KJVL,A/D,ROCKFORD APP/DEP,121.000
KJVL,ATIS,ATIS,128.250
KJVL,CLD,CLNC DEL,121.650
KJVL,CTAF,CTAF,118.800
KJVL,GND,JANESVILLE GND,121.650
KJVL,RDO,GREEN BAY RDO,114.300
KJVL,TWR,JANESVILLE TWR,118.800
KJVL,UNIC,UNICOM,122.950
KJVY,A/D,LOUISVILLE APP/DEP,123.675
KJVY,AWOS,AWOS 3,118.575
KJVY,CLD,LOUISVILLE CLNC DEL,118.050
KJVY,UNIC,CTAF/UNICOM,122.700
KJWG,A/D,VANCE APP/DEP,120.525
KJWG,AWOS,AWOS 3,134.175
KJWG,UNIC,CTAF/UNICOM,122.800
KJWN,A/D,NASHVILLE APP/DEP,119.350
KJWN,AWOS,AWOS 3,127.075
KJWN,CLD,CLNC DEL,124.550
KJWN,UNIC,CTAF/UNICOM,122.700
KJWY,A/D,REGIONAL APP/DEP,125.200
KJWY,AWOS,AWOS 3,119.575
KJWY,UNIC,CTAF/UNICOM,122.975
KJXI,A/D,LONGVIEW APP/DEP,118.250
KJXI,AWOS,AWOS 3,118.200
KJXI,CTAF,CTAF,122.900
KJXN,A/D,LANSING APP/DEP,127.300
KJXN,ATIS,ATIS,125.725
KJXN,CTAF,CTAF,120.700
KJXN,GND,GND/CLNC DEL,121.900
KJXN,RDO,LANSING RDO,122.200
KJXN,TWR,TWR,120.700
KJXN,UNIC,UNICOM,122.950
KJYG,AWOS,AWOS 3,26.000
KJYG,CNTR,MINNEAPOLIS CNTR,127.750
KJYG,CTAF,CTAF,122.900
KJYL,AWOS,AWOS 3,118.875
KJYL,CNTR,JACKSONVILLE CNTR,132.500
KJYL,UNIC,CTAF/UNICOM,122.800
KJYM,A/D,TOLEDO APP/DEP,134.350
KJYM,AWOS,AWOS 3,121.025
KJYM,RDO,LANSING RDO,111.200
KJYM,UNIC,CTAF/UNICOM,122.800
KJYO,A/D,POTOMAC APP/DEP,126.100
KJYO,AWOS,AWOS 3,125.225
KJYO,CLD,POTOMAC CLNC DEL,118.550
KJYO,RDO,RDO,122.000
KJYO,UNIC,CTAF/UNICOM,122.975
KJYR,AWOS,AWOS 3,124.175
KJYR,CNTR,MINNEAPOLIS CNTR,119.400
KJYR,UNIC,CTAF/UNICOM,122.800
KJZI,A/D,APP/DEP,120.700
KJZI,AWOS,AWOS 3,123.775
KJZI,CLD,CLNC DEL,127.150
KJZI,UNIC,CTAF/UNICOM,122.800
KJZP,AWOS,AWOS A,28.500
KJZP,CNTR,ATLANTA CNTR APP/DEP,133.100
KJZP,GCO,MACON FSS,121.725
KJZP,UNIC,CTAF/UNICOM,122.800
KKIC,CTAF,CTAF,122.900
KKLS,AWOS,AWOS 3,135.075
KKLS,CNTR,SEATTLE CNTR,124.200
KKLS,FSS,SEATTLE RDO,122.250
KKLS,UNIC,CTAF/UNICOM,122.800
KKNB,AWOS,AWOS 3,133.175
KKNB,CNTR,LOS ANGELES CNTR,124.200
KKNB,UNIC,CTAF/UNICOM,122.800
KLAA,ASOS,ASOS,135.625
KLAA,CNTR,DENVER CNTR,133.400
KLAA,RDO,DENVER RDO,116.900
KLAA,UNIC,CTAF/UNICOM,122.800
KLAF,A/D,GRISSOM A/D,123.850
KLAF,ATIS,ATIS,127.750
KLAF,CNTR,CHICAGO CNTR,123.850
KLAF,CTAF,CTAF,119.600
KLAF,GND,GND,121.900
KLAF,RDO,TERRE HAUTE RDO,122.200
KLAF,TWR,LAFAYETTE TWR,119.600
KLAF,UNIC,UNICOM,122.950
KLAL,A/D,TAMPA APP/DEP,119.900
KLAL,ATIS,ATIS,118.025
KLAL,CTAF,CTAF,124.500
KLAL,GND,GND,121.400
KLAL,RDO,ST PETERSBURG RDO,116.000
KLAL,TWR,TWR,124.500
KLAL,UNIC,UNICOM,122.950
KLAM,ARTC,ALBUQUERQUE CNTR,132.800
KLAM,AWOS,AWOS 3,124.175
KLAM,UNIC,CTAF/UNICOM,123.000
KLAN,A/D,LANSING APP/DEP,118.650
KLAN,ATIS,ATIS,119.750
KLAN,CLD,CLNC DEL,123.675
KLAN,GND,GND,121.900
KLAN,RDO,LANSING RDO,122.200
KLAN,TWR,LANSING TWR,119.900
KLAN,UNIC,UNICOM,122.950
KLAR,ASOS,ASOS,135.475
KLAR,CNTR,DENVER CNTR,125.900
KLAR,RDO,CASPER RDO,122.600
KLAR,UNIC,CTAF/UNICOM,123.050
KLAS,APP,LAS VEGAS APP,125.025
KLAS,ATIS,ATIS,132.400
KLAS,CLD,CLNC DEL,118.000
KLAS,DEP,LAS VEGAS DEP,125.020
KLAS,GND,Ground,121.100
KLAS,TWR,Tower,119.900
KLAS,UNIC,UNICOM,122.950
KLAW,A/D,FORT SILL APP/DEP,120.550
KLAW,ATIS,ATIS,120.750
KLAW,CTAF,CTAF,119.900
KLAW,GND,GND,121.900
KLAW,TWR,TWR,119.900
KLAW,UNIC,UNICOM,122.950
KLAX,APP,SOCAL APP,124.300
KLAX,APP,SOCAL APP,36.070
KLAX,ATIS,ATIS,133.800
KLAX,CLD,CLNC DEL,121.400
KLAX,DEP,SOCAL DEP,124.300
KLAX,GND,GND,121.650
KLAX,MISC,CG,34.500
KLAX,MISC,CG,898.400
KLAX,OPS,AF,37.220
KLAX,TWR,TWR,119.800
KLAX,UNIC,UNICOM,122.950
KLBB,APP,APP,119.200
KLBB,ATIS,ATIS,125.300
KLBB,CLD,CLNC DEL,125.800
KLBB,DEP,DEP,119.200
KLBB,GND,GND,121.900
KLBB,RDO,FORT WORTH RDO,122.550
KLBB,TWR,TWR,120.500
KLBB,UNIC,UNICOM,122.950
KLBE,ATIS,ATIS,118.375
KLBE,AWOS,AWOS 3,118.375
KLBE,CNTR,CLEVELAND CNTR,124.400
KLBE,CTAF,CTAF,125.000
KLBE,GND,GND,121.800
KLBE,TWR,TWR,125.000
KLBF,ASOS,ASOS,118.425
KLBF,CLD,CLNC DEL,132.700
KLBF,CNTR,DENVER CNTR,132.700
KLBF,RDO,COLUMBUS RDO,122.500
KLBF,UNIC,CTAF/UNICOM,123.000
KLBL,AWOS,AWOS 3,118.375
KLBL,CNTR,KANSAS CITY CNTR,134.000
KLBL,RDO,WICHITA RDO,122.400
KLBL,UNIC,CTAF/UNICOM,122.800
KLBO,A/D,SPRINGFIELD APP/DEP,121.100
KLBO,AWOS,AWOS 3,118.975
KLBO,RDO,COLUMBIA RDO,122.500
KLBO,UNIC,CTAF/UNICOM,122.800
KLBR,AWOS,AWOS 3,118.925
KLBR,CTAF,CTAF,122.900
KLBT,A/D,FAYETTEVILLE APP/DEP,133.000
KLBT,ASOS,ASOS,134.775
KLBT,UNIC,CTAF/UNICOM,122.800
KLBX,A/D,HOUSTON APP/DEP,134.450
KLBX,ASOS,ASOS,119.925
KLBX,CLD,CLNC DEL,125.200
KLBX,UNIC,CTAF/UNICOM,123.000
KLCG,A/D,SIOUX CITY APP/DEP,124.600
KLCG,AWOS,AWOS 3,120.125
KLCG,UNIC,CTAF/UNICOM,122.800
KLCH,A/D,APP/DEP,119.350
KLCH,ATIS,ATIS,118.750
KLCH,CLD,CLNC DEL,126.250
KLCH,CTAF,CTAF,120.700
KLCH,GND,GND,121.800
KLCH,RDO,DE RIDDER RDO,122.300
KLCH,TWR,TWR,120.700
KLCH,UNIC,UNICOM,122.950
KLCI,A/D,BOSTON APP/DEP,127.350
KLCI,AWOS,AWOS 3,133.525
KLCI,CLD,CLNC DEL,119.850
KLCI,RDO,CONCORD RDO,122.500
KLCI,UNIC,CTAF/UNICOM,123.000
KLCK,APP,COLUMBUS APP,119.150
KLCK,AWOS,AWOS 3,132.750
KLCK,DEP,COLUMBUS DEP,123.800
KLCK,GND,GND,121.850
KLCK,OPS,ARNG OPS,36.700
KLCK,POST,COMD POST,23.880
KLCK,TWR,RICK TWR,120.050
KLCK,UNIC,UNICOM,122.950
KLCQ,AWOS,AWOS 3,120.675
KLCQ,CNTR,JACKSONVILLE CNTR,125.375
KLCQ,CTAF,CTAF,119.200
KLCQ,GND,GND,121.900
KLCQ,RDO,GAINESVILLE RDO,122.600
KLCQ,TWR,TWR,119.200
KLCQ,UNIC,UNICOM,122.700
KLDJ,APP,NEW YORK APP,135.350
KLDJ,CLD,NEWARK CLNC DEL,128.350
KLDJ,DEP,NEW YORK DEP,119.200
KLDJ,UNIC,CTAF/UNICOM,123.000
KLDM,AWOS,AWOS 3,119.925
KLDM,CNTR,MINNEAPOLIS CNTR,120.850
KLDM,RDO,LANSING RDO,122.450
KLDM,UNIC,CTAF/UNICOM,123.000
KLEB,A/D,BOSTON APP/DEP,134.700
KLEB,ASOS,ASOS,118.650
KLEB,ATIS,ATIS,118.650
KLEB,CTAF,CTAF,125.950
KLEB,GND,GND,121.600
KLEB,RDO,BANGOR RDO,122.200
KLEB,TWR,TWR,125.950
KLEB,UNIC,UNICOM,122.950
KLEE,A/D,ORLANDO APP/DEP,121.100
KLEE,ATIS,ATIS,134.325
KLEE,CLNC DEL,Leesburg Clearance Delivery (when tower closed),120.225
KLEE,GND,Leesburg Ground,121.725
KLEE,TWR,Leesburg Tower,119.350
KLEE,UNIC,CTAF/UNICOM,122.725
KLEM,CNTR,MINNEAPOLIS CNTR,124.250
KLEM,UNIC,CTAF/UNICOM,122.800
KLEW,APP,PORTLAND APP,124.050
KLEW,AWOS,AWOS 3,118.025
KLEW,CLD,PORTLAND CLNC DEL,124.050
KLEW,DEP,PORTLAND DEP,125.500
KLEW,UNIC,CTAF/UNICOM,122.800
KLEX,A/D,LEXINGTON APP/DEP,120.150
KLEX,ATIS,ATIS,126.300
KLEX,CLD,CLNC DEL,132.350
KLEX,GND,GND,121.900
KLEX,TWR,LEXINGTON TWR,119.100
KLEX,UNIC,UNICOM,122.950
KLFI,A/D,NORFOLK APP/DEP,124.900
KLFI,ATIS,ATIS,27.010
KLFI,CLD,CLNC DEL,118.850
KLFI,GND,GND,121.700
KLFI,OPS,NASA OPS,123.375
KLFI,PMSV,PMSV METRO,23.980
KLFI,POST,CNSOLIDATED CMD POST,25.125
KLFI,PTD,PTD,141.750
KLFI,TWR,TWR,125.000
KLFK,ASOS,ASOS,120.625
KLFK,CNTR,HOUSTON CNTR,134.800
KLFK,RDO,MONTGOMERY CO RDO,122.200
KLFK,UNIC,CTAF/UNICOM,123.000
KLFT,A/D,APP/DEP,121.100
KLFT,ATIS,ATIS,134.050
KLFT,CLD,CLNC DEL,125.550
KLFT,CTAF,CTAF,118.500
KLFT,GND,GND,121.800
KLFT,RDO,DE RIDDER RDO,122.350
KLFT,TWR,TWR,118.500
KLFT,UNIC,UNICOM,122.950
KLGA,APP,NEW YORK APP,118.000
KLGA,APP,NEW YORK APP,132.700
KLGA,ATIS,ATIS,125.950
KLGA,CLD,CLNC DEL,121.875
KLGA,DEP,NEW YORK DEP,120.400
KLGA,GND,GND,121.700
KLGA,TWR,TWR,118.700
KLGA,UNIC,UNICOM,122.950
KLGB,APP,SOCAL APP,124.650
KLGB,ATIS,ATIS,127.750
KLGB,CLD,CLNC DEL,118.150
KLGB,CTAF,CTAF,119.400
KLGB,DEP,SOCAL DEP,127.200
KLGB,GND,GND,133.000
KLGB,TWR,TWR,119.400
KLGB,UNIC,UNICOM,122.950
KLGC,A/D,ATLANTA APP/DEP,125.500
KLGC,AWOS,AWOS 3,126.325
KLGC,CLD,CLNC DEL,119.250
KLGC,RDO,MACON RDO,115.600
KLGC,UNIC,CTAF/UNICOM,122.975
KLGD,AWOS,AWOS 3,135.075
KLGD,CNTR,SEATTLE CNTR,132.600
KLGD,RDO,MC MINNVILLE RDO,122.500
KLGD,UNIC,CTAF/UNICOM,122.800
KLGF,APP,YUMA APP,125.550
KLGF,CTAF,CTAF,126.200
KLGF,DEP,YUMA DEP,120.000
KLGF,GND,GND,121.800
KLGF,MISC,RNG,119.000
KLGF,RDO,PRESCOTT RDO,122.200
KLGF,RFSS,SAN DIEGO RDO,122.600
KLGU,ASOS,ASOS,135.275
KLGU,RDO,CEDAR CITY RDO,122.200
KLGU,UNIC,CTAF/UNICOM,122.800
KLHB,AWOS,AWOS 3,118.675
KLHB,CTAF,CTAF,122.900
KLHM,A/D,NORCAL APP/DEP,125.400
KLHM,AWOS,AWOS 3,124.250
KLHM,UNIC,CTAF/UNICOM,123.000
KLHQ,A/D,COLUMBUS APP/DEP,132.300
KLHQ,ASOS,ASOS,118.375
KLHQ,CLD,CLNC DEL,121.650
KLHQ,CTAF,CTAF,122.725
KLHQ,RDO,DAYTON RDO,116.700
KLHV,CNTR,NEW YORK CNTR,134.800
KLHV,UNIC,CTAF/UNICOM,122.800
KLHW,APP,SAVANNAH APP,120.400
KLHW,CTAF,CTAF,127.350
KLHW,DEP,SAVANNAH DEP,118.400
KLHW,GND,GND,121.700
KLHW,MISC,FLT FLW,41.300
KLHW,OPS,BASE OPS,38.700
KLHW,RDO,MARNE RDO,41.300
KLHW,TWR,TWR,38.500
KLHX,ASOS,ASOS,135.525
KLHX,CNTR,DENVER CNTR,133.400
KLHX,RDO,DENVER RDO,122.600
KLHX,UNIC,CTAF/UNICOM,123.000
KLHZ,A/D,RALEIGH APP/DEP,125.300
KLHZ,AWOS,AWOS 3,118.325
KLHZ,UNIC,CTAF/UNICOM,123.000
KLIC,ASOS,ASOS,121.125
KLIC,CTAF,CTAF,122.900
KLIC,FSS,DENVER RDO,122.475
KLIT,A/D,LITTLE ROCK APP/DEP,119.500
KLIT,ATIS,ATIS,125.650
KLIT,CLD,CLNC DEL,118.950
KLIT,GND,GND,121.900
KLIT,RDO,JONESBORO RDO,122.200
KLIT,TWR,TWR,118.700
KLIT,UNIC,UNICOM,122.950
KLIU,A/D,LUBBOCK APP/DEP,119.900
KLIU,UNIC,CTAF/UNICOM,122.800
KLJF,AWOS,AWOS 3,109.000
KLJF,CNTR,MINNEAPOLIS CNTR,125.500
KLJF,CTAF,CTAF,122.900
KLJF,RDO,PRINCETON RDO,109.000
KLKP,CNTR,BOSTON CNTR,120.350
KLKP,UNIC,CTAF/UNICOM,122.800
KLKR,A/D,CHARLOTTE APP/DEP,120.050
KLKR,UNIC,CTAF/UNICOM,122.725
KLKU,A/D,POTOMAC APP/DEP,132.850
KLKU,AWOS,AWOS 3,119.475
KLKU,UNIC,CTAF/UNICOM,122.725
KLKV,AWOS,AWOS 3,135.525
KLKV,CNTR,SEATTLE CNTR,127.600
KLKV,RDO,MC MINNVILLE RDO,122.300
KLKV,UNIC,CTAF/UNICOM,122.800
KLLJ,ASOS,ASOS,119.275
KLLJ,CNTR,SALT LAKE CITY CNTR,128.050
KLLJ,RDO,BOISE RDO,122.600
KLLJ,UNIC,CTAF/UNICOM,122.800
KLLN,A/D,LUBBOCK APP/DEP,119.900
KLLN,UNIC,CTAF/UNICOM,122.800
KLLQ,ASOS,ASOS,133.325
KLLQ,CNTR,MEMPHIS CNTR,135.875
KLLQ,FSS,JONESBORO RDO,122.100
KLLQ,UNIC,CTAF/UNICOM,122.800
KLLR,CNTR,OAKLAND CNTR,132.200
KLLR,UNIC,CTAF/UNICOM,122.700
KLLU,CNTR,KANSAS CITY CNTR,128.600
KLLU,CTAF,CTAF,122.900
KLMO,AWOS,,120.000
KLMO,CTAF,Longmont Traffic,122.975
KLMS,CNTR,MEMPHIS CNTR,135.750
KLMS,UNIC,CTAF/UNICOM,122.700
KLMT,A/D,KINGSLEY APP/DEP,123.675
KLMT,ATIS,ATIS,126.500
KLMT,CTAF,CTAF,118.200
KLMT,GND,GND,121.900
KLMT,OPS,ANG BASE OPS,38.895
KLMT,RDO,MC MINNVILLE RDO,122.600
KLMT,TWR,KINGSLEY TWR,118.200
KLMT,UNIC,UNICOM,122.950
KLNA,A/D,APP/DEP,127.350
KLNA,RDO,MIAMI RDO,122.400
KLNA,UNIC,CTAF/UNICOM,122.700
KLNC,A/D,RGNL APP/DEP,125.200
KLNC,AWOS,AWOS 3,118.975
KLNC,UNIC,CTAF/UNICOM,122.700
KLND,ASOS,ASOS,118.150
KLND,UNIC,CTAF/UNICOM,122.800
KLNK,A/D,APP/DEP,124.000
KLNK,ATIS,ATIS,118.050
KLNK,CLD,CLNC DEL,120.700
KLNK,CTAF,CTAF,118.500
KLNK,GND,GND,121.900
KLNK,MISC,ARNG OPS,123.075
KLNK,OPS,ANG OPS,25.960
KLNK,RDO,COLUMBUS RDO,122.650
KLNK,TWR,TWR,118.500
KLNK,UNIC,UNICOM,122.950
KLNL,AWOS,AWOS 3,119.525
KLNL,CNTR,MINNEAPOLIS CNTR,133.650
KLNL,UNIC,CTAF/UNICOM,122.800
KLNN,A/D,CLEVELAND APP/DEP,125.350
KLNN,UNIC,CTAF/UNICOM,122.725
KLNP,AWOS,AWOS 3,118.600
KLNP,CNTR,INDIANAPOLIS CNTR,126.570
KLNP,UNIC,CTAF/UNICOM,123.000
KLNR,A/D,MADISON APP/DEP,135.450
KLNR,ASOS,ASOS,119.425
KLNR,RDO,GREEN BAY RDO,122.350
KLNR,UNIC,CTAF/UNICOM,123.000
KLNS,A/D,HARRISBURG APP/DEP,126.450
KLNS,ATIS,ATIS,125.675
KLNS,CTAF,CTAF,120.900
KLNS,GND,GND,121.800
KLNS,RDO,WILLIAMSPORT RDO,117.300
KLNS,TWR,TWR,120.900
KLNS,UNIC,UNICOM,122.950
KLOL,ASOS,ASOS,120.675
KLOL,CNTR,OAKLAND CNTR,128.800
KLOL,FSS,RENO RDO,122.400
KLOL,UNIC,CTAF/UNICOM,122.800
KLOM,A/D,PHILADELPHIA APP/DEP,126.850
KLOM,AWOS,AWOS 3,118.925
KLOM,CLD,CLNC DEL,118.550
KLOM,UNIC,CTAF/UNICOM,123.000
KLOT,A/D,CHICAGO APP/DEP,119.350
KLOT,AWOS,AWOS 3,118.525
KLOT,FSS,KANKAKEE RDO,122.500
KLOT,UNIC,CTAF/UNICOM,122.800
KLOU,A/D,LOUISVILLE APP/DEP,123.675
KLOU,ATIS,ATIS,112.200
KLOU,CLD,CLNC DEL,118.900
KLOU,CTAF,CTAF,119.500
KLOU,GND,GND,121.800
KLOU,RDO,LOUISVILLE RDO,122.200
KLOU,TWR,TWR,119.500
KLOU,UNIC,UNICOM,122.950
KLOZ,ASOS,ASOS,119.075
KLOZ,CNTR,INDIANAPOLIS CNTR,121.325
KLOZ,RDO,LOUISVILLE RDO,122.200
KLOZ,UNIC,CTAF/UNICOM,123.000
KLPC,A/D,SANTA BARB APP/DEP,124.150
KLPC,AWOS,AWOS 3,133.875
KLPC,UNIC,CTAF/UNICOM,122.700
KLPR,A/D,CLEVELAND APP/DEP,126.350
KLPR,ASOS,ASOS,121.425
KLPR,CLD,CLEVELAND CLNC DEL,125.700
KLPR,UNIC,CTAF/UNICOM,122.700
KLQK,A/D,GREER APP/DEP,118.800
KLQK,AWOS,AWOS 3,120.000
KLQK,UNIC,CTAF/UNICOM,122.800
KLQR,A/D,KANSAS CITY CNTR,124.400
KLQR,RDO,WICHITA RDO,122.500
KLQR,UNIC,CTAF/UNICOM,122.800
KLRD,ATIS,ATIS,125.775
KLRD,CNTR,HOUSTON CNTR,127.800
KLRD,CTAF,CTAF,120.100
KLRD,GND,GND,121.800
KLRD,RDO,SAN ANGELO RDO,122.300
KLRD,TWR,TWR,120.100
KLRD,UNIC,UNICOM,122.950
KLRF,A/D,APP/DEP,119.500
KLRF,ATIS,ATIS,25.110
KLRF,CLD,CLNC DEL,25.350
KLRF,GND,GND,132.800
KLRF,MISC,ANG COMD POST,143.800
KLRF,PMSV,PMSV METRO,23.980
KLRF,POST,COMD POST,34.940
KLRF,PTD,PTD,37.220
KLRF,TWR,TWR,120.600
KLRG,CNTR,BOSTON CNTR,124.250
KLRG,UNIC,CTAF/UNICOM,122.800
KLRJ,A/D,SIOUX CITY APP/DEP,124.600
KLRJ,AWOS,AWOS 3,125.525
KLRJ,UNIC,CTAF/UNICOM,122.800
KLRO,A/D,CHARLESTON APP/DEP,135.800
KLRO,UNIC,CTAF/UNICOM,122.700
KLRU,AWOS,AWOS 3,119.025
KLRU,CNTR,ALBUQUERQUE CNTR,128.200
KLRU,UNIC,CTAF/UNICOM,122.700
KLRY,A/D,KANSAS CITY CNTR,125.550
KLRY,AWOS,AWOS 3,119.975
KLRY,UNIC,CTAF/UNICOM,123.000
KLSB,UNIC,CTAF/UNICOM,122.800
KLSE,ATIS,ATIS,124.950
KLSE,CNTR,MINNEAPOLIS CNTR,128.600
KLSE,CTAF,CTAF,118.450
KLSE,GND,GND,121.800
KLSE,RDO,GREEN BAY RDO,122.200
KLSE,TWR,TWR,118.450
KLSE,UNIC,UNICOM,122.950
KLSF,A/D,ATLANTA APP/DEP,125.500
KLSF,ATIS,ATIS,134.375
KLSF,CLD,CLNC DEL,121.700
KLSF,GND,GND,121.050
KLSF,PMSV,PMSV METRO,34.320
KLSF,PTD,PTD/BASE OPS,134.100
KLSF,TWR,TWR,119.050
KLSK,UNIC,CTAF/UNICOM,122.800
KLSN,A/D,NORCAL APP/DEP,120.950
KLSN,AWOS,AWOS 3,118.675
KLSN,RDO,RANCHO RDO,112.600
KLSN,UNIC,CTAF/UNICOM,122.800
KLSV,ACP,ALCE AMC,25.735
KLSV,APP,APP,118.125
KLSV,ATIS,ATIS,27.010
KLSV,CLD,CLNC DEL,120.900
KLSV,DEP,DEP,135.100
KLSV,GND,GND,121.800
KLSV,MISC,SOF,30.560
KLSV,PMSV,PMSV METRO,32.390
KLSV,POST,ACC COMD POST,32.000
KLSV,PTD,PTD,139.300
KLSV,TWR,TWR,132.550
KLTS,APP,APP,125.100
KLTS,ATIS,ATIS,27.350
KLTS,CLD,CLNC DEL,120.650
KLTS,DEP,DEP,125.100
KLTS,GND,GND,121.850
KLTS,PMSV,PMSV METRO,23.980
KLTS,POST,COMD POST,31.100
KLTS,PTD,PTD,37.220
KLTS,TWR,TWR,119.650
KLTY,UNIC,CTAF/UNICOM,122.800
KLUD,A/D,RGNL APP/DEP,118.100
KLUD,AWOS,AWOS 3,118.225
KLUD,UNIC,CTAF/UNICOM,122.800
KLUF,A/D,APP/DEP,120.700
KLUF,ATIS,ATIS,134.925
KLUF,CLD,CLNC DEL,126.250
KLUF,GND,GND,133.175
KLUF,PMSV,PMSV METRO,26.740
KLUF,POST,COMD POST,34.940
KLUF,PTD,PTD,37.220
KLUF,TWR,TWR,119.100
KLUG,AWOS,AWOS 3,135.775
KLUG,CNTR,MEMPHIS CNTR,126.750
KLUG,UNIC,CTAF/UNICOM,122.800
KLUK,A/D,APP/DEP,121.000
KLUK,ATIS,ATIS,120.250
KLUK,CLD,CLNC DEL,121.900
KLUK,CTAF,CTAF,118.700
KLUK,GND,GND,121.900
KLUK,RDO,DAYTON RDO,122.400
KLUK,TWR,LUNKEN TWR,118.700
KLUK,UNIC,UNICOM,122.950
KLUL,AWOS,AWOS 3,119.275
KLUL,CNTR,HOUSTON CNTR,123.500
KLUL,RDO,GREENWOOD RDO,122.300
KLUL,UNIC,CTAF/UNICOM,123.050
KLUM,A/D,MINNEAPOLIS APP/DEP,125.300
KLUM,AWOS,AWOS 3,118.025
KLUM,UNIC,CTAF/UNICOM,122.700
KLUX,A/D,GREER APP/DEP,120.600
KLUX,UNIC,CTAF/UNICOM,122.800
KLVJ,A/D,HOUSTON APP/DEP,134.450
KLVJ,ASOS,ASOS,118.525
KLVJ,CLD,CLNC DEL,124.000
KLVJ,UNIC,CTAF/UNICOM,122.800
KLVK,A/D,NORCAL APP/DEP,123.850
KLVK,ATIS,ATIS,119.650
KLVK,CTAF,CTAF,118.100
KLVK,GND,GND,121.600
KLVK,TWR,TWR,118.100
KLVK,UNIC,UNICOM,122.950
KLVL,CNTR,WASHINGTON CNTR,132.850
KLVL,RDO,LEESBURG RDO,112.900
KLVL,UNIC,CTAF/UNICOM,122.800
KLVM,ASOS,ASOS,135.275
KLVM,RDO,GREAT FALLS RDO,122.200
KLVM,UNIC,CTAF/UNICOM,123.000
KLVN,A/D,MINNEAPOLIS APP/DEP,125.000
KLVN,AWOS,AWOS 3,115.700
KLVN,CLD,CLNC DEL,118.950
KLVN,RDO,PRINCETON RDO,115.700
KLVN,UNIC,CTAF/UNICOM,123.000
KLVS,ASOS,ASOS,118.525
KLVS,CNTR,ALBUQUERQUE CNTR,132.800
KLVS,RDO,ALBUQUERQUE RDO,122.600
KLVS,UNIC,CTAF/UNICOM,122.800
KLWA,AWOS,AWOS 3,118.025
KLWA,CNTR,CHICAGO CNTR,128.500
KLWA,RDO,LANSING RDO,112.100
KLWA,UNIC,CTAF/UNICOM,122.800
KLWB,AWOS,AWOS 3,121.400
KLWB,CLD,CLNC DEL,120.850
KLWB,CNTR,WASHINGTON CNTR,134.400
KLWB,CTAF,CTAF,118.900
KLWB,GND,GND,121.900
KLWB,TWR,LEWISBURG TWR,118.900
KLWB,UNIC,UNICOM,122.950
KLWC,ASOS,ASOS,121.225
KLWC,CLD,CLNC DEL,121.825
KLWC,CNTR,KANSAS CITY CNTR,123.800
KLWC,UNIC,CTAF/UNICOM,123.000
KLWL,RDO,RENO RDO,114.200
KLWL,UNIC,CTAF/UNICOM,122.800
KLWM,A/D,BOSTON APP/DEP,124.400
KLWM,ASOS,ASOS,126.750
KLWM,ATIS,ATIS,126.750
KLWM,CLD,CLNC DEL,124.300
KLWM,CTAF,CTAF,119.250
KLWM,GND,GND,124.300
KLWM,RDO,BRIDGEPORT RDO,112.500
KLWM,TWR,TWR,119.250
KLWM,UNIC,UNICOM,122.800
KLWS,ASOS,ASOS,135.575
KLWS,CNTR,SEATTLE CNTR,123.950
KLWS,CTAF,CTAF,119.400
KLWS,GND,GND,121.900
KLWS,RDO,BOISE RDO,122.350
KLWS,TWR,TWR,119.400
KLWS,UNIC,UNICOM,122.950
KLWT,ASOS,ASOS,118.375
KLWT,RDO,GREAT FALLS RDO,122.350
KLWT,UNIC,CTAF/UNICOM,123.000
KLWV,A/D,EVANSVILLE APP/DEP,125.600
KLWV,ASOS,ASOS,118.000
KLWV,UNIC,CTAF/UNICOM,122.800
KLXL,AWOS,AWOS 3,35.900
KLXL,CNTR,MINNEAPOLIS CNTR,118.050
KLXL,UNIC,CTAF/UNICOM,122.800
KLXN,AWOS,AWOS 3,121.025
KLXN,CNTR,DENVER CNTR,132.700
KLXN,UNIC,CTAF/UNICOM,123.000
KLXT,A/D,KANSAS CITY APP/DEP,119.000
KLXT,ASOS,ASOS,124.175
KLXT,CLD,CLNC DEL,118.450
KLXT,UNIC,CTAF/UNICOM,122.800
KLXV,ASOS,ASOS,118.375
KLXV,CNTR,DENVER CNTR,119.850
KLXV,UNIC,CTAF/UNICOM,122.800
KLXY,A/D,WACO APP/DEP,135.200
KLXY,UNIC,CTAF/UNICOM,122.800
KLYH,A/D,ROANOKE APP/DEP,125.470
KLYH,ATIS,ATIS,119.800
KLYH,CTAF,CTAF,127.650
KLYH,GND,GND,121.900
KLYH,RDO,LEESBURG RDO,109.200
KLYH,TWR,TWR,127.650
KLYH,UNIC,UNICOM,122.950
KLYO,CNTR,KANSAS CITY CNTR,118.800
KLYO,UNIC,CTAF/UNICOM,122.800
KLZD,APP/DEP,PROVIDENCE APPROACH,123.675
KLZD,AWOS-3,,119.125
KLZD,UNICOM,,123.000
KLZU,A/D,ATLANTA APP/DEP,126.975
KLZU,ATIS,ATIS,132.275
KLZU,CLD,ATLANTA CLNC DEL,134.000
KLZU,CTAF,CTAF,124.100
KLZU,GND,GND,121.800
KLZU,TWR,TWR,124.100
KLZU,UNIC,UNICOM,123.050
KLZZ,A/D,GRAY APP/DEP,120.075
KLZZ,AWOS,AWOS 3,119.075
KLZZ,RDO,SAN ANGELO RDO,122.550
KLZZ,UNIC,CTAF/UNICOM,122.800
KMAC,A/D,ATLANTA APP/DEP,124.200
KMAC,UNIC,CTAF/UNICOM,123.000
KMAE,A/D,FRESNO APP/DEP,119.450
KMAE,ASOS,ASOS,134.725
KMAE,UNIC,CTAF/UNICOM,122.800
KMAF,A/D,APP/DEP,121.100
KMAF,ATIS,ATIS,126.800
KMAF,CLD,CLNC DEL,118.050
KMAF,CTAF,CTAF,118.700
KMAF,GND,GND,121.900
KMAF,RDO,SAN ANGELO RDO,122.600
KMAF,TWR,TWR,118.700
KMAF,UNIC,UNICOM,122.950
KMAI,A/D,CAIRNS APP/DEP,133.750
KMAI,ASOS,ASOS,133.525
KMAI,RDO,GAINESVILLE RDO,114.000
KMAI,UNIC,CTAF/UNICOM,123.000
KMAL,CNTR,BOSTON CNTR,135.250
KMAL,UNIC,CTAF/UNICOM,122.800
KMAO,A/D,FLORENCE APP/DEP,135.250
KMAO,UNIC,CTAF/UNICOM,122.800
KMAW,AWOS,AWOS 3,119.825
KMAW,CNTR,MEMPHIS CNTR,133.650
KMAW,RDO,ST LOUIS RDO,111.200
KMAW,UNIC,CTAF/UNICOM,122.800
KMBG,ASOS,ASOS,121.425
KMBG,RDO,HURON RDO,122.350
KMBG,UNIC,CTAF/UNICOM,122.800
KMBL,AWOS,AWOS 3,111.400
KMBL,RDO,LANSING RDO,111.400
KMBL,UNIC,CTAF/UNICOM,122.800
KMBO,A/D,JACKSON APP/DEP,123.900
KMBO,AWOS,AWOS 3,119.125
KMBO,CLD,CLNC DEL,125.900
KMBO,UNIC,CTAF/UNICOM,122.800
KMBS,A/D,SAGINAW APP/DEP,120.950
KMBS,ATIS,ATIS,118.600
KMBS,CLD,CLNC DEL,121.850
KMBS,CTAF,CTAF,120.100
KMBS,GND,GND,121.700
KMBS,RDO,LANSING RDO,122.200
KMBS,TWR,SAGINAW TWR,120.100
KMBS,UNIC,UNICOM,122.950
KMBT,A/D,NASHVILLE APP/DEP,118.400
KMBT,A/D,NASHVILLE APP/DEP,128.450
KMBT,AWOS,AWOS 3,133.975
KMBT,CTAF,,123.075
KMBY,AWOS,AWOS 3,120.025
KMBY,RDO,COLUMBIA RDO,112.900
KMBY,UNIC,CTAF/UNICOM,122.700
KMCB,ASOS,ASOS,119.025
KMCB,CNTR,HOUSTON CNTR,133.500
KMCB,RDO,GREENWOOD RDO,122.200
KMCB,UNIC,CTAF/UNICOM,123.050
KMCC,A/D,NORCAL APP/DEP,127.400
KMCC,AWOS,AWOS 3,109.200
KMCC,INFO,USCG COMSTA SAN FRAN,312.300
KMCC,MISC,USCG SACRAMENTO,167.900
KMCC,PMSV,PMSV METRO,34.460
KMCC,UNIC,CTAF/UNICOM,122.975
KMCD,AWOS,AWOS 3,118.275
KMCD,CNTR,MINNEAPOLIS CNTR,134.600
KMCD,UNIC,CTAF/UNICOM,122.700
KMCE,A/D,NORCAL APP/DEP,120.950
KMCE,ASOS,ASOS,132.175
KMCE,UNIC,CTAF/UNICOM,122.700
KMCF,APP,TAMPA APP,124.950
KMCF,ATIS,ATIS,133.825
KMCF,DEP,TAMPA DEP,119.650
KMCF,GND,GND,118.575
KMCF,PMSV,PMSV METRO,34.460
KMCF,POST,6 AMW COMD POST,138.950
KMCF,PTD,PTD,37.220
KMCF,TWR,TWR,123.700
KMCI,APP,APP,120.950
KMCI,ATIS,ATIS,126.625
KMCI,CLD,CLNC DEL,135.700
KMCI,DEP,DEP,124.700
KMCI,GND,GND,121.650
KMCI,RDO,COLUMBIA RDO,122.650
KMCI,TWR,INTL TWR,125.750
KMCI,UNIC,UNICOM,122.950
KMCK,ASOS,ASOS,119.025
KMCK,CNTR,DENVER CNTR,118.475
KMCK,RDO,COLUMBUS RDO,122.600
KMCK,UNIC,CTAF/UNICOM,122.800
KMCN,A/D,ATLANTA APP/DEP,118.950
KMCN,ASOS,ASOS,120.775
KMCN,ATIS,ATIS,120.775
KMCN,CTAF,CTAF,128.200
KMCN,GND,GND,121.650
KMCN,RDO,MACON RDO,122.200
KMCN,TWR,MACON TWR,128.200
KMCN,UNIC,UNICOM,122.950
KMCO,A/D,APP/DEP,119.400
KMCO,ATIS,ATIS,121.250
KMCO,CLD,CLNC DEL,134.700
KMCO,GND,GND,121.800
KMCO,OPS,AR OPS,41.500
KMCO,RDO,ST PETERSBURG RDO,122.100
KMCO,RDO,ST PETERSBURG RDO,122.200
KMCO,TWR,TWR,118.450
KMCO,UNIC,UNICOM,122.950
KMCW,ASOS,ASOS,120.300
KMCW,CNTR,MINNEAPOLIS CNTR,127.300
KMCW,RDO,FORT DODGE RDO,122.600
KMCW,UNIC,CTAF/UNICOM,123.000
KMCX,CNTR,CHICAGO CNTR,123.850
KMCX,UNIC,CTAF/UNICOM,122.800
KMCZ,CNTR,WASHINGTON CNTR,135.500
KMCZ,CTAF,CTAF,122.800
KMDA,CTAF,CTAF,134.100
KMDA,OPS,ARNG OPS,36.900
KMDD,A/D,APP/DEP,124.600
KMDD,AWOS,AWOS 3,118.125
KMDD,CLD,CLNC DEL,121.800
KMDD,UNIC,CTAF/UNICOM,122.700
KMDF,CNTR,KANSAS CITY CNTR,126.950
KMDF,UNIC,CTAF/UNICOM,122.800
KMDH,ATIS,ATIS,119.850
KMDH,CNTR,KANSAS CITY CNTR,125.300
KMDH,CTAF,CTAF,125.350
KMDH,GND,GND,121.800
KMDH,TWR,CARBONDALE TWR,125.350
KMDH,UNIC,UNICOM,122.950
KMDQ,A/D,HUNTSVILLE APP/DEP,125.600
KMDQ,AWOS,AWOS 3,120.000
KMDQ,RDO,HUNTSVILLE RDO,121.725
KMDQ,UNIC,CTAF/UNICOM,123.000
KMDS,CNTR,MINNEAPOLIS CNTR,132.050
KMDS,UNIC,CTAF/UNICOM,122.800
KMDT,A/D,APP/DEP,118.250
KMDT,ATIS,ATIS,118.800
KMDT,GND,GND,121.700
KMDT,OPS,ANG OPS,39.510
KMDT,TWR,TWR,124.800
KMDW,A/D,APP/DEP,118.400
KMDW,ASOS,ASOS,132.750
KMDW,ATIS,ATIS,132.750
KMDW,CLD,CLNC DEL,121.850
KMDW,GND,GND,121.650
KMDW,TWR,TWR,118.700
KMDW,UNIC,UNICOM,122.950
KMDZ,AWOS,AWOS 3,119.025
KMDZ,CNTR,MINNEAPOLIS CNTR,124.400
KMDZ,UNIC,CTAF/UNICOM,122.800
KMEB,A/D,FAYETTEVILLE APP/DEP,127.800
KMEB,ASOS,ASOS,134.125
KMEB,UNIC,CTAF/UNICOM,122.700
KMEI,A/D,MERIDIAN APP/DEP,120.500
KMEI,ATIS,ATIS,126.475
KMEI,CTAF,CTAF,119.800
KMEI,GCA,GCA,125.125
KMEI,GND,GND,121.900
KMEI,POST,ANG OPS COMD POST,29.230
KMEI,RDO,GREENWOOD RDO,122.200
KMEI,TWR,TWR,119.800
KMEI,UNIC,UNICOM,122.950
KMEJ,CNTR,KANSAS CITY CNTR,134.000
KMEJ,UNIC,CTAF/UNICOM,122.800
KMEM,APP,APP,119.100
KMEM,APP,APP,33.830
KMEM,ATIS,ATIS,127.750
KMEM,CLD,CLNC DEL,125.200
KMEM,DEP,DEP,124.150
KMEM,GND,GND,121.650
KMEM,POST,ANG COMD POST,138.950
KMEM,RDO,JACKSON RDO,122.200
KMEM,TWR,TWR,118.300
KMEM,UNIC,UNICOM,122.950
KMER,A/D,NORCAL APP/DEP,120.950
KMER,AWOS,AWO 3,124.475
KMER,UNIC,CTAF/UNICOM,123.075
KMEV,A/D,RENO APP/DEP,119.200
KMEV,AWOS,AWOS 3,119.325
KMEV,UNIC,CTAF/UNICOM,122.800
KMEY,A/D,SIOUX CITY APP/DEP,124.600
KMEY,UNIC,CTAF/UNICOM,122.800
KMEZ,AWOS,AWOS 3,118.025
KMEZ,CNTR,MEMPHIS CNTR,126.100
KMEZ,UNIC,CTAF/UNICOM,122.800
KMFD,A/D,APP/DEP,124.200
KMFD,ATIS,ATIS,125.300
KMFD,CTAF,CTAF,119.800
KMFD,GND,GND,121.800
KMFD,POST,HERC COMD POST,29.750
KMFD,RDO,CLEVELAND RDO,122.600
KMFD,TWR,TWR,119.800
KMFD,UNIC,UNICOM,122.950
KMFE,A/D,VALLEY APP/DEP,121.000
KMFE,ASOS,ASOS,128.500
KMFE,ATIS,ATIS,128.500
KMFE,CTAF,CTAF,118.500
KMFE,GND,GND,121.800
KMFE,RDO,SAN ANGELO RDO,122.200
KMFE,TWR,TWR,118.500
KMFE,UNIC,UNICOM,122.950
KMFI,ASOS,ASOS,121.575
KMFI,CNTR,MINNEAPOLIS CNTR,124.400
KMFI,RDO,GREEN BAY RDO,122.550
KMFI,UNIC,CTAF/UNICOM,123.000
KMFR,A/D,CASCADE APP/DEP,124.300
KMFR,ATIS,ATIS,127.250
KMFR,CTAF,CTAF,119.400
KMFR,GND,GND,121.800
KMFR,RDO,MC MINNVILLE RDO,122.650
KMFR,TWR,MEDFORD TWR,119.400
KMFR,UNIC,UNICOM,122.950
KMFV,A/D,NORFOLK APP/DEP,126.050
KMFV,AWOS,AWOS 3,118.175
KMFV,UNIC,CTAF/UNICOM,122.800
KMGC,A/D,SOUTH BEND APP/DEP,118.550
KMGC,CLD,SOUTH BEND CLNC DEL,134.800
KMGC,UNIC,CTAF/UNICOM,122.700
KMGE,A/D,ATLANTA  APP/DEP,121.000
KMGE,ATIS,ATIS,26.950
KMGE,GND,GND,125.300
KMGE,MISC,NAVY OPS,34.020
KMGE,OPS,ARNG OPS,47.000
KMGE,PMSV,PMSV METRO,27.475
KMGE,POST,94AW COMD POST,37.952
KMGE,PTD,PTD,139.300
KMGE,TWR,TWR,120.750
KMGJ,A/D,NEW YORK APP/DEP,132.750
KMGJ,ASOS,ASOS,119.275
KMGJ,CLD,CLNC DEL,123.850
KMGJ,RDO,NEW YORK RDO,116.100
KMGJ,UNIC,CTAF/UNICOM,122.725
KMGM,A/D,APP/DEP,118.850
KMGM,ATIS,ATIS,120.675
KMGM,CLD,CLNC DEL,118.300
KMGM,CTAF,CTAF,119.700
KMGM,GND,GND,121.700
KMGM,MISC,ARNG OPS,38.200
KMGM,OPS,ANG OPS,27.680
KMGM,RDO,ANNISTON RDO,122.200
KMGM,SFA,SFA,122.850
KMGM,TWR,TWR,119.700
KMGM,UNIC,UNICOM,122.950
KMGN,AWOS,AWOS 3,119.925
KMGN,CNTR,MINNEAPOLIS CNTR,134.600
KMGN,UNIC,CTAF/UNICOM,122.800
KMGR,A/D,VALDOSTA APP/DEP,119.525
KMGR,AWOS,AWOS 3,118.925
KMGR,RDO,MACON RDO,108.800
KMGR,UNIC,CTAF/UNICOM,122.800
KMGW,A/D,CLARKSBURG APP/DEP,121.150
KMGW,ASOS,ASOS,120.675
KMGW,CTAF,CTAF,125.100
KMGW,GND,GND,121.700
KMGW,RDO,ELKINS RDO,122.600
KMGW,TWR,TWR,125.100
KMGW,UNIC,UNICOM,122.950
KMGY,APP,APP,118.850
KMGY,ASOS,ASOS,118.375
KMGY,CLD,CLNC DEL,119.400
KMGY,DEP,DEP,126.500
KMGY,UNIC,CTAF/UNICOM,122.800
KMHE,ASOS,ASOS,124.175
KMHE,RDO,HURON RDO,122.300
KMHE,UNIC,CTAF/UNICOM,122.800
KMHK,A/D,KANSAS CITY CNTR,127.350
KMHK,ASOS,ASOS,119.075
KMHK,CTAF,CTAF,118.550
KMHK,GND,GND,121.850
KMHK,RDO,WICHITA RDO,122.650
KMHK,TWR,TWR,118.550
KMHL,APP,WHITEMAN APP,127.450
KMHL,AWOS,AWOS 3,118.675
KMHL,DEP,WHITEMAN DEP,125.925
KMHL,UNIC,CTAF/UNICOM,122.800
KMHP,CNTR,JACKSONVILLE CNTR,132.500
KMHP,UNIC,CTAF/UNICOM,123.000
KMHR,A/D,NORCAL APP/DEP,127.400
KMHR,ATIS,ATIS,118.325
KMHR,CLD,CLNC DEL,121.850
KMHR,GND,GND,121.850
KMHR,OPS,SPARTAN OPS,34.100
KMHR,TWR,TWR,120.650
KMHR,UNIC,UNICOM,123.075
KMHT,A/D,Boston Approach/Departure (Below 4000'),124.900
KMHT,A/D,Boston Approach/Departure (4000'-10000'),134.750
KMHT,ASOS,ASOS,119.550
KMHT,ATIS,ATIS,119.550
KMHT,CLD,CLNC DEL,135.900
KMHT,GND,GND,121.900
KMHT,RDO,BANGOR RDO,114.400
KMHT,TWR,TWR,121.300
KMHT,UNIC,UNICOM,122.950
KMHV,A/D,JOSHUA APP/DEP,133.650
KMHV,CTAF,CTAF,127.600
KMHV,GND,GND,123.900
KMHV,TWR,TWR,127.600
KMIA,APP,APP,120.500
KMIA,ATIS,ATIS,119.150
KMIA,CLD,CLNC DEL,120.350
KMIA,DEP,DEP,119.450
KMIA,GND,GND,121.800
KMIA,TWR,TWR,118.300
KMIA,UNIC,UNICOM,123.000
KMIB,APP,APP,119.600
KMIB,ATIS,ATIS,27.880
KMIB,CLD,CLNC DEL,32.620
KMIB,DEP,DEP,119.600
KMIB,GND,GND,134.000
KMIB,PMSV,PMSV METRO,34.250
KMIB,POST,COMD POST,32.100
KMIB,PTD,PTD,37.220
KMIB,TWR,TWR,120.650
KMIC,A/D,MINNEAPOLIS APP/DEP,126.500
KMIC,ATIS,ATIS,124.475
KMIC,CLD,CLNC DEL,121.600
KMIC,CTAF,CTAF,120.700
KMIC,GND,GND,121.600
KMIC,TWR,TWR,120.700
KMIC,UNIC,UNICOM,122.950
KMIE,ASOS,ASOS,114.400
KMIE,ATIS,ATIS,133.250
KMIE,CNTR,INDIANAPOLIS CNTR,120.650
KMIE,CTAF,CTAF,120.100
KMIE,GND,MUNCIE GND,121.900
KMIE,RDO,TERRE HAUTE RDO,114.400
KMIE,TWR,MUNCIE TWR,120.100
KMIE,UNIC,UNICOM,122.950
KMIO,CNTR,KANSAS CITY CNTR,132.900
KMIO,RDO,MC ALESTER RDO,117.600
KMIO,UNIC,CTAF/UNICOM,122.800
KMIT,A/D,BAKERSFIELD APP/DEP,126.450
KMIT,CTAF,CTAF,122.900
KMIV,A/D,APP/DEP,124.600
KMIV,ASOS,ASOS,119.600
KMIV,CTAF,CTAF,123.650
KMIV,RDO,RDO,123.650
KMIV,UNIC,UNICOM,123.000
KMIW,A/D,WATERLOO APP/DEP,120.900
KMIW,ASOS,ASOS,128.325
KMIW,CLD,WATERLOO CLNC DEL,120.900
KMIW,UNIC,CTAF/UNICOM,122.800
KMJD,A/D,GULFPORT,124.600
KMJD,AWOS,AWOS 3,119.075
KMJD,UNIC,CTAF/UNICOM,122.800
KMJQ,AWOS,AWOS 3,35.300
KMJQ,CNTR,MINNEAPOLIS CNTR,127.750
KMJQ,UNIC,CTAF/UNICOM,122.800
KMJX,A/D,MC GUIRE APP/DEP,124.150
KMJX,AWOS,AWOS 3,119.875
KMJX,CTAF,CTAF,122.700
KMJX,RDO,MILLVILLE RDO,113.400
KMKA,CNTR,MINNEAPOLIS CNTR,125.100
KMKA,CTAF,CTAF,122.900
KMKC,A/D,APP/DEP,119.000
KMKC,ATIS,ATIS,120.750
KMKC,CLD,CLNC DEL,121.900
KMKC,GND,GND,121.900
KMKC,RDO,COLUMBIA RDO,122.600
KMKC,TWR,DOWNTOWN TWR,133.300
KMKC,UNIC,UNICOM,122.950
KMKE,APP,MILWAUKEE APP,118.000
KMKE,ATIS,ATIS,126.400
KMKE,AWOS,AWOS,148.350
KMKE,CLD,MILWAUKEE CLNC DEL,120.800
KMKE,DEP,MILWAUKEE DEP,119.650
KMKE,GND,MILWAUKEE GND,121.800
KMKE,MISC,128ARW ANG COMD POST,32.100
KMKE,OPS,440 BASE OPS,31.420
KMKE,POST,440 AW COMD POST,37.610
KMKE,PTD,PTD,37.610
KMKE,RDO,GREEN BAY RDO,122.400
KMKE,TWR,MILWAUKEE TWR,119.100
KMKE,UNIC,UNICOM,122.950
KMKG,A/D,APP/DEP,118.200
KMKG,ATIS,ATIS,124.300
KMKG,CTAF,CTAF,126.250
KMKG,GND,GND,121.600
KMKG,RDO,LANSING RDO,122.500
KMKG,TWR,TWR,126.250
KMKG,UNIC,UNICOM,122.950
KMKJ,AWOS,AWOS 3,123.875
KMKJ,CNTR,ATLANTA CNTR,132.900
KMKJ,UNIC,CTAF/UNICOM,122.700
KMKL,ASOS,ASOS,119.325
KMKL,CNTR,MEMPHIS CNTR,134.650
KMKL,CTAF,CTAF,127.150
KMKL,GND,GND,120.900
KMKL,OPS,ARNG OPS,41.500
KMKL,RDO,JACKSON RDO,122.200
KMKL,TWR,JACKSON TWR,127.150
KMKL,UNIC,UNICOM,122.950
KMKN,AWOS,AWOS 3,118.575
KMKN,CNTR,FORT WORTH CNTR,135.375
KMKN,UNIC,CTAF/UNICOM,122.800
KMKO,ASOS,ASOS,135.025
KMKO,CNTR,FORT WORTH CNTR,132.200
KMKO,RDO,MC ALESTER RDO,122.500
KMKO,UNIC,CTAF/UNICOM,122.800
KMKS,A/D,CHARLESTON APP/DEP,135.800
KMKS,UNIC,CTAF/UNICOM,123.050
KMKT,AWOS,AWOS 3,110.800
KMKT,CNTR,MINNEAPOLIS CNTR,135.000
KMKT,RDO,PRINCETON RDO,110.800
KMKT,UNIC,CTAF/UNICOM,122.725
KMKV,A/D,POLK APP/DEP,132.050
KMKV,CTAF,CTAF,122.900
KMKY,A/D,FORT MYERS APP/DEP,119.750
KMKY,AWOS,AWOS 3,120.075
KMKY,CLD,CLNC DEL,120.800
KMKY,UNIC,CTAF/UNICOM,122.800
KMLB,A/D,ORLANDO APP/DEP,132.650
KMLB,ATIS,ATIS,132.550
KMLB,CLD,CLNC DEL,121.900
KMLB,CTAF,CTAF,118.200
KMLB,GND,GND,121.900
KMLB,OPS,GRUMMAN OPS,123.200
KMLB,RDO,ST PETERSBURG RDO,122.600
KMLB,TWR,TWR,118.200
KMLB,UNIC,UNICOM,122.950
KMLC,ASOS,ASOS,135.125
KMLC,CNTR,FORT WORTH CNTR,132.200
KMLC,RDO,RDO,122.650
KMLC,UNIC,CTAF/UNICOM,122.950
KMLD,CTAF,CTAF,122.900
KMLD,RDO,BOISE RDO,122.650
KMLE,A/D,OMAHA APP/DEP,120.100
KMLE,AWOS,AWOS 3,118.250
KMLE,CLD,CLNC DEL,125.400
KMLE,UNIC,CTAF/UNICOM,123.000
KMLF,ASOS,ASOS,135.025
KMLF,RDO,CEDAR CITY RDO,112.100
KMLF,UNIC,CTAF/UNICOM,122.800
KMLI,A/D,APP/DEP,118.200
KMLI,ATIS,ATIS,121.200
KMLI,CLD,CLNC DEL,123.950
KMLI,CTAF,CTAF,119.400
KMLI,GND,GND,121.900
KMLI,RDO,KANKAKEE RDO,122.600
KMLI,TWR,TWR,119.400
KMLI,UNIC,UNICOM,122.950
KMLJ,A/D,ATLANTA APP/DEP,119.600
KMLJ,AWOS,AWOS 3,120.925
KMLJ,UNIC,CTAF/UNICOM,122.800
KMLS,ASOS,ASOS,135.575
KMLS,RDO,GREAT FALLS RDO,122.200
KMLS,UNIC,CTAF/UNICOM,123.000
KMLT,ASOS,ASOS,135.225
KMLT,CLD,CLNC DEL,123.600
KMLT,CNTR,BOSTON CNTR,120.250
KMLT,RDO,BANGOR RDO,123.600
KMLT,UNIC,CTAF/UNICOM,122.800
KMLU,A/D,APP/DEP,118.150
KMLU,ATIS,ATIS,125.050
KMLU,CLD,CLNC DEL,121.650
KMLU,CTAF,CTAF,118.900
KMLU,GND,GND,121.900
KMLU,RDO,DE RIDDER RDO,122.250
KMLU,TWR,TWR,118.900
KMLU,UNIC,UNICOM,122.950
KMMH,AWOS,AWOS 3,118.050
KMMH,CNTR,OAKLAND CNTR,125.750
KMMH,RDO,RIVERSIDE RDO,122.150
KMMH,UNIC,CTAF/UNICOM,122.800
KMMI,A/D,KNOXVILLE APP/DEP,123.900
KMMI,AWOS,AWOS 3,125.425
KMMI,UNIC,CTAF/UNICOM,122.800
KMMK,A/D,APP/DEP,127.800
KMMK,ASOS,ASOS,134.925
KMMK,CLD,CLNC DEL,120.650
KMMK,UNIC,CTAF/UNICOM,123.050
KMML,AWOS,AWOS 3,111.000
KMML,CNTR,MINNEAPOLIS CNTR,127.100
KMML,RDO,PRINCETON RDO,122.350
KMML,UNIC,CTAF/UNICOM,122.800
KMMS,CNTR,MEMPHIS CNTR,135.300
KMMS,CTAF,CTAF,122.900
KMMT,A/D,SHAW APP/DEP,125.400
KMMT,CTAF,CTAF,132.400
KMMT,GND,GND,127.625
KMMT,MISC,ARNG OPS PTD,41.300
KMMT,OPS,ANG OPS PTD,125.120
KMMT,PMSV,PMSV METRO,34.250
KMMT,PTD,PTD,29.830
KMMT,TWR,TWR,132.400
KMMU,APP,NEW YORK APP,127.600
KMMU,ATIS,ATIS,124.250
KMMU,CLD,CLNC DEL,121.200
KMMU,CTAF,CTAF,118.100
KMMU,DEP,NEW YORK DEP,119.200
KMMU,GND,GND,121.700
KMMU,TWR,TWR,118.100
KMMV,A/D,PORTLAND APP/DEP,126.000
KMMV,ASOS,ASOS,135.675
KMMV,CLD,PORTLAND CLNC DEL,118.350
KMMV,CNTR,SEATTLE CNTR,125.800
KMMV,RDO,RDO,122.300
KMMV,UNIC,CTAF/UNICOM,123.000
KMNF,CNTR,KANSAS CITY CNTR,133.800
KMNF,UNIC,CTAF/UNICOM,122.800
KMNI,A/D,SHAW APP/DEP,125.400
KMNI,UNIC,CTAF/UNICOM,122.800
KMNM,A/D,GREEN BAY APP/DEP,119.500
KMNM,AWOS,AWOS 3,109.600
KMNM,RDO,GREEN BAY RDO,109.600
KMNM,UNIC,CTAF/UNICOM,122.800
KMNN,A/D,MANSFIELD APP/DEP,124.200
KMNN,ASOS,ASOS,119.975
KMNN,CLD,CLNC DEL,126.800
KMNN,UNIC,CTAF/UNICOM,122.800
KMNV,A/D,KNOXVILLE APP/DEP,123.900
KMNV,AWOS,AWOS 3,118.475
KMNV,UNIC,CTAF/UNICOM,123.000
KMNZ,A/D,GRAY APP/DEP,120.075
KMNZ,UNIC,CTAF/UNICOM,122.700
KMOB,A/D,APP/DEP,118.500
KMOB,ATIS,ATIS,124.750
KMOB,CLD,CLNC DEL,119.850
KMOB,CTAF,CTAF,118.300
KMOB,GND,GND,121.900
KMOB,MISC,ARNG OPS,41.050
KMOB,OPS,AIR,34.500
KMOB,RDO,ANNISTON RDO,122.200
KMOB,TWR,TWR,118.300
KMOB,UNIC,UNICOM,122.950
KMOD,A/D,NORCAL APP/DEP,120.950
KMOD,A/D,NORCAL APP/DEP,36.320
KMOD,ASOS,ASOS,127.700
KMOD,ATIS,ATIS,127.700
KMOD,CTAF,CTAF,125.300
KMOD,GND,GND,121.700
KMOD,RDO,RANCHO RDO,114.600
KMOD,TWR,TWR,125.300
KMOD,UNIC,UNICOM,122.950
KMOP,A/D,SAGINAW APP/DEP,126.450
KMOP,AWOS,AWOS 3,110.600
KMOP,RDO,LANSING RDO,122.600
KMOP,UNIC,CTAF/UNICOM,123.000
KMOR,A/D,KNOXVILLE APP/DEP,132.800
KMOR,AWOS,AWOS 3,126.725
KMOR,UNIC,CTAF/UNICOM,122.800
KMOT,APP,APP,119.600
KMOT,CTAF,CTAF,118.200
KMOT,DEP,DEP,119.600
KMOT,GND,GND,121.900
KMOT,RDO,GRAND FORKS RDO,122.200
KMOT,TWR,MAGIC CITY TWR,118.200
KMOT,UNIC,UNICOM,122.950
KMOX,AWOS,AWOS 3,109.600
KMOX,CNTR,MINNEAPOLIS CNTR,126.100
KMOX,RDO,PRINCETON RDO,122.250
KMOX,UNIC,CTAF/UNICOM,122.800
KMPE,ASOS,AWOS 3,118.725
KMPE,CNTR,MEMPHIS CNTR,132.750
KMPE,UNIC,CTAF/UNICOM,123.000
KMPG,CNTR,CLEVELAND CNTR,120.400
KMPG,UNIC,CTAF/UNICOM,122.700
KMPI,A/D,OAKLAND CNTR,121.250
KMPI,AWOS,AWOS 3,135.600
KMPI,UNIC,CTAF/UNICOM,122.700
KMPJ,A/D,MEMPHIS CNTR,128.475
KMPJ,CTAF,CTAF,122.900
KMPO,A/D,WILKES BARRE APP/DEP,126.300
KMPO,ASOS,ASOS,120.275
KMPO,CLD,CLNC DEL,125.300
KMPO,UNIC,CTAF/UNICOM,122.700
KMPR,A/D,WICHITA APP/DEP,125.500
KMPR,AWOS,AWOS 3,119.025
KMPR,RDO,WICHITA RDO,122.150
KMPR,UNIC,CTAF/UNICOM,122.800
KMPV,ASOS,ASOS,132.675
KMPV,CNTR,BOSTON CNTR,135.700
KMPV,RDO,BURLINGTON RDO,122.600
KMPV,UNIC,CTAF/UNICOM,122.800
KMPZ,AWOS,AWOS 3,119.325
KMPZ,CNTR,CHICAGO CNTR,135.600
KMPZ,UNIC,CTAF/UNICOM,123.050
KMQB,AWOS,AWOS 3,119.025
KMQB,CNTR,CHICAGO CNTR,135.600
KMQB,RDO,KANKAKEE RDO,122.150
KMQB,UNIC,CTAF/UNICOM,122.800
KMQI,A/D,NORFOLK APP/DEP,124.725
KMQI,AWOS,AWOS 3,128.275
KMQI,UNIC,CTAF/UNICOM,122.800
KMQJ,A/D,INDIANAPOLIS APP/DEP,127.150
KMQJ,AWOS,AWOS 3,124.175
KMQJ,CLD,CLNC DEL,119.250
KMQJ,UNIC,CTAF/UNICOM,122.700
KMQS,A/D,PHILADELPHIA APP/DEP,124.350
KMQS,AWOS,AWOS 3,126.250
KMQS,CLD,CLNC DEL,125.600
KMQS,RDO,WILLIAMSPORT RDO,113.200
KMQS,UNIC,CTAF/UNICOM,122.700
KMQW,A/D,JACKSONVILLE CNTR,132.300
KMQW,CTAF,CTAF,122.900
KMQY,A/D,NASHVILLE APP/DEP,128.450
KMQY,ASOS,ASOS,119.125
KMQY,CLD,CLNC DEL,121.400
KMQY,CTAF,CTAF,118.500
KMQY,GND,GND,121.400
KMQY,OPS,ARNG OPS,41.500
KMQY,TWR,TWR,118.500
KMQY,UNIC,UNICOM,122.950
KMRB,A/D,POTOMAC APP/DEP,126.100
KMRB,ASOS,ASOS,119.925
KMRB,CLD,POTOMAC CLNC DEL,132.075
KMRB,CTAF,CTAF,124.300
KMRB,GND,GND,121.800
KMRB,POST,PIKESIDE CON ANG,29.700
KMRB,RDO,ELKINS RDO,122.450
KMRB,TWR,MARTINSBURG TWR,124.300
KMRB,UNIC,UNICOM,122.950
KMRC,AWOS,AWOS 3,128.625
KMRC,CNTR,MEMPHIS CNTR,125.850
KMRC,UNIC,CTAF/UNICOM,122.800
KMRF,A/D,ALBUQUERQUE CNTR,135.875
KMRF,AWOS,AWOS 3,134.025
KMRF,FSS,SAN ANGELO RDO,122.100
KMRF,UNIC,CTAF/UNICOM,122.800
KMRH,A/D,CHERRY POINT APP/DEP,124.100
KMRH,ASOS,ASOS,135.375
KMRH,CLD,CHERRY POINT CLNC,125.650
KMRH,UNIC,CTAF/UNICOM,122.800
KMRJ,AWOS,AWOS 3,118.525
KMRJ,CNTR,CHICAGO CNTR,133.950
KMRJ,UNIC,CTAF/UNICOM,122.800
KMRN,AWOS,AWOS 3,124.175
KMRN,CNTR,ATLANTA CNTR,125.150
KMRN,UNIC,CTAF/UNICOM,122.700
KMRT,A/D,COLUMBUS APP/DEP,120.200
KMRT,AWOS,AWOS 3,119.275
KMRT,UNIC,CTAF/UNICOM,122.800
KMRY,A/D,NORCAL APP/DEP,127.150
KMRY,ATIS,ATIS,119.250
KMRY,CLD,CLNC DEL,135.450
KMRY,CTAF,CTAF,118.400
KMRY,GND,GND,121.900
KMRY,TWR,TWR,118.400
KMRY,UNIC,UNICOM,122.950
KMSL,ASOS,ASOS,119.425
KMSL,CNTR,MEMPHIS CNTR,120.800
KMSL,RDO,ANNISTON RDO,122.200
KMSL,UNIC,CTAF/UNICOM,123.050
KMSN,APP,MADISON APP,120.100
KMSN,ATIS,ATIS,124.650
KMSN,CLD,MADISON CLNC DEL,121.620
KMSN,CTAF,CTAF,119.300
KMSN,DEP,MADISON DEP,126.850
KMSN,GND,MADISON GND,121.900
KMSN,MISC,ARNG OPS,40.800
KMSN,OPS,ANG OPS,138.250
KMSN,RDO,GREEN BAY RDO,122.600
KMSN,TWR,MADISON TWR,119.300
KMSN,UNIC,UNICOM,122.950
KMSO,A/D,SPOKANE APP/DEP,124.900
KMSO,ATIS,ATIS,126.650
KMSO,CTAF,CTAF,118.400
KMSO,GND,GND,121.900
KMSO,RDO,GREAT FALLS RDO,122.450
KMSO,TWR,TWR,118.400
KMSO,UNIC,UNICOM,122.950
KMSP,APP,APP,118.720
KMSP,ATIS,ATIS,120.800
KMSP,CLD,CLNC DEL,133.200
KMSP,DEP,DEP,132.975
KMSP,GND,GND,121.800
KMSP,MISC,934 AW BASE OPS,28.267
KMSP,OPS,133 AW COMD POST,31.120
KMSP,POST,934 AW COMD POST,25.210
KMSP,PTD,PTD,28.267
KMSP,RDO,PRINCETON RDO,122.300
KMSP,TWR,TWR,123.675
KMSP,UNIC,UNICOM,122.950
KMSS,A/D,BOSTON APP/DEP,135.250
KMSS,ASOS,ASOS,128.075
KMSS,RDO,BURLINGTON RDO,122.200
KMSS,UNIC,CTAF/UNICOM,123.000
KMSV,A/D,NEW YORK APP/DEP,132.750
KMSV,AWOS,AWOS 3,134.025
KMSV,CLD,CLNC DEL,121.600
KMSV,UNIC,CTAF/UNICOM,122.800
KMSY,A/D,NEW ORLEANS APP/DEP,123.850
KMSY,ATIS,ATIS,127.550
KMSY,CLD,CLNC DEL,127.200
KMSY,GND,GND,121.900
KMSY,TWR,TWR,119.500
KMSY,UNIC,UNICOM,122.950
KMTC,A/G,927 ARW OPS,31.420
KMTC,APP,APP,119.600
KMTC,ATIS,ATIS,125.325
KMTC,CLD,CLNC DEL,119.000
KMTC,DEP,DEP,119.600
KMTC,GND,GND,128.300
KMTC,MISC,USCG DETROIT AIR,38.180
KMTC,OPS,WING COMD POST,148.525
KMTC,PMSV,PMSV/METRO,34.250
KMTC,PTD,PTD,134.850
KMTC,TWR,TWR,120.150
KMTH,ASOS,ASOS,135.525
KMTH,CNTR,MIAMI CNTR,133.500
KMTH,RDO,MIAMI RDO,122.600
KMTH,UNIC,CTAF/UNICOM,122.800
KMTJ,ASOS,ASOS,135.225
KMTJ,CNTR,DENVER CNTR,125.350
KMTJ,RDO,DENVER RDO,122.650
KMTJ,UNIC,CTAF/UNICOM,122.800
KMTN,A/D,POTOMAC APP/DEP,119.000
KMTN,ATIS,ATIS,124.925
KMTN,AWOS,AWOS 3,124.925
KMTN,CLD,POTOMAC CLNC DEL,121.800
KMTN,CTAF,CTAF,121.300
KMTN,GND,GND,121.800
KMTN,OPS,135 AG COMD POST,38.590
KMTN,POST,175 FG COMD POST,34.720
KMTN,TWR,TWR,121.300
KMTN,UNIC,UNICOM,122.950
KMTO,A/D,CHAMPAIGN APP/DEP,132.850
KMTO,ASOS,ASOS,109.400
KMTO,RDO,ST LOUIS RDO,109.400
KMTO,UNIC,CTAF/UNICOM,122.700
KMTP,APP,NEW YORK APP,118.950
KMTP,DEP,PROVIDENCE DEP,125.750
KMTP,UNIC,CTAF/UNICOM,122.700
KMTV,A/D,GREENSBORO APP/DEP,124.350
KMTV,AWOS,AWOS 3,118.450
KMTV,CLD,CLNC DEL,124.850
KMTV,UNIC,CTAF/UNICOM,122.700
KMTW,A/D,GREEN BAY APP/DEP,120.200
KMTW,AWOS,AWOS 3,111.000
KMTW,RDO,GREEN BAY RDO,111.000
KMTW,UNIC,CTAF/UNICOM,122.800
KMUI,A/D,HARRISBURG APP/DEP,118.250
KMUI,CTAF,CTAF,126.200
KMUI,GND,GND,121.625
KMUI,MISC,FLT FLW,40.900
KMUI,OPS,ARNG OPS,49.950
KMUI,TWR,TWR,126.200
KMUL,UNIC,CTAF/UNICOM,123.000
KMUO,APP,APP,124.800
KMUO,ATIS,ATIS,27.350
KMUO,CLD,CLNC DEL,127.100
KMUO,DEP,DEP,37.120
KMUO,GND,GND,120.500
KMUO,PMSV,PMSV METRO,34.250
KMUO,POST,ACC COMD POST,38.130
KMUO,PTD,PTD,138.900
KMUO,RDO,BOISE RDO,122.600
KMUO,TWR,TWR,133.850
KMUT,A/D,QUAD CITY APP/DEP,118.200
KMUT,AWOS,AWOS 3,119.775
KMUT,CLD,QUAD CITY CLNC DEL,124.250
KMUT,UNIC,CTAF/UNICOM,122.700
KMVC,CNTR,ATLANTA CNTR,118.550
KMVC,RDO,ANNISTON RDO,116.800
KMVC,UNIC,CTAF/UNICOM,123.000
KMVE,AWOS,AWOS 3,111.600
KMVE,CNTR,MINNEAPOLIS CNTR,125.500
KMVE,RDO,PRINCETON RDO,122.450
KMVE,UNIC,CTAF/UNICOM,122.800
KMVI,CNTR,DENVER CNTR,128.375
KMVI,RCO,ALAMOSA RDO,122.150
KMVI,UNIC,CTAF/UNICOM,122.800
KMVL,ASOS,ASOS,135.625
KMVL,CNTR,BOSTON CNTR,135.700
KMVL,UNIC,CTAF/UNICOM,122.800
KMVM,CNTR,BOSTON CNTR,124.250
KMVM,UNIC,CTAF/UNICOM,122.800
KMVN,AWOS,AWOS 3,113.800
KMVN,CNTR,KANSAS CITY CNTR,127.700
KMVN,RDO,ST LOUIS RDO,113.800
KMVN,UNIC,CTAF/UNICOM,123.000
KMVY,A/D,CAPE APP/DEP,133.750
KMVY,ATIS,ATIS,126.250
KMVY,CLD,CLNC DEL,134.650
KMVY,CTAF,CTAF,121.400
KMVY,GND,GND,121.800
KMVY,RDO,BRIDGEPORT RDO,114.500
KMVY,TWR,VINEYARD TWR,121.400
KMVY,UNIC,UNICOM,122.950
KMWA,AWOS,AWOS 3,119.675
KMWA,CLD,CLNC DEL,125.300
KMWA,CNTR,KANSAS CITY CNTR,125.300
KMWA,CTAF,CTAF,128.400
KMWA,GND,GND,121.700
KMWA,RDO,ST LOUIS RDO,110.400
KMWA,TWR,MARION TWR,128.400
KMWA,UNIC,UNICOM,122.950
KMWC,A/D,MILWAUKEE APP/DEP,128.700
KMWC,ATIS,ATIS,128.300
KMWC,CTAF,CTAF,120.500
KMWC,GND,TIMMERMAN GND,121.700
KMWC,RDO,GREEN BAY RDO,112.500
KMWC,TWR,TWR,120.500
KMWC,UNIC,UNICOM,122.950
KMWH,A/D,APP/DEP,126.400
KMWH,ATIS,ATIS,119.050
KMWH,CTAF,CTAF,118.250
KMWH,GND,GND,121.900
KMWH,RDO,SEATTLE RDO,122.400
KMWH,TWR,TWR,118.250
KMWH,UNIC,UNICOM,122.950
KMWK,A/D,GREENSBORO APP/DEP,124.350
KMWK,AWOS,AWOS 3,121.125
KMWK,UNIC,CTAF/UNICOM,123.000
KMWL,ASOS,ASOS,135.075
KMWL,CNTR,FORT WORTH CNTR,127.000
KMWL,RDO,FORT WORTH RDO,122.200
KMWL,UNIC,CTAF/UNICOM,122.725
KMWM,AWOS,AWOS 3,118.525
KMWM,CNTR,MINNEAPOLIS CNTR,127.100
KMWM,CTAF,CTAF,122.900
KMWO,APP,DAYTON APP,118.850
KMWO,AWOS,AWOS 3,120.025
KMWO,CLD,DAYTON CLNC DEL,119.400
KMWO,DEP,DAYTON DEP,126.500
KMWO,UNIC,CTAF/UNICOM,123.000
KMXA,CNTR,MEMPHIS CNTR,120.075
KMXA,UNIC,CTAF/UNICOM,122.800
KMXF,A/D,MONTGOMERY APP/DEP,121.200
KMXF,ATIS,ATIS,134.700
KMXF,GND,GND,127.150
KMXF,PMSV,PMSV METRO,34.230
KMXF,POST,42 ABW COMD POST,23.460
KMXF,POST,AFRC 908AW COMD POST,39.690
KMXF,PTD,PTD,122.850
KMXF,TWR,TWR,118.150
KMXO,A/D,CEDAR RAPIDS APP/DEP,134.050
KMXO,AWOS,AWOS 3,119.275
KMXO,UNIC,CTAF/UNICOM,122.800
KMYF,APP,SOCAL APP,124.350
KMYF,ATIS,ATIS,126.900
KMYF,CLD,CLNC DEL,123.725
KMYF,CTAF,CTAF,119.200
KMYF,DEP,SOCAL DEP,119.600
KMYF,GND,GND,118.220
KMYF,RDO,SAN DIEGO RDO,122.200
KMYF,TWR,TWR,119.200
KMYF,UNIC,UNICOM,122.950
KMYJ,A/D,MIZZU APP/DEP,124.375
KMYJ,AWOS,AWOS 3,120.575
KMYJ,CTAF,CTAF,122.900
KMYL,ASOS,ASOS,119.925
KMYL,CNTR,SALT LAKE CITY CNTR,128.050
KMYL,RDO,BOISE RDO,122.350
KMYL,UNIC,CTAF/UNICOM,122.800
KMYR,A/D,APP/DEP,119.200
KMYR,ATIS,ATIS,123.925
KMYR,AWOS,AWOS 3,124.500
KMYR,CLD,CLNC DEL,119.700
KMYR,CTAF,CTAF,128.450
KMYR,GND,GND,120.300
KMYR,TWR,TWR,128.450
KMYR,UNIC,UNICOM,122.950
KMYV,A/D,NORCAL APP/DEP,125.400
KMYV,ASOS,ASOS,118.475
KMYV,RDO,RANCHO RDO,122.600
KMYV,UNIC,CTAF/UNICOM,123.050
KMYZ,CNTR,KANSAS CITY CNTR,123.800
KMYZ,FSS,COLUMBUS RDO,122.100
KMYZ,UNIC,CTAF/UNICOM,122.800
KMZH,A/D,DULUTH APP/DEP,125.450
KMZH,AWOS,AWOS 3,36.200
KMZH,CTAF,CTAF,122.900
KMZJ,OPS,GUARD OPS,41.500
KMZJ,UNIC,CTAF/UNICOM,123.050
KMZZ,A/D,GRISSOM APP/DEP,121.050
KMZZ,AWOS,AWOS 3,108.600
KMZZ,CLD,CLNC DEL,120.000
KMZZ,UNIC,CTAF/UNICOM,122.700
KNBC,A/D,APP/DEP,118.450
KNBC,ATIS,ATIS,27.800
KNBC,GCCD,GND/CLNC DEL,128.150
KNBC,OPS,BASE OPS,28.180
KNBC,PMSV,PMSV METRO,26.450
KNBC,TWR,TWR,119.050
KNBG,A/D,APP/DEP,123.850
KNBG,ATIS,ATIS,27.620
KNBG,GND,NAVY NEW ORLEANS GND,121.600
KNBG,MISC,USCG NEW ORLEANS AIR,38.180
KNBG,OPS,BASE OPS,37.915
KNBG,PMSV,PMSV METRO,26.580
KNBG,TWR,NAVY NEW ORLEANS TWR,123.800
KNCA,A/D,CHERRY POINT APP/DEP,119.350
KNCA,ARR,ARRIVAL,124.850
KNCA,ATIS,ATIS,28.832
KNCA,CLD,CLNC DEL,23.902
KNCA,GND,GND,121.800
KNCA,OPS,OPS,23.640
KNCA,PMSV,PMSV METRO,24.477
KNCA,TWR,TWR,120.000
KNDY,CTAF,CTAF,120.150
KNDY,OPS,NAVY DAHLGREN OPS,120.150
KNDZ,A/D,PENSACOLA APP/DEP,124.850
KNDZ,ATIS,ATIS,27.357
KNDZ,CLD,CLNC DEL,35.560
KNDZ,GND,GND,34.680
KNDZ,OPS,BASE OPS,23.370
KNDZ,PMSV,PMSV METRO,31.695
KNDZ,TWR,TWR,121.400
KNEL,A/D,MC GUIRE APP/DEP,124.150
KNEL,GND,GND,118.375
KNEL,RDO,MILLVILLE RDO,113.800
KNEL,TWR,TWR,127.775
KNEN,APP,JACKSONVILLE APP,123.800
KNEN,DEP,JACKSONVILLE DEP,123.800
KNEN,TWR,TWR,135.400
KNEW,A/D,NEW ORLEANS APP/DEP,123.850
KNEW,ATIS,ATIS,124.900
KNEW,CLD,CLNC DEL,127.400
KNEW,CTAF,CTAF,118.950
KNEW,GND,GND,121.700
KNEW,OPS,ARNG OPS,141.350
KNEW,RDO,DE RIDDER RDO,122.600
KNEW,TWR,TWR,118.950
KNEW,UNIC,UNICOM,122.950
KNFD,CTAF,CTAF,25.432
KNFE,APP,OCEANA NAS APP,119.600
KNFG,A/D,SOCAL APP/DEP,127.300
KNFG,APP,APP/DEP,128.450
KNFG,ATIS,ATIS,26.760
KNFG,CLD,CLNC DEL,126.200
KNFG,GND,GND,128.775
KNFG,MISC,MCB RANGE CON,123.200
KNFG,OPS,BASE OPS,26.500
KNFG,PMSV,PMSV METRO,34.240
KNFG,TWR,TWR,128.775
KNFJ,ATIS,ATIS,28.200
KNFJ,DEP,PENSACOLA DEP,37.200
KNFJ,TWR,RDO/TWR,121.400
KNFL,A/D,NAVY FALLON APP/DEP,120.850
KNFL,ATIS,ATIS,37.092
KNFL,CLD,CLNC DEL,35.355
KNFL,GND,GND,25.115
KNFL,MISC,DESERT CON,126.200
KNFL,OPS,BASE OPS,23.800
KNFL,PMSV,PMSV METRO,32.740
KNFL,TWR,NAVY FALLON TWR,119.250
KNFW,A/D,RGNL APP/DEP,125.800
KNFW,ARR,NAVY FORT WORTH ARR,128.775
KNFW,ATIS,ATIS,27.357
KNFW,GND,NAVY FORT WORTH GND,126.400
KNFW,MISC,LOCKHEED,28.410
KNFW,OPS,BASE OPS,29.177
KNFW,PMSV,PMSV METRO,34.255
KNFW,TWR,NAVY FORT WORTH TWR,120.950
KNGP,APP,APP,120.900
KNGP,ATIS,ATIS,114.000
KNGP,CLD,NAVY CORPUS CLNC DEL,31.430
KNGP,DEP,DEP,125.400
KNGP,GND,NAVY CORPUS GND,118.700
KNGP,MISC,AIR,38.180
KNGP,OPS,BASE OPS,34.665
KNGP,PMSV,PMSV METRO,34.350
KNGP,TWR,NAVY CORPUS TWR,134.850
KNGS,CTAF,CTAF,36.110
KNGU,APP,APP,118.900
KNGU,ATIS,ATIS,118.425
KNGU,CLD,CLNC DEL,120.700
KNGU,DEP,DEP,125.200
KNGU,GND,CHAMBERS GND,121.800
KNGU,GND,NAVYNORFOLK HELI GND,29.895
KNGU,GTE,AMC/ATOC,130.650
KNGU,HEL,NAVYNORFOLK HELI TWR,126.375
KNGU,OPS,BASE OPS,126.375
KNGU,PMSV,METRO,27.160
KNGU,TWR,CHAMBERS TWR,124.300
KNGW,A/D,CORPUS APP/DEP,125.400
KNGW,TWR,NAVY CABANISS TWR,119.650
KNHK,A/D,APP/DEP,120.050
KNHK,ATIS,ATIS,27.620
KNHK,CLD,CLNC DEL,135.200
KNHK,GND,GND,120.600
KNHK,OPS,BASE OPS,30.255
KNHK,PMSV,PMSV METRO,35.620
KNHK,RDO,LEESBURG RDO,117.600
KNHK,TWR,TWR,123.700
KNID,A/D,JOSHUA APP/DEP,133.650
KNID,AAS,VFR ADVSY SVC,133.650
KNID,ATIS,ATIS,32.237
KNID,GND,GND,36.020
KNID,PMSV,PMSV METRO,34.315
KNID,TWR,TWR,120.150
KNIP,A/D,APP/DEP,123.800
KNIP,ATIS,ATIS,28.100
KNIP,CLD,CLNC DEL,134.775
KNIP,GND,GND,128.600
KNIP,MISC,ATCOM,672.300
KNIP,OPS,NAVY JAX OPS,31.020
KNIP,PMSV,PMSV METRO,34.350
KNIP,TWR,TWR,120.000
KNJK,ATIS,ATIS,26.927
KNJK,CLD,CLNC DEL,34.020
KNJK,GND,GND,121.900
KNJK,PMSV,PMSV METRO,34.830
KNJK,TWR,TWR,119.100
KNJM,A/D,CHERRY POINT APP/DEP,119.350
KNJM,CLD,CLNC DEL,26.260
KNJM,CTAF,CTAF,126.450
KNJM,GND,GND,26.260
KNJM,PMSV,PMSV METRO,34.460
KNJM,TWR,TWR,126.450
KNJW,A/D,MERIDIAN APP/DEP,27.640
KNJW,MISC,NAVY MC CAIN TWR,34.020
KNJW,TWR,BRAVO TWR,118.475
KNKT,A/D,APP/DEP,119.350
KNKT,A/D,APP/DEP,29.960
KNKT,ATIS,ATIS,24.487
KNKT,CLD,CLNC DEL,125.950
KNKT,GND,GND,128.625
KNKT,OPS,BASE OPS,126.200
KNKT,PMSV,PMSV METRO,34.350
KNKT,TWR,TWR,121.300
KNKX,APP,SOCAL APP,132.200
KNKX,ATIS,ATIS,35.200
KNKX,CLD,CLNC DEL,125.975
KNKX,DEP,SOCAL DEP,119.600
KNKX,GND,GND,128.625
KNKX,PMSV,PMSV METRO,34.240
KNKX,PTD,PTD,33.562
KNKX,TWR,TWR,135.200
KNLC,APP,APP,118.150
KNLC,ATIS,ATIS,26.760
KNLC,CLD,CLNC DEL,124.100
KNLC,DEP,DEP,118.150
KNLC,GND,GND,121.650
KNLC,OPS,BASE OPS,29.930
KNLC,PMSV,PMSV METRO,31.700
KNLC,TWR,TWR,128.300
KNMM,APP,APP,119.200
KNMM,ATIS,ATIS,27.320
KNMM,CLD,CLNC DEL,30.100
KNMM,DEP,DEP,124.800
KNMM,GND,MC CAIN GND,33.640
KNMM,OPS,BASE OPS,35.220
KNMM,PMSV,PMSV METRO,31.240
KNMM,TWR,MC CAIN TWR,126.200
KNOG,A/D,KINGSVILLE APP/DEP,119.900
KNOG,ATIS,ATIS,25.432
KNOG,GCCD,GND/CLNC DEL,23.905
KNOG,PMSV,PMSV METRO,34.460
KNOG,TWR,TWR,119.350
KNOW,A/D,WHIDBEY APP,118.200
KNOW,CTAF,CTAF,123.000
KNOW,MISC,PORT ANGELES AIR,127.700
KNOW,MISC,PORT ANGELES AIR,569.200
KNOW,RDO,SEATTLE RDO,122.600
KNPA,APP,APP,120.050
KNPA,ATIS,ATIS,26.760
KNPA,CLD,SHERMAN CLNC DEL,134.100
KNPA,DEP,DEP,120.650
KNPA,GND,SHERMAN GND,121.700
KNPA,OPS,SHERMAN BASE OPS,31.210
KNPA,PMSV,PMSV METRO,35.960
KNPA,TWR,SHERMAN TWR,120.700
KNQA,APP,MEMPHIS APP,119.100
KNQA,AWOS,AWOS 3,118.925
KNQA,CTAF,CTAF,120.250
KNQA,DEP,MEMPHIS DEP,124.150
KNQA,GND,GND,121.375
KNQA,TWR,TWR,120.250
KNQA,UNIC,UNICOM,122.950
KNQB,CTAF,CTAF,34.520
KNQI,APP,APP,119.900
KNQI,ATIS,ATIS,27.620
KNQI,CLD,CLNC DEL,32.840
KNQI,DEP,DEP,26.680
KNQI,GND,GND,35.240
KNQI,OPS,BASE OPS,27.480
KNQI,PMSV,PMSV METRO,34.460
KNQI,TWR,TWR,124.100
KNQX,A/D,APP DEP,119.250
KNQX,ATIS,ATIS,27.720
KNQX,CLD,CLNC DEL,121.200
KNQX,GND,GND,121.700
KNQX,OPS,BASE OPS,33.800
KNQX,PMSV,PMSV METRO,34.460
KNQX,TWR,TWR,126.100
KNRA,A/D,WHIDBEY APP/DEP,118.200
KNRA,ATIS,ATIS,134.150
KNRB,A/D,JACKSONVILLE APP/DEP,124.900
KNRB,ATIS,ATIS,26.860
KNRB,GND,GND,126.500
KNRB,PTD,PTD,30.850
KNRB,TWR,TWR,118.750
KNRN,A/D,DENVER CNTR,132.500
KNRN,AWOS,AWOS 3,118.275
KNRN,CTAF,CTAF,122.800
KNRQ,CTAF,CTAF,35.880
KNRS,A/D,SOCAL APP/DEP,125.150
KNRS,ATIS,ATIS,27.620
KNRS,GND,GND,28.557
KNRS,RDR,RADAR,31.880
KNRS,TWR,TWR,120.650
KNSE,A/D,PENSACOLA APP/DEP,127.350
KNSE,ATIS,ATIS,29.032
KNSE,CLD,CLNC DEL,25.777
KNSE,GND,GND,25.115
KNSE,OPS,BASE OPS,23.370
KNSE,PMSV,PMSV METRO,31.695
KNSE,TWR,TWR,121.400
KNSI,MISC,PLEAD CON,127.550
KNSI,TWR,TWR,126.850
KNTD,A/D,APP/DEP,128.650
KNTD,ATIS,ATIS,125.550
KNTD,CLD,CLNC DEL,120.750
KNTD,GND,GND,121.600
KNTD,MISC,ANG OPS,30.560
KNTD,OPS,BASE OPS,26.750
KNTD,PMSV,PMSV METRO,38.635
KNTD,RDO,HAWTHORNE RDO,112.500
KNTD,TWR,TWR,124.850
KNTU,APPR,Oceana Approach Control,123.900
KNTU,ATIS,ATIS,31.760
KNTU,CLD,CLNC DEL,25.440
KNTU,DEP,Oceana Departure Control,119.600
KNTU,GND,GND,33.640
KNTU,MISC,ATCOM,672.300
KNTU,OPS,BASE OPS,28.490
KNTU,PMSV,PMSV METRO,38.740
KNTU,TWR,TWR,127.075
KNUC,A/G,BEAVER CON,120.850
KNUC,ATIS,ATIS,26.860
KNUC,GND,GND,119.550
KNUC,TWR,TWR,126.750
KNUI,A/D,PATUXENT APP/DEP,120.050
KNUI,TWR,NAVY WEBSTER TWR,126.200
KNUQ,APP,NORCAL APP,120.100
KNUQ,APP,NORCAL APP,31.760
KNUQ,ATIS,ATIS/ASOS,124.175
KNUQ,CLD,CLNC DEL,38.080
KNUQ,CTAF,CTAF,119.550
KNUQ,DEP,NORCAL DEP,121.300
KNUQ,GND,GND,121.850
KNUQ,MISC,ANG,39.090
KNUQ,OPS,BASE OPS,25.170
KNUQ,TWR,TWR,119.550
KNUW,A/D,APP/DEP,118.200
KNUW,ATIS,ATIS,134.150
KNUW,CLD,CLNC DEL,124.150
KNUW,GND,GND,121.750
KNUW,OPS,BASE OPS,35.010
KNUW,PMSV,PMSV METRO,34.340
KNUW,TWR,TWR,127.900
KNVD,AWOS,AWOS 3,119.175
KNVD,CNTR,KANSAS CITY CNTR,125.550
KNVD,UNIC,CTAF/UNICOM,122.800
KNVI,CTAF,CTAF,25.000
KNWL,TWR,NAVY WALDRON TWR,133.850
KNXP,ATIS,ATIS,38.635
KNXP,GND,GND,41.700
KNXP,PMSV,PMSV METRO,30.830
KNXP,TWR,TWR,135.525
KNYG,A/D,POTOMAC APP/DEP,124.650
KNYG,ARR,ARRIVAL,127.050
KNYG,ATIS,ATIS,26.315
KNYG,GND,GND,121.750
KNYG,PMSV,PMSV METRO/BASE OPS,35.530
KNYG,TWR,TWR,118.600
KNYL,APP,APP,124.700
KNYL,ATIS,ATIS,118.800
KNYL,CLD,CLNC DEL,118.000
KNYL,DEP,DEP,125.550
KNYL,GND,GND,121.900
KNYL,MISC,VFR ADVSY SVC,124.700
KNYL,PMSV,PMSV METRO,120.700
KNYL,POST,COMD POST,33.790
KNYL,RDO,SAN DIEGO RDO,122.600
KNYL,RFSS,PRESCOTT RDO,122.200
KNYL,TWR,TWR,119.300
KNYL,UNIC,CTAF/UNICOM,119.300
KNZX,CTAF,CTAF,23.790
KNZY,A/D,SOCAL APP/DEP,125.150
KNZY,ATIS,ATIS,31.780
KNZY,CLD,CLNC DEL,128.400
KNZY,GND,GND,118.000
KNZY,MISC,ARNG OPS,142.950
KNZY,OPS,BASE OPS,35.550
KNZY,PMSV,PMSV METRO,34.235
KNZY,TWR,TWR,135.100
KOAJ,A/D,WILMINGTON APP/DEP,121.400
KOAJ,AWOS,AWOS 3,124.475
KOAJ,UNIC,CTAF/UNICOM,123.000
KOAK,APP,NORCAL APP,125.350
KOAK,APP,NORCAL APP,31.760
KOAK,ATIS,ATIS,133.775
KOAK,CLD,CLNC DEL,121.100
KOAK,DEP,NORCAL DEP,120.900
KOAK,GND,GND,121.750
KOAK,RDO,OAKLAND RDO,122.000
KOAK,TWR,OAKLAND TWR,118.300
KOAK,UNIC,UNICOM,122.950
KOAR,A/D,NORCAL APP/DEP,127.150
KOAR,UNIC,CTAF/UNICOM,122.700
KOBE,ASOS,ASOS,118.675
KOBE,UNIC,CTAF/UNICOM,123.000
KOBI,A/D,APP/DEP,124.600
KOBI,RDO,MILLVILLE RDO,115.200
KOBI,UNIC,CTAF/UNICOM,123.050
KOCF,A/D,JACKSONVILLE APP/DEP,118.600
KOCF,AWOS,AWOS 3,128.125
KOCF,RDO,GAINESVILLE RDO,113.700
KOCF,UNIC,CTAF/UNICOM,123.000
KOCH,AWOS,AWOS 3,135.625
KOCH,CNTR,HOUSTON CNTR APP/DEP,134.800
KOCH,UNIC,CTAF/UNICOM,123.000
KOCQ,A/D,GREEN BAY APP/DEP,119.500
KOCQ,UNIC,CTAF/UNICOM,122.800
KOCW,AWOS,AWOS 3,120.175
KOCW,CNTR,WASHINGTON CNTR,135.500
KOCW,UNIC,CTAF/UNICOM,122.700
KODO,A/D,MIDLAND APP/DEP,124.600
KODO,ASOS,ASOS,119.275
KODO,CLD,CLNC DEL,121.700
KODO,UNIC,CTAF/UNICOM,123.000
KODX,ASOS,ASOS,119.925
KODX,CNTR,MINNEAPOLIS CNTR,119.400
KODX,UNIC,CTAF/UNICOM,122.800
KOEA,A/D,EVANSVILLE APP/DEP,125.600
KOEA,UNIC,CTAF/UNICOM,123.000
KOEB,A/D,KALAMAZOO APP/DEP,121.200
KOEB,AWOS,AWOS 3,118.125
KOEB,RDO,LANSING RDO,111.200
KOEB,UNIC,CTAF/UNICOM,122.700
KOEL,AWOS,AWOS 3,118.325
KOEL,CNTR,DENVER CNTR,132.500
KOEL,UNIC,CTAF/UNICOM,122.800
KOEO,APP,MINNEAPOLIS APP,121.200
KOEO,AWOS,AWOS 3,119.925
KOEO,CTAF,CTAF,122.900
KOEO,DEP,MINNEAPOLIS DEP,121.200
KOFF,A/D,OMAHA APP/DEP,118.000
KOFF,ATIS,ATIS,126.025
KOFF,GND,GND,121.700
KOFF,PMSV,PMSV METRO,22.740
KOFF,POST,COMD POST,31.100
KOFF,PTD,PTD,37.940
KOFF,TWR,TWR,123.700
KOFK,ASOS,ASOS,119.025
KOFK,RDO,COLUMBUS RDO,122.150
KOFK,UNIC,CTAF/UNICOM,122.700
KOFP,APP,POTOMAC APP,134.700
KOFP,ASOS,ASOS,119.025
KOFP,CLD,POTOMAC CLNC DEL,125.400
KOFP,DEP,POTOMAC DEP,134.700
KOFP,UNIC,CTAF/UNICOM,122.700
KOGA,AWOS,AWOS 3,121.275
KOGA,CNTR,DENVER CNTR,132.700
KOGA,UNIC,CTAF/UNICOM,122.800
KOGB,A/D,COLUMBIA APP/DEP,124.150
KOGB,ASOS,ASOS,118.525
KOGB,UNIC,CTAF/UNICOM,122.700
KOGD,A/D,APP/DEP,121.100
KOGD,ASOS,ASOS,125.550
KOGD,ATIS,ATIS,125.550
KOGD,CTAF,CTAF,118.700
KOGD,GND,GND,121.700
KOGD,RDO,CEDAR CITY RDO,122.450
KOGD,TWR,TWR,118.700
KOGD,UNIC,UNICOM,122.950
KOGM,CNTR,MINNEAPOLIS CNTR,127.200
KOGM,CTAF,CTAF,122.900
KOGS,AWOS,AWOS 3,118.525
KOGS,CNTR,BOSTON CNTR,135.250
KOGS,RDO,BURLINGTON RDO,122.400
KOGS,UNIC,CTAF/UNICOM,122.800
KOIC,AWOS,AWOS 3,119.025
KOIC,CNTR,BOSTON CNTR,133.250
KOIC,RDO,BUFFALO RDO,112.600
KOIC,UNIC,CTAF/UNICOM,122.800
KOIN,CNTR,DENVER CNTR,132.500
KOIN,UNIC,CTAF/UNICOM,122.800
KOJA,AWOS,AWOS 3,118.575
KOJA,CNTR,FORT WORTH CNTR,128.400
KOJA,UNIC,CTAF/UNICOM,122.800
KOJC,A/D,KANSAS CITY APP/DEP,118.900
KOJC,ATIS,ATIS,119.350
KOJC,CTAF,CTAF,126.000
KOJC,GND,GND,121.600
KOJC,RDO,COLUMBIA RDO,122.150
KOJC,TWR,EXECUTIVE TWR,126.000
KOJC,UNIC,UNICOM,122.950
KOKB,A/D,SOCAL APP/DEP,127.300
KOKB,ASOS,ASOS,127.800
KOKB,RDO,SAN DIEGO RDO,115.300
KOKB,UNIC,CTAF/UNICOM,123.000
KOKC,A/D,OKE CITY APP/DEP,120.450
KOKC,ATIS,ATIS,125.850
KOKC,CLD,CLNC DEL,124.350
KOKC,GND,GND,121.900
KOKC,OPS,ANG OPS COMD POST,22.560
KOKC,TWR,ROGERS TWR,119.350
KOKH,A/D,WHIDBEY APP/DEP,118.200
KOKH,ATIS,ATIS,134.150
KOKH,UNIC,CTAF/UNICOM,122.800
KOKK,A/D,GRISSOM APP/DEP,121.050
KOKK,AWOS,AWOS 3,113.500
KOKK,CLD,CLNC DEL,120.000
KOKK,RDO,TERRE HAUTE RDO,113.500
KOKK,UNIC,CTAF/UNICOM,123.000
KOKM,A/D,TULSA APP/DEP,119.850
KOKM,AWOS,AWOS 3,118.225
KOKM,UNIC,CTAF/UNICOM,123.000
KOKS,CNTR,DENVER CNTR,118.475
KOKS,UNIC,CTAF/UNICOM,122.800
KOKV,A/D,POTOMAC APP/DEP,120.450
KOKV,AWOS,AWOS 3,124.850
KOKV,CLD,POTOMAC CLNC DEL,126.150
KOKV,CTAF,CTAF/UNICOM,122.700
KOKV,RDO,LEESBURG RDO,122.200
KOKZ,A/D,ATLANTA APP/DEP,119.600
KOKZ,AWOS,AWOS 3,120.575
KOKZ,UNIC,CTAF/UNICOM,123.000
KOLD,A/D,BANGOR APP/DEP,124.500
KOLD,UNIC,CTAF/UNICOM,122.800
KOLE,CNTR,CLEVELAND CNTR,124.325
KOLE,UNIC,CTAF/UNICOM,122.800
KOLF,ASOS,ASOS,118.325
KOLF,CNTR,SALT LAKE CITY CNTR,126.850
KOLF,RDO,GREAT FALLS RDO,122.450
KOLF,UNIC,CTAF/UNICOM,122.800
KOLG,A/D,DULUTH APP/DEP,125.450
KOLG,CTAF,CTAF,122.900
KOLM,A/D,SEATTLE APP/DEP,121.100
KOLM,ASOS,ASOS,135.725
KOLM,ATIS,ATIS,135.375
KOLM,CTAF,CTAF,124.400
KOLM,GND,GND,121.600
KOLM,TWR,TWR,124.400
KOLM,UNIC,UNICOM,122.950
KOLS,A/D,TUCSON APP DEP,125.100
KOLS,ASOS,ASOS,121.125
KOLS,RDO,PRESCOTT RDO,122.400
KOLS,UNIC,CTAF/UNICOM,122.800
KOLU,AWOS,AWOS 3,125.525
KOLU,CNTR,MINNEAPOLIS CNTR,128.750
KOLU,CTAF,CTAF/UNICOM,123.050
KOLU,RDO,RDO,122.200
KOLV,APP,MEMPHIS APP,120.070
KOLV,ATIS,ATIS,119.925
KOLV,AWOS,AWOS 3,119.925
KOLV,CLD,CLNC DEL,121.200
KOLV,DEP,MEMPHIS DEP,124.150
KOLV,GND,GND,121.200
KOLV,TWR,TWR,125.275
KOLV,UNIC,CTAF/UNICOM,125.275
KOLY,AWOS,AWOS 3,119.275
KOLY,CNTR,KANSAS CITY CNTR,127.700
KOLY,RDO,ST LOUIS RDO,116.600
KOLY,UNIC,CTAF/UNICOM,123.000
KOLZ,A/D,WATERLOO APP/DEP,118.900
KOLZ,AWOS,AWOS 3,119.675
KOLZ,UNIC,CTAF/UNICOM,122.800
KOMA,A/D,OMAHA APP/DEP,135.875
KOMA,ATIS,ATIS,120.400
KOMA,CLD,CLNC DEL,119.900
KOMA,GND,GND,121.900
KOMA,RCO,FORT DODGE RDO,116.300
KOMA,RDO,COLUMBUS RDO,122.350
KOMA,TWR,OMAHA TWR,132.100
KOMA,UNIC,UNICOM,122.950
KOMH,A/D,POTOMAC APP/DEP,132.850
KOMH,AWOS,AWOS 3,118.075
KOMH,UNIC,CTAF/UNICOM,122.800
KOMK,ASOS,ASOS,118.325
KOMK,CNTR,SEATTLE CNTR,126.100
KOMK,FSS,SEATTLE RDO,122.200
KOMK,UNIC,CTAF/UNICOM,122.800
KOMN,A/D,DAYTONA APP/DEP,125.800
KOMN,ATIS,ATIS,118.475
KOMN,AWOS,AWOS 3,118.475
KOMN,CTAF,CTAF,119.075
KOMN,GCCD,GND/CLNC DEL,121.625
KOMN,RDO,ST PETERSBURG RDO,122.400
KOMN,TWR,TWR,119.075
KOMN,UNIC,UNICOM,123.050
KONA,AWOS,AWOS 3,111.400
KONA,CNTR,MINNEAPOLIS CNTR,128.600
KONA,RDO,PRINCETON RDO,122.150
KONA,UNIC,CTAF/UNICOM,122.800
KONL,AWOS,AWOS 3,121.125
KONL,CNTR,MINNEAPOLIS CNTR,128.000
KONL,RDO,COLUMBUS RDO,122.450
KONL,UNIC,CTAF/UNICOM,122.800
KONM,CNTR,ALBUQUERQUE CNTR,124.325
KONM,RDO,ALBUQUERQUE RDO,116.800
KONM,UNIC,CTAF/UNICOM,122.800
KONO,ASOS,ASOS,135.275
KONO,CNTR,SALT LAKE CITY CNTR,128.050
KONO,RDO,MC MINNVILLE RDO,122.300
KONO,UNIC,CTAF/UNICOM,122.800
KONP,AWOS,AWOS 3,133.900
KONP,CNTR,SEATTLE CNTR,125.800
KONP,UNIC,CTAF/UNICOM,122.800
KONT,A/D,SOCAL APP/DEP,119.650
KONT,ATIS,ATIS,124.250
KONT,CLD,CLNC DEL,118.100
KONT,GND,GND,121.900
KONT,TWR,TWR,120.600
KONX,A/D,OCEANA APP/DEP,124.825
KONX,AWOS,AWOS 3,119.775
KONX,CTAF,CTAF,122.900
KONY,CNTR,FORT WORTH CNTR,133.500
KONY,UNIC,CTAF/UNICOM,122.800
KONZ,APP,DETROIT APP,134.300
KONZ,AWOS,AWOS 3,119.675
KONZ,DEP,DETROIT DEP,134.300
KONZ,RDO,LANSING RDO,115.700
KONZ,UNIC,CTAF/UNICOM,123.000
KOOA,AWOS,AWOS 3,118.625
KOOA,CNTR,CHICAGO CNTR,118.150
KOOA,UNIC,CTAF/UNICOM,122.800
KOPF,A/D,MIAMI APP/DEP,128.600
KOPF,ATIS,ATIS,125.900
KOPF,CLD,CLNC DEL,119.200
KOPF,CTAF,CTAF,120.700
KOPF,GND,GND,121.900
KOPF,MISC,CG MIAMI AIR,123.100
KOPF,TWR,TWR,120.700
KOPL,A/D,LAFAYETTE APP/DEP,128.700
KOPL,RCO,DE RIDDER RDO,135.075
KOPL,UNIC,CTAF/UNICOM,123.000
KOPN,A/D,ATLANTA APP/DEP,119.600
KOPN,AWOS,AWOS 3,133.975
KOPN,FSS,MACON RDO,121.725
KOPN,UNIC,CTAF/UNICOM,122.800
KOQN,A/D,PHILADELPHIA APP/DEP,124.350
KOQN,CLD,CLNC DEL,125.600
KOQN,UNIC,CTAF/UNICOM,123.075
KOQU,A/D,PROVIDENCE APP/DEP,135.400
KOQU,CTAF,CTAF,126.350
KOQU,GND,GND,134.500
KOQU,OPS,ANG OPS,38.330
KOQU,POST,ARNG OPS,38.950
KOQU,RDO,BRIDGEPORT RDO,122.300
KOQU,TWR,TWR,126.350
KOQU,UNIC,UNICOM,122.950
KOQW,CNTR,CHICAGO CNTR,133.950
KOQW,UNIC,CTAF/UNICOM,122.800
KORB,AWOS,AWOS 3,118.325
KORB,CNTR,MINNEAPOLIS CNTR,120.900
KORB,UNIC,UNICOM,122.800
KORD,APP,APP,119.000
KORD,ASOS,ASOS,135.400
KORD,ATIS,ATIS,135.400
KORD,CLD,CLNC DEL,121.600
KORD,DEP,DEP,125.000
KORD,GND,GND,121.675
KORD,PTD,PTD,126.200
KORD,TWR,TWR,126.900
KORD,UNIC,UNICOM,122.950
KORE,ASOS,ASOS,135.675
KORE,CNTR,BOSTON CNTR,123.750
KORE,UNIC,CTAF/UNICOM,122.800
KORF,APP,APP,118.900
KORF,APP,APP,28.830
KORF,ATIS,ATIS,127.150
KORF,CLD,CLNC DEL,118.500
KORF,DEP,DEP,125.200
KORF,GND,GND,121.900
KORF,RDO,LEESBURG RDO,116.900
KORF,TWR,TWR,120.800
KORG,A/D,BEAUMONT APP/DEP,121.300
KORG,AWOS,AWOS 3,118.975
KORG,UNIC,CTAF/UNICOM,122.800
KORH,A/D,BRADLEY APP/DEP,119.000
KORH,ATIS,ATIS,126.550
KORH,CLD,CLNC DEL,128.650
KORH,CTAF,CTAF,120.500
KORH,GND,GND,123.850
KORH,RDO,BRIDGEPORT RDO,122.200
KORH,TWR,TWR,120.500
KORH,UNIC,UNICOM,122.950
KORK,A/D,LITTLE ROCK APP/DEP,119.500
KORK,CLD,LITTLE ROCK CLNC DEL,121.600
KORK,UNIC,CTAF/UNICOM,123.070
KORL,A/D,ORLANDO APP/DEP SW,119.400
KORL,A/D,,119.775
KORL,A/D,,120.150
KORL,A/D,,124.800
KORL,A/D,,135.300
KORL,ATIS,ATIS,127.250
KORL,CLD,CLNC DEL,128.450
KORL,CTAF,CTAF,118.700
KORL,GND,GND,121.400
KORL,RDO,ST PETERSBURG RDO,122.100
KORL,RDO,ST PETERSBURG RDO,122.200
KORL,TWR,TWR,118.700
KORL,UNIC,UNICOM,122.950
KORS,AWOS,,135.425
KORS,CTAF,,128.250
KOSA,A/D,FORT WORTH CNTR,132.850
KOSA,AWOS,AWOS 3,119.775
KOSA,UNIC,CTAF/UNICOM,122.700
KOSC,AWOS,AWOS 3,116.100
KOSC,CNTR,MINNEAPOLIS CNTR,118.525
KOSC,UNIC,CTAF/UNICOM,123.000
KOSH,ATIS,ATIS,125.900
KOSH,CNTR,CHICAGO CNTR,127.000
KOSH,CTAF,CTAF,118.500
KOSH,GND,GND,121.900
KOSH,RDO,GREEN BAY RDO,122.250
KOSH,TWR,OSHKOSH TWR,118.500
KOSH,UNIC,UNICOM,122.950
KOSU,A/D,COLUMBUS APP/DEP,120.200
KOSU,ATIS,ATIS,121.350
KOSU,CTAF,CTAF,118.800
KOSU,GCCD,GND/CLNC DEL,121.700
KOSU,TWR,TWR,118.800
KOSU,UNIC,UNICOM,122.950
KOSX,CNTR,MEMPHIS CNTR,135.750
KOSX,CTAF,CTAF,122.900
KOTG,AWOS,AWOS 3,110.600
KOTG,CNTR,MINNEAPOLIS CNTR,132.050
KOTG,RDO,PRINCETON RDO,110.600
KOTG,UNIC,CTAF/UNICOM,122.800
KOTH,AWOS,AWOS 3,135.075
KOTH,CNTR,SEATTLE CNTR,121.400
KOTH,MISC,AIR,34.500
KOTH,RDO,MC MINNVILLE RDO,122.400
KOTH,UNIC,UNICOM,122.700
KOTM,ASOS,ASOS,124.175
KOTM,CNTR,CHICAGO CNTR,118.150
KOTM,RDO,FORT DODGE RDO,122.400
KOTM,UNIC,CTAF/UNICOM,123.000
KOUN,A/D,OKE CITY APP/DEP,120.450
KOUN,AWOS,AWOS 3,119.550
KOUN,CTAF,CTAF,118.000
KOUN,GND,GND,121.600
KOUN,RDO,MC ALESTER RDO,122.150
KOUN,TWR,WESTHEIMER TWR,118.000
KOUN,UNIC,UNICOM,122.950
KOVE,A/D,NORCAL APP/DEP,125.400
KOVE,ASOS,ASOS,121.425
KOVE,UNIC,CTAF/UNICOM,122.800
KOVL,AWOS,AWOS 3,119.275
KOVL,CNTR,MINNEAPOLIS CNTR,127.100
KOVL,UNIC,CTAF/UNICOM,122.800
KOVO,AWOS,AWOS 3,120.625
KOVO,CNTR,INDIANAPOLIS CNTR,124.775
KOVO,RDO,TERRE HAUTE RDO,122.250
KOVO,UNIC,CTAF/UNICOM,122.700
KOVS,ASOS,ASOS,126.775
KOVS,CNTR,CHICAGO CNTR,133.300
KOVS,UNIC,CTAF/UNICOM,122.800
KOWA,A/D,ROCHESTER APP/DEP,119.800
KOWA,AWOS,AWOS 3,128.325
KOWA,CNTR,MINNEAPOLIS CNTR,132.350
KOWA,RDO,PRINCETON RDO,122.250
KOWA,UNIC,CTAF/UNICOM,122.700
KOWB,A/D,EVANSVILLE APP/DEP,126.400
KOWB,CTAF,CTAF,120.700
KOWB,GND,GND,121.700
KOWB,RDO,LOUISVILLE RDO,108.600
KOWB,TWR,TWR,120.700
KOWB,UNIC,UNICOM,122.950
KOWD,APP,BOSTON APP,124.100
KOWD,ATIS,ATIS,119.950
KOWD,CLD,CLNC DEL,121.800
KOWD,CTAF,CTAF,126.000
KOWD,DEP,BOSTON DEP,124.100
KOWD,GND,GND,121.800
KOWD,TWR,TWR,126.000
KOWI,CNTR,KANSAS CITY CNTR,127.725
KOWI,UNIC,CTAF/UNICOM,122.800
KOWK,A/D,PORTLAND APP/DEP,128.350
KOWK,UNIC,CTAF/UNICOM,122.800
KOWP,A/D,TULSA APP/DEP,124.000
KOWP,AWOS,AWOS 3,118.325
KOWP,UNIC,CTAF/UNICOM,122.700
KOWX,A/D,TOLEDO APP/DEP,120.800
KOWX,AWOS,AWOS 3,120.525
KOWX,UNIC,CTAF/UNICOM,122.700
KOXB,A/D,PATUXENT APP/DEP,127.950
KOXB,ASOS,ASOS,119.025
KOXB,UNIC,CTAF/UNICOM,122.800
KOXC,A/D,NEW YORK APP/DEP,124.075
KOXC,AWOS,AWOS 3,132.975
KOXC,CLD,NEW YORK CLNC DEL,135.100
KOXC,CTAF,CTAF,118.475
KOXC,GND,GND,121.650
KOXC,TWR,OXFORD TWR,118.475
KOXC,UNIC,UNICOM,122.700
KOXD,A/D,CINCINNATI APP/DEP,121.000
KOXD,UNIC,CTAF/UNICOM,122.800
KOXI,A/D,SOUTH BEND APP/DEP,132.050
KOXI,RDO,TERRE HAUTE RDO,115.600
KOXI,UNIC,CTAF/UNICOM,122.800
KOXR,A/D,PT MUGU APP/DEP,124.700
KOXR,ATIS,ATIS,118.050
KOXR,CTAF,CTAF,134.950
KOXR,GND,GND,121.900
KOXR,TWR,TWR,134.950
KOXV,A/D,DES MOINES APP/DEP,123.900
KOXV,AWOS,AWOS 3,119.775
KOXV,UNIC,CTAF/UNICOM,122.800
KOYM,AWOS,AWOS 3,118.050
KOYM,CLD,ALTOONA RDO CLNC DEL,121.300
KOYM,CNTR,CLEVELAND CNTR,124.325
KOYM,UNIC,CTAF/UNICOM,122.700
KOZA,CNTR,HOUSTON CNTR,125.750
KOZA,UNIC,CTAF/UNICOM,122.800
KOZR,A/D,APP/DEP,121.100
KOZR,ATIS,ATIS,111.200
KOZR,CLD,CLNC DEL,118.075
KOZR,CTAF,CTAF,135.200
KOZR,GND,GND,121.900
KOZR,OPS,OPS,126.200
KOZR,PMSV,PMSV METRO,134.100
KOZR,TWR,TWR,135.200
KOZW,APP,DETROIT APP,127.500
KOZW,AWOS,AWOS 3,118.875
KOZW,DEP,DETROIT DEP,127.500
KOZW,UNIC,CTAF/UNICOM,123.000
KPAE,ATIS,ATIS,128.650
KPAE,CLD,CLNC DEL,126.750
KPAE,CNTR,SEATTLE CNTR,128.500
KPAE,CTAF,CTAF,132.950
KPAE,GND,GND,121.800
KPAE,OPS,AR OPS,34.100
KPAE,RDO,SEATTLE RDO,132.960
KPAE,TWR,ACFT ARR E OF CNTRLN ORRY 16L/34R,120.200
KPAE,TWR,ACFT ARR W OF CNTRLN ORRY 16R/34L,132.950
KPAE,UNIC,UNICOM,122.950
KPAH,ASOS,ASOS,118.375
KPAH,CNTR,MEMPHIS CNTR,133.650
KPAH,CTAF,CTAF,119.600
KPAH,GND,GND,121.700
KPAH,RDO,LOUISVILLE RDO,122.200
KPAH,TWR,PADUCAH TWR,119.600
KPAH,UNIC,UNICOM,123.000
KPAM,A/D,APP/DEP,119.100
KPAM,ATIS,ATIS,25.440
KPAM,CLD,CLNC DEL,118.050
KPAM,GND,GND,121.900
KPAM,PMSV,PMSV METRO,29.062
KPAM,POST,COMD POST,38.130
KPAM,PTD,PTD,139.900
KPAM,TWR,TWR,133.950
KPAN,AWOS,AWOS 3,119.325
KPAN,FSS,PRESCOTT RDO,122.300
KPAN,UNIC,CTAF/UNICOM,122.800
KPAO,APP,NORCAL APP,121.300
KPAO,APP,NORCAL APP,33.820
KPAO,ATIS,ATIS,135.275
KPAO,CTAF,CTAF,118.600
KPAO,DEP,NORCAL DEP,121.300
KPAO,GND,GND,125.000
KPAO,TWR,TWR,118.600
KPAO,UNIC,UNICOM,122.950
KPBF,A/D,LITTLE ROCK APP/DEP,119.850
KPBF,ASOS,ASOS,120.775
KPBF,CLD,LITTLE ROCK CLNC DEL,119.850
KPBF,RDO,JONESBORO RDO,122.600
KPBF,UNIC,CTAF/UNICOM,123.000
KPBG,A/D,BURLINGTON APP/DEP,121.100
KPBG,UNIC,CTAF/UNICOM,122.700
KPBH,A/D,MINNEAPOLIS APP/DEP,133.650
KPBH,AWOS,AWOS 3,125.875
KPBH,RDO,GREEN BAY RDO,122.050
KPBH,UNIC,CTAF/UNICOM,122.800
KPBI,APP,APP,124.600
KPBI,ASOS,ASOS,119.975
KPBI,ATIS,ATIS,123.750
KPBI,CLD,CLNC DEL,121.600
KPBI,DEP,DEP,127.350
KPBI,GND,GND,121.900
KPBI,RDO,MIAMI RDO,122.400
KPBI,TWR,TWR,119.100
KPBI,UNIC,UNICOM,122.950
KPBX,CNTR,INDIANAPOLIS CNTR,126.575
KPBX,UNIC,CTAF/UNICOM,122.800
KPCM,A/D,TAMPA APP/DEP,120.650
KPCM,AWOS,AWOS 3,120.025
KPCM,UNIC,CTAF/UNICOM,123.000
KPCW,A/D,CLEVELAND APP/DEP,126.350
KPCW,AWOS,AWOS 3,118.775
KPCW,RDO,CLEVELAND RDO,109.200
KPCW,UNIC,CTAF/UNICOM,122.800
KPCZ,A/D,MINNEAPOLIS CNTR,124.400
KPCZ,AWOS,AWOS 3,118.625
KPCZ,UNIC,CTAF/UNICOM,122.800
KPDC,A/D,CHICAGO APP/DEP,133.950
KPDC,AWOS,AWOS 3,119.925
KPDC,RDO,GREEN BAY RDO,122.250
KPDC,UNIC,CTAF/UNICOM,122.800
KPDK,A/D,ATLANTA  APP/DEP,126.975
KPDK,ATIS,ATIS,128.400
KPDK,CLD,CLNC DEL,120.900
KPDK,CTAF,CTAF,120.900
KPDK,GND,GND,121.600
KPDK,RDO,MACON RDO,116.600
KPDK,TWR,PEACHTREE TWR,120.900
KPDK,UNIC,UNICOM,122.950
KPDT,A/D,CHINOOK APP/DEP,133.150
KPDT,ASOS,ASOS,118.325
KPDT,CTAF,CTAF,119.700
KPDT,GND,GND,121.900
KPDT,OPS,ARNG OPS,40.900
KPDT,RDO,MC MINNVILLE RDO,122.200
KPDT,TWR,PENDLETON TWR,119.700
KPDT,UNIC,UNICOM,122.950
KPDX,ACP,939 ARW COMD POST,124.350
KPDX,APP,APP,118.100
KPDX,APP,APP,129.920
KPDX,ATIS,ATIS,120.625
KPDX,CLD,CLNC DEL,120.125
KPDX,DEP,DEP,118.100
KPDX,GND,GND,121.900
KPDX,OPS,ANG BASE OPS,128.050
KPDX,TWR,TWR,118.700
KPDX,UNIC,UNICOM,122.950
KPEA,A/D,DES MOINES APP/DEP,123.900
KPEA,AWOS,AWOS 3,118.875
KPEA,UNIC,CTAF/UNICOM,122.800
KPEO,A/D,ELIMIRA APP/DEP,124.300
KPEO,ASOS,ASOS,121.175
KPEO,UNIC,CTAF/UNICOM,123.000
KPEQ,AWOS,AWOS 3,118.175
KPEQ,CNTR,ALBUQUERQUE CNTR,135.875
KPEQ,RDO,SAN ANGELO RDO,111.800
KPEQ,UNIC,CTAF/UNICOM,122.800
KPEX,AWOS,AWOS 3,120.350
KPEX,CTAF,CTAF,122.900
KPEZ,APP,SAN ANTONIO APP,118.050
KPEZ,CLD,CLNC DEL,126.550
KPEZ,DEP,SAN ANTONIO DEP,125.700
KPEZ,UNIC,CTAF/UNICOM,122.700
KPGA,ASOS,ASOS,120.625
KPGA,CNTR,DENVER CNTR,127.550
KPGA,RDO,PRESCOTT RDO,122.450
KPGA,UNIC,CTAF/UNICOM,122.800
KPGD,A/D,FORT MYERS APP/DEP,126.800
KPGD,ASOS,ASOS,135.675
KPGD,CLD,CLNC DEL,127.050
KPGD,RDO,ST PETERSBURG RDO,122.025
KPGD,UNIC,CTAF/UNICOM,122.975
KPGR,CNTR,MEMPHIS CNTR,120.075
KPGR,UNIC,CTAF/UNICOM,122.800
KPGV,AWOS,AWOS 3,128.425
KPGV,CLD,CLNC DEL,122.350
KPGV,CNTR,WASHINGTON CNTR,135.500
KPGV,UNIC,CTAF/UNICOM,122.800
KPHD,A/D,AKRON CANTON APP/DEP,125.500
KPHD,ASOS,ASOS,121.425
KPHD,RDO,CLEVELAND RDO,112.400
KPHD,UNIC,CTAF/UNICOM,122.800
KPHF,APP,NORFOLK APP,125.700
KPHF,ATIS,ATIS,128.650
KPHF,CLD,CLNC DEL,121.650
KPHF,CTAF,CTAF,118.700
KPHF,DEP,NORFOLK DEP,124.900
KPHF,GND,GND,121.900
KPHF,RDO,LEESBURG RDO,122.650
KPHF,TWR,TWR,124.900
KPHF,UNIC,UNICOM,122.950
KPHG,AWOS,AWOS 3,119.125
KPHG,CNTR,DENVER CNTR,132.500
KPHG,UNIC,CTAF/UNICOM,122.800
KPHH,A/D,MYRTLE BEACH APP/DEP,127.400
KPHH,CTAF,CTAF,122.900
KPHK,A/D,APP/DEP,124.600
KPHK,RDO,MIAMI RDO,122.350
KPHK,UNIC,CTAF/UNICOM,122.800
KPHL,APP,APP,123.800
KPHL,ARR,PRM,120.425
KPHL,ATIS,ATIS,133.400
KPHL,CLD,CLNC DEL,118.850
KPHL,DEP,DEP,119.750
KPHL,GND,GND,121.900
KPHL,TWR,TWR,118.500
KPHL,UNIC,UNICOM,122.950
KPHN,A/D,SELFRIDGE APP/DEP,119.600
KPHN,AWOS,AWOS 3,118.375
KPHN,UNIC,CTAF/UNICOM,123.050
KPHP,ASOS,ASOS,118.375
KPHP,CNTR,DENVER CNTR,127.950
KPHP,RDO,HURON RDO,122.400
KPHP,UNIC,CTAF/UNICOM,122.800
KPHT,AWOS,AWOS 3,118.825
KPHT,CNTR,MEMPHIS CNTR,134.650
KPHT,UNIC,CTAF/UNICOM,123.000
KPHX,A/D,,119.200
KPHX,A/D,,120.700
KPHX,A/D,,123.700
KPHX,A/D,,124.100
KPHX,A/D,,124.900
KPHX,A/D,,126.800
KPHX,A/D,,128.650
KPHX,ATIS,ATIS,127.575
KPHX,CLD,CLNC DEL,118.100
KPHX,GND,NORTH,119.750
KPHX,GND,SOUTH,132.550
KPHX,POST,ANG COMD POST,140.000
KPHX,RDO,PRESCOTT RDO,122.200
KPHX,TWR,RWAY 08-26,118.700
KPHX,TWR,RWAY 07-25,120.900
KPHX,UNIC,UNICOM,122.950
KPIA,A/D,PEORIA APP/DEP,124.675
KPIA,ASOS,ASOS,126.100
KPIA,ATIS,ATIS,126.100
KPIA,GND,GND,121.850
KPIA,OPS,ARNG OPS,32.300
KPIA,POST,ANG OPS,141.550
KPIA,RDO,KANKAKEE RDO,122.350
KPIA,TWR,PEORIA TWR,119.100
KPIA,UNIC,UNICOM,122.950
KPIB,AWOS,AWOS 3,128.325
KPIB,CNTR,HOUSTON CNTR,126.800
KPIB,UNIC,CTAF/UNICOM,123.000
KPIE,A/D,TAMPA APP/DEP,125.300
KPIE,ATIS,ATIS,134.500
KPIE,CLD,CLNC DEL,120.600
KPIE,CTAF,CTAF,118.300
KPIE,GND,GND,121.900
KPIE,MISC,AIR CG,38.180
KPIE,RDO,RDO,122.100
KPIE,RDO,RDO,122.200
KPIE,TWR,TWR,118.300
KPIE,UNIC,UNICOM,122.950
KPIH,ASOS,ASOS,135.625
KPIH,CLD,CLNC DEL,126.550
KPIH,CNTR,SALT LAKE CITY CNTR,128.350
KPIH,CTAF,CTAF,119.100
KPIH,FSS,BOISE RDO,122.350
KPIH,GND,GND,121.900
KPIH,RCO,BOISE RDO,122.350
KPIH,TWR,TWR,119.100
KPIH,UNIC,UNICOM,122.950
KPIL,A/D,VALLEY APP/DEP,119.500
KPIL,ASOS,ASOS,118.525
KPIL,CLD,CLNC DEL,119.200
KPIL,UNIC,CTAF/UNICOM,122.800
KPIM,A/D,ATLANTA APP/DEP,125.500
KPIM,CLD,CLNC DEL,120.450
KPIM,UNIC,CTAF/UNICOM,122.800
KPIR,ASOS,ASOS,119.025
KPIR,CNTR,MINNEAPOLIS CNTR,125.100
KPIR,CTAF,CTAF,122.700
KPIR,RDO,HURON RDO,122.200
KPIR,UNIC,UNICOM,122.950
KPIT,APP,APP,120.875
KPIT,APP,APP,36.080
KPIT,ATIS,ATIS,127.250
KPIT,CLD,CLNC DEL,126.750
KPIT,DEP,DEP,118.650
KPIT,GND,GND,121.900
KPIT,OPS,ANG OPS,31.100
KPIT,POST,PITT COMD POST,25.210
KPIT,RDO,ALTOONA RDO,112.000
KPIT,RMP,RAMP CON,131.375
KPIT,TWR,TWR,119.100
KPIT,UNIC,UNICOM,122.950
KPJC,A/D,PITTSBURGH APP/DEP,124.750
KPJC,CTAF,CTAF,122.900
KPJY,CNTR,KANSAS CITY CNTR,125.300
KPJY,UNIC,CTAF/UNICOM,122.800
KPKB,ATIS,ATIS,124.350
KPKB,CNTR,INDIANAPOLIS CNTR,125.550
KPKB,CTAF,CTAF,123.700
KPKB,GND,GND,121.700
KPKB,TWR,PARKERSBURG TWR,123.700
KPKB,UNIC,UNICOM,122.950
KPKD,ASOS,ASOS,110.600
KPKD,RDO,PRINCETON RDO,110.600
KPKD,UNIC,CTAF/UNICOM,123.000
KPKF,A/D,MINNEAPOLIS APP/DEP,133.650
KPKF,UNIC,CTAF/UNICOM,122.900
KPKV,AWOS,AWOS 3,118.275
KPKV,CNTR,HOUSTON CNTR,128.150
KPKV,UNIC,CTAF/UNICOM,122.800
KPLD,A/D,FORT WAYNE APP/DEP,127.200
KPLD,AWOS,AWOS 3,126.675
KPLD,UNIC,CTAF/UNICOM,122.800
KPLK,A/D,SPRINGFIELD APP/DEP,126.350
KPLK,RDO,COLUMBIA RDO,122.650
KPLK,UNIC,CTAF/UNICOM,122.700
KPLN,ASOS,ASOS,119.025
KPLN,CNTR,MINNEAPOLIS CNTR,134.600
KPLN,RDO,LANSING RDO,122.200
KPLN,UNIC,CTAF/UNICOM,123.000
KPLR,A/D,BIRMINGHAM APP/DEP,123.800
KPLR,UNIC,CTAF/UNICOM,123.050
KPMB,CNTR,MINNEAPOLIS CNTR,132.150
KPMB,UNIC,CTAF/UNICOM,122.800
KPMD,A/D,JOSHUA APP/DEP,124.550
KPMD,ASOS,ASOS,118.275
KPMD,CTAF,CTAF,123.700
KPMD,GND,GND,121.900
KPMD,TWR,TWR,123.700
KPMH,A/D,HUNTINGTON APP/DEP,128.400
KPMH,AWOS,AWOS 3,125.175
KPMH,UNIC,CTAF/UNICOM,122.800
KPMP,A/D,MIAMI APP/DEP,119.700
KPMP,ATIS,ATIS,120.550
KPMP,CTAF,CTAF,125.400
KPMP,GND,GND,121.900
KPMP,TWR,TWR,125.400
KPMP,UNIC,UNICOM,122.950
KPMU,CNTR,MEMPHIS CNTR,128.500
KPMU,UNIC,CTAF/UNICOM,122.800
KPMV,A/D,OMAHA APP/DEP,120.100
KPMV,UNIC,CTAF/UNICOM,122.700
KPMZ,A/D,WASHINGTON APP/DEP,135.500
KPMZ,UNIC,CTAF/UNICOM,122.800
KPNA,AWOS,AWOS 3,118.325
KPNA,CNTR,SALT LAKE CITY CNTR,128.350
KPNA,UNIC,CTAF/UNICOM,122.800
KPNC,ASOS,ASOS,134.075
KPNC,CNTR,KANSAS CITY CNTR,127.800
KPNC,RDO,MC ALESTER RDO,122.250
KPNC,UNIC,CTAF/UNICOM,123.000
KPNE,A/D,PHILADELPHIA APP/DEP,123.800
KPNE,ATIS,ATIS,121.150
KPNE,CLD,CLNC DEL,127.250
KPNE,CTAF,CTAF,126.900
KPNE,GND,GND,121.700
KPNE,RDO,WILLIAMSPORT RDO,122.200
KPNE,TWR,TWR,126.900
KPNE,UNIC,UNICOM,122.950
KPNM,AWOS,AWOS 3,119.025
KPNM,CNTR,MINNEAPOLIS CNTR,121.050
KPNM,RDO,RDO,122.200
KPNM,UNIC,CTAF/UNICOM,123.000
KPNN,CNTR,BOSTON CNTR,124.250
KPNN,RDO,BANGOR RDO,114.300
KPNN,UNIC,CTAF/UNICOM,122.800
KPNS,A/D,APP/DEP,118.600
KPNS,ATIS,ATIS,121.250
KPNS,CLD,CLNC DEL,123.725
KPNS,CTAF,CTAF,119.900
KPNS,GND,GND,121.900
KPNS,RDO,GAINESVILLE RDO,122.200
KPNS,TWR,TWR,119.900
KPNS,UNIC,UNICOM,122.950
KPNT,AWOS,AWOS 3,119.675
KPNT,CNTR,CHICAGO CNTR,124.550
KPNT,UNIC,CTAF/UNICOM,122.800
KPOB,A/D,FAYETTEVILLE APP/DEP,125.175
KPOB,ACP,COMD POST,134.100
KPOB,ATIS,ATIS,132.300
KPOB,CLD,CLNC DEL,27.580
KPOB,GND,GND,124.550
KPOB,PMSV,PMSV METRO,34.460
KPOB,PTD,PTD,37.220
KPOB,TWR,TWR,135.025
KPOC,A/D,SOCAL APP/DEP,125.500
KPOC,ATIS,ATIS,124.400
KPOC,CTAF,CTAF,118.200
KPOC,GND,GND,125.000
KPOC,TWR,TWR,118.200
KPOC,UNIC,UNICOM,122.950
KPOE,A/D,APP/DEP,123.700
KPOE,ATIS,ATIS,134.850
KPOE,FCC,FLT FOLLOWING,123.700
KPOE,GND,GND,121.800
KPOE,INFO,RANGE CON,40.950
KPOE,MISC,MEDEVAC OPS,42.500
KPOE,OPS,POE OPS,36.050
KPOE,PMSV,PMSV METRO,135.000
KPOE,TWR,TWR,41.500
KPOF,ASOS,ASOS,124.225
KPOF,CNTR,MEMPHIS CNTR,120.075
KPOF,UNIC,CTAF/UNICOM,123.000
KPOH,CNTR,MINNEAPOLIS CNTR,134.000
KPOH,UNIC,CTAF/UNICOM,122.800
KPOU,ASOS,ASOS,126.750
KPOU,ATIS,ATIS,126.750
KPOU,CLD,CLNC DEL,121.800
KPOU,CNTR,NEW YORK CNTR,132.750
KPOU,CTAF,CTAF,124.000
KPOU,GND,GND,121.800
KPOU,RDO,NEW YORK RDO,122.200
KPOU,TWR,TWR,124.000
KPOU,UNIC,UNICOM,122.950
KPOV,A/D,AKRON CANTON APP/DEP,118.600
KPOV,CLD,CLNC DEL,125.650
KPOV,UNIC,CTAF/UNICOM,123.050
KPOY,AWOS,AWOS 3,119.275
KPOY,RDO,CASPER RDO,122.300
KPOY,UNIC,CTAF/UNICOM,122.700
KPPA,AWOS,AWOS 3,118.725
KPPA,CNTR,ALBUQUERQUE CNTR,127.850
KPPA,UNIC,CTAF/UNICOM,122.700
KPPF,ASOS,ASOS,118.175
KPPF,CNTR,KANSAS CITY CNTR,132.900
KPPF,RDO,WICHITA RDO,122.350
KPPF,UNIC,CTAF/UNICOM,123.000
KPPO,A/D,SOUTH BEND APP/DEP,132.050
KPPO,AWOS,AWOS 3,119.825
KPPO,CTR,CHICAGO CTR,135.900
KPPO,RDO,TERRE HAUTE RDO,115.600
KPPO,UNIC,CTAF/UNICOM,123.000
KPPQ,CNTR,KANSAS CITY CNTR,135.525
KPPQ,UNIC,CTAF/UNICOM,122.800
KPQI,AWOS,AWOS 3,118.025
KPQI,CLD,BOSTON CLNC DEL,121.600
KPQI,CNTR,BOSTON CNTR,124.750
KPQI,UNIC,CTAF/UNICOM,122.800
KPQL,A/D,MOBILE APP/DEP,121.000
KPQL,ATIS,ATIS,135.175
KPQL,CLD,CLD,121.725
KPQL,CTAF,CTAF,118.575
KPQL,GND,GND,121.725
KPQL,TWR,TWR,118.575
KPQL,UNIC,UNICOM,122.800
KPQN,APP,MINNEAPOLIS CNTR,132.050
KPQN,AWOS,AWOS 3,118.375
KPQN,UNIC,CTAF/UNICOM,122.800
KPRB,ASOS,ASOS,132.175
KPRB,CNTR,OAKLAND CNTR,128.700
KPRB,RDO,HAWTHORNE RDO,122.400
KPRB,UNIC,CTAF/UNICOM,123.000
KPRC,ATIS,ATIS,127.200
KPRC,CNTR,ALBUQUERQUE CNTR,128.450
KPRC,CTAF,CTAF,125.300
KPRC,GND,GND,121.700
KPRC,RDO,PRESCOTT RDO,122.200
KPRC,TWR,PRESCOTT TWR,125.300
KPRC,UNIC,UNICOM,122.950
KPRG,A/D,HULMAN APP/DEP,125.450
KPRG,AWOS,AWOS 3,124.175
KPRG,UNIC,CTAF/UNICOM,123.000
KPRN,ASOS,ASOS,120.000
KPRN,CNTR,ATLANTA CNTR,120.550
KPRN,UNIC,CTAF/UNICOM,122.800
KPRO,A/D,DES MOINES APP/DEP,135.200
KPRO,UNIC,CTAF/UNICOM,122.800
KPRS,CTAF,CTAF,122.900
KPRX,AWOS,AWOS 3,119.675
KPRX,CNTR,FORT WORTH CNTR,123.925
KPRX,RDO,FORT WORTH RDO,122.250
KPRX,UNIC,CTAF/UNICOM,122.975
KPRZ,APP,CANNON APP,125.500
KPRZ,AWOS,AWOS 3,118.175
KPRZ,CLD,CANNON CLNC DEL,119.000
KPRZ,DEP,CANNON DEP,125.500
KPRZ,UNIC,CTAF/UNICOM,122.800
KPSB,AWOS,AWOS 3,127.525
KPSB,CNTR,NEW YORK CNTR,134.800
KPSB,CTAF,CTAF,122.900
KPSB,RDO,ALTOONA RDO,122.500
KPSC,A/D,CHINOOK APP/DEP,128.750
KPSC,ATIS,ATIS,125.650
KPSC,CLD,CLNC DEL,120.000
KPSC,CTAF,CTAF,135.300
KPSC,GND,GND,121.800
KPSC,RDO,SEATTLE RDO,122.400
KPSC,TWR,TWR,135.300
KPSC,UNIC,UNICOM,122.950
KPSF,A/D,ALBANY APP/DEP,125.000
KPSF,ASOS,ASOS,135.375
KPSF,CLD,ALBANY CLNC DEL,128.600
KPSF,RDO,BURLINGTON RDO,122.050
KPSF,UNIC,CTAF/UNICOM,122.700
KPSK,A/D,ROANOKE APP/DEP,126.000
KPSK,AWOS,AWOS 3,127.375
KPSK,CLD,CLNC DEL,121.700
KPSK,RDO,LEESBURG RDO,122.300
KPSK,UNIC,CTAF/UNICOM,122.700
KPSM,APP,BOSTON APP,125.050
KPSM,ATIS,ATIS,132.050
KPSM,CLD,CLNC DEL,33.580
KPSM,DEP,DEP,125.050
KPSM,GCA,GCA,127.050
KPSM,GND,GND,120.950
KPSM,MISC,ARW ANG OPS,134.100
KPSM,TWR,TWR,128.400
KPSM,UNIC,UNICOM,122.950
KPSN,A/D,FORT WORTH CNTR,135.250
KPSN,AWOS,AWOS 3,118.025
KPSN,UNIC,CTAF/UNICOM,122.700
KPSO,UNIC,CTAF/UNICOM,122.700
KPSP,A/D,APP/DEP,126.700
KPSP,ATIS,ATIS,118.250
KPSP,CLD,CLNC DEL,128.350
KPSP,CTAF,CTAF,119.700
KPSP,GND,GND,121.900
KPSP,RDO,RIVERSIDE RDO,115.500
KPSP,TWR,TWR,119.700
KPSP,UNIC,UNICOM,122.950
KPSX,ASOS,ASOS,118.025
KPSX,CNTR,HOUSTON CNTR,128.600
KPSX,RDO,MONTGOMERY CO RDO,122.250
KPSX,UNIC,CTAF/UNICOM,122.800
KPTB,APP,POTOMAC APP,134.700
KPTB,AWOS,AWOS 3,133.325
KPTB,DEP,POTOMAC DEP,134.700
KPTB,UNIC,CTAF/UNICOM,122.700
KPTD,CNTR,BOSTON CNTR,135.250
KPTD,UNIC,UNICOM,122.800
KPTK,A/D,DETROIT APP/DEP,127.500
KPTK,ATIS,ATIS,125.450
KPTK,CLD,CLNC DEL,118.250
KPTK,CTAF,CTAF,120.500
KPTK,GND,GND,121.900
KPTK,RDO,LANSING RDO,111.000
KPTK,TWR,PONTIAC TWR,120.500
KPTK,UNIC,UNICOM,122.950
KPTN,A/D,NEW ORLEANS APP/DEP,124.300
KPTN,AWOS,AWOS 3,134.575
KPTN,RDO,DE RIDDER RDO,122.500
KPTN,UNIC,CTAF/UNICOM,122.800
KPTS,AWOS,AWOS 3,118.775
KPTS,CNTR,KANSAS CITY CNTR,128.600
KPTS,RDO,WICHITA RDO,122.150
KPTS,UNIC,CTAF/UNICOM,123.000
KPTT,AWOS,AWOS 3,118.725
KPTT,UNIC,CTAF/UNICOM,122.800
KPTV,A/D,BAKERSFIELD APP/DEP,120.500
KPTV,AWOS,AWOS 3,134.625
KPTV,RDO,RANCHO RDO,109.200
KPTV,UNIC,CTAF/UNICOM,122.800
KPTW,A/D,PHILADELPHIA APP/DEP,126.850
KPTW,ASOS,ASOS,119.425
KPTW,CLD,CLNC DEL,118.550
KPTW,UNIC,CTAF/UNICOM,122.700
KPUB,A/D,APP/DEP,120.100
KPUB,ATIS,ATIS,125.250
KPUB,CTAF,CTAF,119.100
KPUB,GND,GND,121.900
KPUB,RDO,DENVER RDO,122.200
KPUB,TWR,TWR,119.100
KPUB,UNIC,UNICOM,122.950
KPUC,ASOS,ASOS,135.425
KPUC,CNTR,SALT LAKE CITY CNTR,133.900
KPUC,RDO,CEDAR CITY RDO,122.200
KPUC,UNIC,CTAF/UNICOM,122.800
KPUW,ASOS,ASOS,135.675
KPUW,CNTR,SEATTLE CNTR,123.950
KPUW,RDO,SEATTLE RDO,122.600
KPUW,UNIC,CTAF/UNICOM,122.800
KPVB,CNTR,CHICAGO CNTR,133.950
KPVB,RDO,GREEN BAY RDO,122.500
KPVB,UNIC,CTAF/UNICOM,122.700
KPVC,A/D,CAPE APP/DEP,118.200
KPVC,AWOS,AWOS 3,119.025
KPVC,CLD,OTIS CLNC DEL,120.650
KPVC,UNIC,CTAF/UNICOM,122.800
KPVD,A/D,PROVIDENCE APP/DEP,135.400
KPVD,ATIS,ATIS,124.200
KPVD,CLD,CLNC DEL,126.650
KPVD,CTAF,CTAF,120.700
KPVD,GND,PROVIDENCE GND,121.900
KPVD,RDO,BRIDGEPORT RDO,122.600
KPVD,TWR,PROVIDENCE TWR,120.700
KPVE,A/D,APP/DEP,125.850
KPVE,AWOS,AWOS 3,118.125
KPVE,CTAF,CTAF,123.000
KPVE,UNIC,UNICOM,123.000
KPVF,A/D,NORCAL APP/DEP,127.400
KPVF,RDO,RANCHO RDO,115.500
KPVF,UNIC,CTAF/UNICOM,122.800
KPVG,A/D,NORFOLK APP/DEP,118.900
KPVG,AWOS,AWOS 3PT,118.375
KPVG,CTAF/UNICOM,Hampton Roads Traffic/UNICOM,122.720
KPVJ,AWOS,AWOS 3,118.675
KPVJ,CNTR,FORT WORTH CNTR,128.100
KPVJ,UNIC,CTAF/UNICOM,122.800
KPVU,APP,SALT LAKE CITY APP,124.300
KPVU,ATIS,ATIS,135.175
KPVU,AWOS,AWOS 3,135.175
KPVU,DEP,SALT LAKE CITY DEP,118.850
KPVU,GND,GND,119.400
KPVU,TWR,TWR,125.300
KPVU,UNIC,CTAF/UNICOM,125.300
KPVW,A/D,LUBBOCK APP/DEP,119.200
KPVW,AWOS,AWOS 3,119.675
KPVW,CLD,LUBBOCK CLNC DEL,121.700
KPVW,RDO,FORT WORTH RDO,122.550
KPVW,UNIC,CTAF/UNICOM,123.000
KPWA,A/D,OKE CITY APP/DEP,120.450
KPWA,ATIS,ATIS,128.725
KPWA,CTAF,CTAF,126.900
KPWA,GND,GND,121.700
KPWA,RDO,MC ALESTER RDO,122.400
KPWA,TWR,TWR,126.900
KPWA,UNIC,UNICOM,122.950
KPWC,AWOS,AWOS 3,118.525
KPWC,CNTR,MINNEAPOLIS  CNTR,118.050
KPWC,CTAF,CTAF,122.900
KPWD,UNIC,CTAF/UNICOM,122.800
KPWG,APP,WACO APP,135.200
KPWG,AWOS,AWOS 3,135.525
KPWG,DEP,WACO DEP,126.125
KPWG,UNIC,CTAF/UNICOM,122.800
KPWK,A/D,CHICAGO APP/DEP,120.550
KPWK,ATIS,ATIS,124.200
KPWK,CLD,CLNC DEL,124.700
KPWK,CTAF,CTAF,119.900
KPWK,GND,GND,121.700
KPWK,TWR,TWR,119.900
KPWK,UNIC,UNICOM,122.950
KPWM,A/D,APP/DEP,119.750
KPWM,ATIS,ATIS,119.050
KPWM,CLD,CLNC DEL,121.900
KPWM,CTAF,CTAF,120.900
KPWM,GND,GND,121.900
KPWM,TWR,TWR,120.900
KPWM,UNIC,UNICOM,122.950
KPWT,A/D,SEATTLE APP/DEP,127.100
KPWT,AWOS,AWOS 3,121.200
KPWT,UNIC,CTAF/UNICOM,123.050
KPXE,A/D,ATLANTA APP/DEP,119.600
KPXE,AWOS,AWOS 3,123.825
KPXE,UNIC,CTAF/UNICOM,122.700
KPYG,A/D,CHARLOTTE APP/DEP,120.050
KPYG,CTAF,CTAF,122.900
KPYM,A/D,CAPE APP/DEP,118.200
KPYM,ASOS,ASOS,135.625
KPYM,CLD,CLNC DEL,127.750
KPYM,UNIC,CTAF/UNICOM,123.000
KPYN,AWOS,AWOS 3,118.475
KPYN,UNIC,CTAF/UNICOM,122.800
KPYX,AWOS,AWOS 3,118.175
KPYX,CNTR,KANSAS CITY CNTR,126.950
KPYX,UNIC,CTAF/UNICOM,122.800
KPZQ,A/D,ALPENA APP/DEP,128.425
KPZQ,CTAF,CTAF,122.900
KPZQ,RDO,LANSING RDO,108.800
KRAC,A/D,MILWAUKEE APP/DEP,120.150
KRAC,AWOS,ASOS,117.700
KRAC,CLD,CLNC DEL,120.150
KRAC,UNIC,CTAF/UNICOM,123.075
KRAL,A/D,SOCAL APP/DEP,135.400
KRAL,ATIS,ATIS,128.800
KRAL,CTAF,CTAF,121.000
KRAL,GND,GND,121.700
KRAL,RDO,RDO,122.050
KRAL,RDO,RDO,25.540
KRAL,TWR,TWR,121.000
KRAL,UNIC,UNICOM,122.950
KRAP,APP,ELLSWORTH APP,119.500
KRAP,ASOS,ASOS,118.525
KRAP,CTAF,CTAF,125.850
KRAP,DEP,ELLSWORTH DEP,119.500
KRAP,GND,GND,121.900
KRAP,OPS,ARNG OPS,41.500
KRAP,RDO,HURON RDO,122.650
KRAP,TWR,TWR,125.850
KRAP,UNIC,UNICOM,122.950
KRAS,A/D,CORPUS APP/DEP,120.900
KRAS,CTAF,CTAF,122.900
KRAW,AWOS,AWOS 3,118.325
KRAW,CTAF,CTAF,122.900
KRBD,A/D,RGNL APP/DEP,125.200
KRBD,ATIS,ATIS,126.350
KRBD,CLD,CLNC DEL,118.625
KRBD,CTAF,CTAF,120.300
KRBD,GND,GND,121.700
KRBD,TWR,EXECUTIVE TWR,120.300
KRBD,UNIC,UNICOM,122.950
KRBE,CTAF,CTAF,122.900
KRBE,FSS,COLUMBUS RDO,122.400
KRBG,ASOS,ASOS,135.475
KRBG,CNTR,SEATTLE CNTR,121.400
KRBG,RDO,MC MINNVILLE RDO,122.550
KRBG,UNIC,CTAF/UNICOM,122.800
KRBL,ASOS,ASOS,120.775
KRBL,CNTR,OAKLAND CNTR,132.200
KRBL,RDO,RANCHO RDO,122.400
KRBL,UNIC,CTAF/UNICOM,123.000
KRBM,A/D,LITTLE ROCK APP/DEP,119.500
KRBM,CTAF,CTAF,126.200
KRBM,OPS,OPS,41.500
KRBO,APP,KINGSVILLE APP,119.900
KRBO,AWOS,AWOS 3,118.175
KRBO,CTAF,CTAF,122.900
KRBO,DEP,CORPUS DEP,120.900
KRBW,A/D,CHARLESTON APP/DEP,120.700
KRBW,AWOS,AWOS 3,118.725
KRBW,UNIC,CTAF/UNICOM,122.800
KRCA,A/D,APP/DEP,119.500
KRCA,ATIS,ATIS,120.625
KRCA,GND,GND,121.800
KRCA,PMSV,PMSV METRO,37.577
KRCA,POST,COMD POST,32.100
KRCA,PTD,PTD,37.220
KRCA,TWR,TWR,126.050
KRCK,CTAF,CTAF,122.900
KRCM,APP,WHITEMAN APP,127.450
KRCM,DEP,WHITEMAN DEP,125.925
KRCM,UNIC,CTAF/UNICOM,123.000
KRCR,A/D,SOUTH BEND APP/DEP,132.050
KRCR,AWOS,AWOS 3,118.775
KRCR,UNIC,CTAF/UNICOM,122.700
KRCT,UNIC,CTAF/UNICOM,122.900
KRCX,AWOS,AWOS 3,118.125
KRCX,RDO,GREEN BAY RDO,122.300
KRCZ,A/D,FAYETTEVILLE APP/DEP,127.800
KRCZ,AWOS,AWOS 3,118.775
KRCZ,UNIC,CTAF/UNICOM,122.800
KRDD,ATIS,ATIS,124.100
KRDD,CNTR,OAKLAND CNTR,132.200
KRDD,CTAF,CTAF,119.800
KRDD,GND,GND,121.700
KRDD,RDO,RANCHO RDO,108.400
KRDD,TWR,TWR,119.800
KRDD,UNIC,UNICOM,122.950
KRDG,A/D,APP/DEP,125.150
KRDG,ATIS,ATIS,127.100
KRDG,CTAF,CTAF,119.900
KRDG,GND,GND,121.900
KRDG,TWR,TWR,119.900
KRDG,UNIC,UNICOM,122.950
KRDK,A/D,OMAHA APP/DEP,124.500
KRDK,AWOS,AWOS 3,119.775
KRDK,UNIC,CTAF/UNICOM,122.800
KRDM,ASOS,ASOS,119.025
KRDM,CNTR,SEATTLE CNTR,128.150
KRDM,CTAF,CTAF,124.500
KRDM,GND,GND,121.800
KRDM,RDO,MC MINNVILLE RDO,122.500
KRDM,TWR,REDMOND TWR,124.500
KRDM,UNIC,UNICOM,122.950
KRDR,A/D,APP/DEP,118.100
KRDR,ATIS,ATIS,27.345
KRDR,CLD,CLNC DEL,119.150
KRDR,GND,GND,119.150
KRDR,PMSV,PMSV METRO,34.350
KRDR,POST,COMD POST,31.100
KRDR,PTD,PTD,37.220
KRDR,RDO,RDO,122.200
KRDR,TWR,RED RIVER TWR,124.900
KRDU,APP,APP,124.800
KRDU,ATIS,ATIS,123.800
KRDU,CLD,CLNC DEL,120.100
KRDU,DEP,DEP,125.300
KRDU,GND,GND,121.700
KRDU,OPS,ARNG OPS,49.150
KRDU,RDO,RDO,122.200
KRDU,TWR,TWR,119.300
KRDU,UNIC,UNICOM,122.950
KRED,CTAF,CTAF,122.900
KREI,A/D,SOCAL APP/DEP,127.250
KREI,UNIC,CTAF/UNICOM,123.050
KREO,CTAF,CTAF,122.900
KRFD,A/D,ROCKFORD APP/DEP,121.000
KRFD,ATIS,ATIS,126.700
KRFD,CLD,CLNC DEL,119.250
KRFD,GND,GND,121.900
KRFD,RDO,KANKAKEE RDO,122.650
KRFD,TWR,ROCKFORD TWR,118.300
KRFD,UNIC,UNICOM,122.950
KRFG,UNIC,CTAF/UNICOM,122.800
KRFI,A/D,LONGVIEW APP/DEP,118.250
KRFI,UNIC,CTAF/UNICOM,122.800
KRGK,AWOS,AWOS 3,119.250
KRGK,CNTR,MINNEAPOLIS CNTR,121.200
KRGK,RDO,GREEN BAY RDO,122.600
KRGK,UNIC,CTAF/UNICOM,123.050
KRHI,ASOS,ASOS,126.825
KRHI,CNTR,MINNEAPOLIS CNTR,133.650
KRHI,RDO,GREEN BAY RDO,109.200
KRHI,UNIC,CTAF/UNICOM,123.000
KRHP,AWOS,AWOS 3,119.675
KRHP,CNTR,ATLANTA CNTR,134.800
KRHP,UNIC,CTAF/UNICOM,122.800
KRHV,APP,NORCAL APP,120.100
KRHV,ATIS,ATIS,125.200
KRHV,CTAF,CTAF,119.800
KRHV,DEP,NORCAL DEP,121.300
KRHV,GND,GND,121.650
KRHV,TWR,TWR,119.800
KRHV,UNIC,UNICOM,122.950
KRIC,A/D,POTOMAC APP/DEP,118.200
KRIC,ATIS,ATIS,119.150
KRIC,CLD,CLNC DEL,127.550
KRIC,GND,GND,121.900
KRIC,OPS,ANG OPS,142.175
KRIC,OPS,ARNG OPS,40.200
KRIC,RDO,LEESBURG RDO,122.200
KRIC,TWR,TWR,121.100
KRIC,UNIC,UNICOM,122.950
KRID,A/D,DAYTON APP/DEP,134.450
KRID,AWOS,AWOS 3,121.225
KRID,CLD,DAYTON CLNC DEL,133.550
KRID,RDO,TERRE HAUTE RDO,110.600
KRID,UNIC,CTAF/UNICOM,122.700
KRIF,AWOS,AWOS 3,133.375
KRIF,CNTR,SALT LAKE CNTR,133.600
KRIF,RCO,CEDAR CITY RDO,122.500
KRIF,UNIC,CTAF/UNICOM,122.800
KRIL,ASOS,ASOS,135.275
KRIL,CNTR,DENVER CNTR,134.500
KRIL,UNIC,CTAF/UNICOM,122.800
KRIR,UNIC,CTAF/UNICOM,122.800
KRIU,FSS,RANCHO RDO,122.200
KRIU,UNIC,CTAF/UNICOM,122.800
KRIV,A/D,APP/DEP,119.250
KRIV,ATIS,ATIS,134.750
KRIV,GCCD,GND/CLNC DEL,121.750
KRIV,OPS,ANG OPS,29.370
KRIV,PMSV,PMSV METRO,23.980
KRIV,POST,COMD POST,31.100
KRIV,PTD,PTD,37.220
KRIV,RDO,RIVERSIDE RDO,113.400
KRIV,TWR,TWR,127.650
KRIW,ASOS,ASOS,121.425
KRIW,RDO,CASPER RDO,122.200
KRIW,UNIC,CTAF/UNICOM,122.800
KRJD,A/D,POTOMAC APP/DEP,132.425
KRJD,AWOS,AWOS 3,120.225
KRJD,UNIC,CTAF/UNICOM,122.800
KRKD,A/D,BRUNSWICK APP/DEP,123.800
KRKD,AWOS,AWOS 3,119.025
KRKD,UNIC,CTAF/UNICOM,123.050
KRKP,A/D,CORPUS APP/DEP,120.900
KRKP,ASOS,ASOS,119.275
KRKP,CLD,CLNC DEL,121.700
KRKP,UNIC,CTAF/UNICOM,123.050
KRKR,A/D,RAZORBACK APP/DEP,120.900
KRKR,AWOS,AWOS 3,120.625
KRKR,RDO,MC ALESTER RDO,122.600
KRKR,UNIC,CTAF/UNICOM,122.800
KRKS,ASOS,ASOS,118.375
KRKS,RDO,CASPER RDO,122.600
KRKS,UNIC,CTAF/UNICOM,122.800
KRKW,AWOS,AWOS 3,118.775
KRKW,CNTR,ATLANTA CNTR,133.600
KRKW,UNIC,UNICOM,122.800
KRLD,A/D,CHINOOK APP/DEP,128.750
KRLD,AWOS,AWOS 3,132.625
KRLD,CLD,CLNC DEL,122.400
KRLD,UNIC,CTAF/UNICOM,122.700
KRME,A/D,APP/DEP,120.925
KRME,CTAF,CTAF,125.600
KRME,UNIC,UNICOM,122.700
KRMG,ASOS,ASOS,119.925
KRMG,CNTR,ATLANTA CNTR,133.800
KRMG,UNIC,CTAF/UNICOM,123.000
KRMN,A/D,POTOMAC APP/DEP,124.650
KRMN,APP,QUANTICO ARRIVAL,127.050
KRMN,AWOS,AWOS 3,126.325
KRMN,MISC,GCO,135.075
KRMN,UNIC,CTAF/UNICOM,122.725
KRMY,A/D,KALAMAZOO APP/DEP,119.200
KRMY,AWOS,AWOS 3,120.025
KRMY,RDO,LANSING RDO,122.200
KRMY,UNIC,CTAF/UNICOM,122.800
KRNC,AWOS,AWOS 3,135.525
KRNC,CNTR,MEMPHIS CNTR,126.750
KRNC,UNIC,CTAF/UNICOM,122.800
KRND,APP,SAN ANTONIO APP,124.450
KRND,APP,SAN ANTONIO APP,39.210
KRND,ATIS,ATIS,27.180
KRND,CLD,CLNC DEL,33.835
KRND,DEP,SAN ANTONIO DEP,127.100
KRND,GND,GND,119.750
KRND,INFO,HANGOVER TWR,120.500
KRND,MISC,HANGOVER GND,124.750
KRND,PMSV,PMSV METRO,23.980
KRND,PTD,PTD,37.220
KRND,TWR,TWR,128.250
KRNH,A/D,MINNEAPOLIS APP/DEP,121.200
KRNH,ASOS,AWOS 3,120.000
KRNH,UNIC,CTAF/UNICOM,122.975
KRNM,APP,SOCAL APP,132.200
KRNM,ASOS,ASOS,132.025
KRNM,ATIS,ATIS,132.025
KRNM,DEP,SOCAL DEP,127.300
KRNM,GND,GND,121.650
KRNM,TWR,TWR,119.875
KRNM,UNIC,CTAF/UNICOM,122.950
KRNO,A/D,APP/DEP,119.200
KRNO,ATIS,ATIS,135.800
KRNO,CLD,CLNC DEL,124.900
KRNO,GND,GND,121.900
KRNO,OPS,ANG OPS,38.885
KRNO,POST,ANG COMD POST,434.100
KRNO,RDO,RDO,122.200
KRNO,TWR,TWR,118.700
KRNO,UNIC,UNICOM,122.950
KRNP,A/D,FLINT APP/DEP,118.800
KRNP,AWOS,AWOS 3,118.025
KRNP,RDO,LANSING RDO,122.300
KRNP,UNIC,CTAF/UNICOM,123.000
KRNT,A/D,SEATTLE APP/DEP,119.200
KRNT,ATIS,ATIS,126.950
KRNT,CTAF,CTAF,124.700
KRNT,GND,GND,121.600
KRNT,TWR,TWR,124.700
KRNT,UNIC,UNICOM,122.850
KRNV,AWOS,AWOS 3,124.175
KRNV,CNTR,MEMPHIS CNTR,135.875
KRNV,UNIC,CTAF/UNICOM,122.725
KROA,A/D,APP/DEP,118.150
KROA,ATIS,ATIS,134.950
KROA,CLD,CLNC DEL,119.700
KROA,GND,GND,121.900
KROA,RDO,LEESBURG RDO,122.200
KROA,TWR,TWR,118.300
KROA,UNIC,UNICOM,122.950
KROC,A/D,APP/DEP,119.550
KROC,ATIS,ATIS,124.825
KROC,CLD,CLNC DEL,118.300
KROC,EMERG,Rochester Emergency,121.500
KROC,GND,GND,121.700
KROC,OPS,ARNG OPS,41.000
KROC,RDO,BUFFALO RDO,122.600
KROC,TWR,TWR,118.300
KROC,UNIC,UNICOM,122.950
KROG,A/D,RAZORBACK APP/DEP,128.150
KROG,AWOS,AWOS 3,134.375
KROG,CLD,CLNC DEL,121.750
KROG,TWR,RAZORBACK TWR,118.000
KROG,UNIC,CTAF/UNICOM,119.375
KROS,AWOS,AWOS 3,28.200
KROS,CNTR,MINNEAPOLIS CNTR,121.050
KROS,CTAF,CTAF,122.900
KROW,A/D,APP/DEP,119.600
KROW,ATIS,ATIS,128.450
KROW,CLD,CLNC DEL,132.875
KROW,CTAF,CTAF,118.500
KROW,GND,GND,121.900
KROW,RDO,ALBUQUERQUE RDO,122.450
KROW,TWR,TWR,118.500
KROW,UNIC,UNICOM,122.950
KROX,AWOS,AWOS 3,108.800
KROX,CNTR,MINNEAPOLIS CNTR,134.750
KROX,RDO,PRINCETON RDO,122.250
KROX,UNIC,CTAF/UNICOM,122.800
KRPB,RDO,WICHITA RDO,109.800
KRPB,UNIC,CTAF/UNICOM,122.800
KRPD,AWOS,AWOS 3,120.525
KRPD,CNTR,MINNEAPOLIS CNTR,125.300
KRPD,RDO,GREEN BAY RDO,122.300
KRPD,UNIC,CTAF/UNICOM,122.700
KRPH,AWOS,AWOS 3,118.025
KRPH,CNTR,FORT WORTH CNTR,127.000
KRPH,RDO,FORT WORTH RDO,122.400
KRPH,UNIC,CTAF/UNICOM,122.975
KRPJ,A/D,ROCKFORD APP/DEP,126.000
KRPJ,AWOS,AWOS 3,119.675
KRPJ,FSS,KANKAKEE RDO,122.100
KRPJ,UNIC,CTAF/UNICOM,122.800
KRPX,UNIC,CTAF/UNICOM,122.800
KRQB,AWOS,AWOS 3,121.125
KRQB,CNTR,MINNEAPOLIS CNTR,120.850
KRQB,UNIC,CTAF/UNICOM,122.800
KRQE,ASOS,ASOS,118.325
KRQE,CNTR,ALBUQUERQUE CNTR,124.325
KRQE,RDO,PRESCOTT RDO,122.450
KRQE,UNIC,CTAF/UNICOM,122.800
KRRL,AWOS,AWOS 3,119.925
KRRL,CNTR,MINNEAPOLIS CNTR,124.400
KRRL,UNIC,CTAF/UNICOM,122.800
KRRQ,A/D,SIOUX FALLS APP/DEP,126.900
KRRQ,UNIC,CTAF/UNICOM,122.800
KRRT,AWOS,AWOS 3,119.925
KRRT,CNTR,MINNEAPOLIS CNTR,134.750
KRRT,RDO,PRINCETON RDO,122.550
KRRT,UNIC,CTAF/UNICOM,123.050
KRSL,ASOS,ASOS,128.325
KRSL,CNTR,KANSAS CITY CNTR,124.400
KRSL,RDO,WICHITA RDO,122.600
KRSL,UNIC,CTAF/UNICOM,122.700
KRSN,A/D,MONROE APP/DEP,126.900
KRSN,AWOS,AWOS 3,119.525
KRSN,CLD,CLNC DEL,118.800
KRSN,UNIC,UNICOM,122.700
KRST,A/D,APP/DEP,119.200
KRST,ATIS,ATIS,120.500
KRST,CTAF,CTAF,118.300
KRST,GND,GND,121.900
KRST,RDO,PRINCETON RDO,122.450
KRST,TWR,TWR,118.300
KRST,UNIC,UNICOM,122.950
KRSV,A/D,HULMAN APP/DEP,119.250
KRSV,AWOS,AWOS 3,120.500
KRSV,UNIC,CTAF/UNICOM,123.000
KRSW,A/D,FORT MYERS APP/DEP,119.750
KRSW,ATIS,ATIS,124.650
KRSW,CLD,CLNC DEL,132.075
KRSW,GND,GND,121.900
KRSW,TWR,FORT MYERS TWR,128.750
KRSW,UNIC,CTAF/UNICOM,122.950
KRTN,ASOS,ASOS,118.375
KRTN,CNTR,ALBUQUERQUE CNTR,132.800
KRTN,UNIC,CTAF/UNICOM,122.800
KRUE,A/D,MEMPHIS CNTR,128.475
KRUE,ASOS,ASOS,132.475
KRUE,UNIC,CTAF/UNICOM,122.700
KRUG,RDO,GRAND FORKS RDO,122.200
KRUG,UNIC,CTAF/UNICOM,122.800
KRUQ,A/D,CHARLOTTE APP/DEP,128.320
KRUQ,AWOS,AWOS 3,118.175
KRUQ,CLD,CLNC DEL,127.350
KRUQ,OPS,ARNG OPS,42.000
KRUQ,UNIC,CTAF/UNICOM,122.720
KRUT,AWOS,AWOS 3,118.375
KRUT,CNTR,BOSTON CNTR,135.700
KRUT,RDO,BURLINGTON RDO,122.300
KRUT,UNIC,CTAF/UNICOM,122.800
KRVJ,CNTR,JACKSONVILLE CNTR,132.300
KRVJ,CTAF,CTAF,122.900
KRVL,AWOS,AWOS 3,123.850
KRVL,CNTR,NEW YORK CNTR,134.800
KRVL,UNIC,CTAF/UNICOM,122.700
KRVN,A/D,TRI CITY APP/DEP,119.250
KRVN,UNIC,CTAF/UNICOM,122.800
KRVS,A/D,TULSA APP/DEP,119.850
KRVS,ATIS,ATIS,126.500
KRVS,CLD,CLNC DEL,124.500
KRVS,CTAF,CTAF,120.300
KRVS,GND,GND,121.700
KRVS,TWR,RIVERSIDE TWR,119.200
KRVS,UNIC,UNICOM,122.950
KRWF,ASOS,ASOS,126.575
KRWF,CNTR,MINNEAPOLIS CNTR,127.100
KRWF,RDO,PRINCETON RDO,122.400
KRWF,UNIC,CTAF/UNICOM,123.000
KRWI,ASOS,ASOS,118.875
KRWI,CLD,CLNC DEL,122.300
KRWI,CNTR,WASHINGTON CNTR,135.300
KRWI,RDO,RALEIGH RDO,122.200
KRWI,UNIC,CTAF/UNICOM,123.050
KRWL,ASOS,ASOS,118.525
KRWL,CNTR,DENVER CNTR,132.100
KRWL,RDO,CASPER RDO,122.200
KRWL,UNIC,CTAF/UNICOM,123.000
KRWN,A/D,SOUTH BEND APP/DEP,132.050
KRWN,RDO,TERRE HAUTE RDO,115.600
KRWN,UNIC,CTAF/UNICOM,122.800
KRWV,A/D,HOUSTON CNTR,120.400
KRWV,AWOS,AWOS 3,118.350
KRWV,CTAF,CTAF,122.900
KRXE,ASOS,ASOS,135.075
KRXE,CNTR,SALT LAKE CITY CNTR,128.350
KRXE,UNIC,CTAF/UNICOM,122.800
KRYM,AWOS,AWOS THREE,148.350
KRYM,CLD,CLNC DEL,126.200
KRYM,CNTR,MINNEAPOLIS CNTR,118.050
KRYM,MISC,RANGE CON,36.100
KRYM,OPS,MILLER OPS,49.650
KRYM,TWR,MILLER TWR,49.200
KRYN,A/D,TUCSON APP/DEP,128.500
KRYN,AWOS,AWOS 3,133.350
KRYN,CTAF,CTAF,125.800
KRYN,GND,GND,118.200
KRYN,TWR,TWR,125.800
KRYV,A/D,MADISON APP/DEP,119.150
KRYV,AWOS,AWOS 3,119.975
KRYV,UNIC,CTAF/UNICOM,122.800
KRYW,A/D,AUSTIN APP/DEP,119.000
KRYW,UNIC,CTAF/UNICOM,122.725
KRYY,A/D,ATLANTA  APP/DEP,121.000
KRYY,AWOS,AWOS 3,128.125
KRYY,CTAF,CTAF,125.900
KRYY,GND,GND,119.000
KRYY,TWR,MC COLLUM TWR,125.900
KRYY,UNIC,UNICOM,122.700
KRZL,CNTR,CHICAGO CNTR,132.950
KRZL,UNIC,CTAF/UNICOM,122.800
KRZN,ASOS,AWOS 3,118.325
KRZN,CNTR,MINNEAPOLIS CNTR,121.050
KRZN,RDO,GREEN BAY RDO,109.400
KRZN,UNIC,CTAF/UNICOM,122.800
KRZR,AWOS-3,,120.475
KRZR,CTAF,,122.700
KRZT,A/D,COLUMBUS APP/DEP,132.300
KRZT,AWOS,AWOS 3,119.225
KRZT,RDO,DAYTON RDO,112.500
KRZT,UNIC,CTAF/UNICOM,122.800
KSAA,AWOS,AWOS 3,118.175
KSAA,CNTR,DENVER CNTR,132.100
KSAA,UNIC,CTAF/UNICOM,122.800
KSAC,A/D,NORCAL APP/DEP,125.250
KSAC,ATIS,ATIS,125.500
KSAC,CTAF,CTAF,119.500
KSAC,GND,GND,125.000
KSAC,RDO,RANCHO RDO,122.050
KSAC,TWR,EXEC TWR,119.500
KSAC,UNIC,UNICOM,122.950
KSAD,ASOS,ASOS,124.175
KSAD,CNTR,ALBUQUERQUE CNTR,134.450
KSAD,RDO,PRESCOTT RDO,122.300
KSAD,UNIC,CTAF/UNICOM,122.800
KSAF,ATIS,ATIS,128.550
KSAF,CNTR,ALBUQUERQUE CNTR,132.800
KSAF,CTAF,CTAF,119.500
KSAF,GND,GND,121.700
KSAF,RDO,ALBUQUERQUE RDO,122.200
KSAF,TWR,TWR,119.500
KSAF,UNIC,UNICOM,122.950
KSAN,A/D,SOCAL A/D WEST,119.600
KSAN,A/D,SOCAL A/D EAST,124.350
KSAN,ATIS,ATIS,134.800
KSAN,CLD,CLNC DEL,125.900
KSAN,GND,LINDBERGH GROUND,123.900
KSAN,MISC,CG,157.150
KSAN,MISC,CG,898.400
KSAN,TWR,LINDBERGH TWR,118.300
KSAN,UNIC,UNICOM,122.950
KSAR,A/D,ST LOUIS APP/DEP,125.200
KSAR,AWOS,AWOS 3,118.375
KSAR,UNIC,CTAF/UNICOM,122.800
KSAT,A/D,APP/DEP,118.050
KSAT,ATIS,ATIS,118.900
KSAT,CLD,CLNC DEL,126.700
KSAT,GND,GND,121.900
KSAT,RDO,SAN ANGELO RDO,122.200
KSAT,TWR,TWR,119.800
KSAT,UNIC,UNICOM,122.950
KSAV,A/D,APP/DEP,118.400
KSAV,ATIS,ATIS,123.750
KSAV,CLD,CLNC DEL,119.550
KSAV,CTAF,CTAF,125.975
KSAV,GND,GND,121.900
KSAV,MISC,ANDERSON RDO,112.700
KSAV,OPS,CRTC OPS,23.700
KSAV,POST,165 AW COMD POST,22.575
KSAV,RDO,MACON RDO,123.650
KSAV,TWR,TWR,125.975
KSAV,UNIC,UNICOM,122.950
KSAW,AWOS,AWOS 3,118.375
KSAW,CNTR,MINNEAPOLIS CNTR,119.100
KSAW,CTAF,CTAF,119.975
KSAW,GND,GND,121.650
KSAW,RDO,GREEN BAY RDO,123.600
KSAW,TWR,TWR,119.975
KSAW,UNIC,UNICOM,122.700
KSAZ,AWOS,AWOS 3,118.325
KSAZ,CNTR,MINNEAPOLIS CNTR,118.050
KSAZ,CTAF,CTAF,122.900
KSBA,A/D,,120.550
KSBA,A/D,A/D SANTA BARBARA,124.150
KSBA,A/D,,125.400
KSBA,A/D,A/D SANTA BARBARA,127.725
KSBA,ATIS,ATIS,132.650
KSBA,CLD,CLNC DEL,132.900
KSBA,CTAF,CTAF,119.700
KSBA,CTR,LOS ANGELES CENTER,119.050
KSBA,GND,GND,121.700
KSBA,TWR,TWR,119.700
KSBA,UNIC,UNICOM,122.950
KSBD,A/D,SOCAL A/D N/NE,127.000
KSBD,A/D,SOCAL A/D NE/S,134.000
KSBD,A/D,SOCAL A/D S/SW,135.400
KSBD,ATIS,ATIS,124.175
KSBD,CTAF,CTAF,119.450
KSBD,GND,SAN BERNARDINO GROUND,121.800
KSBD,MISC,TANKER BASE,123.975
KSBD,TWR,SAN BERNARDINO TOWER,119.450
KSBD,UNIC,CTAF/UNICOM,122.975
KSBM,ASOS,ASOS,110.000
KSBM,CNTR,CHICAGO CNTR,127.000
KSBM,RDO,GREEN BAY RDO,110.000
KSBM,UNIC,CTAF/UNICOM,122.700
KSBN,A/D,,118.550
KSBN,A/D,,124.100
KSBN,A/D,,132.050
KSBN,ATIS,ATIS,120.675
KSBN,CLD,CLNC DEL,121.900
KSBN,CTAF,CTAF,135.675
KSBN,CTR,CHICAGO CTR,118.550
KSBN,GND,GND,121.700
KSBN,RDO,TERRE HAUTE RDO,122.600
KSBN,TWR,TWR,135.675
KSBN,UNIC,UNICOM,122.950
KSBO,AWOS,AWOS 3,133.375
KSBO,CNTR,ATLANTA CNTR,135.550
KSBO,UNIC,CTAF/UNICOM,122.975
KSBP,APP/DEP,SANTA BARBARA APP/DEP,127.725
KSBP,ATIS,ATIS,120.600
KSBP,CTAF,CTAF,124.000
KSBP,CTR,LOS ANGELES CENTER,119.050
KSBP,GND,Ground,121.600
KSBP,TWR,Tower - Primary frequency,124.000
KSBP,TWR2,Tower - Secondary frequency,379.900
KSBP,UNIC,UNICOM,122.950
KSBS,AWOS,AWOS 3,118.325
KSBS,CNTR,DENVER CNTR,120.475
KSBS,RCO,DENVER RDO,122.200
KSBS,UNIC,CTAF/UNICOM,122.800
KSBU,CNTR,MINNEAPOLIS CNTR,127.750
KSBU,UNIC,CTAF/UNICOM,122.800
KSBX,A/D,SALT LAKE CNTR,133.400
KSBX,RDO,GREAT FALLS RDO,122.200
KSBX,UNIC,CTAF/UNICOM,122.800
KSBY,A/D,PATUXENT APP/DEP,127.950
KSBY,ASOS,ASOS,118.325
KSBY,CLD,CLNC DEL,123.775
KSBY,CTAF,CTAF,119.425
KSBY,GND,GND,123.775
KSBY,RDO,LEESBURG RDO,122.200
KSBY,TWR,TWR,119.425
KSBY,UNIC,UNICOM,122.950
KSCB,A/D,OMAHA APP/DEP,120.100
KSCB,CTAF,CTAF,122.900
KSCD,A/D,BIRMINGHAM APP/DEP,123.800
KSCD,AWOS,AWOS 3,119.125
KSCD,UNIC,CTAF/UNICOM,122.800
KSCH,A/D,ALBANY APP/DEP,118.050
KSCH,AWOS,AWOS 3,119.275
KSCH,CTAF,CTAF,121.300
KSCH,OPS,ANG OPS COMD POST,140.450
KSCH,TWR,TWR,121.300
KSCH,UNIC,UNICOM,122.950
KSCK,APP,NORCAL APP,123.850
KSCK,ATIS,ATIS,118.250
KSCK,CTAF,CTAF,120.300
KSCK,DEP,NORCAL DEP,125.100
KSCK,GND,GND,121.900
KSCK,OPS,ARNG OPS,49.000
KSCK,RDO,RANCHO RDO,122.650
KSCK,TWR,TWR,120.300
KSCK,UNIC,UNICOM,122.950
KSCX,AWOS,AWOS 3,135.025
KSCX,CNTR,INDIANAPOLIS CNTR,121.325
KSCX,UNIC,CTAF/UNICOM,122.800
KSDA,A/D,OMAHA APP/DEP,124.500
KSDA,AWOS,AWOS 3,125.525
KSDA,UNIC,CTAF/UNICOM,122.800
KSDC,A/D,ROCHESTER APP/DEP,119.550
KSDC,UNIC,CTAF/UNICOM,122.800
KSDF,APP,APP,123.675
KSDF,ATIS,ATIS,118.725
KSDF,CLD,CLNC DEL,126.100
KSDF,DEP,DEP,123.675
KSDF,GND,GND,121.700
KSDF,OPS,ANG OPS,26.810
KSDF,TWR,TWR,124.200
KSDF,UNIC,UNICOM,122.950
KSDL,A/D,PHOENIX APP/DEP,120.700
KSDL,ATIS,ATIS,118.600
KSDL,CLD,CLNC DEL,124.800
KSDL,CTAF,CTAF,119.900
KSDL,GND,GND,121.600
KSDL,RDO,PRESCOTT RDO,122.200
KSDL,TWR,TWR,119.900
KSDM,A/D,SOCAL APP,124.350
KSDM,ATIS,ATIS,132.350
KSDM,CLD,CLNC DEL,124.400
KSDM,CTAF,CTAF,126.500
KSDM,DEP,SOCAL DEP,125.150
KSDM,GND,GND,124.400
KSDM,TWR,TWR,126.500
KSDM,UNIC,UNICOM,122.950
KSDY,AWOS,AWOS 3,119.275
KSDY,RDO,GREAT FALLS RDO,123.650
KSDY,UNIC,CTAF/UNICOM,122.800
KSEA,A/D,APP/DEP,119.200
KSEA,CLD,CLNC DEL,128.000
KSEA,CTAF,Oshosh traffic,118.500
KSEA,D-ATIS,Digital ATIS,118.000
KSEA,GND,Seattle Ground,121.700
KSEA,TWR,Seattle Tower,119.900
KSEA,UNIC,UNICOM,122.950
KSEE,A/D,SOCAL APP/DEP,124.350
KSEE,ATIS,ATIS,125.450
KSEE,AWOS,AWOS 3,125.450
KSEE,CLD,CLNC DEL,125.100
KSEE,CTAF,CTAF,120.700
KSEE,GND,GND,121.700
KSEE,TWR,TWR,120.700
KSEE,UNIC,UNICOM,123.050
KSEF,AWOS,AWOS 3,119.475
KSEF,CNTR,MIAMI CNTR,127.200
KSEF,RDO,ST PETERSBURG RDO,122.250
KSEF,UNIC,CTAF/UNICOM,122.700
KSEG,A/D,HARRISBURG APP/DEP,118.250
KSEG,ASOS,ASOS,119.275
KSEG,RDO,WILLIAMSPORT RDO,110.400
KSEG,UNIC,CTAF/UNICOM,122.700
KSEM,A/D,MONTGOMERY APP/DEP,124.000
KSEM,RDO,ANNISTON RDO,122.400
KSEM,UNIC,CTAF/UNICOM,122.700
KSEP,AWOS,AWOS 3,118.075
KSEP,CNTR,FORT WORTH CNTR,127.150
KSEP,UNIC,CTAF/UNICOM,122.800
KSEQ,CNTR,HOUSTON CNTR,126.625
KSER,AWOS,AWOS 3,119.425
KSER,CNTR,INDIANAPOLIS CNTR,124.775
KSER,UNIC,CTAF/UNICOM,122.800
KSET,A/D,ST LOUIS APP/DEP,124.200
KSET,ASOS,ASOS,118.075
KSET,CLD,ST LOUIS CLNC DEL,121.600
KSET,CTAF,CTAF,122.700
KSEZ,A/D,A/D PHOENIX,126.375
KSEZ,AWOS,AWOS 2,118.525
KSEZ,CTR,CTR ALBUQUERQUE,124.325
KSEZ,RDO,PRESCOTT RDO,122.300
KSEZ,UNIC,CTAF/UNICOM,123.000
KSFB,A/D,APP/DEP,119.775
KSFB,ATIS,ATIS,125.975
KSFB,CLD,CLNC DEL,121.350
KSFB,CTAF,CTAF,120.300
KSFB,GND,GND,121.350
KSFB,TWR,SANFORD TWR,120.300
KSFF,A/D,SPOKANE APP/DEP,133.350
KSFF,ATIS,ATIS,120.550
KSFF,CTAF,CTAF,132.500
KSFF,GND,GND,121.700
KSFF,RDO,SEATTLE RDO,122.200
KSFF,TWR,TWR,132.500
KSFF,UNIC,UNICOM,122.950
KSFM,A/D,PORTLAND APP/DEP,119.750
KSFM,AWOS,AWOS 3,120.025
KSFM,CLD,CLNC DEL,121.725
KSFM,RDO,BANGOR RDO,122.250
KSFM,UNIC,CTAF/UNICOM,123.075
KSFO,APP,NORCAL APP,128.325
KSFO,APP,NORCAL APP SECONDARY,133.950
KSFO,APP,NORCAL APP INITIAL CONTACT,134.500
KSFO,ATIS,ATIS,113.700
KSFO,AWOS,AWOS 1,118.050
KSFO,CLD,CLNC DEL,118.200
KSFO,DEP,NORCAL DEP NW-EAST,120.900
KSFO,DEP,NORCAL DEP SE-WEST,135.100
KSFO,GND,GND,121.800
KSFO,MISC,USCG,34.500
KSFO,TWR,TWR,120.500
KSFO,UNIC,UNICOM,122.950
KSFQ,A/D,NORFOLK APP/DEP,127.900
KSFQ,AWOS,AWOS 3,119.375
KSFQ,UNIC,CTAF/UNICOM,122.700
KSFY,A/D,QUAD CITY APP/DEP,125.950
KSFY,AWOS,AWOS 3,118.650
KSFY,UNIC,CTAF/UNICOM,122.700
KSFZ,A/D,PROVIDENCE APP/DEP,135.400
KSFZ,AWOS,AWOS 3,120.025
KSFZ,CLD,CLNC DEL,124.350
KSFZ,UNIC,CTAF/UNICOM,123.075
KSGF,A/D,APP/DEP,124.950
KSGF,ATIS,ATIS,119.050
KSGF,CLD,CLNC DEL,123.675
KSGF,GND,GND,121.900
KSGF,OPS,ARNG OPS,134.950
KSGF,RDO,COLUMBIA RDO,122.550
KSGF,TWR,TWR,119.900
KSGF,UNIC,UNICOM,122.950
KSGH,A/D,DAYTON APP/DEP,118.850
KSGH,ASOS,AWSS,134.975
KSGH,ATIS,ATIS,25.787
KSGH,CTAF,CTAF,120.700
KSGH,GND,GND,121.700
KSGH,OPS,178 FW OPS,141.700
KSGH,TWR,TWR,120.700
KSGH,UNIC,UNICOM,122.950
KSGJ,A/D,JACKSONVILLE APP/DEP,120.750
KSGJ,ATIS,ATIS,119.625
KSGJ,CTAF,CTAF,127.625
KSGJ,GND,GND,121.175
KSGJ,RDO,GAINESVILLE RDO,122.300
KSGJ,TWR,TWR,127.625
KSGJ,UNIC,UNICOM,122.950
KSGR,A/D,HOUSTON APP/DEP,123.800
KSGR,ASOS,ASOS,118.125
KSGR,CTAF,CTAF,118.650
KSGR,GND,GND/CLNC DEL,121.400
KSGR,TWR,TWR,118.650
KSGR,UNIC,UNICOM,122.950
KSGS,A/D,MINNEAPOLIS APP/DEP,121.200
KSGS,AWOS,AWOS 3,119.425
KSGS,CLD,CLNC DEL,118.200
KSGS,UNIC,CTAF/UNICOM,122.700
KSGT,A/D,LITTLE ROCK APP/DEP,135.400
KSGT,AWOS,AWOS 3,119.025
KSGT,CLD,LITTLE ROCK CLNC DEL,123.700
KSGT,UNIC,CTAF/UNICOM,122.800
KSGU,AWOS,AWOS 3,135.075
KSGU,CLD,LOS ANGELES CLNC DEL,133.300
KSGU,CNTR,LOS ANGELES CNTR,124.200
KSGU,RDO,CEDAR CITY RDO,122.500
KSGU,UNIC,CTAF/UNICOM,122.800
KSHD,A/D,POTOMAC APP/DEP,132.850
KSHD,AWOS,AWOS 3,124.925
KSHD,RDO,LEESBURG RDO,115.300
KSHD,UNIC,CTAF/UNICOM,123.000
KSHL,AWOS,AWOS 3,119.775
KSHL,RDO,FORT DODGE RDO,122.150
KSHL,UNIC,CTAF/UNICOM,122.800
KSHN,A/D,SEATTLE APP/DEP,120.100
KSHN,ASOS,ASOS,119.275
KSHN,UNIC,CTAF/UNICOM,122.800
KSHR,ASOS,ASOS,135.175
KSHR,CNTR,SALT LAKE CITY CNTR,127.750
KSHR,RDO,CASPER RDO,122.500
KSHR,UNIC,CTAF/UNICOM,123.000
KSHV,A/D,APP/DEP,119.900
KSHV,ATIS,ATIS,128.450
KSHV,CLD,CLNC DEL,124.650
KSHV,GND,GND,121.900
KSHV,TWR,TWR,121.400
KSHV,UNIC,UNICOM,122.950
KSIF,A/D,GREENSBORO APP/DEP,26.922
KSIF,AWOS,AWOS3,119.775
KSIF,UNIC,CTAF/UNICOM,122.800
KSIK,AWOS,AWOS 3,119.175
KSIK,CNTR,MEMPHIS CNTR,133.650
KSIK,UNIC,CTAF/UNICOM,122.800
KSIV,A/D,HULLMAN APP/DEP,119.250
KSIV,UNIC,CTAF/UNICOM,122.800
KSIY,ASOS,ASOS,121.125
KSIY,CNTR,SEATTLE CNTR,124.850
KSIY,RDO,RANCHO RDO,122.400
KSIY,UNIC,CTAF/UNICOM,123.000
KSJC,APP,NORCAL APP,120.100
KSJC,APP,NORCAL APP,33.820
KSJC,ATIS,ATIS,126.950
KSJC,CLD,CLNC DEL,118.000
KSJC,CTAF,CTAF,124.000
KSJC,DEP,NORCAL DEP,121.300
KSJC,GND,GND,121.700
KSJC,TWR,TWR,124.000
KSJN,ASOS,ASOS,132.175
KSJN,CNTR,ALBUQUERQUE CNTR,124.325
KSJN,RDO,PRESCOTT RDO,112.300
KSJN,UNIC,CTAF/UNICOM,122.800
KSJT,A/D,APP/DEP,125.350
KSJT,ATIS,ATIS,128.450
KSJT,CTAF,CTAF,118.300
KSJT,GND,GND,121.900
KSJT,RDO,RDO,122.250
KSJT,TWR,TWR,118.300
KSJT,UNIC,UNICOM,122.950
KSJX,AWOS,AWOS 3,118.075
KSJX,CNTR,MINNEAPOLIS CNTR,134.600
KSJX,UNIC,CTAF/UNICOM,122.800
KSKA,A/D,SPOKANE APP/DEP,123.750
KSKA,ATIS,ATIS,25.762
KSKA,GND,GND,121.850
KSKA,OPS,WASHINGTON ANG OPS,29.370
KSKA,PMSV,PMSV METRO,23.480
KSKA,POST,COMD POST,31.100
KSKA,PTD,PTD,130.000
KSKA,TWR,TWR,126.200
KSKF,APP,SAN ANTONIO APP,118.050
KSKF,ATIS,ATIS,120.450
KSKF,DEP,SAN ANTONIO DEP,125.700
KSKF,GND,GND,121.800
KSKF,PMSV,PMSV METRO,23.980
KSKF,POST,AFRC COMD POST,143.800
KSKF,PTD,PTD,130.650
KSKF,TWR,KELLY TWR,124.300
KSKI,CNTR,MINNEAPOLIS CNTR,134.000
KSKI,UNIC,CTAF/UNICOM,122.800
KSKX,AWOS,AWOS 3,132.975
KSKX,RDO,ALBUQUERQUE RDO,122.250
KSKX,UNIC,CTAF/UNICOM,122.800
KSLB,AWOS,AWOS 3,118.525
KSLB,CNTR,MINNEAPOLIS CNTR,134.000
KSLB,UNIC,CTAF/UNICOM,122.700
KSLC,A/D,APP/DEP,121.100
KSLC,ATIS,ATIS,124.750
KSLC,CLD,CLNC DEL,127.300
KSLC,GND,GND,121.900
KSLC,OPS,ANG OPS,30.300
KSLC,RDO,CEDAR CITY  RDO,122.400
KSLC,TWR,TWR,118.300
KSLC,UNIC,UNICOM,122.950
KSLE,ATIS,ATIS,124.550
KSLE,CNTR,SEATTLE CNTR,125.800
KSLE,CTAF,CTAF,119.100
KSLE,GND,GND,121.900
KSLE,RDO,MC MINNVILLE RDO,122.600
KSLE,TWR,SALEM TWR,119.100
KSLE,UNIC,UNICOM,122.950
KSLG,A/D,RAZORBACK APP/DEP,121.000
KSLG,AWOS,AWOS 3,118.375
KSLG,UNIC,CTAF/UNICOM,122.800
KSLH,AWOS,AWOS 3,118.175
KSLH,CNTR,MINNEAPOLIS CNTR,134.600
KSLH,UNIC,CTAF/UNICOM,122.800
KSLI,A/D,SOCAL APP/DEP,124.650
KSLI,AAS,AFLD OPS ADVSY SVC,126.200
KSLI,GND,GND,126.950
KSLI,OPS,AASF OPS,41.500
KSLI,PMSV,PMSV METRO,23.980
KSLI,POST,ARCOM OPS,139.050
KSLI,TWR,TWR,123.850
KSLJ,TWR,TWR,126.200
KSLK,ASOS,ASOS,124.175
KSLK,CNTR,BOSTON CNTR,120.350
KSLK,RDO,BURLINGTON RDO,109.200
KSLK,UNIC,CTAF/UNICOM,123.000
KSLN,ATIS,ATIS,120.150
KSLN,CNTR,KANSAS CITY CNTR,134.900
KSLN,CTAF,CTAF,119.300
KSLN,GND,GND,121.900
KSLN,OPS,ARNG OPS,49.950
KSLN,RDO,WICHITA RDO,122.400
KSLN,TWR,TWR,119.300
KSLN,UNIC,UNICOM,122.950
KSLO,AWOS,AWOS 3,118.525
KSLO,CNTR,KANSAS CITY CNTR,127.700
KSLO,UNIC,CTAF/UNICOM,122.800
KSLR,AWOS,AWOS 3,118.350
KSLR,CNTR,FORT WORTH CNTR,132.850
KSLR,UNIC,CTAF/UNICOM,123.075
KSMD,A/D,FORT WAYNE APP/DEP,127.200
KSMD,AWOS,AWOS 3,124.550
KSMD,UNIC,CTAF/UNICOM,122.800
KSME,AWOS,AWOS 3,124.850
KSME,CNTR,INDIANAPOLIS CNTR,121.325
KSME,RDO,LOUISVILLE RDO,122.550
KSME,UNIC,CTAF/UNICOM,122.800
KSMF,A/D,NORCAL APP/DEP,125.250
KSMF,A/D,NORCAL APP/DEP,25.910
KSMF,ATIS,ATIS,126.750
KSMF,CLD,CLNC DEL,121.100
KSMF,GND,GND,121.700
KSMF,TWR,CAPITOL TWR,125.700
KSMF,UNIC,UNICOM,122.950
KSMN,AWOS,AWOS 3,135.075
KSMN,CNTR,SALT LAKE CITY CNTR,132.400
KSMN,RDO,BOISE RDO,122.550
KSMN,UNIC,CTAF/UNICOM,122.800
KSMO,APP,SOCAL APP,124.300
KSMO,ATIS,ATIS,119.150
KSMO,CTAF,CTAF,120.100
KSMO,DEP,SOCAL DEP,125.200
KSMO,GND,GND,121.900
KSMO,TWR,TWR,120.100
KSMO,UNIC,UNICOM,122.950
KSMQ,A/D,NEW YORK APP/DEP,132.800
KSMQ,ASOS,ASOS,120.600
KSMQ,RDO,MILLVILLE RDO,112.900
KSMQ,UNIC,CTAF/UNICOM,123.000
KSMS,A/D,SHAW APP/DEP,125.400
KSMS,AWOS,AWOS,118.075
KSMS,UNIC,CTAF/UNICOM,122.700
KSMX,A/D,SANTA BARB APP/DEP,124.150
KSMX,ATIS,ATIS,121.150
KSMX,CTAF,CTAF,118.300
KSMX,CTR,LOS ANGELES CENTER,119.050
KSMX,GND,GND,121.900
KSMX,RDO,HAWTHORNE RDO,111.000
KSMX,TWR,TWR,118.300
KSMX,UNIC,UNICOM,122.950
KSNA,APP,SOCAL APP,121.300
KSNA,APP,SOCAL APP,38.020
KSNA,ATIS,ATIS,126.000
KSNA,CLD,CLNC DEL,118.000
KSNA,CLD,CLNC DEL SECONDARY,121.850
KSNA,CTAF,CTAF,126.800
KSNA,DEP,SOCAL DEP,128.100
KSNA,DEP,SOCAL DEP,132.700
KSNA,GND,JOHN WAYNE GROUND,120.800
KSNA,GND,JOHN WAYNE GROUND SECONDARY,132.250
KSNA,RDO,RIVERSIDE RDO,122.450
KSNA,TWR,RWY 02-20,119.900
KSNA,TWR,02L-20R,126.800
KSNA,TWR,JOHN WAYNE TOWER SECONDARY,128.350
KSNA,UNIC,UNICOM,122.950
KSNC,A/D,NEW YORK APP/DEP,124.075
KSNC,ASOS,ASOS,118.325
KSNC,RDO,BRIDGEPORT RDO,122.250
KSNC,UNIC,CTAF/UNICOM,122.725
KSNH,AWOS,AWOS 3,133.925
KSNH,CNTR,MEMPHIS CNTR,124.350
KSNH,UNIC,CTAF/UNICOM,122.800
KSNK,AWOS,AWOS 3,119.925
KSNK,CNTR,FORT WORTH CNTR,127.450
KSNK,FSS,FORT WORTH RDO,122.450
KSNK,UNIC,CTAF/UNICOM,122.800
KSNL,A/D,OKLAHOMA CITY,120.450
KSNL,AWOS,AWOS 3,118.275
KSNL,CNTR,FORT WORTH CNTR,132.200
KSNL,UNIC,CTAF/UNICOM,122.700
KSNS,A/D,NORCAL APP/DEP,127.150
KSNS,ATIS,ATIS,124.850
KSNS,CTAF,CTAF,119.400
KSNS,GND,GND,121.700
KSNS,RDO,OAKLAND RDO,122.600
KSNS,TWR,TWR,119.400
KSNS,UNIC,UNICOM,122.950
KSNY,ASOS,ASOS,118.025
KSNY,CNTR,DENVER CNTR,118.475
KSNY,RDO,COLUMBUS RDO,122.450
KSNY,UNIC,CTAF/UNICOM,122.800
KSOA,AWOS,AWOS 3,118.075
KSOA,CNTR,HOUSTON CNTR,125.750
KSOA,UNIC,CTAF/UNICOM,122.800
KSOP,A/D,FAYETTEVILLE APP/DEP,127.800
KSOP,AWOS,AWOS 3,127.575
KSOP,CLD,FAYETTEVILLE CLNCDEL,127.000
KSOP,UNIC,CTAF/UNICOM,123.050
KSOW,AWOS,AWOS 3,118.075
KSOW,CNTR,ALBUQUERQUE CNTR,132.900
KSOW,UNIC,CTAF/UNICOM,123.000
KSPA,A/D,GREER APP/DEP,119.400
KSPA,AWOS,AWOS 3,133.925
KSPA,CLD,CLNC DEL,120.550
KSPA,RDO,ANDERSON RDO,115.700
KSPA,UNIC,CTAF/UNICOM,123.000
KSPB,A/D,PORTLAND APP/DEP,133.000
KSPB,ASOS,ASOS,135.875
KSPB,CLD,CLNC DEL,121.650
KSPB,UNIC,CTAF/UNICOM,122.800
KSPF,A/D,ELLSWORTH APP/DEP,119.500
KSPF,AWOS,AWOS 3,118.325
KSPF,RDO,HURON RDO,122.550
KSPF,UNIC,CTAF/UNICOM,122.800
KSPG,A/D,TAMPA APP/DEP,119.650
KSPG,ASOS,ASOS,118.875
KSPG,CTAF,CTAF,127.400
KSPG,GND,GND,121.800
KSPG,TWR,TWR,127.400
KSPG,UNIC,UNICOM,122.950
KSPH,A/D,SHREVEPORT APP/DEP,118.600
KSPH,UNIC,CTAF/UNICOM,122.800
KSPI,A/D,SPRINGFIELD APP/DEP,118.600
KSPI,ATIS,ATIS,127.650
KSPI,CLD,CLNC DEL,121.700
KSPI,CTAF,CTAF,121.300
KSPI,GND,GND,121.900
KSPI,OPS,ANG OPS,27.217
KSPI,RDO,ST LOUIS RDO,122.250
KSPI,TWR,SPRINGFIELD TWR,121.300
KSPI,UNIC,UNICOM,131.420
KSPK,CTAF,CTAF,122.900
KSPS,APP,APP,118.200
KSPS,ATIS,ATIS,132.050
KSPS,CLD,CLNC DEL,121.200
KSPS,CTAF,CTAF,119.750
KSPS,DEP,DEP,120.400
KSPS,GND,GND,125.500
KSPS,PMSV,PMSV METRO,34.460
KSPS,PTD,PTD,37.220
KSPS,RDO,FORT WORTH RDO,122.650
KSPS,TWR,TWR,119.750
KSPS,UNIC,UNICOM,122.950
KSPW,ASOS,ASOS,126.625
KSPW,CNTR,MINNEAPOLIS CNTR,127.750
KSPW,RDO,FORT DODGE RDO,122.150
KSPW,UNIC,CTAF/UNICOM,123.000
KSPZ,CTAF,CTAF,122.900
KSQI,A/D,ROCKFORD APP/DEP,126.000
KSQI,AWOS,AWOS 3,119.175
KSQI,CLD,ROCKFORD CLNC DEL,128.000
KSQI,UNIC,CTAF/UNICOM,123.000
KSQL,APP,NORCAL APP,133.950
KSQL,APP,NORCAL APP,33.820
KSQL,ATIS,ATIS,125.900
KSQL,CTAF,CTAF,119.000
KSQL,DEP,NORCAL DEP,135.650
KSQL,GND,GND,121.600
KSQL,TWR,TWR,119.000
KSQL,UNIC,UNICOM,122.950
KSRB,AWOS,AWOS 3,128.250
KSRB,CNTR,MEMPHIS CNTR,132.900
KSRB,GCO,NASHVILLE RDO,121.725
KSRB,UNIC,CTAF/UNICOM,122.975
KSRC,A/D,LITTLE ROCK APP/DEP,119.750
KSRC,ASOS,ASOS,128.325
KSRC,CLD,LITTLE ROCK CLNC DEL,121.700
KSRC,UNIC,CTAF/UNICOM,122.700
KSRE,AWOS,AWOS 3,118.625
KSRE,CNTR,FORT WORTH CNTR,132.200
KSRE,UNIC,CTAF/UNICOM,122.800
KSRQ,A/D,TAMPA APP/DEP,119.650
KSRQ,ASOS,ASOS,134.150
KSRQ,ATIS,ATIS,134.150
KSRQ,CLD,CLNC DEL,118.250
KSRQ,CTAF,CTAF,120.100
KSRQ,GND,GND,121.900
KSRQ,RDO,ST PETERSBURG RDO,115.200
KSRQ,TWR,TWR,120.100
KSRQ,UNIC,UNICOM,122.950
KSRR,AWOS,AWOS 3,126.475
KSRR,CNTR,ALBUQUERQUE CNTR,132.650
KSRR,FSS,ALBUQUERQUE RDO,122.250
KSRR,UNIC,CTAF/UNICOM,122.800
KSSC,A/D,APP/DEP,125.400
KSSC,ATIS,ATIS,132.125
KSSC,CLD,CLNC DEL,121.800
KSSC,GND,GND,126.100
KSSC,PMSV,PMSV METRO,34.250
KSSC,POST,COMD POST,38.130
KSSC,PTD,PTD,139.600
KSSC,TWR,TWR,126.650
KSSF,A/D,SAN ANTONIO APP/DEP,125.700
KSSF,ATIS,ATIS,128.800
KSSF,CLD,CLNC DEL,121.700
KSSF,CTAF,CTAF,118.200
KSSF,GND,GND,121.700
KSSF,TWR,TWR,118.200
KSSF,UNIC,UNICOM,122.950
KSSI,ASOS,ASOS,118.525
KSSI,CNTR,JACKSONVILLE CNTR,126.750
KSSI,UNIC,CTAF/UNICOM,123.050
KSSQ,CNTR,MINNEAPOLIS CNTR,126.450
KSSQ,RDO,GREEN BAY RDO,122.300
KSSQ,UNIC,CTAF/UNICOM,122.800
KSTC,ASOS,ASOS,118.250
KSTC,ATIS,ATIS,119.375
KSTC,CLD,CLNC DEL,118.250
KSTC,CNTR,MINNEAPOLIS CNTR,121.050
KSTC,CTAF,CTAF,123.500
KSTC,GND,GND,121.600
KSTC,RDO,PRINCETON RDO,122.500
KSTC,TWR,TWR,118.250
KSTE,AWOS,AWOS 3,119.275
KSTE,CNTR,MINNEAPOLIS CNTR,124.400
KSTE,RDO,GREEN BAY RDO,110.600
KSTE,UNIC,CTAF/UNICOM,122.700
KSTF,A/D,COLUMBUS APP/DEP,135.600
KSTF,AWOS,AWOS 3,118.975
KSTF,CLD,COLUMBUS CLNC DEL,126.250
KSTF,UNIC,CTAF/UNICOM,122.700
KSTJ,A/D,ST JOSEPH APP/DEP,120.350
KSTJ,ATIS,ATIS,125.050
KSTJ,CTAF,CTAF,126.900
KSTJ,GND,GND,121.900
KSTJ,POST,ANG COMD POST,34.940
KSTJ,TWR,ST JOSEPH TWR,126.900
KSTJ,UNIC,UNICOM,122.950
KSTK,A/D,DENVER CNTR,118.475
KSTK,AWOS,AWOS 3,118.525
KSTK,RDO,AKRON RDO,122.200
KSTK,UNIC,CTAF/UNICOM,122.800
KSTL,APP,ST LOUIS APP,120.050
KSTL,APP,SOUTH/WEST SECONDARY,121.025
KSTL,APP,SAINT LOUIS APPROACH SECONDARY,123.700
KSTL,ATIS,ATIS,125.025
KSTL,CLD,CLNC DEL,119.500
KSTL,DEP,ST LOUIS DEP N/E,119.150
KSTL,DEP,ST LOUIS DEP S/W,128.100
KSTL,GND,RWAY 11-29,118.925
KSTL,GND,SAINT LOUIS GROUND OUTBOUND,121.650
KSTL,GND,SAINT LOUIS GROUND INBOUND,121.900
KSTL,OPS,ANG OPS,29.790
KSTL,RDO,ST LOUIS RDO,122.050
KSTL,TWR,RWAY 12R-30L,118.500
KSTL,TWR,RWAY 12L-30R,120.050
KSTL,TWR,RWY 06 AND 11-29,132.475
KSTL,UNIC,UNICOM,122.950
KSTP,A/D,MINNEAPOLIS APP/DEP,121.200
KSTP,ATIS,ATIS,118.350
KSTP,CTAF,CTAF,119.100
KSTP,GCCD,GND/CLNC DEL,121.675
KSTP,OPS,ARNG OPS,41.400
KSTP,TWR,TWR,119.100
KSTP,UNIC,UNICOM,122.950
KSTS,A/D,NORCAL APP/DEP,127.800
KSTS,ATIS,ATIS,120.550
KSTS,CTAF,CTAF,118.500
KSTS,GND,GND,121.900
KSTS,TWR,SANTA ROSA TWR,118.500
KSTS,UNIC,UNICOM,122.950
KSUA,A/D,PALM BEACH APP/DEP,128.300
KSUA,ATIS,ATIS,134.475
KSUA,CTAF,CTAF,126.600
KSUA,GND,GND,121.700
KSUA,TWR,STUART TWR,126.600
KSUD,CTAF,CTAF,122.900
KSUE,A/D,GREEN BAY APP/DEP,119.250
KSUE,AWOS,AWOS 3,128.325
KSUE,UNIC,CTAF/UNICOM,122.700
KSUN,ATIS,ATIS,128.225
KSUN,AWOS,AWOS,128.225
KSUN,CNTR,SALT LAKE CITY CNTR,118.050
KSUN,CTAF,CTAF,125.600
KSUN,GND,GND,121.700
KSUN,RDO,BOISE RDO,122.400
KSUN,TWR,HAILEY TWR,125.600
KSUN,UNIC,UNICOM,122.950
KSUS,A/D,ST LOUIS APP/DEP,126.500
KSUS,AAS,ADVSY SVC,124.750
KSUS,ATIS,ATIS,134.800
KSUS,CLD,CLNC DEL,121.700
KSUS,CTAF,CTAF,124.750
KSUS,GND,GND,121.700
KSUS,RDO,ST LOUIS RDO,122.200
KSUS,TWR,TWR,122.600
KSUS,UNIC,UNICOM,122.950
KSUT,A/D,WILMINGTON APP/DEP,118.250
KSUT,AWOS,AWOS 3,124.175
KSUT,UNIC,CTAF/UNICOM,123.000
KSUU,APP,APP,119.900
KSUU,ATIS,ATIS,116.400
KSUU,CLD,CLNC DEL,127.550
KSUU,DEP,DEP,119.900
KSUU,GND,GND,121.800
KSUU,PMSV,PMSV METRO,26.920
KSUU,POST,COMD POST,141.900
KSUU,PTD,PTD,28.557
KSUU,TWR,TWR,120.750
KSUU,UNIC,AERO CLUB UNICOM,123.300
KSUW,A/D,DULUTH APP/DEP,125.450
KSUW,AWOS,AWOS 3,118.875
KSUW,CLD,CLNC DEL,124.800
KSUW,UNIC,CTAF/UNICOM,122.700
KSUX,A/D,SIOUX CITY APP/DEP,124.600
KSUX,ATIS,ATIS,119.450
KSUX,CTAF,CTAF,118.700
KSUX,GND,GND,121.900
KSUX,OPS,ANG COMD POST,37.310
KSUX,RDO,FORT DODGE RDO,122.450
KSUX,TWR,SIOUX CITY TWR,118.700
KSUX,UNIC,UNICOM,122.950
KSVC,AWOS,AWOS 3,126.725
KSVC,CNTR,ALBUQUERQUE CNTR,134.450
KSVC,RDO,ALBUQUERQUE RDO,110.800
KSVC,UNIC,CTAF/UNICOM,122.800
KSVE,AWOS,AWOS 3,133.800
KSVE,CNTR,OAKLAND CNTR,128.800
KSVE,UNIC,CTAF/UNICOM,122.800
KSVH,AWOS,AWOS 3,119.225
KSVH,CNTR,ATLANTA CNTR,125.150
KSVH,CTAF,CTAF,123.075
KSVN,A/D,SAVANNAH APP/DEP,118.400
KSVN,ATIS,ATIS,32.312
KSVN,CTAF,CTAF,133.550
KSVN,GND,GND,121.800
KSVN,MISC,USCG SAVANNAH AIR,34.500
KSVN,OPS,ARNG OPS,38.150
KSVN,PMSV,PMSV METRO,30.900
KSVN,PTD,PTD,126.200
KSVN,TWR,TWR,46.700
KSWF,ACP,105 AW COMD POST,37.940
KSWF,ATIS,ATIS,124.575
KSWF,CNTR,NEW YORK CNTR,132.750
KSWF,GND,GND,121.900
KSWF,MISC,AR OPS,38.500
KSWF,OPS,ARMY OPS,49.750
KSWF,TWR,TWR,121.000
KSWF,UNIC,UNICOM,122.950
KSWI,CNTR,FORT WORTH CNTR,124.750
KSWI,UNIC,CTAF/UNICOM,122.800
KSWO,ASOS,ASOS,135.725
KSWO,CNTR,KANSAS CITY CNTR,128.300
KSWO,GND,GND,121.600
KSWO,RDO,MC ALESTER RDO,122.300
KSWO,TWR,TWR,125.350
KSWO,UNIC,CTAF/UNICOM,122.700
KSWT,A/D,LINCOLN APP/DEP,124.000
KSWT,FSS,COLUMBUS RDO,122.650
KSWT,UNIC,CTAF/UNICOM,122.800
KSWW,A/D,ABILENE APP/DEP,127.200
KSWW,AWOS,AWOS 3,119.025
KSWW,UNIC,CTAF/UNICOM,122.800
KSXL,A/D,CHARLESTON APP/DEP,119.200
KSXL,UNIC,CTAF/UNICOM,122.800
KSYF,CNTR,DENVER CNTR,132.500
KSYF,UNIC,CTAF/UNICOM,122.800
KSYI,AWOS,AWOS 3,119.275
KSYI,CNTR,MEMPHIS CNTR,126.750
KSYI,RDO,NASHVILLE RDO,109.000
KSYI,UNIC,CTAF/UNICOM,122.800
KSYR,A/D,APP/DEP,126.125
KSYR,ATIS,ATIS,132.050
KSYR,CLD,CLNC DEL,125.050
KSYR,GND,GND,121.700
KSYR,OPS,ANG OPS,139.625
KSYR,TWR,TWR,120.300
KSYR,UNIC,UNICOM,122.950
KSYV,CNTR,JACKSONVILLE CNTR,125.750
KSYV,UNIC,CTAF/UNICOM,122.800
KSZL,A/G,ARNG HAWK OPS,49.650
KSZL,APP,APP,127.450
KSZL,ATIS,ATIS,139.300
KSZL,CLD,CLNC DEL,121.750
KSZL,DEP,DEP,125.925
KSZL,GND,GND,128.275
KSZL,OPS,303 TFS OPS,22.780
KSZL,PMSV,PMSV METRO,34.460
KSZL,POST,COMD POST,31.100
KSZL,PTD,PTD,118.725
KSZL,TWR,TWR,132.400
KSZT,AWOS,AWOS 3,135.425
KSZT,CNTR,SEATTLE CNTR,123.950
KSZT,UNIC,CTAF/UNICOM,122.700
KSZY,AWOS,AWOS 3,118.425
KSZY,CNTR,MEMPHIS CNTR,124.350
KSZY,UNIC,CTAF/UNICOM,122.700
KTAD,ASOS,ASOS,119.025
KTAD,CNTR,DENVER CNTR,128.375
KTAD,RDO,DENVER RDO,122.200
KTAD,UNIC,CTAF/UNICOM,122.800
KTAN,A/D,PROVIDENCE APP/DEP,128.700
KTAN,ASOS,ASOS,132.675
KTAN,UNIC,CTAF/UNICOM,122.700
KTAZ,A/D,SPRINGFIELD APP/DEP,118.600
KTAZ,AWOS,AWOS 3,123.875
KTAZ,UNIC,CTAF/UNICOM,122.800
KTBN,ATIS,ATIS,118.700
KTBN,CNTR,KANSAS CITY CNTR,133.800
KTBN,CTAF,CTAF,125.400
KTBN,TWR,FORNEY TWR,125.400
KTBR,A/D,SAVANNAH APP/DEP,118.400
KTBR,AWOS,AWOS 3,119.025
KTBR,RDO,MACON RDO,122.600
KTBR,UNIC,CTAF/UNICOM,122.800
KTCC,ASOS,ASOS,119.275
KTCC,CNTR,ALBUQUERQUE CNTR,126.850
KTCC,RDO,ALBUQUERQUE RDO,122.350
KTCC,UNIC,CTAF/UNICOM,122.950
KTCL,A/D,BIRMINGHAM APP/DEP,120.150
KTCL,ASOS,ASOS,132.825
KTCL,CTAF,CTAF,126.300
KTCL,GND,GND,121.800
KTCL,RDO,ANNISTON RDO,122.200
KTCL,TWR,TWR,126.300
KTCL,UNIC,UNICOM,122.950
KTCM,A/D,SEATTLE APP/DEP,126.500
KTCM,ATIS,ATIS,27.010
KTCM,GND,GND,125.150
KTCM,PMSV,PMSV METRO,34.250
KTCM,POST,COMD POST,34.940
KTCM,PTD,PTD,37.220
KTCM,TWR,TWR,124.800
KTCS,ASOS,ASOS,120.675
KTCS,CNTR,ALBUQUERQUE CNTR,128.200
KTCS,RDO,ALBUQUERQUE RDO,122.200
KTCS,UNIC,CTAF/UNICOM,122.800
KTCY,A/D,NORCAL APP/DEP,123.850
KTCY,AWOS,AWOS 3,118.375
KTCY,UNIC,CTAF/UNICOM,122.800
KTDF,A/D,RALEIGH APP/DEP,132.350
KTDF,AWOS,AWOS 3,126.725
KTDF,UNIC,CTAF/UNICOM,122.700
KTDO,CTAF,CTAF,122.900
KTDW,A/D,AMARILLO APP/DEP,119.500
KTDW,CLD,CLNC DEL,125.400
KTDW,UNIC,CTAF/UNICOM,122.800
KTDZ,A/D,TOLEDO APP/DEP,126.100
KTDZ,ASOS,ASOS,121.575
KTDZ,CLD,CLNC DEL,125.600
KTDZ,UNIC,CTAF/UNICOM,123.050
KTEB,APP,New York Approach,127.600
KTEB,ATIS,ATIS,132.025
KTEB,CLD,Teterboro Clearance,128.050
KTEB,DEP,"New York Departures, alternate frequency",119.200
KTEB,DEP,New York Departures,126.700
KTEB,GND,Teterboro Ground,121.900
KTEB,OPS,ARPT OPS,130.575
KTEB,RDO,"Millville Radio, alternate frequency",122.200
KTEB,RDO,Millville Radio,122.650
KTEB,TWR,Teterboro Tower,119.500
KTEB,TWR,"Teterboro Tower, alternate frequency",125.100
KTEL,A/D,EVANSVILLE APP/DEP,126.400
KTEL,UNIC,CTAF/UNICOM,122.700
KTEW,A/D,LANSING APP/DEP,118.650
KTEW,AWOS,AWOS 3,119.425
KTEW,UNIC,CTAF/UNICOM,122.700
KTEX,CNTR,DENVER CNTR,125.350
KTEX,FSS,DENVER RDO,122.150
KTEX,UNIC,CTAF/UNICOM,123.000
KTFP,UNIC,CTAF/UNICOM,122.700
KTGC,CNTR,MEMPHIS CNTR,134.650
KTGC,UNIC,CTAF/UNICOM,122.800
KTGI,A/D,PATUXENT APP/DEP,120.050
KTGI,RDO,LEESBURG RDO,112.200
KTGI,UNIC,CTAF/UNICOM,122.800
KTHA,AWOS,AWOS 3,128.325
KTHA,CNTR,MEMPHIS CNTR,126.750
KTHA,UNIC,CTAF/UNICOM,123.000
KTHM,CTAF,CTAF,122.900
KTHV,A/D,HARRISBURG APP/DEP,124.100
KTHV,ASOS,ASOS,119.275
KTHV,CLD,CLNC DEL,121.650
KTHV,UNIC,CTAF/UNICOM,123.000
KTIF,AWOS,AWOS 3,120.825
KTIF,CTAF,CTAF,122.900
KTIK,A/D,OKE CITY APP/DEP,120.450
KTIK,A/D,OKE CITY APP/DEP,26.680
KTIK,ATIS,ATIS,27.010
KTIK,CLD,CLNC DEL,119.700
KTIK,GND,GND,121.800
KTIK,INFO,ATOC,119.150
KTIK,MISC,AFMC FLT TEST,38.260
KTIK,PMSV,PMSV METRO,26.102
KTIK,POST,ACC COMD POST,141.650
KTIK,POST,507 ARW,22.845
KTIK,PTD,PTD,134.100
KTIK,SFA,SFA,35.412
KTIK,TWR,TWR,124.450
KTIP,A/D,CHAMPAIGN APP/DEP,121.350
KTIP,AWOS,AWOS 3,119.025
KTIP,UNIC,CTAF/UNICOM,123.000
KTIW,A/D,SEATTLE APP/DEP,120.100
KTIW,ATIS,ATIS,124.050
KTIW,CTAF,CTAF,118.500
KTIW,GND,GND,121.800
KTIW,TWR,TWR,118.500
KTIW,UNIC,UNICOM,122.950
KTIX,A/D,ORLANDO APP/DEP,134.950
KTIX,ATIS,ATIS,120.625
KTIX,CTAF,CTAF,118.900
KTIX,GND,GND,121.850
KTIX,RDO,ST PETERSBURG RDO,123.600
KTIX,TWR,TWR,118.900
KTIX,UNIC,UNICOM,122.950
KTKC,AWOS,AWOS 3,120.000
KTKC,CNTR,MINNEAPOLIS CNTR,127.100
KTKC,CTAF,CTAF,122.900
KTKI,A/D,REGIONAL APP/DEP,124.300
KTKI,ASOS,ASOS,119.925
KTKI,CLD,CLNC DEL,121.350
KTKI,CTAF,CTAF,118.825
KTKI,GND,GND,121.875
KTKI,TWR,TWR,118.825
KTKI,UNIC,UNICOM,122.950
KTKO,CTAF,CTAF,122.900
KTKO,FSS,WICHITA RDO,109.800
KTKV,AWOS,AWOS 3,118.250
KTKV,CNTR,MINNEAPOLIS CNTR,133.650
KTKV,UNIC,CTAF/UNICOM,122.800
KTKX,CNTR,MEMPHIS CNTR,120.075
KTKX,UNIC,CTAF/UNICOM,122.800
KTLH,A/D,APP/DEP,128.700
KTLH,ATIS,ATIS,119.450
KTLH,CLD,CLNC DEL,126.650
KTLH,CTAF,CTAF,118.700
KTLH,GND,GND,121.900
KTLH,RDO,GAINESVILLE RDO,122.200
KTLH,TWR,TWR,118.700
KTLH,UNIC,UNICOM,122.950
KTLR,A/D,FRESNO APP/DEP,118.500
KTLR,UNIC,CTAF/UNICOM,122.700
KTMA,A/D,VALDOSTA APP/DEP,119.525
KTMA,AWOS,AWOS 3,118.525
KTMA,RDO,MACON RDO,122.350
KTMA,UNIC,CTAF/UNICOM,122.700
KTMB,A/D,MIAMI APP/DEP,125.500
KTMB,ATIS,ATIS,124.000
KTMB,CLD,CLNC DEL,133.000
KTMB,CTAF,CTAF,118.900
KTMB,GND,GND,121.700
KTMB,RDO,MIAMI RDO,122.200
KTMB,TWR,TWR,118.900
KTME,Awos,,119.525
KTME,Unicom,CTAF/UNICOM,122.975
KTNP,CNTR,LOS ANGELES CNTR,128.150
KTNP,RDO,RIVERSIDE RDO,114.200
KTNP,UNIC,CTAF/UNICOM,122.800
KTNT,CNTR,MIAMI CNTR,132.400
KTNT,RDO,MIAMI RDO,122.300
KTNT,UNIC,CTAF/UNICOM,123.000
KTNU,A/D,DES MOINES APP/DEP,123.900
KTNU,AWOS,AWOS 3,132.275
KTNU,CLD,CLNC DEL,126.300
KTNU,RDO,FORT DODGE RDO,112.500
KTNU,UNIC,CTAF/UNICOM,122.800
KTNX,APP,NELLIS APP,119.350
KTNX,PTD,FLT DISPATCH,119.450
KTNX,TWR,SILVERBOW TWR,134.100
KTOA,A/D,SOCAL APP/DEP,124.300
KTOA,ATIS,ATIS,125.600
KTOA,CTAF,CTAF,124.000
KTOA,GND,GND,120.900
KTOA,TWR,TORRANCE TWR,124.000
KTOA,UNIC,UNICOM,122.950
KTOB,A/D,ROCHESTER APP/DEP,119.800
KTOB,AWOS,AWOS 3,119.075
KTOB,CTAF,CTAF,122.900
KTOC,CNTR,ATLANTA CNTR,134.800
KTOC,UNIC,CTAF/UNICOM,122.800
KTOI,A/D,CAIRNS APP/DEP,121.100
KTOI,ATIS,ATIS,120.925
KTOI,GND,GND,121.900
KTOI,TWR,TWR,124.300
KTOI,UNIC,CTAF/UNICOM,122.800
KTOL,A/D,APP/DEP,123.975
KTOL,ATIS,ATIS,118.750
KTOL,CLD,CLNC DEL,121.750
KTOL,GND,GND,121.900
KTOL,OPS,180 FW OPS SOF,143.850
KTOL,TWR,TWR,118.100
KTOL,UNIC,UNICOM,122.950
KTOP,ASOS,ASOS,121.275
KTOP,CLD,CLNC DEL,121.900
KTOP,CNTR,KANSAS CITY CNTR,123.800
KTOP,CTAF,CTAF,118.700
KTOP,GND,GND,121.900
KTOP,RDO,WICHITA RDO,122.450
KTOP,TWR,TOPEKA TWR,118.700
KTOP,UNIC,UNICOM,122.950
KTOR,ASOS,ASOS,118.375
KTOR,CNTR,DENVER CNTR,127.950
KTOR,UNIC,CTAF/UNICOM,122.800
KTPA,A/D,APP/DEP,118.150
KTPA,ATIS,ATIS,126.450
KTPA,CLD,CLNC DEL,133.600
KTPA,GND,GND,121.700
KTPA,TWR,TWR,119.500
KTPA,UNIC,UNICOM,122.950
KTPF,A/D,TAMPA APP/DEP,119.900
KTPF,AWOS,AWOS 3,118.925
KTPF,CLD,CLNC DEL,119.800
KTPF,UNIC,CTAF/UNICOM,122.720
KTPH,ASOS,ASOS,118.875
KTPH,CNTR,SALT LAKE CNTR,133.450
KTPH,RDO,RENO RDO,122.600
KTPH,UNIC,CTAF/UNICOM,123.000
KTPL,A/D,GRAY APP/DEP,120.075
KTPL,AWOS,AWOS 3,134.975
KTPL,CLD,CLNC DEL,125.900
KTPL,RDO,SAN ANGELO RDO,110.400
KTPL,UNIC,CTAF/UNICOM,123.000
KTQE,A/D,OMAHA APP/DEP,124.500
KTQE,ASOS,ASOS,127.275
KTQE,UNIC,CTAF/UNICOM,123.000
KTQH,AWOS,AWOS 3,118.425
KTQH,CNTR,MEMPHIS CNTR,126.100
KTQH,UNIC,CTAF/UNICOM,122.800
KTQK,AWOS,AWOS 3,120.000
KTQK,CNTR,DENVER CNTR,132.500
KTQK,UNIC,CTAF/UNICOM,122.800
KTRI,APP,APP,119.250
KTRI,ATIS,ATIS,118.250
KTRI,CTAF,CTAF,119.500
KTRI,DEP,DEP,125.500
KTRI,GND,GND,121.700
KTRI,RDO,NASHVILLE RDO,122.200
KTRI,TWR,TWR,119.500
KTRI,UNIC,UNICOM,122.950
KTRK,AWOS,AWOS 3,118.000
KTRK,CNTR,OAKLAND CNTR,127.950
KTRK,CTAF,Truckee Traffic,120.575
KTRK,GND,Ground (seasonal),118.300
KTRK,TWR,Tower (seasonal),120.575
KTRK,UNIC,UNICOM,122.800
KTRL,ASOS,ASOS,119.275
KTRL,CNTR,FORT WORTH CNTR,132.850
KTRL,UNIC,CTAF/UNICOM,122.800
KTRM,A/D,PALM SPRINGS APP/DEP,135.275
KTRM,ASOS,ASOS,118.325
KTRM,RDO,RIVERSIDE RDO,122.300
KTRM,UNIC,CTAF/UNICOM,123.000
KTRX,UNIC,CTAF/UNICOM,122.800
KTSO,A/D,AKRON CANTON APP/DEP,125.500
KTSO,UNIC,CTAF/UNICOM,122.700
KTSP,UNIC,CTAF/UNICOM,123.000
KTTA,A/D,RALEIGH APP DEP,135.350
KTTA,AWOS,AWOS 3,120.625
KTTA,CLD,RALEIGH CLNC DEL,135.075
KTTA,UNIC,CTAF/UNICOM,123.075
KTTD,APP,APP,118.100
KTTD,ASOS,ASOS,135.625
KTTD,CTAF,CTAF,120.900
KTTD,DEP,DEP,124.350
KTTD,GND,GND,121.800
KTTD,TWR,TROUTDALE TWR,120.900
KTTD,UNIC,UNICOM,122.950
KTTF,A/D,DETROIT APP/DEP,134.300
KTTF,AWOS,AWOS 3,119.075
KTTF,RDO,LANSING RDO,115.700
KTTF,UNIC,CTAF/UNICOM,122.700
KTTN,A/D,PHILADELPHIA APP/DEP,123.800
KTTN,ASOS,ASOS,126.775
KTTN,ATIS,ATIS,126.775
KTTN,CTAF,CTAF,120.700
KTTN,GND,GND/CLNC DEL,121.900
KTTN,TWR,TWR,120.700
KTTN,UNIC,UNICOM,122.950
KTTS,A/D,ORLANDO APP/DEP,134.950
KTTS,CTAF,CTAF,123.600
KTTS,GND,GND,121.750
KTTS,PMSV,PMSV METRO,34.460
KTTS,TWR,TWR,128.550
KTUL,A/D,APP/DEP,119.100
KTUL,ATIS,ATIS,124.900
KTUL,CLD,CLNC DEL,134.050
KTUL,GND,GND,121.900
KTUL,MISC,ANG OPS,141.900
KTUL,OPS,ARNG OPS,46.900
KTUL,RDO,MC ALESTER RDO,122.200
KTUL,TWR,TWR,118.700
KTUL,UNIC,UNICOM,122.950
KTUP,ASOS,ASOS,133.525
KTUP,CNTR,MEMPHIS CNTR,128.500
KTUP,CTAF,CTAF,118.775
KTUP,GND,GND,121.825
KTUP,OPS,ARNG OPS,33.500
KTUP,RDO,RDO,122.500
KTUP,TWR,TWR,118.775
KTUS,A/D,APP/DEP,119.400
KTUS,ATIS,ATIS,123.800
KTUS,CLD,CLNC DEL,126.650
KTUS,GND,GND,124.400
KTUS,POST,ANG COMD POST,39.220
KTUS,RDO,PRESCOTT RDO,122.200
KTUS,TWR,TWR,118.300
KTUS,UNIC,UNICOM,122.950
KTVB,CNTR,KANSAS CITY CNTR,133.800
KTVB,CTAF,CTAF,122.900
KTVC,ATIS,ATIS,119.175
KTVC,CNTR,MINNEAPOLIS CNTR,132.900
KTVC,CTAF,CTAF,124.200
KTVC,GND,GND,121.800
KTVC,OPS,USCG TRAVERSE CITY,38.180
KTVC,RDO,LANSING RDO,122.200
KTVC,TWR,TWR,124.200
KTVC,UNIC,UNICOM,122.950
KTVF,AWOS,AWOS 3,108.400
KTVF,CNTR,MINNEAPOLIS CNTR,132.150
KTVF,RDO,PRINCETON RDO,108.400
KTVF,UNIC,CTAF/UNICOM,122.800
KTVI,A/D,VALDOSTA APP/DEP,119.525
KTVI,AWOS,AWOS 3,119.175
KTVI,FSS,MACON RDO,122.550
KTVI,UNIC,CTAF/UNICOM,123.075
KTVK,CNTR,CHICAGO CNTR,118.150
KTVK,UNIC,CTAF/UNICOM,122.800
KTVL,ASOS,ASOS,124.725
KTVL,CNTR,OAKLAND CNTR,127.950
KTVL,CTAF,CTAF,122.850
KTVL,RDO,RENO RDO,122.250
KTVL,UNIC,UNICOM,122.850
KTVR,ASOS,ASOS,118.525
KTVR,CNTR,MEMPHIS CNTR,132.500
KTVR,UNIC,CTAF/UNICOM,123.000
KTVY,A/D,APP/DEP,124.400
KTVY,AWOS,AWOS 3,119.725
KTVY,UNIC,CTAF/UNICOM,123.000
KTWF,A/D,TWIN FALLS APP/DEP,126.700
KTWF,ASOS,ASOS,135.025
KTWF,CTAF,CTAF,118.200
KTWF,GND,TWIN FALLS GND,121.700
KTWF,RDO,BOISE RDO,122.250
KTWF,TWR,TWIN FALLS TWR,118.200
KTWF,UNIC,UNICOM,122.950
KTWM,A/D,DULUTH APP/DEP,125.450
KTWM,AWOS,AWOS 3,119.325
KTWM,CTAF,CTAF,122.900
KTWT,A/D,EVANSVILLE APP/DEP,126.400
KTWT,AWOS,AWOS 3,118.775
KTWT,UNIC,CTAF/UNICOM,122.800
KTXK,ATIS,ATIS,120.200
KTXK,CNTR,FORT WORTH CNTR,123.925
KTXK,CTAF,CTAF,125.700
KTXK,GND,GND,121.700
KTXK,RDO,JONESBORO RDO,122.450
KTXK,TWR,TWR,125.700
KTYL,AWOS,AWOS 3,119.075
KTYL,CNTR,ALUBQUERQUE CNTR,132.900
KTYL,UNIC,CTAF/UNICOM,122.700
KTYQ,A/D,ACTIVE RWAY 05-23 AT IND,124.650
KTYQ,A/D,ACTIVE RWAY 14-32 AT IND,127.150
KTYQ,AWOS,AWOS 3,120.725
KTYQ,C/D,INDY CLEARANCE DELIVERY,118.175
KTYQ,UNIC,CTAF/UNICOM,123.050
KTYR,A/D,LONGVIEW APP/DEP,128.750
KTYR,ATIS,ATIS,126.250
KTYR,CTAF,CTAF,120.100
KTYR,GND,GND,121.900
KTYR,RDO,FORT WORTH RDO,122.300
KTYR,TWR,TWR,120.100
KTYR,UNIC,UNICOM,122.950
KTYS,A/D,KNOXVILLE APP/DEP,118.000
KTYS,A/D,KNOXVILLE APP/DEP,36.080
KTYS,ATIS,ATIS,128.350
KTYS,CLD,CLNC DEL,121.650
KTYS,GND,KNOXVILLE GND,121.900
KTYS,MISC,ARNG OPS,41.500
KTYS,PTD,PTD,30.300
KTYS,RDO,NASHVILLE RDO,122.200
KTYS,TWR,KNOXVILLE TWR,121.200
KTYS,UNIC,UNICOM,122.950
KTZR,A/D,COLUMBUS APP/DEP,132.300
KTZR,AWOS,AWOS 3,135.925
KTZR,CTAF,CTAF,128.100
KTZR,GND,GND,121.800
KTZR,TWR,TWR,128.100
KTZR,UNIC,UNICOM,122.950
KTZT,A/D,CEDAR RAPIDS APP/DEP,119.700
KTZT,CTAF,CTAF,122.800
KTZV,UNIC,CTAF/UNICOM,122.800
KUAO,A/D,PORTLAND APP/DEP,126.000
KUAO,ASOS,ASOS,118.525
KUAO,CLD,PORTLAND CLNC DEL,119.950
KUAO,UNIC,CTAF/UNICOM,122.700
KUBE,RDO,GREEN BAY RDO,122.300
KUBE,UNIC,CTAF/UNICOM,122.800
KUBS,A/D,APP/DEP,135.600
KUBS,UNIC,CTAF/UNICOM,122.800
KUBX,A/D,KANSAS CITY CNTR,133.400
KUBX,UNIC,CTAF/UNICOM,122.900
KUCP,A/D,YOUNGSTOWN APP/DEP,133.950
KUCP,ASOS,ASOS,124.175
KUCP,UNIC,CTAF/UNICOM,123.000
KUCY,AWOS,AWOS 3,135.325
KUCY,CNTR,MEMPHIS CNTR,133.650
KUCY,UNIC,CTAF/UNICOM,122.700
KUDD,A/D,PALM SPRINGS APP/DEP,135.275
KUDD,UNIC,CTAF/UNICOM,122.800
KUDG,A/D,FLORENCE APP/DEP,118.600
KUDG,AWOS,AWOS 3,119.925
KUDG,CLD,FLORENCE CLNC DEL,118.550
KUDG,UNIC,CTAF/UNICOM,123.000
KUES,A/D,MILWAUKEE APP/DEP,128.700
KUES,ATIS,ATIS,118.875
KUES,AWOS,AWOS 3,118.875
KUES,CLD,CLNC DEL,128.700
KUES,CTAF,CTAF,123.700
KUES,GND,GND,121.600
KUES,TWR,TWR,123.700
KUES,UNIC,UNICOM,122.950
KUGN,A/D,CHICAGO APP/DEP,120.550
KUGN,ATIS,ATIS,132.400
KUGN,CTAF,CTAF,120.050
KUGN,GND,GND,121.650
KUGN,RDO,RDO,122.550
KUGN,TWR,TWR,120.050
KUGN,UNIC,UNICOM,122.950
KUIL,ASOS,ASOS,135.225
KUIL,CTAF,CTAF,122.900
KUIN,ASOS,ASOS,118.325
KUIN,CNTR,KANSAS CITY CNTR,135.525
KUIN,RDO,ST LOUIS RDO,122.500
KUIN,UNIC,CTAF/UNICOM,123.000
KUKF,A/D,ATLANTA APP/DEP,125.150
KUKF,AWOS,AWOS 3,126.625
KUKF,FSS,RALEIGH RDO,122.400
KUKF,UNIC,CTAF/UNICOM,122.700
KUKI,ASOS,ASOS,119.275
KUKI,CNTR,OAKLAND CNTR,127.800
KUKI,RDO,OAKLAND RDO,122.000
KUKI,UNIC,CTAF/UNICOM,123.000
KUKL,AWOS,AWOS3,121.125
KUKL,CNTR,KANSAS CITY CNTR,127.725
KUKL,UNIC,CTAF/UNICOM,123.000
KUKT,A/D,PHILADELPHIA APP/DEP,123.800
KUKT,AWOS,AWOS 3,119.475
KUKT,CLD,CLNC DEL,118.550
KUKT,UNIC,CTAF/UNICOM,122.725
KULM,AWOS,AWOS 3,118.325
KULM,CNTR,MINNEAPOLIS CNTR,127.100
KULM,UNIC,CTAF/UNICOM,122.800
KULS,AWOS,AWOS 3,118.950
KULS,RDO,WICHITA RDO,122.300
KULS,UNIC,CTAF/UNICOM,122.800
KUMP,A/D,APP/DEP,127.150
KUMP,AWOS,AWOS 3,119.375
KUMP,CLD,CLNC DEL,121.625
KUMP,UNIC,CTAF/UNICOM,123.000
KUNI,A/D,HUNTINGTON APP/DEP,120.950
KUNI,AWOS,AWOS 3,128.325
KUNI,CLD,CLNC DEL,120.950
KUNI,UNIC,CTAF/UNICOM,123.075
KUNO,ASOS,ASOS,123.825
KUNO,CNTR,MEMPHIS CNTR,120.075
KUNO,RDO,COLUMBIA RDO,122.150
KUNO,UNIC,CTAF/UNICOM,122.800
KUNU,A/D,MADISON APP/DEP,119.150
KUNU,AWOS,AWOS 3,119.075
KUNU,UNIC,CTAF/UNICOM,122.700
KUNV,AWOS,AWOS 3,127.650
KUNV,CLD,CLNC DEL,118.550
KUNV,CNTR,NEW YORK CNTR,134.800
KUNV,RDO,ALTOONA RDO,122.500
KUNV,UNIC,CTAF/UNICOM,122.800
KUOS,UNIC,CTAF/UNICOM,122.800
KUOX,AWOS,AWOS 3,132.725
KUOX,CNTR,MEMPHIS CNTR,128.500
KUOX,UNIC,CTAF/UNICOM,123.000
KUSE,A/D,TOLEDO APP/DEP,134.350
KUSE,UNIC,CTAF/UNICOM,123.000
KUTA,A/D,APP/DEP,119.100
KUTA,AWOS,AWOS 3,118.075
KUTA,UNIC,CTAF/UNICOM,123.000
KUTS,ASOS,ASOS,119.425
KUTS,CNTR,HOUSTON CNTR,134.800
KUTS,RDO,MONTGOMERY CO RDO,122.300
KUTS,UNIC,CTAF/UNICOM,122.800
KUUU,A/D,PROVIDENCE APP/DEP,128.700
KUUU,ASOS,ASOS,132.075
KUUU,CLD,CLNC DEL,127.250
KUUU,UNIC,CTAF/UNICOM,122.800
KUUV,AWOS,AWOS 3,119.375
KUUV,CNTR,KANSAS CITY CNTR,133.400
KUUV,UNIC,CTAF/UNICOM,122.700
KUVA,AWOS,AWOS 3,124.175
KUVA,CNTR,HOUSTON CNTR,134.950
KUVA,RDO,SAN ANGELO RDO,123.650
KUVA,UNIC,CTAF/UNICOM,122.800
KUWL,A/D,INDIANAPOLIS APP/DEP,135.450
KUWL,UNIC,CTAF/UNICOM,123.050
KUYF,APP,DAYTON APP,118.850
KUYF,DEP,DAYTON DEP,126.500
KUYF,UNIC,CTAF/UNICOM,123.000
KUZA,A/D,CHARLOTTE APP/DEP,120.050
KUZA,ASOS,ASOS,120.775
KUZA,CLD,CLNC DEL,126.850
KUZA,UNIC,CTAF/UNICOM,123.050
KVAD,APP,VALDOSTA APP,119.525
KVAD,ATIS,ATIS,27.350
KVAD,DEP,VALDOSTA DEP,126.600
KVAD,GND,GND,120.625
KVAD,INFO,SOF,143.825
KVAD,MISC,AFSOC COMD POST,22.822
KVAD,PMSV,PMSV METRO,26.345
KVAD,PTD,PTD,139.300
KVAD,TWR,TWR,128.450
KVAY,A/D,MC GUIRE APP/DEP,124.150
KVAY,ASOS,ASOS,119.325
KVAY,RDO,MILLVILLE RDO,122.450
KVAY,UNIC,CTAF/UNICOM,121.725
KVBG,A/D,SANTA BARB APP/DEP,124.150
KVBG,ACP,COMD POST,31.100
KVBG,ATIS,ATIS,133.125
KVBG,CTAF,CTAF,124.950
KVBG,GCCD,GND/CLNC DEL,121.750
KVBG,MISC,RANGE CON,121.400
KVBG,PMSV,PMSV METRO,34.240
KVBG,PTD,PTD,126.200
KVBG,TWR,TWR,124.950
KVBT,A/D,RAZORBACK APP/DEP,121.000
KVBT,AWOS,AWOS 3,134.975
KVBT,CLD,RAZORBACK CLNC DEL,121.050
KVBT,UNIC,CTAF/UNICOM,122.800
KVCB,A/D,TRAVIS APP/DEP,128.400
KVCB,ASOS,ASOS,134.750
KVCB,UNIC,CTAF/UNICOM,122.850
KVCT,ASOS,ASOS,119.025
KVCT,CNTR,HOUSTON CNTR,135.050
KVCT,RDO,MONTGOMERY CO RDO,122.200
KVCT,UNIC,CTAF/UNICOM,122.700
KVCV,A/D,JOSHUA APP/DEP,124.550
KVCV,AWOS,AWOS 3,109.400
KVCV,GND,GND,124.450
KVCV,TWR,VICTORVILLE TWR,118.350
KVDF,A/D,TAMPA APP/DEP,119.900
KVDF,AWOS,AWOS 3,121.125
KVDF,UNIC,CTAF/UNICOM,122.700
KVDI,AWOS,AWOS 3,119.925
KVDI,CNTR,JACKSONVILLE CNTR,132.300
KVDI,UNIC,CTAF/UNICOM,122.800
KVEL,ASOS,ASOS,135.175
KVEL,RDO,CEDAR CITY RDO,122.350
KVEL,UNIC,CTAF/UNICOM,122.700
KVER,A/D,MIZZU APP/DEP,124.375
KVER,UNIC,CTAF/UNICOM,122.700
KVES,A/D,DAYTON APP/DEP,134.450
KVES,UNIC,CTAF/UNICOM,122.800
KVGC,A/D,SYRACUSE APP/DEP,126.125
KVGC,FSS,BUFFALO RDO,122.100
KVGC,UNIC,CTAF/UNICOM,123.000
KVGT,A/D,LAS VEGAS APP,119.400
KVGT,APP,NELLIS APP,118.125
KVGT,ASOS,ASOS,118.050
KVGT,ATIS,ATIS,118.050
KVGT,CLD,CLNC DEL,124.000
KVGT,CTAF,CTAF,125.700
KVGT,GND,GND,121.700
KVGT,TWR,TWR,125.700
KVGT,UNIC,UNICOM,122.950
KVHN,A/D,ALBUQUERQUE CNTR,135.875
KVHN,CTAF,CTAF,122.900
KVHN,FSS,ALBUQUERQUE RDO,121.725
KVIH,ASOS,ASOS,119.025
KVIH,CNTR,KANSAS CITY CNTR,133.400
KVIH,UNIC,CTAF/UNICOM,123.000
KVIQ,CNTR,MINNEAPOLIS CNTR,124.400
KVIQ,UNIC,CTAF/UNICOM,122.800
KVIS,A/D,FRESNO APP/DEP,118.500
KVIS,AWOS,AWOS 3,119.925
KVIS,RDO,RANCHO RDO,109.400
KVIS,UNIC,CTAF/UNICOM,123.050
KVJI,A/D,TRI CITY APP/DEP,128.670
KVJI,AWOS,AWOS 3,128.125
KVJI,FSS,NASHVILLE RDO,114.600
KVJI,UNIC,CTAF/UNICOM,122.800
KVKS,CNTR,MEMPHIS CNTR,132.500
KVKS,UNIC,CTAF/UNICOM,122.800
KVLA,CNTR,KANSAS CITY CNTR,124.300
KVLA,RDO,ST LOUIS RDO,114.300
KVLA,UNIC,CTAF/UNICOM,122.800
KVLD,A/D,APP/DEP,119.525
KVLD,ASOS,ASOS,126.225
KVLD,CTAF,CTAF,120.900
KVLD,GND,GND,121.700
KVLD,RDO,MACON RDO,122.200
KVLD,TWR,TWR,120.900
KVLD,UNIC,UNICOM,122.950
KVLL,A/D,DETROIT APP/DEP,126.850
KVLL,AWOS,AWOS 3,119.475
KVLL,UNIC,CTAF/UNICOM,123.050
KVMR,A/D,SIOUX CITY APP/DEP,124.600
KVMR,RCO,HURON RDO,122.550
KVMR,UNIC,CTAF/UNICOM,122.800
KVNC,A/D,TAMPA APP/DEP,119.650
KVNC,AWOS,AWOS 1,119.275
KVNC,CLD,TAMPA CLNC DEL,118.075
KVNC,UNIC,CTAF/UNICOM,122.700
KVNW,A/D,FORT WAYNE APP/DEP,127.200
KVNW,AWOS,AWOS 3,125.175
KVNW,UNIC,CTAF/UNICOM,123.000
KVNY,A/D,SOCAL APP/DEP,120.400
KVNY,ATIS,ATIS,118.450
KVNY,CLD,CLNC DEL,126.600
KVNY,CTAF,CTAF,119.300
KVNY,GND,GND,121.700
KVNY,TWR,TWR,119.300
KVNY,TWR,TWR,120.200
KVNY,UNIC,UNICOM,122.950
KVOK,A/D,APP/DEP,135.250
KVOK,CTAF,CTAF,127.500
KVOK,GND,GND,121.900
KVOK,MISC,HARDWOOD RANGE,132.025
KVOK,OPS,SHEBOYGAN RANGE,26.040
KVOK,PTD,PTD,37.220
KVOK,TWR,TWR,127.500
KVPC,A/D,ATLANTA APP/DEP,121.000
KVPC,ASOS,ASOS,120.525
KVPC,UNIC,CTAF/UNICOM,123.050
KVPS,A/D,APP/DEP,125.100
KVPS,ATIS,ATIS,134.625
KVPS,CLD,CLNC DEL,127.700
KVPS,GND,GND,121.800
KVPS,PMSV,PMSV METRO,34.250
KVPS,POST,COMD POST,31.805
KVPS,PTD,PTD,139.300
KVPS,TWR,TWR,118.200
KVPZ,A/D,SOUTH BEND APP/DEP,132.050
KVPZ,ASOS,ASOS,125.875
KVPZ,CLD,SOUTH BEND CLNC DEL,135.200
KVPZ,CTAF,CTAF,122.725
KVPZ,RDO,TERRE HAUTE RDO,123.650
KVPZ,UNIC,UNICOM,122.725
KVQQ,A/D,JACKSONVILLE APP/DEP,123.800
KVQQ,ATIS,ATIS,125.275
KVQQ,CTAF,CTAF,126.100
KVQQ,GND,GND,121.625
KVQQ,TWR,TWR,126.100
KVQQ,UNIC,UNICOM,122.950
KVRB,APP/DEP,Miami APP/DEP,123.625
KVRB,ATIS,ATIS,120.575
KVRB,CLD,CLNC DEL,134.975
KVRB,CNTR,MIAMI CNTR,132.250
KVRB,CTAF,CTAF,126.300
KVRB,GND,GND,127.450
KVRB,RDO,ST PETERSBURG RDO,122.200
KVRB,TWR,TWR,126.300
KVRB,UNIC,UNICOM,122.950
KVSF,ASOS,ASOS,121.425
KVSF,CNTR,BOSTON CNTR,134.700
KVSF,RDO,BURLINGTON RDO,122.500
KVSF,UNIC,CTAF/UNICOM,122.800
KVTA,A/D,COLUMBUS APP/DEP,120.200
KVTA,ASOS,ASOS,121.125
KVTA,CLD,CLNC DEL,124.850
KVTA,RDO,DAYTON RDO,116.700
KVTA,UNIC,CTAF/UNICOM,122.700
KVTI,A/D,CEDAR RAPIDS APP/DEP,134.050
KVTI,AWOS,AWOS 3,120.075
KVTI,UNIC,CTAF/UNICOM,122.800
KVTN,ASOS,ASOS,118.075
KVTN,CNTR,DENVER CNTR,127.950
KVTN,UNIC,CTAF/UNICOM,122.800
KVUJ,A/D,CHARLOTTE APP/DEP,128.320
KVUJ,AWOS,AWOS 3,128.175
KVUJ,CLD,CLNC DEL,121.750
KVUJ,CTAF,CTAF,126.275
KVUJ,GND,GND,121.750
KVUJ,OPS,OPS,37.612
KVUJ,TWR,TWR,126.275
KVUJ,UNIC,UNICOM,123.000
KVUO,AAS,VFR ADVSY SVC,119.000
KVUO,APP,PORTLAND APP,118.100
KVUO,ASOS,ASOS,135.125
KVUO,CLD,CLNC DEL,121.650
KVUO,DEP,PORTLAND DEP,124.350
KVUO,RDO,SEATTLE RDO,122.350
KVUO,UNIC,CTAF/UNICOM,123.000
KVVS,AWOS,AWOS 3,133.320
KVVS,CNTR,CLEVELAND CNTR,124.400
KVVS,UNIC,CTAF/UNICOM,122.800
KVVV,AWOS,AWOS 3,33.200
KVVV,CNTR,MINNEAPOLIS CNTR,128.500
KVVV,UNIC,UNICOM,122.800
KVYS,AWOS,AWOS 3,120.025
KVYS,CNTR,CHICAGO CNTR,123.750
KVYS,UNIC,CTAF/UNICOM,123.000
KWAL,A/D,PATUXENT APP/DEP,127.950
KWAL,ASOS,ASOS,119.175
KWAL,CLD,PATUXENT CLNC DEL,121.700
KWAL,CTAF,CTAF,126.500
KWAL,INFO,INFO SVC,126.500
KWAL,TWR,TWR,126.500
KWAY,UNIC,CTAF/UNICOM,122.800
KWBW,A/D,APP/DEP,126.300
KWBW,UNIC,CTAF/UNICOM,122.800
KWDG,A/D,VANCE APP/DEP,119.775
KWDG,AWOS,AWOS 3,120.625
KWDG,CTAF,CTAF,118.900
KWDG,GND,GND,121.925
KWDG,RDO,MC ALESTER RDO,122.600
KWDG,TWR,WOODRING TWR,118.900
KWDG,UNIC,UNICOM,122.950
KWDR,A/D,ATLANTA APP/DEP,127.500
KWDR,AWOS,AWOS 3,118.575
KWDR,OPS,ARNG,44.000
KWDR,UNIC,CTAF/UNICOM,123.000
KWHP,A/D,SOCAL APP/DEP,120.400
KWHP,ATIS,,132.100
KWHP,CTAF,CTAF,122.950
KWHP,GND,GND,125.000
KWHP,TWR,TWR,135.000
KWJF,A/D,JOSHUA APP/DEP,126.100
KWJF,ATIS,ATIS,126.300
KWJF,AWOS,AWOS 3,133.875
KWJF,CTAF,CTAF,120.300
KWJF,GND,GND,121.700
KWJF,RDO,RIVERSIDE RDO,122.200
KWJF,TWR,FOX TWR,120.300
KWJF,UNIC,UNICOM,122.950
KWLD,ASOS,ASOS,118.025
KWLD,CNTR,KANSAS CITY CNTR,127.800
KWLD,RDO,WICHITA RDO,122.500
KWLD,UNIC,CTAF/UNICOM,122.800
KWLW,CNTR,OAKLAND CNTR,132.200
KWLW,RDO,RANCHO RDO,110.000
KWLW,UNIC,CTAF/UNICOM,122.800
KWMC,ASOS,ASOS,120.175
KWMC,CNTR,SALT LAKE CNTR,132.250
KWMC,RDO,RENO RDO,122.300
KWMC,UNIC,CTAF/UNICOM,122.800
KWRB,A/D,ATLANTA APP/DEP,119.600
KWRB,ATIS,ATIS,119.475
KWRB,CLD,ACC COMD POST,31.100
KWRB,GND,GND,121.850
KWRB,INFO,MAINT CTL CNTR,22.592
KWRB,MISC,AFRC COMD POST,37.217
KWRB,PMSV,PMSV METRO,34.985
KWRB,POST,116 ANG OPS,29.352
KWRB,PTD,PTD,134.100
KWRB,TWR,TWR,133.225
KWRI,A/D,APP/DEP,124.150
KWRI,ATIS,ATIS,110.600
KWRI,CLD,CLNC DEL,135.200
KWRI,GND,GND,121.800
KWRI,MISC,FT DIX RNG,34.000
KWRI,OPS,ARMY OPS,41.350
KWRI,PMSV,PMSV METRO,23.980
KWRI,POST,COMD POST,31.940
KWRI,PTD,PTD,134.100
KWRI,TWR,TWR,118.650
KWRL,ASOS,ASOS,135.475
KWRL,CNTR,SALT LAKE CITY CNTR,133.250
KWRL,RDO,CASPER RDO,122.400
KWRL,UNIC,CTAF/UNICOM,123.050
KWST,A/D,PROVIDENCE APP/DEP,119.450
KWST,ASOS,ASOS,132.375
KWST,UNIC,CTAF/UNICOM,123.000
KWVI,A/D,NORCAL APP/DEP,127.150
KWVI,ASOS,ASOS,132.175
KWVI,UNIC,CTAF/UNICOM,122.800
KWVL,A/D,PORTLAND APP/DEP,124.250
KWVL,AWOS,AWOS 3,118.375
KWVL,CLD,CLNC DEL,124.600
KWVL,UNIC,CTAF/UNICOM,122.700
KWWD,A/D,APP/DEP,124.600
KWWD,AWOS,AWOS 3,118.275
KWWD,CLD,CLNC DEL,121.700
KWWD,UNIC,CTAF/UNICOM,122.700
KWWR,AWOS,AWOS 3,118.425
KWWR,CNTR,KANSAS CITY CNTR,126.950
KWWR,UNIC,CTAF/UNICOM,122.800
KWYS,CNTR,SALT LAKE CITY CNTR,132.400
KWYS,RDO,GREAT FALLS RDO,119.400
KWYS,UNIC,CTAF/UNICOM,123.000
KXBP,AWOS,AWOS 3,119.225
KXBP,CNTR,FORT WORTH CNTR,127.000
KXBP,UNIC,CTAF/UNICOM,123.000
KXFL,A/D,DAYTONA APP/DEP,125.800
KXFL,AWOS,AWOS 3,128.325
KXFL,UNIC,CTAF/UNICOM,123.000
KXLL,A/D,APP/DEP,118.200
KXLL,CLD,CLNC DEL,118.900
KXLL,UNIC,CTAF/UNICOM,122.700
KXMR,A/D,ORLANDO APP/DEP,134.950
KXMR,PMSV,PMSV METRO,344.600
KXMR,TWR,CAPE TWR,118.625
KXMR,TWR,,239.050
KXNA,A/D,RAZORBACK APP/DEP,121.000
KXNA,ASOS,ASOS,119.425
KXNA,CTAF,CTAF,127.100
KXNA,GND,GND,121.900
KXNA,RDO,JONESBORO RDO,122.550
KXNA,TWR,TWR,127.100
KXNA,UNIC,UNICOM,122.950
KXNO,A/D,COLUMBIA APP/DEP,124.150
KXNO,CLD,COLUMBIA CLNC DEL,120.475
KXNO,CTAF,CTAF,118.150
KXNO,GND,GND,118.150
KXNO,TWR,TWR,118.150
KXVG,AWOS,AWOS 3,39.200
KXVG,CNTR,MINNEAPOLIS CNTR,118.050
KXVG,CTAF,CTAF,122.900
KYIP,A/D,DETROIT APP/DEP,118.950
KYIP,ASOS,ASOS,132.350
KYIP,ATIS,ATIS,127.425
KYIP,GND,GND,121.750
KYIP,TWR,TWR,125.275
KYKM,A/D,CHINOOK APP/DEP,123.800
KYKM,ATIS,ATIS,125.250
KYKM,CLD,CLNC DEL,121.900
KYKM,CTAF,CTAF,133.250
KYKM,GND,GND,121.900
KYKM,RDO,SEATTLE RDO,122.500
KYKM,TWR,TWR,133.250
KYKM,UNIC,UNICOM,122.950
KYKN,AWOS,AWOS 3,111.400
KYKN,CNTR,MINNEAPOLIS CNTR,124.100
KYKN,RDO,HURON RDO,111.400
KYKN,UNIC,CTAF/UNICOM,122.800
KYNG,A/D,CLEVELAND ARTCC A/D,127.150
KYNG,A/D,APP/DEP,133.950
KYNG,ATIS,ATIS,123.750
KYNG,CLD,CLNC DEL,118.250
KYNG,COMD POST,910 AW COMD POST,384.700
KYNG,GND,GND,121.900
KYNG,RDO,CLEVELAND RDO,122.200
KYNG,TWR,TWR,119.500
KYNG,UNIC,UNICOM,122.950
KZEF,CNTR,ATLANTA  CNTR,125.150
KZEF,UNIC,CTAF/UNICOM,123.050
KZER,A/D,HARRISBURG APP/DEP,118.250
KZER,AWOS,AWOS 3,127.570
KZER,RDO,WILLIAMSPORT RDO,114.600
KZER,UNIC,CTAF/UNICOM,122.800
KZPH,A/D,TAMPA APP/DEP,119.900
KZPH,ASOS,ASOS,118.975
KZPH,UNIC,CTAF/UNICOM,123.075
KZZV,ASOS,ASOS,111.400
KZZV,CNTR,INDIANAPOLIS CNTR,124.450
KZZV,RDO,CLEVELAND RDO,122.200
KZZV,UNIC,CTAF/UNICOM,123.000
LAKV,TWR,Kuçovë Air Base,118.375
LAKV,TWR,TWR,124.500
LATI,ACC,ACC,127.500
LATI,APP,APP,133.150
LATI,TWR,TWR,122.500
LBAM,CTAF,,119.955
LBBG,APP,APP,125.100
LBBG,ATIS,ATIS,120.950
LBBG,TWR,TWR,118.000
LBGO,TWR,TWR,119.700
LBHT,AFIS,Ihtiman Info,119.250
LBPD,TWR,TWR,119.600
LBSF,APP,APP,123.700
LBSF,ATIS,ATIS,124.050
LBSF,TWR,TWR,118.100
LBWN,APP,APP,121.000
LBWN,ATIS,ATIS,118.075
LBWN,TWR,TWR,119.500
LCEN,APP,Ercan Approach R,126.900
LCEN,ATIS,,118.350
LCEN,RADAR,Ercan Radar,126.700
LCEN,TWR,Ercan Tower,120.200
LCLK,APP,APP,121.200
LCLK,ATIS,ATIS,126.550
LCLK,TWR,TWR,119.400
LCPH,APP,APP,120.800
LCPH,TWR,TWR,119.900
LCRA,APP,APP,122.100
LCRA,ATIS,ATIS,28.820
LCRA,DIR,DIRECTOR,122.100
LCRA,GND,GND,26.100
LCRA,OPS,OPS,23.405
LCRA,TWR,TWR,122.100
LDDU,APP,APP,123.600
LDDU,TWR,TWR,129.500
LDOC,APP,OSIJEK APP,118.800
LDOS,APP,APP,118.800
LDOS,TWR,TWR,118.800
LDPL,APP,APP,118.400
LDPL,TWR,TWR,120.000
LDRG,INFO,GROBNIK INFO,123.500
LDRI,APP,APP,119.000
LDRI,TWR,TWR,119.000
LDSB,APP,APP,118.025
LDSB,RDR,SPLIT RDR,120.875
LDSB,TWR,TWR,118.025
LDSP,APP,APP,120.875
LDSP,INFO,INFO,128.675
LDSP,TWR,TWR,124.675
LDZA,APP,APP,120.700
LDZA,ATIS,ATIS,124.375
LDZA,GND,GND,121.850
LDZA,INFO,INFO,124.850
LDZA,RDR,RADAR,120.700
LDZA,TWR,TWR,118.300
LDZD,APP,APP,118.600
LDZD,TWR,TWR,123.700
LDZE,Info,,123.500
LEAB,APP,APP,118.725
LEAB,GND,GND,121.800
LEAB,TWR,TWR,122.100
LEAL,APP,APP,118.800
LEAL,ATIS,ATIS,113.800
LEAL,GND,GND,121.700
LEAL,TWR,TWR,118.150
LEAM,APP,APP,118.350
LEAM,GND,GND,121.700
LEAM,TWR,TWR,118.350
LEAS,APP,APP,118.150
LEAS,GND,GND,121.700
LEAS,TWR,TWR,118.150
LEAX,CTAF,Axarquia Traffic,123.500
LEBA,CTAF,CTAF,118.300
LEBB,APP,APP,120.700
LEBB,ATIS,ATIS,118.825
LEBB,GND,GND,121.700
LEBB,TWR,TWR,118.500
LEBE,INFO,Beas De Segura Information,123.500
LEBG,AFIS,Burgos Information,125.425
LEBG,UNIC,UNIC,122.400
LEBL,APP,APP,119.100
LEBL,ATIS,ATIS,118.650
LEBL,CLD,CLNC DEL,121.800
LEBL,GND,GND,121.650
LEBL,TWR,TWR,118.100
LEBZ,APP,APP,139.300
LEBZ,TWR,BADAJOZ TWR,122.100
LECD,TWR,TWR,123.500
LECH,APP,Valencia Approach,120.100
LECH,TWR,Castellon Tower,120.675
LECI,INFO,,123.500
LECN,CTAF,Castellón radio,123.500
LECO,APP,SANTIAGO APP,120.200
LECO,GND,GND,121.700
LECO,TWR,A Coruña TWR,118.300
LECU,GND,GND,121.800
LECU,TWR,TWR,118.700
LEDA,Approach,Barcelona Approach,127.700
LEDA,Tower,Lleida Tower,121.325
LEFM,A/G,AERO CLUB,123.400
LEGA,GND,,121.825
LEGA,MIL,,122.100
LEGA,MIL,,139.300
LEGA,TWR,TWR,118.700
LEGE,APP,APP,120.900
LEGE,GND,GND,121.700
LEGE,TWR,TWR,118.500
LEGR,ATIS,,120.625
LEGR,GND,GND,121.925
LEGR,TWR,TWR,118.850
LEGT,APP,APP,127.100
LEGT,DEP,MADRID DEP,127.100
LEGT,GND,GND,121.600
LEGT,TWR,TWR,138.300
LEHC,LEHC_AFIS,Huesca Information,128.950
LEHC,LEZG_APP,Zaragoza Approach,119.300
LEIB,APP,PALMA APP,118.125
LEIB,APP,APP,119.800
LEIB,ATIS,ATIS,117.800
LEIB,GND,GND,121.800
LEIB,TWR,TWR,118.500
LEIG,Air/Air,,123.175
LEJR,APP,APP,128.500
LEJR,GND,GND,121.600
LEJR,TWR,TWR,118.550
LELC,APP,SAN JAVIER APP,130.300
LELC,GND,SAN JAVIER GND,121.600
LELC,TWR,SAN JAVIER TWR,130.300
LELL,ACBS,AEROCLUB BARCELONA SABADELL,123.500
LELL,GMC,Sabadell Ground,121.605
LELL,TWR,Sabadell Tower,120.805
LELN,APP,Leon Approach,121.280
LELN,TWR,Leon Tower,122.105
LELO,twr,,118.575
LELO,twr,base militar,123.225
LELT,CTAF,LILLO PAPAMOVIL,123.375
LEMD,APP,MADRID APP,127.500
LEMD,ATIS,ATIS,118.250
LEMD,ATIS DEP,ATIS Departure,130.850
LEMD,CLD,Delivery East,130.075
LEMD,CLD,Delivery West,130.350
LEMD,EMR,FIRE,122.975
LEMD,GND,GND,121.850
LEMD,TWR,TWR 36L,118.070
LEMD,TWR,TWR 14R,118.150
LEMD,TWR,TWR 36R,118.670
LEMD,TWR,TWR 14L,118.975
LEMG,APP,APP Dep,118.455
LEMG,APP,APP Arr,123.850
LEMG,ATIS,ATIS,120.375
LEMG,CLD,CLR DEL,121.880
LEMG,GND,GND-W,121.705
LEMG,GND,GND-E,121.950
LEMG,TWR,TWR-W (RWY 13-31),118.150
LEMG,TWR,TWR-E (RWY 12-30),118.775
LEMH,APP,APP,119.650
LEMH,ATIS,ATIS,112.600
LEMH,GND,GND,121.750
LEMH,TWR,TWR,118.200
LEMO,APP,SEVILLA APP,120.000
LEMO,GND,GND,25.890
LEMO,PMSV,PMSV METRO,28.442
LEMO,POST,496 ABS COMD POST,26.472
LEMO,PTD,PTD,27.537
LEMO,TWR,TWR,122.100
LEMR,RDO,"La Morgal Radio (A/A, ES)",123.500
LEMR,TWR,Asturias TWR,118.150
LEMT,VHF,,123.500
LEMU,RADIO,Muchamiel Radio,123.500
LENA,TWR,Benabarre FREQ. - Non controlled aerodrom,122.475
LEOC,UNIC,RUNWAY INFO SVC,122.600
LEOS,Info,,123.500
LEPA,APP,APP,118.950
LEPA,ATIS,ATIS,119.250
LEPA,CLD,CLNC DEL,123.880
LEPA,GND,GND,121.705
LEPA,OPS,OPS,130.250
LEPA,TWR,TWR,118.305
LEPI,RADIO,Casas De Los Pinos Radio,123.500
LEPP,APP,APP,118.200
LEPP,GND,GND,121.700
LEPP,TWR,TWR,118.200
LERE,LEVC_N_TACC,Valencia Approach,120.100
LERE,RADIO,Requena Radio,123.325
LERI,TWR,TWR,118.100
LERM,RF,Robledillo,123.325
LERP,VHF,,123.450
LERS,APP,APP,118.150
LERS,GND,GND,121.700
LERS,TWR,TWR,118.150
LERT,A/G,CW AOK,672.150
LERT,APP,SEVILLA APP,120.800
LERT,APP,APP,128.500
LERT,APP,APP,264.700
LERT,APP,APP,279.000
LERT,ATIS,ROTA INFORMATION,267.600
LERT,GCA,ROTA GCA,123.300
LERT,GCA,GCA,134.100
LERT,GND,GND,130.700
LERT,MISC,BASE OPS,126.200
LERT,TWR,ROTA TWR,119.750
LERT,TWR,TWR,122.100
LERT,TWR,HEL,122.225
LERT,TWR,TWR,139.300
LERT,TWR,TWR,257.800
LERT,TWR,TWR,306.850
LESA,APP,APP,124.400
LESA,GND,GND,121.850
LESA,TWR,TWR,139.300
LESB,APP,PALMA APP,119.400
LESB,ATIS,Son Bonet MET,128.275
LESB,CTAF,Son Bonet Radio,122.705
LESB,CTAF,Mallorca VFR,123.500
LESB,OPS,PALMA OPS,130.250
LESL,RDO,RDO,123.500
LESO,TWR,SAN SEBASTIAN TOWER,119.850
LEST,APP,APP,118.200
LEST,GND,GND,121.700
LEST,TWR,TWR,118.750
LESU,AFIS,"H24. Outside ATS op hrs, this frq for A/A communications.",122.205
LESU,AFIS,"ATS hours. Outside ATS op hrs, frq for G/A communications.",131.605
LESU,EMERG,Emergency,121.500
LETI,TWR,TWR,129.975
LETL,VHF,,122.675
LETO,APP,MADRID APP,118.400
LETO,GCA,GCA,118.900
LETO,GND,GND,118.300
LETO,TWR,TWR,122.100
LEVC,APP,APP,120.100
LEVC,ATIS,ATIS,121.075
LEVC,GND,GND,121.700
LEVC,TWR,TWR,118.550
LEVD,TWR,TWR,122.200
LEVT,GND,GND,121.800
LEVT,TWR,TWR,118.450
LEVX,APP,SANTIAGO APP,120.200
LEVX,GND,GND,121.700
LEVX,TWR,TWR,118.450
LEXJ,APP,APP,118.375
LEXJ,GND,GND,121.700
LEXJ,TWR,TWR,118.100
LEZG,APP,APP,119.300
LEZG,GND,GND,118.100
LEZG,TWR,TWR,118.100
LEZL,APP,Sevilla Aproximacion,125.800
LEZL,ATIS,ATIS,118.175
LEZL,GND,GND,121.700
LFAC,APP,LILLE APP,120.275
LFAC,ATIS,ATIS,135.450
LFAC,TWR,TWR,128.925
LFAD,A/A,Compiegne,122.300
LFAM,A/A,,123.500
LFAQ,TWR,,119.650
LFAT,APP,LILLE APP,120.275
LFAT,ATIS,ATIS,123.125
LFAT,GND,GND,125.300
LFAT,TWR,TWR,118.450
LFAV,AFIS,VALENCIENNES INFO,122.600
LFAV,APP,LILLE APP,126.475
LFBA,APP,BLAGNAC APP,121.100
LFBA,APP,TOULOUSE APP,121.175
LFBA,ATIS,ATIS,129.600
LFBA,TWR,AGEN TWR,121.300
LFBC,APP,APP,142.450
LFBC,TWR,TWR,118.400
LFBD,APP,AQUITAINE APP,118.600
LFBD,ARR,APP,121.200
LFBD,ATIS,ATIS,131.150
LFBD,GND,GND,121.900
LFBD,INFO,AQUITAINE INFO,120.575
LFBD,OPS,OPNS,143.175
LFBD,TWR,TWR,118.300
LFBE,APP,AQUITAINE APP,119.275
LFBE,TWR,BERGERAC TWR,119.800
LFBF,AFIS,TOULOUSE INFO,121.250
LFBF,APP,APP,118.800
LFBF,APP,TOULOUSE APP,125.175
LFBF,ATIS,ATIS,141.750
LFBF,GND,GND,122.100
LFBF,TWR,TWR,118.400
LFBG,APP,COGNAC APP,122.550
LFBG,APP,COGNAC APP,29.372
LFBG,OPS,COGNAC OPS,139.925
LFBG,TWR,COGNAC TWR,120.075
LFBH,APP,LA ROCHELLE APP,124.200
LFBH,ATIS,LA ROCHELLE ATIS,126.875
LFBH,TWR,LA ROCHELLE TWR,118.000
LFBI,APP,POITIERS APP,130.900
LFBI,ATIS,ATIS,121.775
LFBI,INFO,POITERS INFO,120.775
LFBI,TWR,POITIERS TWR,118.500
LFBK,AFIS,INFO,118.400
LFBL,APP,LIMOGES APP,119.200
LFBL,ATIS,ATIS,128.075
LFBL,INFO,LIMOGES INFO,124.050
LFBL,TWR,LIMOGES TWR,118.700
LFBM,APP,MARSAN APP,142.450
LFBM,TWR,MARSAN TWR,142.750
LFBN,AFIS,NIORT INFO,119.100
LFBN,APP,COGNAC APP,122.550
LFBO,AFIS,TOULOUSE INFO,121.250
LFBO,APP,APP,121.100
LFBO,APP,TOULOUSE APP,125.175
LFBO,ATIS,ATIS,123.125
LFBO,CLD,CLNC DEL,121.700
LFBO,GND,GND,121.900
LFBO,TWR,TWR,118.100
LFBP,APP,PYRENEES APP,121.175
LFBP,ATIS,ATIS,128.475
LFBP,GND,GND,121.750
LFBP,TWR,TWR,124.150
LFBR,APP,TOULOUSE APP,125.175
LFBR,ATIS,ATIS,124.580
LFBR,GND,MURET GND,121.750
LFBR,TWR,MURET TWR,123.200
LFBT,APP,APP,120.300
LFBT,APP,PYRENEES APP,121.175
LFBT,ATIS,ATIS,125.950
LFBT,GND,GND,121.800
LFBT,TWR,TWR,119.050
LFBU,AFIS,ANGOULEME INFO,118.200
LFBU,APPROACH,LIMOGES APPROACH,118.070
LFBX,AFIS,PERIGUEUX INFO,118.775
LFBX,APP,AQUITAINE APP,119.275
LFBZ,APP,BIARRITZ APP,125.600
LFBZ,ATIS,ATIS,128.225
LFBZ,GND,BIARRITZ GND,121.950
LFBZ,TWR,BIARRITZ TWR,118.700
LFCC,AFIS,CAHORS INFO,119.225
LFCF,A/A,,123.500
LFCH,AFIS,Arcachon Info,119.075
LFCI,AFIS,ALBI INFO,118.950
LFCI,APP,TOULOUSE APP,123.850
LFCK,AFIS,CASTRES INFO,118.500
LFCK,APP,TOULOUSE APP,123.850
LFCL,APP,TOULOUSE APP,125.175
LFCL,ATIS,ATIS,128.100
LFCL,TWR,TWR,122.700
LFCM,AFIS,MILLAU INFO,120.800
LFCR,APP,RODEZ APP,125.375
LFCR,TWR,RODEZ TWR,118.125
LFCT,A/A,,123.350
LFCV,TWR,,123.500
LFCY,AFIS,ROYAN INFO,118.800
LFCY,APP,AQUITAINE APP,118.600
LFDB,A/A,,120.605
LFDB,APP,TOULOUSE APP,125.175
LFDC,A/A,Auto info,123.500
LFDH,AFIS,AUCH INFO,123.000
LFDH,APP,PYRENEES APP,121.175
LFDH,SIV,Pyrénées Information,126.625
LFDJ,AFIS,PAMIERS INFO,118.175
LFDJ,APP,TOULOUSE APP,125.175
LFDN,AFIS,ROCHEFORT INFO,119.300
LFDN,TWR,ROCHEFORT TWR,119.300
LFDX,RDO,Fumel radio,123.500
LFEF,AUTO INFO,,118.775
LFET,A/A,,120.060
LFEY,AFIS,INFO,118.900
LFFH,A/A,Chateau Thierry,120.375
LFFI,AFIS,INFO,118.200
LFFI,APP,NANTES APP,130.275
LFFO,Auto-Info,Beauvoir-Fromentine,123.500
LFFO,AutoInfo,,123.500
LFFZ,A/A,,123.500
LFGA,ATIS,,126.135
LFGA,TWR,Colmar Tour,119.000
LFGA,TWR,Colmar Sol,121.880
LFGB,TWR,TWR,125.250
LFGF,A/A,Beaune,123.500
LFGJ,INFO,AFIS,130.775
LFGJ,TWR,DOLE TWR,130.775
LFGN,Auto-Info,,123.500
LFHA,A/A,obligatoire,118.150
LFHN,A/A,Auto information,123.500
LFHO,A/A,réservé aux AFCT munis de radio,119.850
LFHP,INFO,LE PUY INFO,118.000
LFHQ,AFIS,ST FLOUR INFO,120.050
LFHR,A/A,,123.500
LFHS,AFIS,BOURG INFO,118.450
LFHT,A/A,,123.500
LFHV,CTAF,,118.250
LFHX,A/A,,123.350
LFHY,AFIS,MOULINS INFO,125.200
LFIG,APP,RODEZ APP,125.375
LFJL,APP,LORRAINE APP,119.125
LFJL,ATIS,LORRAINE ATIS,136.575
LFJL,GND,LORRAINE GND,121.700
LFJL,TWR,LORRAINE TWR,118.200
LFJR,AFIS,ANGERS INFO,124.705
LFJS,A/A,Soissons,120.375
LFKB,AFIS,BASTIA INFO,124.725
LFKB,APP,BASTIA RADAR APP,123.825
LFKB,ARR,BASTIA APP,37.850
LFKB,ATIS,BASTIA ATIS,125.925
LFKB,GND,GND,121.825
LFKB,TWR,BASTIA TWR,118.000
LFKC,ATIS,CALVI ATIS,131.175
LFKC,GND,CALVI GND,121.700
LFKC,TWR,CALVI TWR,120.800
LFKF,ATIS,FIGARI INFO,118.725
LFKF,GND,FIGARI GND,121.800
LFKF,TWR,FIGARI TWR,120.300
LFKJ,AFIS,AFIS,119.825
LFKJ,APP,AJACCIO APP,121.050
LFKJ,ATIS,AJACCIO ATIS,126.925
LFKJ,GND,AJACCIO GND,121.700
LFKJ,TWR,AJACCIO TWR,118.075
LFKO,AFIS,AFIS,118.500
LFKS,APP,APP,119.900
LFKS,APP,APP,33.900
LFKS,TWR,TWR,118.350
LFLA,INFO,AUXERRE INFO,129.800
LFLB,APP,CHAMBERY APP,123.700
LFLB,ATIS,CHAMBERY ATIS,124.575
LFLB,TWR,CHAMBERY TWR,118.300
LFLC,APP,CLERMONT APP,119.375
LFLC,APP,CLERMONT APP,122.225
LFLC,ATIS,CLERMONT ATIS,136.400
LFLC,FIS,CLERMONT INFO,122.225
LFLC,GND,CLERMONT GND,121.950
LFLC,TWR,CLERMONT TWR,118.625
LFLD,AFIS,INFO,119.600
LFLG,ATIS,,125.225
LFLG,GND,,121.650
LFLG,TWR,,121.000
LFLH,AFIS,CHALON INFO,118.600
LFLI,A/A,,125.875
LFLI,INFO,GENEVA,126.350
LFLL,A/D,Lyon approach,136.075
LFLL,ATIS,ATIS,126.175
LFLL,GND,GND,121.825
LFLL,PFLT,PREFLIGHT,121.650
LFLL,TWR,TWR,120.450
LFLM,AFIS,MACON INFO,119.000
LFLM,APP,LYON APP,135.200
LFLN,APP,APP,119.500
LFLN,ATIS,ATIS,132.475
LFLN,GND,GND,121.800
LFLN,TWR,TWR,122.300
LFLO,AFIS,ROANNE,120.900
LFLO,APP,SAINT YAN Approche - (s) - au dessus de 2000 ASFC,119.500
LFLO,APP,SAINT YAN Approche,123.400
LFLP,AFIS,INFO,118.205
LFLP,APP,CHAMBERY APP,123.705
LFLP,Sol,ANNECY SOL,121.730
LFLP,TWR,ANNECY TWR,118.205
LFLQ,A/A,,123.500
LFLS,APP,GRENOBLE APP,119.300
LFLS,ATIS,GRENOBLE ATIS,133.850
LFLS,GND,GRENOBLE GND,121.925
LFLS,TWR,GRENOBLE TWR,119.300
LFLU,TWR,VALENCE TWR,120.100
LFLV,AFIS,VICHY INFO,121.400
LFLW,AFIS,INFO,118.325
LFLX,AFIS,CHATEAUROUX INFO,125.875
LFLX,ARR,POITERS APP,130.900
LFLX,TWR,CHATEAUROUX TWR,125.875
LFLY,APP,LYON APP,119.450
LFLY,ATIS,ATIS,128.125
LFLY,GND,GND,121.700
LFLY,TWR,TWR,118.100
LFLZ,A/A,,123.500
LFMA,APP,PROVENCE,118.850
LFMA,ATIS,ATIS,136.225
LFMA,TWR,TWR,118.750
LFMC,APP,LE LUC APP,122.200
LFMC,ATIS,ATIS,128.650
LFMC,GND,GND,121.850
LFMC,TWR,LE LUC TWR,123.000
LFMD,ATIS,CANNES ATIS,127.475
LFMD,GND,CANNES GND,121.800
LFMD,TWR,CANNES TWR,118.625
LFMH,APP,SAINT ETIENNE APP,118.650
LFMH,ATIS,SAINT ETIENNE ATIS,132.800
LFMH,TWR,SAINT ETIENNE TWR,118.650
LFMI,ACC,RHONE ACC,119.475
LFMI,APP,ISTRES APP,120.350
LFMI,APP,ISTRES APP,28.252
LFMI,GND,ISTRES GND,121.850
LFMI,OPS,RIVERIA OPS,25.725
LFMI,TWR,ISTRES TWR,122.100
LFMK,APP,TOULOUSE APP,123.850
LFMK,ATIS,ATIS,120.025
LFMK,TWR,CARCASSONNE TWR,121.000
LFML,APP,APP/RADAR,120.200
LFML,ATIS,ATIS,125.350
LFML,GND,GND,121.900
LFML,INFO,INFO,118.850
LFML,PFLT,PERFLIGHT,121.725
LFML,TWR,TWR,118.375
LFMN,A/D,NICE APP,124.175
LFMN,ATIS,NICE ATIS,129.600
LFMN,GND,NICE GND,121.775
LFMN,TWR,NICE TWR,118.700
LFMO,APP,ORANGE APP,142.450
LFMO,TWR,ORANGE TWR,120.700
LFMP,APP,PERPIGNAN APP,120.750
LFMP,ATIS,ATIS,127.875
LFMP,TWR,PERPIGNAN TWR,121.900
LFMQ,AFIS,AFIS,119.000
LFMS,AFIS,ALES INFO,130.200
LFMS,APP,GARONS APP,122.100
LFMT,APP,MONTPELLIER APP,120.375
LFMT,ATIS,MONTPELLIER ATIS,124.125
LFMT,GND,MONTPELLIER GND,121.950
LFMT,TWR,MONTPELLIER TWR South sector,118.200
LFMT,TWR,MONTPELLIER TWR North sector,118.775
LFMU,APP,MONTPELLIER APP,130.850
LFMU,ATIS,BEZIERS ATIS,127.525
LFMU,TWR,BEZIERS TWR,120.175
LFMV,APP,AVIGNON APP,120.875
LFMV,ATIS,AVIGNON ATIS,120.825
LFMV,TWR,AVIGNON TWR,122.600
LFMW,A/A,,118.900
LFMY,APP,APP,135.150
LFMY,DEP,DEP,25.955
LFMY,TWR,TWR,122.100
LFMZ,INFO,INFO,121.200
LFNB,AFIS,MENDE INFO,119.600
LFNL,CTAF,,122.450
LFNL,CTAF,,122.500
LFNS,Sisteron,Sisteron starter,120.050
LFOA,APP,APP,119.700
LFOA,APP,APP,138.975
LFOA,TWR,TWR,122.100
LFOB,APP,BEAUVAIS APP,119.900
LFOB,ATIS,BEAUVAIS ATIS,118.375
LFOB,TWR,BEAUVAIS TWR,121.400
LFOC,APP,BRICY APP,122.700
LFOC,APP,BRICY APP,37.057
LFOC,GCA,GCA,123.300
LFOC,GCA,GCA,37.492
LFOC,TWR,TWR,125.625
LFOD,AFIS,SAUMUR INFO,120.600
LFOE,APP,EVREUX APP,118.125
LFOE,ATIS,EVREUX ATIS,138.225
LFOE,GND,EVREUX GND,122.100
LFOE,TWR,EVREUX TWR,119.700
LFOH,APP,RENNES APP,120.350
LFOH,ATIS,ATIS,126.175
LFOH,TWR,LE HAVRE TWR,135.205
LFOI,A/A,Abbeville,123.500
LFOJ,APP,APP,122.700
LFOJ,GND,GND,122.100
LFOJ,TWR,TWR,122.100
LFOK,AFIS,INFO,119.400
LFOK,TWR,TWR,119.400
LFOM,CTAF,,128.925
LFOP,APP,ROUEN APP,118.575
LFOP,ATIS,ATIS,120.730
LFOP,TWR,ROUEN TWR,120.200
LFOQ,AFIS,BLOIS INFO,118.450
LFOR,A/A,Chartres,119.205
LFOT,AFIS,TOURS INFO,118.300
LFOT,APP,TOURS APP,121.000
LFOT,APP,TOURS APP,37.925
LFOT,GND,TOURS GND,122.100
LFOT,TWR,TOURS TWR,118.300
LFOU,AFIS,CHOLET INFO,120.405
LFOU,APP,NANTES APP,124.250
LFOV,AFIS,LAVAL INFO,119.300
LFOX,ATIS,,129.900
LFOX,GND,,121.850
LFOX,TWR,,119.050
LFOZ,AFIS,INFO,122.400
LFPA,CTAF,PERSAN-BEAUMONT,119.500
LFPB,APP,DE GAULLE APP,121.150
LFPB,APP,DE GAULLE APP,136.275
LFPB,ATIS,ATIS,120.000
LFPB,DEP,DE GAULLE DEP,124.350
LFPB,GND,GND,121.900
LFPB,PFLT,PREFLIGHT,121.950
LFPB,TWR,TWR,118.925
LFPC,APP,DE GAULLE APP,119.850
LFPC,GCA,PRECISION,138.570
LFPC,GND,GND,122.100
LFPC,TWR,TWR,123.300
LFPD,CTAF,,119.230
LFPE,ATIS,Meaux ATIS,126.725
LFPE,TWR,Meaux,120.150
LFPG,APP,DE GAULLE APP,121.150
LFPG,APP,DE GAULLE APP,136.275
LFPG,ATIS,DE GAULLE ATIS,127.125
LFPG,DEP,DE GAULLE DEP,124.350
LFPG,GND,DE GAULLE TRAFFIC,118.100
LFPG,GND,DE GAULLE GND,121.600
LFPG,PFLT,DE GAULLE PREFLIGHT,126.650
LFPG,TWR,DE GAULLE TWR,119.250
LFPG,TWR,DE GAULLE TWR,120.650
LFPL,ATIS,,125.025
LFPL,GND,,122.125
LFPL,TWR,,118.600
LFPM,APP,SEINE APP,118.050
LFPM,ATIS,ATIS,128.175
LFPM,TWR,MELUN TWR,121.100
LFPN,ATIS,ATIS,127.475
LFPN,GND,GND,122.130
LFPN,TWR,TWR,120.750
LFPO,APP,APP,123.875
LFPO,ATIS,ATIS,131.350
LFPO,DEP,DEP,127.750
LFPO,GND,GND,121.700
LFPO,PFLT,PREFLIGHT,121.050
LFPO,TWR,TWR,118.700
LFPP,A/A,Le Plessis,120.400
LFPQ,A/A,Fontenay Tresigny,120.225
LFPT,APP,PONTOISE APP,118.800
LFPT,ATIS,ATIS,124.125
LFPT,TWR,PONTOISE TWR,121.200
LFPV,APP,VILLA APP/DEP,119.425
LFPV,APP,VILLA APP/DEP,26.590
LFPV,GND,VILLA GND,121.875
LFPV,OPS,VILLA OPS,138.900
LFPV,TWR,VILLA TWR,122.100
LFPZ,A/A,,118.000
LFPZ,ATIS/V,,131.025
LFPZ,GND,,121.950
LFPZ,TWR,,118.000
LFQA,AFIS,AFIS,134.925
LFQA,APP,REIMS APP,119.800
LFQB,AFIS,TROYES INFO,123.725
LFQB,APP,SEINE APP,120.325
LFQE,APP,ETAIN APP,120.125
LFQE,GND,GND,138.100
LFQE,TWR,ETAIN TWR,142.700
LFQG,INFO,NEVERS INFO,120.600
LFQH,A/A,,123.500
LFQJ,A/A,,121.000
LFQM,INFO,INFO,122.200
LFQN,Info,,123.500
LFQP,APP,PHALSBOURG APP,128.750
LFQP,ATIS,ATIS,141.050
LFQP,GND,PHALSBOURG GND,139.600
LFQP,TWR,PHALSBOURG TWR,129.800
LFQQ,AFIS,LILLE INFO,134.825
LFQQ,APP,LILLE APP,120.275
LFQQ,ATIS,ATIS,119.325
LFQQ,GND,LILLE GND,121.850
LFQQ,TWR,LILLE TWR,118.550
LFQT,APP,LILLE APP,120.275
LFQT,ATIS,ATIS,127.900
LFQT,GND,MERVILLE GND,121.675
LFQT,TWR,MERVILLE TWR,119.075
LFQV,AFIS,INFO,119.000
LFRB,APP,LANDI APP,122.400
LFRB,APP,IROISE APP,135.825
LFRB,ATIS,ATIS,129.350
LFRB,TWR,TWR,120.100
LFRC,APP,DEAUVILLE APP,119.350
LFRC,TWR,CHERBOURG TWR,119.625
LFRD,ATIS,DINARD ATIS,124.575
LFRD,TWR,DINARD TWR,120.150
LFRE,AFIS,LA BAULE INFO,121.400
LFRG,APP,DEAUVILLE APP,120.350
LFRG,ATIS,ATIS,136.150
LFRG,INFO,DEAUVILLE INFO,119.825
LFRG,TWR,DEAUVILLE TWR,118.300
LFRH,APP,LORIENT APP,123.000
LFRH,APP,LORIENT APP,36.230
LFRH,ATIS,ATIS,129.125
LFRH,GND,GND,119.700
LFRH,TWR,LORIENT TWR,122.700
LFRI,AFIS,LA ROCHE INFO,119.900
LFRI,APP,NANTES APP,130.275
LFRJ,APP,LANDI APP,122.400
LFRJ,ATIS,ATIS,142.225
LFRJ,TWR,LANDI TWR,119.200
LFRK,APP,DEAUVILLE APP,120.350
LFRK,ATIS,CAEN,123.080
LFRK,OPS,CAEN OPERATION,131.400
LFRK,TWR,CAEN GROUND,121.790
LFRK,TWR,CAEN TWR,134.530
LFRL,APP,LANVEOC APP,120.600
LFRL,ATIS,ATIS,137.400
LFRL,GND,LANVEOC GND,121.900
LFRL,TWR,LANVEOC TWR,123.200
LFRM,TWR,LE MANS TWR,125.900
LFRN,APP,RENNES APP,124.900
LFRN,APP,RENNES APP,134.000
LFRN,ATIS,RENNES ATIS,136.400
LFRN,GND,RENNES GND,121.725
LFRN,TWR,RENNES TWR,120.500
LFRO,TWR,TWR,118.400
LFRQ,APP,IROISE APP,119.575
LFRQ,TWR,QUIMPER TWR,118.625
LFRS,APP,APP,124.250
LFRS,APP,APP,124.430
LFRS,ATIS,ATIS,126.930
LFRS,GND,GND,121.655
LFRS,INFO,INFO,130.275
LFRS,TWR,TWR,118.650
LFRT,AFIS,INFO,119.400
LFRU,APP,LANDI APP,122.400
LFRU,APP,IROISE APP,135.825
LFRV,TWR,VANNES TWR,122.600
LFRZ,APP,NANTES APP,130.275
LFRZ,TWR,SAINT NAZAIRE TWR,118.950
LFSB,A/D,APP,118.575
LFSB,ATIS,ATIS,127.875
LFSB,GND,GND,121.600
LFSB,INFO,INFO,121.250
LFSB,PFLT,PREFLIGHT,120.500
LFSB,TWR,TWR,118.300
LFSD,A/D,DIJON APP,142.450
LFSD,AFIS,DIJON INFO,118.325
LFSD,GND,DIJON GND,122.100
LFSD,TWR,DIJON TWR,118.325
LFSG,AFIS,AFIS EPINAL INFO,120.200
LFSG,APP,LORRAINE APP,127.250
LFSH,A/A,,120.630
LFSI,APP,ST DIZIER APP,142.450
LFSI,APP,ST DIZIER APP,24.460
LFSI,GND,GND,122.100
LFSI,TWR,ST DIZIER TWR,138.925
LFSL,AFIS,,121.125
LFSL,TWR,,121.125
LFSL,TWR/AFIS,BRIVE TOWER/INFO,121.125
LFSL,approach,LIMOGES APPROACH,118.080
LFSM,AFIS,MONTBELIARD INFO,132.025
LFSM,APP,BALE APP,121.250
LFSN,AFIS,AFIS,119.600
LFSN,APP,LORRAINE APP,127.250
LFSO,APP,APP,127.250
LFSO,APP,APP,36.230
LFSO,TWR,TWR,122.100
LFSP,TWR,,135.700
LFST,APP 1,STRASBOURG APPROCHE,120.410
LFST,APP 2,STRASBOURG APPROCHE,119.580
LFST,APP 3,STRASBOURG APPROCHE,133.100
LFST,ATIS,STRASBOURG ATIS,126.930
LFST,FIS 1,STRASBOURG INFORMATION,120.410
LFST,FIS 2,STRASBOURG INFORMATION,119.580
LFST,GND,STRASBOURG SOL,121.805
LFST,TWR,STRASBOURG TOUR,119.250
LFSU,A/A,,123.500
LFSX,APP,LUXEUIL APP,129.925
LFSX,ARR,LUXEUIL ARR,39.702
LFSX,TWR,LUXEUIL TWR,122.100
LFTF,TWR,CUERS TWR,118.275
LFTH,APP,TOULON APP,118.825
LFTH,ARSA,HYERES RDR,36.255
LFTH,ATIS,HYERES ATIS,129.650
LFTH,GND,HYERES GND,121.800
LFTH,TWR,HYERES TWR,121.000
LFTW,APP,APP,119.700
LFTW,ATIS,ATIS,129.350
LFTW,GND,GND,121.800
LFTW,TWR,TWR,123.200
LFTZ,AFIS,AFIS INFO,118.125
LFVM,A/D,ST PIERRE TRML,119.100
LFVM,CNTR,GANDER CNTR,134.900
LFVM,CTAF,CTAF,119.100
LFVM,TWR,MIQUELON TWR,119.100
LFVP,A/D,TRML,118.500
LFVP,CNTR,GANDER CNTR,134.900
LFVP,CTAF,CTAF,119.100
LFVP,TWR,TWR,119.100
LFXA,APP,LYON APP,120.225
LFXA,TWR,TWR,122.100
LFYG,A/A,,122.925
LFYG,APP,Cambray Approach,119.700
LFYG,TWR,,118.525
LFYR,A/A,,119.075
LGAD,APP,APP,120.650
LGAD,TWR,TWR,120.650
LGAL,A/G,ALEXANDROUPOLIS RDO,563.700
LGAL,APP,ALEXANDROUPOLIS APP,123.800
LGAL,TWR,ALEXANDROUPOLIS TWR,123.800
LGAV,APP,ATHINAI APP,126.575
LGAV,ARR,ATHINAI ARR,132.975
LGAV,ATIS,ATIS,136.125
LGAV,CLD,CLNC DEL,118.675
LGAV,DEP,ATHINAI DEP,128.950
LGAV,DIR,ATHINAI DIR,121.400
LGAV,GND,GND,121.750
LGAV,INFO,INFO,136.025
LGAV,PMSV,ATHINAI VOLMET,127.800
LGAV,RDO,RDO,563.700
LGAV,TWR,TWR,136.275
LGAX,TWR,TWR,123.500
LGBL,APP,ALMIROS APP,120.350
LGBL,TWR,ALMIROS TWR,122.100
LGEL,APP,ATHINAI APP,119.100
LGEL,TWR,TWR,120.150
LGHI,A/G,RDO,563.700
LGHI,APP,APP,124.000
LGHI,TWR,TWR,122.700
LGIK,AFIS,AFIS,122.300
LGIK,RDO,RDO,563.700
LGIO,A/D,APP,118.600
LGIO,A/G,RDO,563.700
LGIO,AFIS,AFIS,132.200
LGIO,TWR,TWR,132.200
LGIR,A/G,KAZANTZAKIS RDO,563.700
LGIR,APP,IRAKLION APP,123.975
LGIR,ATIS,ATIS,127.550
LGIR,DIR,IRAKLION DIRECTOR,118.025
LGIR,GND,KAZANTZAKIS GND,121.700
LGIR,TRSA,IRAKLION RADAR,123.975
LGIR,TWR,KAZANTZAKIS TWR,120.850
LGKA,A/G,KASTORIA RDO,563.700
LGKA,AFIS,KASTORIA INFO,118.400
LGKC,A/G,RDO,563.700
LGKC,AFIS,AFIS,123.250
LGKF,A/G,RDO,563.700
LGKF,AFIS,AFIS INFO,122.250
LGKL,A/G,RDO,563.700
LGKL,APP,APP,120.750
LGKL,TWR,TWR,120.750
LGKM,TWR,TWR,122.100
LGKO,A/G,IPPOKRATIS RDO,563.700
LGKO,APP,APP,119.950
LGKO,ATIS,ATIS,126.950
LGKO,TWR,IPPOKRATIS TWR,121.050
LGKP,A/G,RDO,563.700
LGKP,INFO,INFO,122.100
LGKR,A/G,KERKIRA RDO,563.700
LGKR,APP,KERKIRA APP,118.075
LGKR,ATIS,ATIS,126.350
LGKR,TWR,KERKIRA TWR,120.850
LGKS,A/G,RDO,563.700
LGKS,AFIS,INFO,123.200
LGKV,A/G,RDO,563.700
LGKV,APP,KAVALA APP,122.100
LGKV,TWR,TWR,118.400
LGKZ,A/G,KOZANI RDO,563.700
LGKZ,AFIS,KOZANI AFIS,118.200
LGLE,A/G,RDO,563.700
LGLE,AFIS,INFO,124.950
LGLM,A/G,RDO,563.700
LGLM,APP,APP,122.100
LGLM,TWR,TWR,122.100
LGLR,APP,APP,120.550
LGLR,TWR,TWR,120.550
LGMG,TWR,TWR,130.875
LGMK,A/G,RDO,563.700
LGMK,APP,APP,118.750
LGMK,TWR,TWR,118.750
LGMT,A/G,RDO,563.700
LGMT,APP,APP,122.100
LGMT,TWR,TWR,122.100
LGPA,AFIS,PAROS INFORMATION,125.050
LGPL,A/G,RDO,563.700
LGPL,AFIS,AFIS,124.850
LGPZ,A/G,RDO,563.700
LGPZ,APP,APP,120.450
LGPZ,TWR,TWR,120.450
LGRD,APP,RODOS APP,120.600
LGRD,TWR,TWR,118.100
LGRP,A/G,RDO,563.700
LGRP,APP,RODOS APP,118.250
LGRP,ATIS,ATIS,126.350
LGRP,GND,GND,121.700
LGRP,TWR,TWR,118.200
LGRX,A/G,RDO,563.700
LGRX,APP,ANDRAVIDA APP,120.650
LGRX,POST,COMD POST,33.775
LGRX,TWR,TWR,122.100
LGSA,A/G,CHANIA RDO,563.700
LGSA,APP,APP,118.125
LGSA,GND,GND,121.700
LGSA,MISC,RANGER BASE,25.240
LGSA,OPS,BASE OPS,35.940
LGSA,PMSV,PMSV METRO,35.940
LGSA,POST,BULL PEN,27.895
LGSA,TWR,TWR,121.100
LGSK,A/G,SKIATHOS RDO,563.700
LGSK,APP,SKIATHOS APP,126.050
LGSK,TWR,SKIATHOS TWR,126.050
LGSM,A/G,RDO,563.700
LGSM,APP,APP,122.100
LGSM,TWR,TWR,122.100
LGSO,A/G,RDO,563.700
LGSO,AFIS,AFIS,118.850
LGSR,A/G,RDO,563.700
LGSR,APP,APP,118.050
LGSR,TWR,TWR,118.050
LGST,A/G,RDO,563.700
LGST,AFIS,INFO,122.600
LGSY,A/G,RDO,563.700
LGSY,APP,APP,123.200
LGSY,TWR,TWR,123.200
LGTG,APP,APP,120.250
LGTG,TWR,TWR,120.250
LGTL,TWR,TWR,122.100
LGTP,TWR,TWR,122.100
LGTS,A/G,RDO,563.700
LGTS,APP,APP,120.800
LGTS,ATIS,ATIS,127.550
LGTS,CLD,CLNC DEL,118.050
LGTS,GND,GND,121.700
LGTS,TWR,TWR,118.100
LGTT,APP,ATHINAI APP,119.100
LGTT,TWR,TWR,118.500
LGZA,A/G,RDO,563.700
LGZA,TWR,TWR,125.425
LHBC,AFIS,Békéscsaba INFO,123.260
LHBP,ACC,BUDAPEST APP,129.700
LHBP,APP,DIRECTOR,119.500
LHBP,APRS,Apron Guide South,122.450
LHBP,APRW,Apron Guide West,131.550
LHBP,ATIS,ATIS,132.375
LHBP,CDC,Delivery,134.550
LHBP,GND,GND,121.900
LHBP,TWR,TWR,118.100
LHBS,CTAF,,124.510
LHDC,AFIS,INFO,125.900
LHDC,INFO,BUDAPEST INFO,133.300
LHEM,Info,,128.650
LHFM,AFIS,INFO,124.450
LHGD,AFIS,,118.650
LHKD,CTAF,Kesckéd Radio,120.610
LHKE,APP,APP,120.250
LHKE,TWR,TWR,135.750
LHKH,INFO,Kiskun INFO,118.850
LHKK,Info,Lacháza INFO,124.035
LHKV,CTAF,Kaposújlak Radio,125.060
LHMR,CTAF,,129.985
LHNY,AFIS,INFO,127.600
LHPP,AFIS,POGANY INFO,126.900
LHPR,AAS,AFIS,129.900
LHPR,INFO,BUDAPEST INFO,125.500
LHSA,TWR,TWR,127.000
LHSM,AFIS,INFO,127.600
LHSM,TWR,TWR,127.600
LHSN,TWR,OPERA TWR,129.000
LHSY,TWR,SZOMBATHELY TWR,119.610
LHSZ,INFO,Szentes Info,123.810
LHTL,AFIS,Tököl RADIO,127.560
LHUD,AFIS,Szeged Info,122.810
LHUH,Info,,135.700
LHZK,VHF,Balaton INFO,134.585
LIAA,Info,Terni Information,128.450
LIAF,Radio,Foligno radio,119.555
LIAP,RDO,RDO,122.500
LIAT,RDO,Valdera Radio,119.000
LIBA,APP,APP,118.850
LIBA,GND,GND,38.910
LIBA,TWR,TWR,118.200
LIBC,AFIS,INFO,119.100
LIBD,APP,APP,119.500
LIBD,TWR,TWR,118.300
LIBF,AFIS,FOGGIA INFO,120.100
LIBF,APP,AMENDOLA APP,118.850
LIBG,APP,APP,118.700
LIBG,TWR,TWR,118.700
LIBN,APP,APP,118.950
LIBN,GND,GND,28.055
LIBN,TACAN,,112.800
LIBN,TWR,TWR,119.550
LIBN,VORTAC,,112.800
LIBP,APP,APP,120.050
LIBP,TWR,TWR,118.450
LIBR,APP,BRINDISI APP,118.400
LIBR,APP,BRINDISI APP,36.365
LIBR,GND,GND,31.355
LIBR,ILS RWY 32,,109.500
LIBR,TWR,BRINDISI TWR,118.100
LIBV,APP,APP,122.100
LIBV,GND,GND,36.947
LIBV,TWR,TWR,122.100
LICA,APP,APP,118.800
LICA,TWR,TWR,119.700
LICB,ILS,ILS pista 09,108.900
LICC,APP,APP,119.250
LICC,DIR,DIRECTOR,120.800
LICC,GND,GND,129.725
LICC,TWR,TWR,118.700
LICD,AFIS,INFO,122.100
LICG,TWR,TWR,118.450
LICJ,APP,PALERMO APP,120.200
LICJ,ATIS,,123.875
LICJ,GND,RAISI GND,121.625
LICJ,TWR,RAISI TWR,119.050
LICP,APP,RAISI APP,120.200
LICP,TIBA,Boccadifalco,122.600
LICR,APP,APP,120.275
LICR,TWR,TWR,118.250
LICT,APP,APP,119.950
LICT,TWR,TWR,119.700
LICZ,A/G,AG MIL VOICE,30.700
LICZ,APP,CATANIA APP,119.250
LICZ,ATIS,ATIS,138.175
LICZ,DIR,CATANIA DIRECTOR,120.800
LICZ,GND,GND,121.950
LICZ,INFO,PACHINO TARGET RNG,25.245
LICZ,OPS,AIR TRML OPS CNTR,118.200
LICZ,PMSV,PMSV METRO BASE OPS,34.460
LICZ,TWR,TWR,118.050
LIDA,RDO,RDO,122.600
LIDE,AFIS,Reggio Emilia Information,127.150
LIDF,RDO,Fano Radio,119.650
LIDG,RDO,Lugo Radio,119.650
LIDP,CTAF,Pavullo Radio,124.980
LIDR,RDO,Ravenna Radio,123.505
LIDT,AFIS,Trento Information,119.655
LIDT,FIS,Padova Information,124.150
LIEA,APP,APP,128.550
LIEA,ATIS,ATIS,125.025
LIEA,TWR,TWR,118.850
LIED,APP,CAGLIARI APP,118.750
LIED,GND,GND,27.917
LIED,TWR,TWR,122.100
LIEE,APP,CAGLIARI APP,118.750
LIEE,GND,Elmas GND,125.425
LIEE,MISC,SAR,123.100
LIEE,TWR,TWR,120.600
LIEO,APP,OLBIA RADAR,125.950
LIEO,ATIS,ATIS,113.900
LIEO,TWR,OLBIA TWR,118.975
LIER,APP,Cagliari APP,118.750
LIER,RADIO,ORISTANO RADIO,122.600
LIET,AFIS,INFO,119.650
LIGT,radio,,130.000
LILA,CTAF,Alessandria Radio,126.900
LILE,AFIS,AFIS,123.050
LILH,RDO,RDO,123.000
LILI,FIC,Milano Information,124.925
LILI,FIC,Milano Information South,128.925
LILI,FIC,Milano Information North,135.075
LILI,Radio,Vercelli Radio,118.855
LILM,CTAF,Casale Radio,118.355
LILN,AFIS,AFIS,128.550
LILO,CTAF,Caiolo Radio,129.500
LILQ,RDO,Massa radio,120.355
LILY,RADIO,Como radio,121.005
LIMA,AFIS,INFO,119.800
LIMB,RDO,Bresso Radio [IT/EN],122.005
LIMC,APP,MILANO APP,132.700
LIMC,ATIS,ATIS,120.025
LIMC,CLD,CLNC DEL,120.900
LIMC,DEP,MILANO DEP,126.750
LIMC,GND,GND,121.900
LIMC,TWR,TWR,119.000
LIME,APP,MILANO APP,126.750
LIME,ATIS,ATIS,112.600
LIME,GND,ORIO GND,120.500
LIME,TWR,ORIO TWR,126.875
LIMF,APP,APP,129.275
LIMF,APP,APP,23.440
LIMF,ATIS,ATIS,120.475
LIMF,GND,GND,121.705
LIMF,TWR,TWR,118.500
LIMG,AFIS,INFO,123.850
LIMJ,APP,APP,119.600
LIMJ,ATIS,ATIS,122.825
LIMJ,TWR,TWR,118.600
LIML,APP,MILANO APP,132.700
LIML,ATIS,ATIS,135.550
LIML,DEP,MILANO DEP,126.750
LIML,GND,GND,121.800
LIML,TWR,TWR,118.100
LIMN,APP,APP,125.620
LIMN,GND,GND,121.700
LIMN,TWR,TWR,122.100
LIMN,TWR,TWR,33.832
LIMP,APP,APP,126.550
LIMP,TWR,TWR,118.450
LIMS,APP,APP,123.925
LIMS,TWR,TWR,122.100
LIMW,AFIS,INFO,119.950
LIMZ,AFIS,CUNEO INFO,119.550
LINF,Info,,130.000
LIPA,ACP,AMCC,264.800
LIPA,APP,APP,275.325
LIPA,ATIS,ATIS,262.950
LIPA,OPS,SOF,262.950
LIPA,PMSV,PMSV METRO,257.750
LIPA,POST,COMD POST,262.950
LIPA,TWR,TWR,142.050
LIPB,AFIS,INFO,120.600
LIPC,APP,ROMAGNA APP,118.150
LIPC,APP,ROMAGNA APP,36.230
LIPC,TWR,TWR,122.100
LIPE,APP EAST,Approach East,118.150
LIPE,APP WEST,Approach West,133.775
LIPE,APP WEST D,Approach West Discretional,120.100
LIPE,ATIS,ATIS,134.875
LIPE,GND,GND,121.925
LIPE,TWR,TWR,120.800
LIPE,TWR D,Tower Discretional,120.100
LIPH,APP,ILS,109.300
LIPH,APP,APP,36.230
LIPH,GND,GND,27.917
LIPH,INFO,PADOVA INFO,124.150
LIPH,TWR,TWR,118.700
LIPI,APP,AVIANO APP,120.125
LIPI,TWR,TWR,122.100
LIPK,APP,ROMAGNA APP,118.150
LIPK,APP,ROMAGNA APP,37.975
LIPK,TWR,TWR,118.950
LIPL,APP,GARDA APP,124.450
LIPL,GND,GND,36.927
LIPL,TWR,TWR,122.100
LIPN,RDO,RDO,125.250
LIPO,APP,GARDA APP,124.450
LIPO,TWR,TWR,119.400
LIPQ,APP,APP,119.175
LIPQ,TWR,TWR,130.200
LIPR,APP,ROMAGNA APP,118.150
LIPR,APP,ROMAGNA APP,36.230
LIPR,GCCD,GND/CLNC DEL,121.600
LIPR,TWR,TWR,119.100
LIPS,APP,TREVISO APP,120.400
LIPS,APP,TREVISO APP,36.230
LIPS,EMR,EMERG,24.340
LIPS,GND,GND,27.950
LIPS,TWR,TWR,122.100
LIPU,AFIS,INFO,123.250
LIPV,tower,Lido tower,118.525
LIPX,APP,GARDA APP,124.450
LIPX,APP,GARDA APP,36.230
LIPX,GND,GND,121.750
LIPX,INFO,PADOVA INFO,123.250
LIPX,TWR,TWR,118.650
LIPY,APP,ROMAGNA APP,118.150
LIPY,APP,ROMAGNA APP,37.975
LIPY,ATIS,ATIS,122.850
LIPY,TWR,TWR,119.800
LIPZ,APP,APP,118.900
LIPZ,ATIS,ATIS,122.225
LIPZ,GND,GND,121.700
LIPZ,TWR,TWR,120.200
LIQG,RDO,Cecina Radio,130.000
LIQS,AFIS,SIENA INFO,122.600
LIQS,APP,GROSSETO APP,122.100
LIRA,ARR,ROMA ARR,119.200
LIRA,ATIS,,122.425
LIRA,CLD,CLNC DEL,119.400
LIRA,DIR,ROMA DIRECTOR,119.200
LIRA,GND,GND,121.750
LIRA,TWR,TWR,120.500
LIRE,GND,GND,121.600
LIRE,TWR,TWR,122.100
LIRF,ARR,ROMA DIRECTOR ARR,120.175
LIRF,ATIS,ATIS,121.850
LIRF,CLD,FIUME RAMP,121.725
LIRF,GND,FIUME GND/APRON,121.800
LIRF,TWR,FIUME TWR,118.700
LIRG,TWR,TWR,122.100
LIRI,AFIS,SALERNO INFO,119.175
LIRJ,AFIS,AFIS,123.700
LIRL,APP,APP,122.100
LIRL,TWR,TWR,119.150
LIRM,APP,APP,140.400
LIRM,TWR,TWR,118.025
LIRN,APP,NAPOLI RADAR,124.350
LIRN,ATIS,ATIS,135.975
LIRN,DIR,NAPOLI DIRECTOR,120.950
LIRN,GCCD,NAPOLI GND CLNC DEL,121.900
LIRN,OPS,USN BASE OPS,118.275
LIRN,PMSV,PMSV METRO,34.100
LIRN,POST,ATOC,118.275
LIRN,TWR,NAPOLI TWR,118.500
LIRP,APP,APP,122.100
LIRP,GND,GND,121.600
LIRP,TWR,TWR,119.100
LIRQ,APP,APP,126.075
LIRQ,ATIS,ATIS,129.350
LIRQ,TWR,FIRENZE TWR,118.300
LIRS,APP,APP,122.100
LIRS,GND,GND,28.035
LIRS,TWR,TWR,122.100
LIRU,GND,GND,122.700
LIRU,TWR,TWR,123.800
LIRV,TWR,TWR,122.100
LIRZ,AFIS,INFO,118.100
LIRZ,TWR,TWR,118.100
LIVV,CTAF,Vische,130.000
LIVV,Radio,Vische Radio,118.950
LJAJ,AFIS,,123.505
LJBL,ATF,,122.505
LJBO,RDO,Bovec Radio,123.505
LJCE,TWR,Cerklje TOWER/APPROACH,118.555
LJCL,Tower,,128.800
LJDI,AFIS,Divača,123.505
LJLJ,A/D,APP,135.275
LJLJ,ATIS,also on VOR DOL 112.700,128.175
LJLJ,GND,,121.625
LJLJ,TWR,TWR,118.000
LJMB,A/D,APP,119.200
LJMB,TWR,TWR,119.200
LJMS,AFIS,,123.500
LJNM,AFIS,,123.500
LJPO,AFIS,,123.500
LJPT,AFIS,,122.500
LJPZ,APP,Portorož Tower,124.875
LJSG,AFIS,AFIS,123.500
LJVE,AFIS,,122.100
LKBA,Info,,119.655
LKBE,AUTO-INFO,preliminary information (voice activated),134.835
LKBE,RADIO,BENE RADIO,118.005
LKBO,RADIO,,118.280
LKBR,RADIO,,123.490
LKCB,RADIO,,122.205
LKCE,RADIO,,123.590
LKCH,AFIS,,123.600
LKCH,RADIO,,123.605
LKCM,RADIO,,122.405
LKCR,RADIO,,122.805
LKCS,AFIS,INFO,129.250
LKCS,RADIO,,135.930
LKCT,RADIO,,122.205
LKCV,APP,APP,130.280
LKCV,MTWR,,129.405
LKCV,TWR,TWR,134.205
LKDK,RADIO,,119.610
LKER,RADIO,,123.490
LKFR,RADIO,,123.490
LKHB,Info,,120.900
LKHB,RADIO,,128.905
LKHC,RADIO,,120.315
LKHD,RADIO,,120.905
LKHK,AFIS,INFO,122.000
LKHK,RADIO,,122.005
LKHN,INFO,Hranice RADIO,123.510
LKHS,RADIO,,130.205
LKHS,info,,130.200
LKHV,Center,Prague / Praha Center,127.125
LKHV,INFO,INFO,122.600
LKHV,RADIO,,135.580
LKHV,Tower,LKHV Tower,135.575
LKJA,RADIO,,119.105
LKJC,RADIO,Jičín RADIO,118.080
LKJC,RADIO,,118.080
LKJH,RADIO,,123.605
LKJI,CTAF,,123.500
LKJI,RADIO,,123.490
LKKA,RADIO,,133.155
LKKB,APP,APP,124.680
LKKB,GCA,PRECISION,123.300
LKKB,TWR,TWR,120.880
LKKL,RADIO,,123.480
LKKM,RADIO,,122.205
LKKO,RADIO,,129.155
LKKR,RADIO,,122.610
LKKT,RADIO,,122.210
LKKU,AFIS,INFO,120.105
LKKU,TWR,TWR,120.105
LKKV,AFIS,INFO,121.225
LKKV,ATIS,ATIS,118.955
LKKV,RDR,RADAR,119.955
LKKV,TWR,TWR,121.230
LKKY,RADIO,,130.610
LKLB,RADIO,,122.605
LKLN,RADIO,,129.005
LKLT,Info,Letnany info,120.325
LKLT,RADIO,,120.335
LKMB,RADIO,,123.610
LKMB,RADIO,,123.610
LKMH,INFO,INFO,130.200
LKMH,RADIO,,120.405
LKMI,RADIO,,123.510
LKMK,RADIO,,130.540
LKMO,AFIS,Most radio,123.500
LKMO,RADIO,,118.760
LKMT,APP,,118.375
LKMT,APP,OSTRAVA APP,119.375
LKMT,APP,,128.525
LKMT,ATIS,ATIS,118.055
LKMT,TWR,TWR,120.805
LKNA,APP,APP,118.155
LKNA,GCA,PRECISION,123.300
LKNA,TWR,TWR,126.505
LKNM,RADIO,,123.405
LKOL,RADIO,,118.005
LKPA,RADIO,,122.590
LKPC,AFIS,INFO,118.575
LKPC,RADIO,,118.580
LKPD,APP,APP,128.365
LKPD,GCA,PRECISION,123.300
LKPD,OPS,OPS,138.000
LKPD,TWR,TWR,120.155
LKPI,RADIO,,123.610
LKPJ,RADIO,,126.905
LKPL,RADIO,,130.610
LKPM,RADIO,,118.755
LKPN,RADIO,,123.590
LKPO,GCA,PRECISION,123.300
LKPO,RADIO,,127.780
LKPO,TWR,TWR,119.750
LKPR,APP,Praha Approach,120.530
LKPR,APP,Praha Approach,127.580
LKPR,ATIS,ATIS,122.160
LKPR,CLD,Ruzyně Delivery,120.060
LKPR,GND,Ruzyně Ground,121.910
LKPR,INFO,Ruzyně Information,118.310
LKPR,RDR,Ruzyně Radar,119.010
LKPR,TWR,Ruzyně Tower,134.560
LKPS,RADIO,,123.590
LKRA,RADIO,,126.855
LKRK,RADIO,,123.510
LKRO,RADIO,Roudnice Radio,122.205
LKRY,RADIO,,119.660
LKSA,RADIO,,123.610
LKSB,RADIO,,120.680
LKSK,RADIO,,123.510
LKSN,RADIO,,122.405
LKSO,RADIO,,122.190
LKSR,RADIO,,123.505
LKST,RADIO,,118.760
LKSU,RADIO,,122.605
LKSZ,RADIO,,119.640
LKTA,RADIO,,122.610
LKTB,APP,Brno Radar,127.350
LKTB,ATIS,Turany ATIS,131.105
LKTB,GND,Turany Ground,125.430
LKTB,TWR,Turany Tower,119.605
LKTC,RADIO,,123.410
LKTD,RADIO,,123.405
LKTO,RADIO,,122.605
LKUL,RADIO,,123.405
LKUO,RADIO,,122.210
LKVL,RADIO,,119.655
LKVM,RADIO,,130.605
LKVO,RDR,RADAR,127.480
LKVO,TWR,TWR,133.080
LKVP,RADIO,,122.190
LKVR,RADIO,,125.330
LKVY,RADIO,,120.330
LKZA,RADIO,,123.605
LKZB,RADIO,,126.630
LKZD,RADIO,,122.810
LKZM,RADIO,,122.610
LKZN,RADIO,,130.590
LLBG,APP,Ben Gurion Approach,120.500
LLBG,ATIS,ATIS,132.500
LLBG,CTR,Tel Aviv Control,121.400
LLBG,GND,Ben Gurion Ground,118.050
LLBG,GND,Ben Gurion Ground/Delivery,129.200
LLBG,TWR,Ben Gurion Tower,134.600
LLBO,CTAF,Habonim Traffic,129.150
LLBS,APP,TEL AVIV APP,120.900
LLEK,APP,TEL AVIV APP,120.900
LLES,APP,TEL AVIV APP,132.050
LLFK,CTAF,,122.550
LLHA,ATIS,ATIS,135.400
LLHS,APP,TEL AVIV APP,120.900
LLIB,ATIS,ATIS,132.450
LLKS,CTAF,,126.900
LLMG,CTAF,,124.400
LLMZ,APP,TEL AVIV APP,120.900
LLNV,APP,TEL AVIV APP,120.900
LLOV,TWR,TWR,129.900
LLRB,Tower,Haifa Tower,133.000
LLRD,APP,TEL AVIV,125.800
LLRD,TWR,TWR,118.600
LLRM,APP,TEL AVIV CON,120.900
LLSM,Tower,Ben Gurion Tower,134.600
LLTN,CTAF,Tnuvot Traffic,123.700
LLYT,CTAF,Yotvata Traffic,126.900
LMML,APP,APP,128.150
LMML,Ground,Ground,121.600
LMML,Leaving,,123.625
LMML,Runway,Runway,138.100
LMML,Volmet,,126.800
LMML,Weather,WX,127.400
LOAA,Info,Vienna Info,124.400
LOAA,TWR,Ottenschlag TWR,122.305
LOAG,AFIS,Krems Flugplatz,122.700
LOAN,A/D,Wiener Neustadt Aerodrome,130.005
LOAN,AFIS,AFIS,122.650
LOAN,INFO,WIEN INFO,118.520
LOAR,Info,,125.250
LOAS,Info,Vienna Info,118.520
LOAS,TWR,Spitzer Berg Radio,122.080
LOAV,AFIS,Vöslau Aerodrome,118.605
LOAV,APP,Wien Radar,134.675
LOAV,FIS,Wien Information,118.525
LOGG,TWR,Tower,123.205
LOGM,TWR,Mariazell Flugplatz,122.105
LOGT,CTAF,Timmersdorf Radio,122.305
LOIH,INFO,Hohenems Aerodrome,121.200
LOIJ,CTAF,,120.350
LOKW,AFIS,Wolfsberg Flugplatz,122.500
LOLG,TWR,St. Georgen TWR,122.405
LOLH,Info,HB Hofkirchen,122.180
LOLO,Info,,122.380
LOLT,TWR,Radar Seitenstetten,123.605
LOLW,AFIS,Wels Radio,119.705
LOWG,APP,APP,119.300
LOWG,ATIS,ATIS,126.125
LOWG,TWR,TWR,118.200
LOWI,APP,APP,119.275
LOWI,ATIS,ATIS,126.025
LOWI,GND Crew,,121.800
LOWI,GND Crew,,121.900
LOWI,TWR,TWR,120.100
LOWK,APP/RADAR,Klagenfurt Radar,123.325
LOWK,ATIS,ATIS,126.330
LOWK,TWR,Klagenfurt Tower,118.100
LOWL,A/D,Linz Radar,119.750
LOWL,APP,RADAR,129.620
LOWL,ATIS,ATIS,128.120
LOWL,TWR,TWR,118.800
LOWS,APP,APP,123.725
LOWS,ATIS,ATIS,125.725
LOWS,GND,GND,121.750
LOWS,TWR,TWR,118.100
LOWW,APP,WIEN RADAR,134.675
LOWW,ATIS,ATIS DEP,121.730
LOWW,ATIS,ATIS ARR,122.955
LOWW,CLD,WIEN CLNC DEL,122.125
LOWW,DIR,DIRECTOR,119.800
LOWW,GND,WIEN GND,121.600
LOWW,INFO,INFO,118.520
LOWW,RMP,VIENNA ICE,131.625
LOWW,TWR,WIEN TWR,119.400
LOWZ,Zell Radio,Zell am See Radio,119.705
LOXN,TWR,Wiener Neustadt West TWR,130.150
LOXZ,APP,RADAR,129.475
LOXZ,TWR,TWR,118.700
LPAR,GND,GND,138.800
LPAR,TWR,TWR,119.225
LPAZ,A/G,A/G,1130.900
LPAZ,A/G,A/G,301.600
LPAZ,ACC,CON,132.150
LPAZ,APP,APP,119.000
LPAZ,RDO,RDO,127.900
LPAZ,TWR,TWR,118.100
LPBG,AFIS,BRAGANCA INFORMACAO,122.305
LPBJ,APP,APP,130.100
LPBJ,GND,GND,23.400
LPBJ,TWR,TWR,130.400
LPBR,CTAF,,122.005
LPCB,Info,CASTELO BRANCO RADIO,122.555
LPCH,AFIS,CHAVES INFORMAÇÃO,122.705
LPCO,AFIS,COIMBRA INFORMAÇÃO,122.905
LPCS,GND,GND,121.830
LPCS,TWR,TWR,120.305
LPEV,AFIS,INFO,122.700
LPFL,TWR,TWR,118.300
LPFR,APP,APP,119.400
LPFR,ATIS,ATIS,124.200
LPFR,GND,GND,118.575
LPFR,TWR,TWR,118.200
LPGR,AFIS,RDO,122.900
LPHR,APP,APP,119.700
LPHR,TWR,TWR,118.000
LPIN,OVAR TWR,,118.600
LPJF,RDO,LEIRIA RADIO,121.255
LPLA,APP,APP,135.000
LPLA,ATIS,ATIS,120.300
LPLA,GCCD,GND,121.900
LPLA,MISC,AMC COMD POST,130.650
LPLA,PMSV,PMSV METRO,28.442
LPLA,PTD,PTD,30.877
LPLA,TWR,TWR,122.100
LPMA,APP,APP,119.200
LPMA,TWR,TWR,118.350
LPMI,AFIS,,122.205
LPMO,CTAF,MORAGIL AIRFIELD,123.350
LPMR,APP,APP,121.700
LPMR,GND,GND,119.725
LPMR,TWR,TWR,122.100
LPMT,GND,GND,142.400
LPMT,TWR,TWR,134.100
LPMU,Radio,,120.100
LPOV,APP,APP,118.600
LPOV,TWR,TWR,122.100
LPPD,APP,APP,119.400
LPPD,TWR,TWR,118.300
LPPI,AFIS,RDO,122.700
LPPM,AFIS,RDO,122.000
LPPR,APP,Porto Approach,121.105
LPPR,ATIS,ATIS,124.305
LPPR,CLR DLVR,Porto Delivery,118.930
LPPR,TWR,Porto Tower,118.005
LPPS,GCA,GCA,123.300
LPPS,TWR,TWR,120.050
LPPT,APP,APP,119.100
LPPT,ATIS,ATIS,124.150
LPPT,CLD,CLD,118.950
LPPT,GND,GND,121.750
LPPT,INFO,INFO,123.750
LPPT,RDO,RDO,127.900
LPPT,TWR,TWR,118.100
LPSJ,AFIS,RDO,122.300
LPSR,INFO,SANTAREM,122.605
LPST,APP,APP,118.600
LPST,GND,GND,122.100
LPST,TWR,TWR,119.850
LPTN,TWR,TWR,122.100
LPVL,CTAF,,122.405
LPVR,AFIS,RDO,124.905
LPVZ,AFIS,RDO,122.710
LQBI,START,GOLUBIC INFO,123.500
LQBK,APP,APP,118.950
LQBK,TWR,TWR,118.950
LQJL,INFO,JEGIN LUG,123.500
LQMO,APP,APP,122.700
LQMO,TWR,TWR,124.200
LQSA,APP,APP,136.450
LQSA,GCA,GCA,119.400
LQSA,GND,GND,121.900
LQSA,TWR,TWR,118.250
LQTZ,APP,APP/DEP,125.800
LQTZ,ATIS,ATIS,140.325
LQTZ,GCCD,GND/CLNC DEL,143.425
LQTZ,OPS,AFLD OPS,142.525
LQTZ,PMSV,PMSV METRO,25.892
LQTZ,TWR,TWR,130.850
LRAR,TWR,TWR,130.200
LRBC,APP,APP,118.600
LRBC,GCA,PRECISION,133.700
LRBC,TWR,TWR,118.600
LRBM,TWR,BAIA MARE TOWER,118.855
LRBM,TWR ALTN,BAIA MARE TOWER,118.100
LRBS,APP,APP,118.250
LRBS,GCA,PRECISION,125.200
LRBS,GND,GND,129.950
LRBS,TWR,TWR,120.800
LRCD,AIS,Magura Dispatch,131.405
LRCD,CTAF,Sibiu Tower,121.305
LRCD,CTAF,Sibiu Tower Alternate,122.700
LRCK,APP,BUCURESTI RDR,122.900
LRCK,ATIS,ATIS,118.750
LRCK,TWR,TWR,120.450
LRCL,APP,NAPOC Approach,126.430
LRCL,ATIS,Cluj ATIS,125.525
LRCL,GCA,PRECISION,118.700
LRCL,TWR,Cluj Tower,118.705
LRCL,TWR ALTN,,134.400
LRCN,Info,,128.300
LRCS,APP,APP,125.850
LRCS,TWR,TWR,125.850
LRCT,APP,APP,129.000
LRCT,DEP,DEP,129.000
LRCT,TWR,TWR,129.000
LRCV,APP,APP,124.300
LRCV,TWR,TWR,124.300
LRFL,RDO,Floreni Radio,123.450
LRIA,APP/DEP/TWR,APP/DEP/TWR,119.200
LRIA,CTR,CTR,128.610
LRIA,GCA,PRECISION,118.800
LRIA,TWR/APP/DEP,TWR/APP/DEP,119.550
LROD,APP,APP,118.455
LROD,TWR,TWR,118.455
LROP,APP,BUCURESTI APP,118.250
LROP,ATIS,OTOPENI ATIS,118.500
LROP,GND,OTOPENI GND,121.700
LROP,TWR,OTOPENI TWR,120.900
LRPV,lrpv,Strejnic dispatch,118.400
LRSB,APP,APP,122.700
LRSB,GCA,PRECISON,121.300
LRSB,TWR,TWR,122.700
LRSM,APP,APP,118.800
LRSM,TWR,TWR,118.800
LRSV,GCA,PRECISION,120.900
LRSV,TWR,TWR,118.300
LRTC,APP,TULCEA APP,120.300
LRTC,TWR,TULCEA TWR,120.300
LRTM,APP,TARGU MURES APP,121.900
LRTM,TWR,TARGU MURES TWR,125.900
LRTR,APP,TIMISOARA APP,120.100
LRTR,GND,TIMISOARA GND,121.600
LRTR,TWR,TIMISOARA TWR,120.100
LSGB,Info,,122.155
LSGC,TWR,TWR,118.125
LSGE,AFIS,,120.630
LSGG,APP,APP,120.300
LSGG,ARR,ARR,136.250
LSGG,ATIS,ATIS,135.575
LSGG,DEP,DEP,119.525
LSGG,GND,GND,121.675
LSGG,GTE,APN,121.750
LSGG,TWR,TWR,118.700
LSGK,AFIS,AFIS,119.425
LSGL,AD,Lausanne,123.205
LSGL,APCH,Approach,118.830
LSGN,AFIS,,123.605
LSGP,A/A,La Côte Aérodrome,123.655
LSGP,FIS,Geneva Information,126.350
LSGR,AFIS,,127.705
LSGS,A/G,SWISS MILITARY RADAR,134.275
LSGS,APP,RADAR,126.825
LSGS,GND,GND,121.700
LSGS,INFO,INFO,122.350
LSGS,TWR,TWR,118.275
LSGY,AFIS,"Yverdon aerodrome (fr,en)",131.130
LSGY,FIS,"Geneva Infromation (en,fr)",126.350
LSMA,ARR,ARR/DEP,133.787
LSMA,ARR,ARR/DEP,139.450
LSMA,INFO,INFO,138.050
LSMA,TWR,TWR,119.625
LSMD,ARR,ARR,134.925
LSMD,ARR,ARR,37.680
LSMD,DEP,DEP,139.500
LSMD,INFO,INFO,138.050
LSMD,RDR,RADAR,139.500
LSMD,TWR,TWR,128.475
LSME,A/D,ARR/DEP,119.500
LSME,A/D,ARR/DEP,36.052
LSME,APP,APP,140.775
LSME,INFO,INFO,138.050
LSME,TWR,TWR,120.425
LSMM,ARR,ARR/DEP,138.275
LSMM,ARR,ARR/DEP,37.012
LSMM,INFO,INFO,138.050
LSMM,TWR,TWR,130.150
LSMP,APP,APP/DEP,141.800
LSMP,ARR,ARR,130.625
LSMP,ARR,ARR,34.027
LSMP,INFO,INFO,138.050
LSMP,TWR,TWR,128.675
LSPD,GLD,,118.180
LSPG,INFO,INFO Airspace Status,134.125
LSPG,TWR/AFIS,Alpnach TWR,128.475
LSPH,AFIS,Winterthur Info (ge),134.975
LSPL,AFIS,,119.405
LSPM,AFIS,AFIS,118.525
LSPM,FIS,"Zurich Information (en, ge)",124.700
LSPN,AFIS,,124.525
LSPV,AFIS,Wangen-Lachen Flugplatz (ge),123.200
LSTS,AFIS,AFIS,119.425
LSTS,TWR,TWR,120.050
LSZA,ATIS,ATIS,121.175
LSZA,GND,GND,121.775
LSZA,TWR,TWR,120.250
LSZB,A/D,APP/DEP,127.325
LSZB,ATIS,ATIS,125.130
LSZB,GROUND,,131.410
LSZB,MISC,GLIDER,123.400
LSZB,OPS,ALPAR,135.750
LSZB,TWR,,119.700
LSZB,TWR,TWR (Secondary),121.030
LSZC,ARR ALPNACH,Alpnach Tower,128.475
LSZC,ARR EMMEN,Emmen Tower,120.425
LSZC,Air to Air,INFO,134.125
LSZC,FIS,"Zurich Information (en, ge)",124.700
LSZC,GCA,ARR/DEP,140.650
LSZC,TWR,TWR,119.625
LSZF,AFIS,"Birrfeld aerodrome (de,en)",123.550
LSZF,FIS,"Zurich Information (en,ge)",124.700
LSZG,APP,"Bern Approach ge,en",127.325
LSZG,ATIS,ATIS,121.100
LSZG,GND,GND,121.800
LSZG,TWR,"ge, en",120.100
LSZH,APP,Approach (Final),125.325
LSZH,APP EAST,Approach (East),135.225
LSZH,ATIS,ATIS,125.725
LSZH,CLD,Clearance Delivery,121.925
LSZH,DEP,Departure,125.950
LSZH,GND,Ground,121.902
LSZH,RDR EAST,Radar East,133.900
LSZH,RDR M1,Radar M1,133.050
LSZH,RDR M2,Radar M2,133.405
LSZH,RDR M3,Radar M3,132.815
LSZH,RDR M4,Radar M4,134.600
LSZH,RDR M5,Radar M5,132.833
LSZH,RDR M6,Radar M6,133.690
LSZH,RDR NRTH,Radar North,136.155
LSZH,RDR WEST,Radar West,135.680
LSZH,RMP NORTH,Apron (North),121.855
LSZH,RMP SOUTH,Apron (South),121.755
LSZH,TMA,Terminal,127.755
LSZH,TWR,Tower,118.100
LSZI,AFIS,,119.550
LSZK,AFIS,Speck-Fehraltdorf Aerodrome,120.350
LSZL,ATIS,,133.455
LSZL,GND,,121.700
LSZL,TWR,,134.825
LSZM,AFIS,AFIS,134.825
LSZM,ARR,ARR,143.775
LSZM,DEP,DEP,139.500
LSZM,INFO,INFO,138.050
LSZM,TWR,TWR,134.825
LSZN,AD,,130.755
LSZO,Aerodrome,Aerodrome,122.450
LSZQ,AFIS,,122.050
LSZQ,APP,Bale Approach,119.350
LSZR,ACC,ZURICH RADAR,133.900
LSZR,ARR,ZURICH ARR,119.925
LSZR,ATIS,ATIS,123.775
LSZR,FIS,"Zurich Information (en,ge)",124.700
LSZR,GND,GND,121.800
LSZR,TWR,TWR,118.650
LSZS,A/G,GLIDER,123.670
LSZS,ATIS,ATIS,136.600
LSZS,GND,GND,121.600
LSZS,INFO,INFO,138.050
LSZS,TWR,TWR,135.325
LSZT,AFIS,Lommis Info (ge),119.300
LSZT,FIS,"Zurich Information (en, ge)",124.700
LSZU,AFIS,,122.150
LSZU,ARR EMMEN,Zurich Terminal (within TMA C),127.750
LSZU,FIS,"Zurich Information (en, ge)",124.700
LTAB,ATIS,,118.675
LTAB,GND,,120.200
LTAB,TWR,,132.000
LTAC,APP,APP,119.100
LTAC,ATIS,ATIS,123.600
LTAC,GND,GND,121.900
LTAC,TWR,TWR,118.100
LTAD,APP,ESENBOGA APP,119.100
LTAD,TWR,TWR,122.100
LTAE,APP,ESENBOGA APP,119.100
LTAE,ATIS,ATIS,264.150
LTAE,TWR,TWR,122.100
LTAF,APP,INCIRLIK APP,126.500
LTAF,ATIS,,119.225
LTAF,GND,,121.900
LTAF,TWR,TWR,121.100
LTAG,APP,TuAF APP,126.500
LTAG,APP,USAF APP,128.000
LTAG,APP,TuAF APP,235.125
LTAG,APP,USAF APP,296.750
LTAG,APP,,362.300
LTAG,ATIS,ATIS,129.750
LTAG,GND,,121.950
LTAG,GND,USAF GND,123.025
LTAG,GND,,251.250
LTAG,GND,USAF GND,313.600
LTAG,GND,TuAF GND,376.700
LTAG,PMSV,PMSV METRO,284.425
LTAG,POST,COMD POST,131.900
LTAG,POST,COMD POST,244.325
LTAG,PTD,DISPATCH,339.050
LTAG,SFA,SINGLE FREQ APP,378.225
LTAG,TAFR,TuAF RAPCON,235.125
LTAG,TWR,TuAF TWR,122.100
LTAG,TWR,USAF TWR,129.400
LTAG,TWR,TuAF TWR,257.800
LTAG,TWR,USAF TWR,264.775
LTAH,APP,APP,122.100
LTAH,TWR,TWR,122.100
LTAI,APP,upper,122.050
LTAI,ATIS,ATIS,118.275
LTAI,Approach,arrival,119.650
LTAI,CLD,CLNC DEL,123.175
LTAI,GND,GND,121.900
LTAI,HAVAS,Handling Services,131.450
LTAI,TWR,TWR east,125.000
LTAI,TWR,TWR west,126.100
LTAJ,APP,APP,120.100
LTAJ,ATIS,,119.275
LTAJ,TWR,TWR,120.100
LTAN,APP,Emergency,121.500
LTAN,APP,Main APP,122.100
LTAN,APP,Emergency,243.000
LTAN,ATIS,ATIS,233.400
LTAN,GND,GND,122.100
LTAN,HAVAS,Handling Services,131.425
LTAN,TWR,Main TWR,122.100
LTAN,TWR,Sub-Tower,257.800
LTAO,TWR,TWR,125.600
LTAO,TWR,TWR,132.000
LTAP,APP,APP,122.100
LTAP,ATIS,ATIS,122.425
LTAP,GND,GND,121.950
LTAP,TWR,TWR,122.100
LTAR,GND,GND,121.900
LTAR,TWR,TWR,118.100
LTAT,APP,APP,122.100
LTAT,ATIS,ATIS,128.350
LTAT,GND,GND,121.950
LTAT,TWR,TWR,122.100
LTAU,APP,APP,122.100
LTAU,GND,GND,121.950
LTAU,TWR,TWR,122.100
LTAV,APP,ESKISEHIR APP,122.100
LTAV,GND,GND,121.950
LTAV,TWR,TWR,122.100
LTAW,TWR,TWR,118.700
LTAY,APP,MENDERES APP,121.600
LTAY,GND,GND,25.125
LTAY,TWR,TWR,118.600
LTAZ,APP,ESENBOGA APP,119.100
LTAZ,TWR,TWR,119.000
LTAZ,TWR,TWR,35.892
LTBA,APP,YESILKOY APP,120.500
LTBA,ATIS,ATIS,128.200
LTBA,CLD,YESILKOY DELIVERY,121.700
LTBA,GND,YESILKOY GND,121.800
LTBA,RMP,YESILKOY RAMP,121.900
LTBA,TWR,YESILKOY TWR,118.100
LTBF,APP,APP,122.100
LTBF,ATIS,INFO,23.360
LTBF,GND,GND,25.125
LTBF,TWR,TWR,122.100
LTBG,APP,APP,122.100
LTBG,ATIS,INFO,38.920
LTBG,GND,GND,25.125
LTBG,TWR,TWR,122.100
LTBH,APP,YESILKOY APP,122.100
LTBH,TWR,TWR,123.600
LTBI,APP,APP,122.100
LTBI,ATIS,ATIS,122.425
LTBI,GND,GND,121.950
LTBI,TWR,TWR,122.100
LTBJ,APP,MENDERES APP,119.500
LTBJ,APP,MENDERES APP,134.200
LTBJ,ATIS,MENDERES ATIS,129.200
LTBJ,GND,MENDERES GND,121.900
LTBJ,RMP,MENDERES RAMP,121.700
LTBJ,TWR,MENDERES TWR,118.100
LTBK,APP,MENDERES APP,120.100
LTBL,APP,MENDERES APP,120.100
LTBL,ATIS,ATIS,122.425
LTBL,GND,GND,121.950
LTBL,TWR,TWR,122.100
LTBN,GND,GND,25.125
LTBN,TWR,TWR,122.100
LTBO,APP,Uşak Approach,122.350
LTBO,TWR,TWR,121.425
LTBP,GND,GND,121.950
LTBQ,APP,YESILKOY APP,120.500
LTBQ,GND,GND,121.950
LTBQ,TWR,TWR,122.100
LTBR,APP,APP,120.325
LTBR,GND,GND,121.950
LTBR,TWR,TWR/APP,122.100
LTBS,APP,APP,119.225
LTBS,ATIS,ATIS,127.350
LTBS,GND,GND,121.900
LTBS,TWR,TWR,118.500
LTBT,APP,MENDERES APP,120.100
LTBT,GND,GND,25.125
LTBT,TWR,TWR,122.100
LTBU,APP,YESILKOY APP,120.500
LTBU,ATIS,ATIS,119.925
LTBU,GND,GND,121.900
LTBU,TWR,TWR,120.375
LTBV,TWR,BODRUM TWR,126.000
LTBW,Tower,,118.250
LTBW,Tower,,121.650
LTBX,TWR,TWR,132.000
LTBY,TWR,TWR,123.750
LTCA,APP,APP,118.100
LTCA,TWR,TWR,118.100
LTCC,ACP,MAC ALCE,123.200
LTCC,APP,APP,122.100
LTCC,ATIS,ATIS,122.425
LTCC,GND,GND,122.100
LTCC,TWR,TWR,118.100
LTCD,GND,GND,121.900
LTCD,TWR,TWR,118.500
LTCE,APP,APP,118.100
LTCE,GND,GND,121.950
LTCE,TWR,TWR,118.100
LTCF,TWR,TWR,122.400
LTCG,APP,APP,120.100
LTCG,GND,GND,121.900
LTCG,TWR,TWR,120.100
LTCI,APP,APP,118.100
LTCI,GND,GND,121.900
LTCI,TWR,TWR,118.100
LTCJ,APP,DIYARBAKIR APP,122.100
LTCJ,GND,GND,121.950
LTCJ,TWR,TWR,122.100
LTCK,APP,APP,122.100
LTCK,GND,GND,121.950
LTCK,TWR,TWR,122.100
LTCL,TWR,TWR,132.050
LTCN,EMR,SAR,123.100
LTCN,TWR,TWR,118.750
LTCO,TWR,TWR,118.475
LTCP,TWR,TWR,119.050
LTCR,TWR,TWR,118.650
LTCT,APP/DEP,Igdir Approach/Departure,119.600
LTCT,APP/DEP,Igdir Approach/Departure,126.000
LTCT,APP/DEP,Igdir Approach/Departure,126.000
LTCT,GND,Igdir Ground,121.800
LTCT,TWR,Igdir Tower,121.300
LTFA,APP,MENDERES APP,120.100
LTFA,GND,GND,121.950
LTFA,TWR,TWR,122.100
LTFB,TWR,TWR,133.050
LTFC,GND,ISPARTA GND,121.700
LTFC,TWR,ISPARTA TWR,118.650
LTFD,EMR,SAR,123.100
LTFD,GND,GND,121.900
LTFD,TWR,TWR,119.700
LTFE,APP,MENDERES APP,119.500
LTFE,APP,MENDERES APP,119.775
LTFE,ATIS,ATIS,128.500
LTFE,GND,GND,121.950
LTFE,TWR,TWR,120.500
LTFG,TOWER,,119.250
LTFH,APP,APP,118.175
LTFH,ATIS,ATIS,129.350
LTFH,GND,GND,121.700
LTFH,TWR,TWR,118.350
LTFJ,ATIS,ATIS,128.200
LTFJ,CLNC DEL,,126.425
LTFJ,GND,GND,121.750
LTFJ,TWR,TWR,118.800
LTFJ,TWR,TWR,37.877
LTFM,Clearance,Istanbul Clearance Delivery,127.100
LTFM,GROUND,Istanbul Ground,121.750
LTFM,TOWER,Istanbul Tower,131.100
LTFO,APP,Rize-Artvin Approach,127.150
LTFO,SAR,Rize-Artvin Rescue Subcenter,123.100
LTFO,SAR,Rize-Artvin Rescue Subcenter,282.800
LTFO,TWR,Ground,121.800
LTFO,TWR,Rize-Artvin Tower,126.750
LTFO,TWR,Rize-Artvin Tower,372.850
LUBL,TWR,TWR,122.300
LUKK,APP,APP,125.900
LUKK,ATIS,ATIS,133.700
LUKK,GND,GND,121.800
LUKK,TWR,TWR,118.100
LWOH,APP,APP,119.200
LWOH,TWR,TWR,119.200
LWSK,APP,APP,120.300
LWSK,ATIS,ATIS,130.125
LWSK,TWR,TWR,118.500
LXGB,A/D,APP,122.800
LXGB,OPS,GIB TALKDOWN,130.400
LXGB,TWR,TWR,131.200
LYBE,APP,APP,119.100
LYBE,APP,,133.100
LYBE,ATIS,INFO,122.925
LYBE,TWR,TWR,118.100
LYBJ,ground,,123.500
LYNI,APP,Nis Approach,119.525
LYNI,EMERG,,121.500
LYNI,TWR,Nis Tower,118.950
LYNI,TWR/APP ALTN,,136.075
LYPG,APP,APP,118.700
LYPG,TWR,TWR,118.200
LYPN,Info,Davidovac Info,123.500
LYSM,CTAF,Belgrade FIR,119.100
LYTV,ARR,APP,118.000
LYTV,TWR,TWR,118.000
LYVA,CTAF,,123.500
LYVR,APP,APP,125.050
LYVR,INFO,INFO,123.500
LYVR,TWR,TWR,118.600
LZHL,CTAF,,123.675
LZIB,APP,APP,120.900
LZIB,ATIS,ATIS,128.650
LZIB,TWR,TWR,118.300
LZJS,Info,Jasná Prevadzka,123.400
LZKZ,APP,APP,119.850
LZKZ,TWR,TWR,120.400
LZMC,APP,APP,118.250
LZMC,TWR,TWR,118.250
LZNZ,Info,,122.600
LZOC,INFO,OCOVA PREVADZKA,123.600
LZPP,TWR,TWR,118.575
LZPT,INFO,Partizanske PREVADZKA,123.500
LZRU,Info,Prevadzka,123.500
LZSL,APP,SLIAČ APPROACH,119.150
LZSL,TWR,SLIAČ TOWER,122.900
LZSV,Info,,123.500
LZTN,INFO,INFO,120.750
LZTN,TWR,TWR,120.750
LZTT,APP,APP,121.350
LZTT,ILS RW27,,110.100
LZTT,TWR,TWR,121.350
LZZI,TWR,TWR,124.150
MBGT,APP,PROVO APP,126.000
MBGT,GND,GND,121.900
MBGT,TWR,MCCARTNEY TWR,118.600
MBNC,UNIC,INFO,118.850
MBPV,APP,PROVO APP,126.000
MBPV,GND,GND,121.900
MBPV,TWR,TWR,119.900
MBSC,AFIS,INFO,118.900
MBSC,APP,PROVO APP,126.000
MDAB,TWR,TWR,118.450
MDBH,APP,BARAHONA APP,119.500
MDBH,GND,GND,121.800
MDBH,TWR,BARAHONA TWR,118.500
MDCR,RDO,RDO,122.700
MDJB,Ground,HIGUERO TWR,121.700
MDJB,Tower,,118.900
MDLR,TWR,LA ROMANA TWR,118.600
MDPC,A/D,APP,119.700
MDPC,APP,LAS AMERICAS APP,119.300
MDPC,ATIS,,132.850
MDPC,DLV,DELIVERY,121.650
MDPC,GND,GROUND,121.900
MDPC,TWR,TWR,118.800
MDPP,APP,PUERTO PLATA APP,119.000
MDPP,GND,GND,121.900
MDPP,TWR,PUERTO PLATA TWR,118.000
MDSD,APP,APP,119.300
MDSD,ATIS,ATIS,126.200
MDSD,FCC,SANTO DOMINGO INFO,126.900
MDSD,FSS,FSS,122.000
MDSD,GND,GND,121.900
MDSD,TWR,TWR,118.100
MDSI,TWR,TWR,122.700
MDST,APP,SANTIAGO APP,119.000
MDST,GND,GND,121.900
MDST,TWR,SANTIAGO TWR,118.300
MGCB,RDO,RDO,126.200
MGGT,AFIS,GUATEMALA RDO,126.900
MGGT,APP,CON,119.300
MGGT,ATIS,ATIS,126.500
MGGT,CLD,CLNC DEL,120.700
MGGT,GND,GND,121.900
MGGT,TWR,TWR,118.100
MGPB,TWR,TWR,118.400
MGPP,126.5,,126.500
MGRB,RDO,RDO,122.900
MGRT,TWR,TWR,118.800
MGSJ,TWR,TWR,118.500
MGTK,APP,TIKAL APP,121.400
MGTK,CLD,TIKAL CLNC,120.000
MGTK,GND,GND,121.900
MGTK,RDO,FLORES RDO,120.000
MGTK,TWR,TIKAL TWR,118.300
MHLC,GND,GND,121.900
MHLC,RDO,GOLOSON RDO,128.900
MHLC,TWR,TWR,118.500
MHLM,APP,APP,119.700
MHLM,GND,GND,121.900
MHLM,RDO,RDO,127.100
MHLM,TWR,TWR,118.200
MHRO,GND,GND,121.600
MHRO,TWR,ROATAN TWR,118.100
MHSC,AAS,VFR ADVSY SVC,125.800
MHSC,ACC,CENAMER ACC,89.100
MHSC,APP,APP,125.800
MHSC,GND,GND,121.900
MHSC,MISC,SKYWATCH AFFS,42.500
MHSC,OPS,WARRIOR OPS,51.500
MHSC,PMSV,PMSV METRO,34.060
MHSC,POST,COMD POST,33.130
MHSC,PTD,PTD,135.500
MHSC,RDO,TEGUCIGALPA RDO,126.700
MHSC,TWR,TWR,118.900
MHTG,APP,TONCONTIN APP,119.100
MHTG,ATIS,ATIS,112.300
MHTG,GND,GND,121.900
MHTG,RDO,TEGUCIGALPA RDO,126.700
MHTG,TWR,TWR,118.700
MKJP,APP,MANLEY APP,120.600
MKJP,ATIS,ATIS,127.700
MKJP,GND,GND,121.700
MKJP,TWR,MANLEY TWR,118.650
MKJS,APP,APP,120.800
MKJS,ATIS,ATIS,127.900
MKJS,GND,GND,121.700
MKJS,TWR,TWR,118.750
MKJS,VOR-DME,Rwy 25,115.700
MKTP,FSS,FIS,121.600
MMAA,APP,ACAPULCO APP,119.900
MMAA,ATIS,ATIS,115.900
MMAA,TWR,ACAPULCO TWR,118.500
MMAN,APP,MONTERREY APP,119.750
MMAN,ATIS,ATIS,127.550
MMAN,TWR,TWR,118.600
MMAS,APP,LEON APP,119.050
MMAS,TWR,AGUASCALIENTES TWR,118.600
MMBT,TWR,HUATULCO TWR,118.000
MMCB,APP,TOLUCA APP,128.900
MMCB,TWR,CUERNAVACA TWR,118.350
MMCE,TWR,CARMEN TWR,118.400
MMCL,APP,APP,119.750
MMCL,ATIS,ATIS,127.800
MMCL,TWR,TWR,118.500
MMCM,TWR,TWR,118.800
MMCN,APP,APP,121.300
MMCN,ATIS,ATIS,127.600
MMCN,TWR,OBREGON TWR,118.300
MMCP,TWR,CAMPECHE TWR,118.500
MMCS,APP,JUAREZ APP,119.900
MMCS,TWR,JUAREZ TWR,118.900
MMCT,TWR,TWR,118.900
MMCU,APP,CHIHUAHUA APP,121.000
MMCU,ATIS,ATIS,127.900
MMCU,TWR,CHIHUAHUA TWR,118.400
MMCV,APP,MONTERREY CNTR,124.500
MMCV,TWR,VICTORIA TWR,118.200
MMCY,AFIS,AFIS,118.400
MMCZ,APP,CANCUN APP,120.400
MMCZ,ARR,CANCUN ARR,120.400
MMCZ,DEP,CANCUN DEP,119.800
MMCZ,TWR,TWR,118.000
MMDO,ATIS,ATIS,132.100
MMDO,TWR,TWR,118.100
MMEP,TWR,TWR,118.800
MMES,TWR,TWR,119.750
MMGL,APP,GUADALAJARA APP,119.300
MMGL,ATIS,ATIS,127.900
MMGL,GND,GND,121.900
MMGL,TWR,GUADALAJARA TWR,118.100
MMGM,APP,HERMOSILLO APP,121.300
MMGM,TWR,GUAYMAS TWR,118.600
MMGR,unicom,Guerrero Negro Traffic,123.300
MMHO,APP,HERMOSILLO APP,121.400
MMHO,ATIS,ATIS,127.700
MMHO,TWR,HERMOSILLO TWR,118.700
MMIA,TWR,TWR,118.900
MMIO,APP,SALTILLO APP,127.400
MMIO,TWR,SALTILLO TWR,118.400
MMIT,GND,GND,121.700
MMIT,TWR,TWR,118.450
MMJA,AFIS,JALAPA AFIS,123.300
MMJC,AFIS,INFO,118.400
MMLM,TWR,MOCHIS TWR,118.800
MMLO,APP,LEON APP,119.050
MMLO,ATIS,ATIS,128.400
MMLO,TWR,LEON TWR,118.350
MMLP,APP,LA PAZ APP,120.600
MMLP,ATIS,ATIS,127.900
MMLP,TWR,LA PAZ TWR,118.100
MMLT,TWR,TWR,118.400
MMMA,APP,MATAMOROS APP/TWR,118.000
MMMD,APP,MERIDA APPROACH,121.200
MMMD,ATIS,ATIS,127.900
MMMD,INFO,MERIDA INFO,126.900
MMMD,TWR,MERIDA TWR,118.300
MMML,AFIS,MEXICALI INFO,123.900
MMML,ATIS,ATIS,127.600
MMML,TWR,MEXICALI TWR,118.200
MMMM,APP,MORELIA  APP/TWR,118.500
MMMT,TWR,TWR,118.100
MMMV,AFIS,INFO,118.900
MMMX,APP,MEXICO APP,121.200
MMMX,ARR,MEXICO ARR,129.600
MMMX,ATIS,ATIS,127.650
MMMX,CLD,MEXICO CLNC DEL,122.100
MMMX,DEP,MEXICO DEP,120.500
MMMX,GND,GND,121.000
MMMX,RDO,MEXICO INFO,126.900
MMMX,TWR,MEXICO TWR,118.550
MMMY,APP,MONTERREY APP,119.750
MMMY,ATIS,ATIS,127.700
MMMY,GND,GND,121.900
MMMY,TWR,MONTERREY TWR,118.100
MMMZ,APP,MAZATLAN APP,121.200
MMMZ,ATIS,ATIS,127.700
MMMZ,TWR,MAZATLAN TWR,118.300
MMNL,APP,NUEVO LAREDO APP/TWR,118.300
MMOX,APP,OAXACA APP,121.100
MMOX,TWR,OAXACA TWR,118.300
MMPA,AFIS,POZA RICA INFO,118.900
MMPB,APP,PUEBLA APP/TWR,118.200
MMPC,AFIS,AFIS,122.900
MMPE,CTAF,Tower not yet operational,122.800
MMPG,AFIS,INFO,122.250
MMPN,TWR,URUAPAN TWR,118.200
MMPR,APP,VALLARTA APP,121.300
MMPR,ATIS,VALLARTA ATIS,127.500
MMPR,TWR,VALLARTA TWR,118.500
MMPS,TWR,ESCONDIDO TWR,118.900
MMQT,TWR,TWR,118.950
MMRX,APP,REYNOSA APP/TWR,118.800
MMSD,APP,SAN JOSE APP,120.900
MMSD,ATIS,ATIS,127.600
MMSD,TWR,SAN JOSE TWR,118.900
MMSF,TWR,FELIPE TWR,118.500
MMSL,Tower,Cabo san Lucas tower,118.750
MMSL,UNIC,UNICOM,122.800
MMSP,APP,POTOSI APP/TWR,118.900
MMTB,APP,TUXTLA APP,118.600
MMTB,TWR,TUXTLA TWR,118.450
MMTC,APP,APP,119.500
MMTC,TWR,TWR,118.500
MMTJ,APP,TIJUANA APP,119.500
MMTJ,ATIS,ATIS,127.900
MMTJ,CLD,TIJUANA CLNC DEL,122.350
MMTJ,MISC,TIJUANA INFO,132.100
MMTJ,TWR,TIJUANA TWR,118.100
MMTM,APP,TAMPICO APP,120.300
MMTM,TWR,TAMPICO TWR,118.300
MMTO,APP,TOLUCA APP,128.900
MMTO,ATIS,ATIS,127.800
MMTO,TWR,TOLUCA TWR,118.000
MMTP,TWR,TWR,118.200
MMUN,APP,APP,120.400
MMUN,ARR,ARR,120.400
MMUN,ATIS,ATIS,127.700
MMUN,CLD,CLNC DEL,122.100
MMUN,DEP,DEP,119.800
MMUN,GND,GND,121.700
MMUN,TWR North,Tower North,118.100
MMUN,TWR S,Tower South,118.600
MMVA,APP,VILLAHERMOSA APP,120.700
MMVA,TWR,VILLAHERMOSA TWR,118.700
MMVR,APP,VERACRUZ APP,120.400
MMVR,ATIS,ATIS,127.800
MMVR,TWR,VERACRUZ TWR,118.500
MMZC,TWR,ZACATECAS TWR,118.000
MMZH,APP,ZIHUATANEJO APP,121.000
MMZH,TWR,ZIHUATANEJO TWR,118.300
MMZM,AFIS,INFO,122.800
MMZO,APP,MANZANILLO APP/TWR,118.700
MMZP,TWR,TWR,126.200
MNBL,TWR,TWR,118.500
MNCE,APPROACH,Sandino Approach,119.400
MNCE,TOWER,,118.050
MNMG,APP,APP,119.400
MNMG,GND,GND,121.900
MNMG,RDO,RDO,126.900
MNMG,TWR,TWR,118.100
MNPC,TWR,TWR,118.000
MPBO,ACC,PANAMA CON,133.000
MPBO,FSS,PANAMA RDO,135.200
MPBO,RDO,RDO,123.700
MPCE,RDO,CHITRE RDO,124.300
MPCH,GND,GND,121.800
MPCH,RDO,BOCAS RDO,123.700
MPCH,TWR,CHANGUINOLA TWR,118.600
MPDA,ACC,PANAMA CON,133.000
MPDA,APP,PANAMA APP,119.700
MPDA,GND,GND,121.700
MPDA,TWR,MALEK TWR,118.700
MPEJ,APP,PANAMA APP,119.700
MPEJ,GND,GND,121.700
MPEJ,TWR,JIMENEZ TWR,118.500
MPEJ,UNIC,UNICOM,122.800
MPMG,ACC,PANAMA CON,133.000
MPMG,ACC,PANAMA CON,133.300
MPMG,APP,PANAMA APP,119.700
MPMG,GND,GND,121.700
MPMG,MISC,VFR ADVSY SVC,121.200
MPMG,TWR,GELABERT TWR,118.300
MPSA,RDO,SANTIAGO RDO,124.000
MPSM,Tower,,118.200
MPTO,ACC,PANAMA CON,133.000
MPTO,ACC,PANAMA CON,133.300
MPTO,APP,PANAMA APP,119.700
MPTO,CLD,CLNC DEL,129.800
MPTO,GND,GND,121.900
MPTO,MISC,VFR ADVSY SVC,121.200
MPTO,TWR,TWR,118.100
MRAO,RDO,COCO RDO,126.800
MRBA,RDO,COCO RDO,126.800
MRBC,RDO,COCO RDO,126.800
MRCC,RDO,COCO RDO,126.800
MRCV,RDO,COCO RDO,126.800
MREC,RDO,COCO RDO,126.800
MRFI,RDO,COCO RDO,126.800
MRGF,RDO,COCO RDO,126.800
MRGP,RDO,COCO RDO,126.800
MRLB,APP,LIBERIA APP,119.800
MRLB,GND,GND,121.700
MRLB,RDO,COCO RDO,126.800
MRLB,TWR,LIBERIA TWR,118.800
MRLC,RDO,COCO RDO,126.800
MRLM,INFO,FIS,118.800
MRLM,RDO,COCO RDO,126.800
MRNS,RDO,COCO RDO,126.800
MROC,ACC,COCO CON,119.600
MROC,APP,COCO APP,120.500
MROC,CLD,CLNC,121.300
MROC,GND,GND,121.900
MROC,RDO,COCO RDO,126.800
MROC,TWR,COCO TWR,118.600
MRPD,RDO,COCO RDO,126.800
MRPM,RDO,COCO RDO,126.800
MRPV,GND,GND,121.700
MRPV,RDO,COCO RDO,126.800
MRPV,TWR,PAVAS TWR,118.300
MRQP,RDO,COCO RDO,126.800
MRSG,RDO,COCO RDO,126.800
MRSV,RDO,COCO RDO,126.800
MRUP,RDO,COCO RDO,126.800
MSLP,APP,APP,119.900
MSLP,ATIS,ATIS,127.600
MSLP,CLD,CLNC DEL,121.250
MSLP,GND,GND,121.700
MSLP,RDO,RDO,126.900
MSLP,TWR,TWR,118.000
MSSS,APP,APP,119.500
MSSS,GND,GND,121.900
MSSS,RDO,RDO,127.050
MSSS,TWR,TWR,118.300
MTCA,TWR,TWR,118.500
MTCH,TWR,TWR,118.700
MTJA,TWR,TWR,118.500
MTPP,APP/DEP,APP/DEP,119.800
MTPP,ATIS,ATIS,132.075
MTPP,CTR,CTR,124.500
MTPP,CTR,CTR,134.150
MTPP,TWR,TWR,118.300
MUBA,A/G,BARACOA RDO,340.700
MUBA,TWR,BARACOA TWR,122.500
MUBR,INFO,INFO,130.100
MUBY,A/G,BAYAMO RDO,340.700
MUBY,TWR,BAYAMO TWR,123.600
MUCA,A/G,CIEGO RDO,340.700
MUCA,TWR,AVILA TWR,123.600
MUCC,A/G,RDO,340.700
MUCC,TWR,APP/TWR,118.800
MUCF,A/G,CIENFUEGOS RDO,340.700
MUCF,TWR,CIENFUEGOS TWR,118.900
MUCL,A/G,CAYO LARGO RDO,340.700
MUCL,APP,CAYO LARGO APP,120.100
MUCL,TWR,CAYO LARGO TWR,118.500
MUCM,A/G,CAMAGUEY RDO,1132.100
MUCM,A/G,CAMAGUEY RDO,126.900
MUCM,APP,CAMAGUEY APP,121.300
MUCM,TWR,AGRAMONTE TWR,118.500
MUCU,A/G,SANTIAGO RDO,1132.100
MUCU,A/G,SANTIAGO RDO,126.900
MUCU,APP,SANTIAGO APP,119.400
MUCU,TWR,MACEO TWR,118.100
MUGM,ASOS,ASOS,136.175
MUGM,CTAF,CTAF,134.100
MUGM,GND,GND,118.450
MUGM,PMSV,METRO,126.200
MUGM,TWR,LEEWARD TWR,134.100
MUGT,A/G,GUANTANAMO RDO,340.700
MUGT,TWR,GUANTANAMO TWR,122.600
MUHA,A/G,BOYEROS RDO NATL,1132.100
MUHA,A/G,BOYEROS RDO NATL,126.900
MUHA,A/G,BOYEROS RDO INTL,288.700
MUHA,APP,HABANA APP,119.350
MUHA,ATIS,ATIS,132.500
MUHA,CLD,CLNC DEL,121.900
MUHA,GND,GND,121.900
MUHA,TWR,MARTI TWR,118.100
MUHG,A/G,HOLGUIN RDO,1132.100
MUHG,A/G,HOLGUIN RDO,126.900
MUHG,APP,HOLGUIN APP,119.100
MUHG,TWR,HOLGUIN TWR,118.000
MUKW,AFIS,INFORMACION,130.100
MULM,AFIS,INFORMACION,125.000
MUMO,A/G,MOA RDO,340.700
MUMO,TWR,MOA TWR,123.400
MUMZ,A/G,MANZANILLO RDO,340.700
MUMZ,TWR,MANZANILLO TWR,118.300
MUNG,A/G,GERONA RDO,340.700
MUNG,TWR,GERONA TWR,118.300
MUPB,TWR,TWR,128.800
MUSC,TWR,SANTA CLARA TWR,118.100
MUSL,INFO,INFO,129.700
MUSN,INFO,INFO,118.300
MUTD,A/G,TRINIDAD RDO,340.700
MUTD,TWR,TRINIDAD TWR,122.500
MUVR,A/G,VARADERO RDO,1132.100
MUVR,A/G,VARADERO RDO,126.900
MUVR,APP,VARADERO APP,119.600
MUVR,TWR,VARADERO TWR,118.400
MUVT,A/G,TUNAS RDO,340.700
MUVT,TWR,TUNAS TWR,122.500
MWCB,APP,CAYMAN APP,120.200
MWCB,TWR,TWR,118.400
MWCR,A/D,GRAND CAYMAN APP,120.200
MWCR,ATIS,ATIS,132.350
MWCR,CNTR,KINGSTON CON,128.100
MWCR,GND,GND,121.900
MWCR,TWR,TWR,118.000
MYAF,OPS,AUTEC OPS,126.300
MYAF,UNIC,UNICOM,122.800
MYAK,UNIC,UNICOM,122.800
MYAM,APP,FREEPORT APP,126.500
MYAM,GND,Ground,124.600
MYAM,RDO,Nassau Radio (Secondary),124.200
MYAM,RDO,Nassau Radio,128.000
MYAM,TWR,Tower,118.600
MYAM,UNIC,UNICOM,122.800
MYAN,UNIC,UNICOM,122.800
MYAT,APP,NASSAU APP,121.000
MYAT,RDO,NASSAU RDO,118.600
MYAT,UNIC,UNICOM,122.800
MYAX,UNIC,UNICOM,122.800
MYBC,UNIC,UNICOM,122.800
MYBG,UNIC,UNICOM,122.800
MYBS,RDO,NASSAU RDO,124.200
MYBS,UNIC,UNICOM,122.800
MYEF,AFIS,AFIS,118.000
MYEF,RDO,NASSAU RDO,124.400
MYEH,RDO,NASSAU RDO,124.100
MYEH,UNIC,UNICOM,122.800
MYEM,AFIS,AFIS,122.800
MYEM,APP,NASSAU APP,121.000
MYEM,RDO,NASSAU RDO,118.450
MYEN,UNIC,UNICOM,122.800
MYER,UNIC,UNICOM,122.800
MYES,UNIC,UNICOM,122.800
MYGF,APP,APP,126.500
MYGF,GND,GND,121.700
MYGF,TWR,TWR,118.500
MYIG,RDO,NASSAU RDO,124.200
MYIG,UNIC,UNICOM,122.800
MYLS,UNIC,UNICOM,122.800
MYNN,APP,APP,121.000
MYNN,ATIS,ATIS,118.700
MYNN,CLD,CLNC DEL,118.300
MYNN,CTAF,CTAF,122.950
MYNN,GND,GND,121.700
MYNN,RDO,RDO,128.000
MYNN,TWR,TWR,119.500
MYNN,UNIC,UNICOM,123.000
MYRP,UNIC,UNICOM,122.800
MYSM,RDO,NASSAU RDO,124.600
MYSM,UNIC,UNICOM,122.800
MZBZ,APP,BELIZE APP,121.000
MZBZ,GND,GND,121.900
MZBZ,RDO,BELIZE RDO,126.900
MZBZ,TWR,BELIZE TWR,118.000
NCAI,CTAF,CTAF,118.100
NCRG,APP,APP,118.100
NCRG,RDO,RDO,342.500
NCRG,TWR,TWR,118.100
NFFN,A/G,RDO,346.700
NFFN,ACC,FIS,126.700
NFFN,APP,APP,119.100
NFFN,ATIS,TRML INFO,127.900
NFFN,GND,GND,118.100
NFFN,TWR,TWR,118.100
NFNA,APP,APP,119.700
NFNA,ATIS,TRML INFO,128.500
NFNA,TWR,TWR,119.700
NFNL,AFIS,RDO,122.900
NFTF,AFIS,RDO,322.600
NFTF,AFIS,RDO,884.600
NFTF,APP,APP,118.500
NFTF,GND,GND,121.900
NFTF,TWR,TWR,118.500
NFTL,AFIS,LIFUKA FS,118.100
NFTL,FSS,LIFUKA FS,118.100
NFTV,AFIS,FLT SVC,118.100
NFTV,FSS,FLT SVC,322.600
NGFU,FSS,FSS,118.100
NGTA,AFIS,FSS,118.100
NGTA,CTAF,TARAWA RDO,1133.900
NGTA,CTAF,TARAWA RDO,118.100
NGTE,AFIS,FLT SVC,655.300
NIUE,AFIS,FSS,118.100
NIUE,RDO,RDO,655.300
NLWW,A/G,RDO,653.300
NLWW,AFIS,INFO,118.300
NLWW,MISC,VDF,118.300
NSFA,APP,APP,118.100
NSFA,APP,APP,655.300
NSFA,INFO,RDO,118.100
NSFA,INFO,RDO,655.300
NSFA,TWR,TWR,118.100
NSFA,TWR,TWR,655.300
NSFQ,CTAF,CTAF,122.900
NSTU,A/D,FALEOLO APP/DEP,126.900
NSTU,CTAF,CTAF,122.900
NSTU,UNIC,UNICOM,118.300
NTAA,APP,APP,118.100
NTAA,ATIS,ATIS,128.800
NTAA,GND,GND,121.900
NTAA,TWR,TWR,118.100
NTAR,AFIS,INFO,118.300
NTAT,AFIS,INFO,118.300
NTGA,AFIS,INFO,119.600
NTGC,AFIS,INFO,119.500
NTGF,AFIS,INFO,119.900
NTGI,AFIS,INFO,124.300
NTGJ,AFIS,INFO,118.300
NTGK,AFIS,INFO,118.900
NTGM,AFIS,INFO,121.400
NTGT,AFIS,INFO,118.500
NTGU,AFIS,INFO,118.900
NTGV,AFIS,INFO,119.900
NTHE,CTAF,INFO,118.900
NTKR,AFIS,INFO,118.700
NTMD,AFIS,INFO,118.300
NTMN,AFIS,INFO,119.500
NTMN,RDO,TAHITI RDO,568.000
NTTB,APP,TAHITI CON,134.700
NTTB,TWR,TWR,118.900
NTTG,A/G,RDO,568.000
NTTG,APP,TAHITI CTL,134.700
NTTG,GND,GND,118.300
NTTG,MISC,VDF,118.300
NTTG,TWR,TWR,118.300
NTTH,APP,TAHITI CON,134.700
NTTH,GND,GND,119.300
NTTH,TWR,TWR,119.300
NTTM,APP,TAHITI APP,121.300
NTTM,ATIS,TAHITI,128.800
NTTM,TWR,TAHITI TWR,118.100
NTTP,A/G,TAHITI INFO,134.700
NTTP,AFIS,INFO,118.300
NTTR,APP,TAHITI CON,134.700
NTTR,TWR,TWR,118.500
NVSS,CTAF,CTAF,118.100
NVSS,FSS,PORT VILA FLT SVC,655.300
NVVV,AFIS,FLT SVC,1133.900
NVVV,AFIS,FLT SVC,120.700
NVVV,CTAF,CTAF,120.700
NVVV,TWR,TWR,1133.900
NVVV,TWR,TWR,120.700
NVVW,AFIS,VILA FLT SVC,655.300
NVVW,CTAF,CTAF,120.700
NWWD,AFIS,AFIS,122.500
NWWE,AFIS,TONTOUTA INFO,128.300
NWWE,APP,APP,118.900
NWWE,MISC,VDF,118.900
NWWE,TWR,TWR,118.900
NWWK,ATIS,TONTOUTA INFO,128.200
NWWL,AFIS,TONTOUTA INFO,125.100
NWWL,APP,TONTOUTA APP,119.700
NWWL,TWR,TWR,118.500
NWWM,APP,APP,124.300
NWWM,ATIS,ATIS,126.600
NWWM,MISC,VDF,124.300
NWWM,SUPP,Suppletive,118.300
NWWM,TWR,TWR,124.300
NWWR,AFIS,INFO,121.100
NWWR,ATIS,TONTOUTA INFO,125.100
NWWU,AFIS,INFO,121.300
NWWU,INFO,TONTOUTA INFO,128.200
NWWV,AFIS,INFO,118.700
NWWV,INFO,TONTOUTA INFO,125.100
NWWW,APP,TONTOUTA APP,119.700
NWWW,GND,GND,121.700
NWWW,INFO,TONTOUTA INFO,128.200
NWWW,MISC,VDF,118.100
NWWW,TWR,TONTOUTA TWR,118.100
NZAA,APP,APP,124.300
NZAA,ATIS,ATIS,127.800
NZAA,CLD,CLNC DEL,128.200
NZAA,GND,GND,121.900
NZAA,TWR,TWR,118.700
NZAL,ATF,,118.800
NZAL,ATIS,Wellington ATIS,126.900
NZAP,AFIS,CHRISTCHURCH FIS,123.600
NZAP,AWIB,AWIB,125.200
NZAP,CTAF,CTAF,118.400
NZAP,UNIC,UNICOM,118.400
NZAR,AFIS,AUCKLAND CON,120.100
NZAR,AWIB,AWIB,121.000
NZAR,CTAF,CTAF,118.100
NZAR,UNIC,UNICOM,118.100
NZAS,ATF,,119.100
NZAS,TML,Christchurch Control,120.900
NZBA,ATF,,118.100
NZBC,AFIS,Christchurch Information,118.500
NZBC,ATF,City Traffic,120.400
NZBC,ATIS,Aukland ATIS,127.800
NZBC,ATIS,Whenuapai ATIS,128.300
NZBW,ATIS,Christchurch ATIS,127.200
NZBW,TWR,Christchurch Tower,118.300
NZBW,TWR,,125.000
NZCB,ATF,,119.100
NZCH,APP,APP,124.100
NZCH,ATIS,ATIS,127.200
NZCH,CTRL,Control,120.900
NZCH,Delivery,Delivery,128.200
NZCH,GND,GND,121.900
NZCH,OPS,AMC OPS,122.500
NZCH,TWR,TWR,118.400
NZCI,A/G,RDO,118.100
NZCI,CTAF,CTAF,118.100
NZDC,ATC,Dunedin Tower,120.700
NZDN,AFIS,CHRISTCHURCH CON,129.300
NZDN,APP,APP,120.700
NZDN,ATIS,ATIS,126.450
NZDN,CTAF,CTAF,120.700
NZDN,TWR,TWR,120.700
NZFF,Unattended,,119.200
NZFG,CTAF,,130.200
NZFI,CTAF,CTAF,124.100
NZGS,APP,APP,127.300
NZGS,ATIS,ATIS,126.400
NZGS,CTAF,CTAF,127.300
NZGS,TWR,TWR,127.300
NZGT,AFIS,CHRISTCHURCH FIS,123.500
NZGT,CTAF,ALPS TRAFFIC,118.600
NZHK,AFIS,CHRISTCHURCH FIS,118.500
NZHK,CTAF,CTAF,119.100
NZHN,APP,CHRISTCHURCH APP,125.300
NZHN,ATIS,ATIS,128.600
NZHN,CTAF,CTAF,122.900
NZHN,TWR,TWR,122.900
NZHS,AWIB,AWIB,132.950
NZHS,CTAF (CFZ),Hastings Traffic,125.800
NZHS,TWR,Napier Tower,124.800
NZJH,CTAF (CFZ),Hastings Traffic,125.800
NZJI,ATF,,119.400
NZJI,MISC,Christchurch Information,118.500
NZJI,MISC,Christchurch Information,124.100
NZJL,ATF,Christchurch Information,118.500
NZJL,ATF,City Traffic,120.400
NZJL,ATIS,Aukland ATIS,127.800
NZJL,ATIS,Whenuapai ATIS,128.300
NZKI,Unattended,,124.900
NZKK,AFIS,CHRISTCHURCH FIS,124.100
NZKK,CTAF,CTAF,119.400
NZKT,AFIS,CHRISTCHURCH FIS,127.100
NZKT,CTAF,CTAF,119.100
NZKY,CTAF,Kowhai Traffic,119.100
NZLX,AFIS,CHRISTCHURCH FIS,122.200
NZLX,CTAF,CTAF,119.100
NZMA,MBZ,,122.250
NZMC,AFIS,CHRISTCHURCH FIS,123.500
NZMC,CTAF,ALPS TRAFFIC,118.600
NZMC,UNIC,UNICOM,131.000
NZMO,AFIS,QUEENSTOWN FIS,128.000
NZMO,CTAF,CTAF,119.100
NZMS,AFIS,OHAKEA CON,126.700
NZMS,AWIB,AWIB,132.800
NZMS,CTAF,CTAF,119.100
NZNE,CTAF,,118.000
NZNP,AFIS,CHRISTCHURCH CON,123.700
NZNP,APP,APP,124.700
NZNP,ATIS,ATIS,127.050
NZNP,CTAF,CTAF,124.700
NZNP,TWR,TWR,124.700
NZNR,APP,Napier Tower,124.800
NZNR,ATIS,Napier Airport Information,128.000
NZNR,CTAF,Napier Traffic (when tower off watch),118.100
NZNR,TWR,Napier Tower,124.800
NZNS,AFIS,CHRISTCHRIST CON,123.700
NZNS,APP,APP,127.400
NZNS,ATIS,ATIS,129.100
NZNS,CLD,CLNC DEL,123.300
NZNS,CTAF,CTAF,127.400
NZNS,TWR,TWR,127.400
NZNV,APP,APP,118.500
NZNV,CTAF,CTAF,118.500
NZNV,TWR,TWR,118.500
NZOH,APP,APP,125.100
NZOH,ATIS,ATIS,28.040
NZOH,CTAF,CTAF,134.500
NZOH,GND,GND,122.100
NZOH,TWR,TWR,134.500
NZOM,CTAF,Omaka Traffic shares freq with Woodbourne,122.800
NZOU,ACC,CHRISTCHURCH CON,129.300
NZOU,CTAF,CTAF,119.100
NZPM,APP,OHAKEA APP,125.100
NZPM,ATIS,ATIS,129.700
NZPM,CTAF,CTAF,120.600
NZPM,GND,GND,121.700
NZPM,TWR,TWR,120.600
NZPP,APP,WELLINGTON APP,122.300
NZPP,AWIB,AWIB,128.400
NZPP,CTAF,CTAF,118.300
NZQN,AFIS,FIS,128.000
NZQN,APP,Queenstown Approach,125.750
NZQN,ATIS,Queenstown ATIS,126.400
NZQN,CTAF,CTAF,118.100
NZQN,DLV,Queenstown Delivery,121.900
NZQN,TWR,Queenstown Tower,118.100
NZRC,CTAF,,130.200
NZRI,Unattended,,119.500
NZRO,APP,CHRISTCHURCH APP,119.500
NZRO,ATIS,ATIS,128.800
NZRO,CTAF,CTAF,121.200
NZRO,TWR,TWR,121.200
NZRT,MBZ,Mandatory Broadcast Zone,120.200
NZRU,CTAF,CTAF,119.100
NZRU,OPS,MIL OPS,135.100
NZSP,CNTR,MCMURDO CNTR,118.200
NZSP,MISC,INTL DISTRESS,218.200
NZTE,CFZ,,123.750
NZTG,APP,CHRISTCHURCH APP,119.500
NZTG,ATIS,ATIS,126.600
NZTG,CTAF,CTAF,118.300
NZTG,TWR,TWR,118.300
NZTU,CTRL,FLIGHT INFORMATION & TIMARU QNH – CHRISTCHURCH CONTROL,129.300
NZTU,Unattended,,119.500
NZUK,AFIS,CHRISTCHURCH FIS,123.500
NZUK,CTAF,CTAF,119.100
NZWB,ACC,CHRISTCHURCH CON,129.400
NZWB,APP,WELLINGTON APP,122.300
NZWB,ATIS,ATIS,126.050
NZWB,CTAF,CTAF,122.800
NZWB,TWR,TWR,122.800
NZWD,CNTR,MCMURDO CNTR,118.200
NZWD,MISC,INTL DISTRESS,218.200
NZWD,TWR,WILLIAMS FIELD TWR,126.200
NZWF,CTAF,CTAF,119.100
NZWK,AFIS,CHRISTCHURCH FIS,125.500
NZWK,CTAF,CTAF,118.600
NZWK,PAL,5 Pulses at 1s interval activates lights for 30min.,118.600
NZWL,ATIS,ATIS,127.200
NZWL,CTRL,Control,120.900
NZWL,MBZ,Mandetory Broadcast Zone,119.200
NZWN,APP,APP,122.300
NZWN,ATIS,ATIS,126.900
NZWN,GND,GND,121.900
NZWN,TWR,TWR,118.800
NZWO,CTAF,CTAF,119.100
NZWO,TWR,NAPIER TWR,125.600
NZWP,APP,AUCKLAND APP,124.300
NZWP,ATIS,ATIS,128.300
NZWP,CTAF,CTAF,134.500
NZWP,TWR,TWR,134.500
NZWR,AFIS,CHRISTCHURCH FIS,124.900
NZWR,AWIB,AWIB,119.800
NZWR,CTAF,CTAF,118.600
NZWS,AFIS,CHRISTCHURCH FIS,118.700
NZWS,CTAF,CTAF,119.100
NZWU,AFIS,OHAKEA CON,120.400
NZWU,CTAF,CTAF,120.200
NZYP,CTAF,Waipukurau Traffic,119.100
OAHR,TWR,TWR,118.100
OAIX,APP,APP,133.350
OAIX,ATIS,ATIS,134.250
OAIX,GND,GND,125.900
OAIX,MISC,KINGFISH QUEBEC,27.887
OAIX,PMSV,PMSV METRO,134.100
OAIX,TWR,TWR,118.500
OAJL,TWR,TWR,118.500
OAKB,APP,APP/DEP,131.600
OAKB,GND,GND,120.300
OAKB,TWR,TWR,129.400
OAKN,A/G,METRO,25.320
OAKN,APP,APP,120.800
OAKN,GCA,GCA,122.600
OAKN,GND,GND,126.700
OAKN,TWR,TWR,125.500
OAMN,RDO,RDO,118.100
OAMS,CONTROL,MAZAR CONTROL,121.250
OAMS,TWR,TWR,132.000
OASG,RDO,RDO,118.100
OAUZ,INFO,INFO,130.350
OBBI,APP,APP,127.850
OBBI,ATIS,ATIS,127.200
OBBI,GND,GND,121.675
OBBI,OPS,ATOC,32.175
OBBI,TWR,TWR,118.500
OBBS,ACP,COMD POST,32.137
OBBS,APP,APP,124.950
OBBS,GND,GND,125.950
OBBS,PTD,PTD,37.220
OBBS,TWR,TWR,125.450
OEAB,APP,KHAMIS APP,124.500
OEAB,GND,GND,121.700
OEAB,TWR,TWR,118.100
OEAH,CTAF,CTAF,122.800
OEAH,MISC,CRASH SVC,133.500
OEAH,RDO,RDO,131.500
OEBA,CTAF,CTAF,122.800
OEBA,EMR,CRASH SVC,133.500
OEBH,CTAF,CTAF,122.800
OEBH,EMR,FIRE RESCUE SVC,133.500
OEBQ,A/G,DISPATCH,138.220
OEBQ,CTAF,CTAF,122.800
OEDF,A/D,DAMMAM ARR/DEP,125.000
OEDF,APP,DAMMAM APP,126.300
OEDF,ATIS,,128.050
OEDF,GND,East,121.650
OEDF,GND,West,121.750
OEDF,TWR,TWR,124.350
OEDM,CTAF,CTAF,122.800
OEDM,EMR,FIRE RESCUE SVC,133.500
OEDR,ACP,AMC OPS,127.900
OEDR,APP,APP,125.400
OEDR,ATIS,ATIS,117.200
OEDR,CLD,CLNC DEL,126.300
OEDR,GND,GND,121.600
OEDR,MISC,ACC SOF,28.030
OEDR,OPS,ACC OPS,30.165
OEDR,PMSV,PMSV METRO,25.990
OEDR,POST,HOTEL 1,913.000
OEDR,TWR,TWR,118.200
OEGN,GND,GND,121.900
OEGN,TWR,JAZAN TWR,118.000
OEGS,A/G,SAUDIA RDO,131.500
OEGS,GND,GND,121.900
OEGS,TWR,TWR,118.000
OEGT,CTAF,CTAF,122.800
OEGT,EMR,CRASH SVC,133.500
OEHL,A/G,SAUDIA RDO,131.500
OEHL,AFIS,INFO,118.700
OEHL,CTAF,CTAF,122.800
OEHL,EMR,FIRE RESCUE SVC,133.500
OEHL,GND,GND,121.900
OEHW,A/G,AG,138.250
OEHW,CTAF,CTAF,122.800
OEJB,APP,DHAHRAN APP,130.500
OEJB,GND,GND,121.900
OEJB,TWR,TWR,120.500
OEJN,APP,JEDDAH APP,119.100
OEJN,APP,JEDDAH DIR APP,123.800
OEJN,APP,JEDDAH APP,124.000
OEJN,ATIS,ATIS,126.200
OEJN,CLD,JEDDAH CLNC,121.800
OEJN,GND,JEDDAH Ground,121.600
OEJN,GND,JEDDAH TWR,121.700
OEJN,GND,JEDDAH Ground,121.900
OEJN,TWR,JEDDAH TWR,118.200
OEJN,TWR,JEDDAH TWR,124.300
OEKK,AFIS,INFO,120.700
OEKK,ATIS,ATIS,127.600
OEKK,CTAF,CTAF,122.800
OEKK,EMR,FIRE RESCUE SVC,133.500
OEKK,GND,GND,121.600
OEKM,APP,APP,130.500
OEKM,DEP,DEP,125.800
OEKM,GND,GND,127.700
OEKM,TWR,TWR,118.900
OEKR,A/G,AG,138.220
OEKR,CTAF,CTAF,122.800
OEMA,APP,MADINAH APP,124.200
OEMA,ATIS,ATIS,114.100
OEMA,ATIS,ATIS,126.850
OEMA,GND,GND,121.900
OEMA,TWR,MADINAH TWR,118.300
OENG,CTAF,CTAF,122.800
OENG,GND,GND,121.900
OENG,MISC,FIRE RESCUE SVC,133.500
OENG,TWR,TWR,118.500
OEPA,CTAF,CTAF,122.800
OEPA,MISC,CRASH SVC,133.500
OEPC,A/G,DISPATCH,138.250
OEPC,CTAF,CTAF,122.800
OEPF,A/G,DISPATCH,138.250
OEPF,CTAF,CTAF,122.800
OEPI,A/G,DISPATCH,138.250
OEPI,CTAF,CTAF,122.800
OEPJ,A/G,DISPATCH,138.250
OEPJ,CTAF,CTAF,122.800
OEPK,A/G,DISPATCH,138.250
OEPK,CTAF,CTAF,122.800
OEPS,APP,SULTAN APP,123.425
OEPS,ATIS,ATIS,136.975
OEPS,GND,GND,119.900
OEPS,POST,AMC COMD POST,127.900
OEPS,TWR,SULTAN TWR,126.800
OERB,CTAF,CTAF,122.800
OERF,CTAF,CTAF,122.800
OERF,MISC,CRASH SVC,133.500
OERF,RDO,RDO,131.500
OERK,APP,RIYADH APP,120.000
OERK,ATIS,ATIS,127.150
OERK,Ctrl,,126.000
OERK,GND,GND,121.600
OERK,TWR,TWR,118.600
OERM,CTAF,CTAF,122.800
OERR,CTAF,CTAF,122.800
OERR,EMR,CRASH SVC,133.500
OERT,A/G,AG,138.200
OERT,CTAF,CTAF,122.400
OERY,APP,APP,120.000
OERY,ATIS,ATIS,114.500
OERY,GND,GND,121.900
OERY,PMSV,PMSV METRO,33.800
OERY,POST,HOTEL 2,730.000
OERY,TWR,TWR,118.100
OESB,A/G,DISPATCH,138.250
OESB,CTAF,CTAF,122.800
OESH,CTAF,CTAF,122.800
OESH,EMR,CRASH SVC,133.500
OESK,CTAF,CTAF,122.800
OESK,EMR,CRASH SVC,133.500
OESK,GND,GND,121.900
OESK,TWR,TWR,118.900
OETB,APP,APP,119.700
OETB,APP,APP,24.590
OETB,ATIS,ATIS,115.700
OETB,CLD,CLNC DEL,128.750
OETB,GND,GND,126.300
OETB,POST,HOTEL 8,913.000
OETB,TWR,TWR,125.900
OETF,A/G,SAUDIA RDO,131.500
OETF,APP,APP,119.700
OETF,ATIS,ATIS,112.700
OETF,GND,GND,121.900
OETF,POST,HOTEL 4,730.000
OETF,Radar,Taif Radar,123.700
OETF,TWR,TWR,118.700
OETN,A/G,AG,138.200
OETN,CTAF,CTAF,122.600
OETR,A/G,SAUDIA RDO,131.500
OETR,CTAF,CTAF,122.800
OEUD,A/G,AG,138.220
OEUD,CTAF,CTAF,122.800
OEWD,CTAF,CTAF,122.800
OEWD,MISC,CRASH SVC,133.500
OEWJ,CTAF,CTAF,122.800
OEWJ,MISC,CRASH SVC,133.500
OEYN,AFIS,INFO,118.100
OEYN,CTAF,CTAF,122.800
OEYN,MISC,FIRE RESCUE SVC,133.500
OIAA,ATIS,ATIS,126.850
OIAA,TWR,TWR,118.100
OIAD,APP,APP,123.600
OIAD,APP,APP,34.400
OIAD,TWR,TWR,122.300
OIAG,AFIS,INFO,122.100
OIAH,AFIS,INFO,122.100
OIAI,TWR,TWR,125.600
OIAJ,TWR,TWR,122.600
OIAM,TWR,ATIS,118.650
OIAW,ATIS,ATIS,126.400
OIAW,GND,,121.100
OIAW,TWR,,120.850
OIBA,AFIS,INFO,121.900
OIBB,APP,APP,131.400
OIBB,APP,APP,38.540
OIBB,ATIS,ATIS,126.200
OIBB,TWR,TWR,119.700
OIBJ,AFIS,INFO,121.650
OIBK,ATIS,ATIS,128.000
OIBK,TWR,TWR,118.450
OIBL,AFIS,INFO,121.700
OIBP,AFIS,INFO,118.125
OIBQ,AFIS,INFO,122.100
OIBS,AFIS,INFO,129.000
OIBV,AFIS,INFO,129.000
OICC,ATIS,KERMANSHAH INFO,126.800
OICC,TWR,KERMANSHAH TWR,122.450
OICI,AFIS,INFO,118.800
OICK,AFIS,INFO,118.350
OICS,ATIS,INFO,128.450
OICS,TWR,TWR,122.900
OIFE,AFIS,INFO,118.500
OIFH,Mhz,,129.750
OIFH,TWR,TWR,128.100
OIFK,TWR,TWR,118.175
OIFM,APP,APP,121.600
OIFM,APP,APP,122.050
OIFM,ATIS,ATIS,128.250
OIFM,GND,GND,121.900
OIFM,TWR,TWR,118.300
OIFP,TWR,TWR,118.100
OIFS,AFIS,INFO,118.500
OIGG,ATIS,INFO,126.200
OIGG,TWR,TWR,122.700
OIHH,TWR,TWR,123.500
OIHR,AFIS,INFO,118.650
OIHS,APP,NOGEH APP,119.100
OIHS,APP,NOGEH APP,36.110
OIHS,TWR,NOGEH TWR,123.300
OIIA,TWR,TWR,130.175
OIIC,TWR,TWR,125.200
OIID,TWR,TWR,126.000
OIIE,ATIS,ATIS,127.200
OIIE,GND,GND,121.600
OIIE,TWR,TWR,118.700
OIII,APP,APP,119.700
OIII,ATIS,ATIS,128.000
OIII,GND,GND,121.700
OIII,TWR,TWR,118.100
OIIK,AFIS,INFO,118.300
OIIK,Manual,Meraj Dispatch,135.700
OIIK,TIBA,,135.175
OIIM,TWR,TWR,130.100
OIIP,AFIS,INFO,118.400
OIIP,ATIS,ATIS,127.050
OIKB,APP,APP,124.200
OIKB,ATIS,ATIS,128.650
OIKB,TWR,TWR,118.100
OIKJ,AAS,INFO,118.650
OIKK,ATIS,ATIS,127.250
OIKK,TWR,TWR,122.500
OIKM,AFIS,INFO,124.150
OIKM,GND,GND,121.900
OIKP,TWR,TWR,123.150
OIKQ,AFIS,INFO,118.050
OIKR,AFIS,INFO,118.700
OIKY,AFIS,INFO,123.250
OIMB,AFIS,INFO,127.100
OIMJ,AFIS,INFO,124.350
OIMJ,GND,GND,121.950
OIMM,APP,APP,127.300
OIMM,ATIS,ATIS,126.400
OIMM,TWR,TWR,118.100
OIMN,AFIS,INFO,118.200
OIMS,AFIS,INFO,118.150
OIMT,AFIS,INFO,122.550
OIMT,GND,GND,121.600
OINE,AFIS,AFIS,121.900
OING,TWR,TWR,118.750
OINJ,AFIS,INFO,121.900
OINN,TWR,TWR,124.600
OINR,TWR,TWR,122.900
OINZ,ATIS,DASHT E NAZ INFO,126.850
OINZ,TWR,TWR,118.450
OISF,AFIS,INFO,118.950
OISJ,AFIS,INFO,121.700
OISL,AFIS,INFO,127.350
OISR,AFIS,INFO,122.650
OISS,APP,APP,119.000
OISS,APP,APP,34.400
OISS,ATIS,ATIS,127.000
OISS,TWR,TWR,118.100
OISY,AFIS,AFIS,121.800
OITK,INFO,INFO,122.250
OITL,AFIS,INFO,118.150
OITL,ATIS,ATIS,126.650
OITM,AFIS,INFO,127.450
OITP,AFIS,INFO,122.800
OITR,ATIS,ATIS,127.250
OITR,TWR,TWR,118.250
OITT,APP,APP,122.500
OITT,ATIS,INFO,127.000
OITT,TWR,TWR,124.100
OITZ,AFIS,INFO,121.750
OIYY,ATIS,ATIS,126.250
OIYY,TWR,TWR,121.900
OIZB,AFIS,INFO,118.350
OIZC,APP,APP,134.100
OIZC,TWR,TWR,125.200
OIZC,TWR,TWR,31.750
OIZH,ATIS,ATIS,128.450
OIZH,TWR,TWR,118.100
OIZI,AFIS,INFO,121.700
OIZS,AFIS,INFO,126.775
OJAI,APP,AMMAN APP,128.900
OJAI,ATIS,ATIS,127.600
OJAI,GND,GND,121.900
OJAI,TWR,TWR,119.800
OJAM,APP,AMMAN APP,128.900
OJAM,GND,AMMAN GND,121.700
OJAM,TWR,AMMAN TWR,118.100
OJAQ,APP,APP,119.200
OJAQ,GND,GND,121.900
OJAQ,MISC,CIVIL DEFENSE,121.600
OJAQ,TWR,TWR,118.100
OJHF,APP,AMMAN APP,128.900
OKAS,APP,MOHALAB APP,128.300
OKAS,GND,GND,25.010
OKAS,PMSV,METRO,37.272
OKAS,POST,COMD POST,25.300
OKAS,TWR,TWR,118.000
OKDI,APP,MOHALAB APP,128.300
OKDI,GND,GND,145.250
OKDI,OPS,OPS,44.125
OKDI,PMSV,METRO,74.100
OKDI,RDO,RDO,137.775
OKDI,TWR,TWR,130.000
OKKK,APP,APP,121.300
OKKK,ATIS,ATIS,126.225
OKKK,GND,GND,121.700
OKKK,TWR,TWR,118.300
OLBA,APP,APP,120.300
OLBA,ATIS,ATIS,120.600
OLBA,GND,GND,121.900
OLBA,TWR,TWR,118.900
OLKA,TWR,TWR,119.500
OLRA,TWR,TWR,119.700
OMAA,APP,RDR,124.400
OMAA,ATIS,ATIS,125.100
OMAA,TWR,TWR,119.200
OMAD,A/D,ABU DHABI APP,124.400
OMAD,GND,GND,121.900
OMAD,TWR,TWR,119.900
OMAJ,A/G,OPS,118.100
OMAL,APP,APP,119.850
OMAL,GND,GND,129.150
OMAL,TWR,TWR,119.850
OMAM,A/D,AL DHAFRA ARR/DEP,124.500
OMAM,ACP,DRACO OPS,123.450
OMAM,APP,ABU DHABI APP,124.400
OMAM,GND,GND,119.600
OMAM,OPS,BASS OPS,26.450
OMAM,PMSV,PMSV/CP,30.835
OMAM,TWR,TWR,118.300
OMAR,OPS,OPS,120.150
OMAS,OPS,OPS,120.200
OMAZ,RDO,RDO,129.750
OMDB,ARR,ARR,124.900
OMDB,ATIS ARR,,126.275
OMDB,ATIS DEP,ATIS,131.700
OMDB,DEP,DEP,124.450
OMDB,GND,GND,118.350
OMDB,TWR,TWR,118.750
OMDM,APP,APP,122.500
OMDM,GND,GND,121.925
OMDM,TWR,TWR,118.550
OMDW,ATC backup,,118.725
OMDW,ATIS,,126.470
OMDW,Ground,Al Maktoum Ground,118.375
OMDW,Tower,Al Maktoum Tower,118.625
OMFJ,APP,RADAR,129.400
OMFJ,ATIS,ATIS,114.700
OMFJ,DEP,DUBAI DEPARTURE,125.450
OMFJ,GND,GND,119.450
OMFJ,TWR,TWR,124.600
OMRK,GND,GND,121.600
OMRK,TWR,TWR,118.250
OMSJ,APP,,124.675
OMSJ,ATIS,ATIS,122.400
OMSJ,TWR,TWR,118.600
OOMA,APP,APP,121.300
OOMA,GND,GND,121.650
OOMA,POST,CMD POST,30.885
OOMA,TWR,TWR,118.150
OOMS,A/D,APP,121.200
OOMS,APP,RADAR,121.200
OOMS,ATIS,ATIS,126.800
OOMS,Clearance,MUSCAT Delivery,125.575
OOMS,GND,GND,121.800
OOMS,GND,NORTH GND,121.875
OOMS,TWR,TWR,118.400
OOSA,APP,APP,119.100
OOSA,RDR,RDR,119.100
OOSA,TWR,TWR,118.200
OOTH,APP,APP,125.000
OOTH,GND,GND,122.000
OOTH,OPS,OPS,671.200
OOTH,PMSV,METRO,138.775
OOTH,POST,BARNYARD,39.190
OOTH,TWR,TWR,118.600
OPBW,GND,GND,121.800
OPBW,TWR,TWR,129.800
OPCH,GND,TWR,121.800
OPCH,TWR,TWR,122.500
OPDG,TWR,TWR,119.400
OPDI,GND,GND,121.800
OPDI,TWR,TWR,122.800
OPFA,GND,TWR,121.800
OPFA,TWR,TWR,127.300
OPGT,RDO,RDO,292.300
OPGT,TWR,TWR,119.100
OPGW,TWR,TWR,122.500
OPIS,APP,Islamabad Approach,121.650
OPIS,APP,Islamabad Approach,124.650
OPIS,DEP,Islamabad Departure,118.550
OPIS,DEP,Islamabad Departure,119.650
OPIS,GMC,,123.050
OPIS,GMC,,125.150
OPIS,Ground,Islamabad Ground,122.950
OPIS,Ground,Islamabad ZGround,130.600
OPIS,Tower,Islamabad Tower,122.150
OPIS,Tower,Islamabad Tower,123.255
OPJA,GND,GND,29.040
OPJA,POST,COMD POST,27.312
OPJA,TWR,JACOBABAD TWR,124.625
OPKC,APP,KARACHI APP,125.500
OPKC,ATIS,ATIS,126.700
OPKC,GND,KARACHI GND,121.600
OPKC,TWR,KARACHI TWR,118.300
OPLA,APP,LAHORE APP,121.300
OPLA,ATIS,ATIS,126.300
OPLA,GND,LAHORE GND,118.400
OPLA,TWR,LAHORE TWR,118.100
OPLH,TWR,TWR,119.400
OPMA,Mangla Tower,,118.400
OPMF,GND,TWR,121.800
OPMF,TWR,TWR,123.400
OPMJ,GND,TWR,121.800
OPMJ,TWR,TWR,119.600
OPMR,APP,APP,32.420
OPMR,TWR,TWR,26.790
OPMT,APP,TWR,119.100
OPMT,GND,TWR,121.800
OPMT,TWR,TWR,119.100
OPNH,GND,TWR,121.800
OPNH,TWR,TWR,118.100
OPPG,GND,GND,121.800
OPPG,TWR,TWR,118.100
OPPI,GND,GND,121.800
OPPI,TWR,TWR,124.300
OPPS,APP,CHERAT APP,125.600
OPPS,ATIS,ATIS,126.700
OPPS,GCA,GCA,118.300
OPPS,RDO,RDO,292.300
OPPS,TWR,TWR,122.900
OPQS,TWR,TWR,118.100
OPQT,A/G,RDO,292.300
OPQT,GND,TWR,121.800
OPQT,TWR,TWR,118.050
OPRK,GND,RAHIM YAR KHAN GND,121.800
OPRK,TWR,RAHIM YAR KHAN TWR,122.200
OPRN,APP,ISLAMABAD APP,124.900
OPRN,APP,CHERAT APP,125.600
OPRN,ATIS,ATIS,129.600
OPRN,TWR,TWR,123.700
OPRS,APP,CHERAT APP,125.600
OPRS,TWR,TWR,116.820
OPRT,GND,GND,121.800
OPRT,TWR,TWR,122.400
OPSD,GND,TWR,121.800
OPSD,RDO,RDO,292.300
OPSD,TWR,TWR,119.700
OPSF,TWR,TWR,122.500
OPSK,GND,TWR,121.800
OPSK,TWR,TWR,122.500
OPSS,GND,GND,121.800
OPSS,RDO,RDO,292.300
OPSS,TWR,TWR,120.700
OPTU,GND,GND,121.800
OPTU,TWR,TWR,118.700
OPZB,GND,TWR,121.800
OPZB,TWR,TWR,120.700
ORAA,APP,APP,118.600
ORAA,ATIS,INFO,25.092
ORAA,GND,GND,121.175
ORAA,MISC,MEDEVAC,33.550
ORAA,OPS,OPS,116.150
ORAA,PMSV,METRO,24.432
ORAA,POST,ADACG,29.867
ORAA,TWR,TWR,131.225
ORAT,APP,APP,125.250
ORAT,ATIS,INFO,22.627
ORAT,GND,GND,29.085
ORAT,POST,A/DACG,129.375
ORAT,TWR,TWR,135.775
ORBD,APP,APP,126.425
ORBD,GND,GND,128.750
ORBD,MISC,SOF,126.750
ORBD,PMSV,METRO,33.600
ORBD,POST,COMD POST,33.190
ORBD,TWR,TWR,119.875
ORBI,ACC,BALAD ACC,123.520
ORBI,APP,APP,128.200
ORBI,ATIS,INFO,127.250
ORBI,DEP,DEP,131.900
ORBI,GND,GND,121.700
ORBI,HEL,HELO,131.700
ORBI,PMSV,METRO,116.150
ORBI,POST,COMD POST,133.500
ORBI,RDO,RDO,127.350
ORBI,TWR,TWR,118.700
ORBM,APP,APP,119.450
ORBM,ATIS,INFO,127.250
ORBM,GND,GND,132.825
ORBM,HEL,FARP,65.100
ORBM,PMSV,METRO,131.050
ORBM,RMP,RAMP OPS,128.800
ORBM,TWR,TWR,120.200
ORBR,TWR,TWR,131.270
ORER,ACC,KIRKUK ACC,125.300
ORER,APP,KIRKUK,129.750
ORER,TWR,TWR,128.800
ORKK,ACC,ACC,125.300
ORKK,APP,APP,129.750
ORKK,GND,GND,127.375
ORKK,PMSV,METRO,29.830
ORKK,POST,COMD POST,128.100
ORKK,PTD,PTD,119.250
ORKK,TWR,TWR,125.550
ORMM,APP,APP,119.400
ORMM,GND,GND,125.900
ORMM,OPS,OPS,132.700
ORMM,TWR,TWR,118.700
ORNI,ATIS,,123.900
ORNI,GND,Najaf Ground,121.700
ORNI,TWR,Najaf Tower,119.100
ORQW,CTAF,CTAF,122.000
ORQW,PMSV,METRO,33.600
ORQW,POST,COMD POST,122.000
ORQW,TWR,TWR,122.200
ORSH,APP,KIRKUK APP,129.750
ORSH,ARR,BAGHDAD ARR,128.200
ORSH,GCA,SPEICHER GCA,126.100
ORSH,POST,KINGFISH QUEBEC,22.817
ORSH,TWR,SPEICHER TWR,141.550
ORSU,AAS,ADVSY SVC,118.300
ORSU,ACC,KIRKUK ACC,125.300
ORTF,TWR,TWR,118.700
ORTI,CTAF,CTAF,122.000
ORTI,MISC,FARP,88.100
ORTI,TWR,TWR,40.850
ORTL,APP,APP,126.925
ORTL,GND,GND,118.875
ORTL,MISC,AIR BOSS,24.405
ORTL,PMSV,METRO,31.702
ORTL,POST,KINGFISH FOXTROT,23.030
ORTL,PTD,DISPATCH,25.080
ORTL,TWR,TWR,122.125
ORUB,TWR,BLAIR TWR,135.500
OSAP,APP,APP,119.100
OSAP,TWR,TWR,119.100
OSDI,APP,APP,120.000
OSDI,ATIS,ATIS,128.225
OSDI,TWR,TWR,118.500
OSDZ,TWR,TWR,118.100
OSKL,TWR,TWR,118.225
OSLK,APP,APP,120.000
OSLK,TWR,TWR,118.100
OSPR,TWR,TWR,121.900
OTBD,APP,APP,121.100
OTBD,ATIS,ATIS,126.450
OTBD,GND,GND,118.275
OTBD,OPS,KINGFISH NOVEMBER,139.500
OTBD,TWR,TWR,118.900
OTBH,A/G,SOF,28.145
OTBH,ACC,DOHA APP,121.100
OTBH,ATIS,ATIS,123.750
OTBH,GND,GND,135.500
OTBH,INFO,DOHA INFO,126.450
OTBH,MISC,AMCC,127.800
OTBH,PMSV,METRO,39.000
OTBH,POST,COMD POST,32.212
OTBH,PTD,PTD,29.220
OTBH,TWR,TWR,125.500
OTBK,TWR,TWR,120.450
OTHH,ATIS,,128.850
OTHH,D-ATIS,,126.850
OTHH,HAMAD Tower,,118.525
OYAA,APP,APP,119.700
OYAA,ATIS,ATIS,122.600
OYAA,GND,GND,121.900
OYAA,RDO,RDO,565.800
OYAA,RDO,RDO,891.800
OYAA,TWR,TWR,118.700
OYAT,A/G,RDO,759.500
OYAT,TWR,TWR,118.600
OYBA,RDO,RDO,118.900
OYGD,GND,GND,121.600
OYGD,RDO,A/G,759.500
OYGD,TWR,TWR,119.300
OYHD,A/G,RDO,511.500
OYHD,GND,GND,121.600
OYHD,TWR,TWR,118.200
OYRN,GND,GND,121.900
OYRN,RDO,RDO,565.800
OYRN,TWR,TWR,118.300
OYSN,GND,GND,121.600
OYSN,TWR,TWR,118.900
OYSQ,A/G,RDO,759.500
OYSQ,GND,GND,121.600
OYSQ,TWR,TWR,118.100
OYSY,TWR,TWR,118.400
OYTZ,GND,TAIZ GND,121.600
OYTZ,RDO,RDO,511.500
OYTZ,TWR,TAIZ TWR,118.500
PAAQ,A/D,ANCHORAGE CNTR,118.600
PAAQ,ASOS,ASOS,134.750
PAAQ,CTAF,CTAF,123.600
PAAQ,FSS,RDO,123.600
PAAQ,RFSS,KENAI RDO,123.600
PABA,AWOS,AWOS 3,30.800
PABA,CNTR,ANCHORAGE CNTR,120.600
PABA,CTAF,CTAF,126.200
PABA,FSS,DEADHORSE RDO,122.000
PABA,RDO,RDO,126.200
PABE,ATIS,ATIS,119.800
PABE,CNTR,ANCHORAGE CNTR,125.200
PABE,CTAF,CTAF/BETHEL WX,118.700
PABE,FSS,KENAI RDO,122.650
PABE,GND,GND,121.700
PABE,MISC,TWEB,114.100
PABE,OPS,NG OPS,124.650
PABE,TWR,TWR,118.700
PABI,ASOS,ASOS,135.650
PABI,ATIS,ATIS,132.075
PABI,AWOS,TWEB,114.900
PABI,CNTR,ANCHORAGE CNTR,135.300
PABI,CTAF,CTAF,122.900
PABI,FSS,FAIRBANKS RDO,122.200
PABI,GND,FORT GREELY GND,118.225
PABI,MISC,FT GREELY RANGE CON,38.300
PABI,OPS,BASE OPS,122.900
PABI,TWR,TWR,125.325
PABL,AWOS,AWOS 3,135.150
PABL,CNTR,ANCHORAGE APP/DEP,119.200
PABL,CTAF,CTAF,122.900
PABL,FSS,KOTZEBUE RDO,122.300
PABR,ASOS,ASOS,132.150
PABR,CNTR,ANCHORAGE CNTR,135.300
PABR,CTAF,CTAF,123.600
PABR,FSS,BARROW RDO,122.200
PABT,ASOS,ASOS,135.450
PABT,CNTR,ANCHORAGE CNTR,124.600
PABT,CTAF,CTAF,122.900
PABT,FSS,FAIRBANKS RDO,122.200
PABT,MISC,TWEB,116.000
PABV,AWOS,AWOS 3,135.550
PABV,CNTR,ANCHORAGE CNTR,132.300
PABV,UNIC,CTAF/UNICOM,123.000
PACD,ASOS,ASOS,135.750
PACD,CNTR,ANCHORAGE CNTR,118.500
PACD,CTAF,CTAF,123.600
PACD,FSS,RDO,123.600
PACD,RFSS,KENAI RDO,123.600
PACL,CNTR,ANCHORAGE CNTR,132.300
PACL,CTAF,CTAF,122.900
PACM,ASOS,ASOS,118.425
PACM,UNIC,CTAF/UNICOM,123.000
PACV,A/D,ANCHORAGE APP/DEP,133.600
PACV,ASOS,ASOS,134.800
PACV,CTAF,CTAF,123.600
PACV,FSS,JUNEAU RDO,122.200
PACZ,ARTC,ANCHORAGE ARTCC,124.500
PACZ,CNTR,ANCHORAGE CNTR,132.500
PACZ,FSS,KENAI RDO,122.100
PACZ,INFO,INFO,126.200
PADE,A/D,ANCHORAGE CNTR,119.200
PADE,ASOS,ASOS,135.500
PADE,CTAF,CTAF,122.900
PADL,ATIS,ATIS,125.000
PADL,AWOS,AWOS 3,135.550
PADL,CNTR,ANCHORAGE CNTR,132.750
PADL,CTAF,CTAF,123.600
PADL,FSS,RDO,122.300
PADM,CNTR,ANCHORAGE CNTR,132.300
PADM,CTAF,CTAF,122.900
PADM,RCO,ST MARYS RDO,124.000
PADQ,A/D,ANCHORAGE CNTR,125.100
PADQ,ATIS,ATIS,135.500
PADQ,CTAF,CTAF,119.800
PADQ,FSS,KENAI RDO,119.800
PADQ,GND,GND,121.900
PADQ,MISC,TWEB,117.100
PADQ,OPS,OPS,156.800
PADQ,RFSS,KENAI RDO,122.200
PADQ,TWR,TWR,119.800
PADQ,UNIC,UNICOM,122.800
PADU,AWOS,AWOS 3,125.800
PADU,CNTR,ANCHORAGE CNTR,121.400
PADU,CTAF,CTAF,122.600
PADU,FSS,COLD BAY RDO,122.600
PADU,MISC,DUTCH WX,129.500
PAED,A/D,ANCHORAGE APP/DEP,118.600
PAED,ACP,DENALI,134.100
PAED,ATIS,ATIS,124.300
PAED,EMR,RESCUE COORD CNTR,123.100
PAED,GND,GND,121.800
PAED,OPS,OPS,38.100
PAED,PMSV,PMSV METRO,34.660
PAED,PTD,PTD,37.220
PAED,SFA,SFA,32.710
PAED,TWR,TWR,127.200
PAEH,CNTR,ANCHORAGE CNTR,124.200
PAEH,FSS,KENAI RDO,122.300
PAEH,UNIC,CTAF/UNICOM,126.200
PAEI,APP,FAIRBANKS APP,125.350
PAEI,ASOS,ASOS,118.525
PAEI,ATIS,ATIS,27.350
PAEI,CLD,CLNC DEL,34.370
PAEI,DEP,FAIRBANKS DEP,126.500
PAEI,GND,GND,121.800
PAEI,INFO,RANGE CON,125.300
PAEI,MISC,SOURDOUGH,139.600
PAEI,OPS,IGLOO,25.950
PAEI,PMSV,PMSV METRO,34.660
PAEI,POST,CHENA CON,23.810
PAEI,PTD,PTD,37.220
PAEI,TWR,TWR,127.200
PAEM,AWOS,AWOS 3,135.350
PAEM,CNTR,ANCHORAGE CNTR,132.500
PAEM,CTAF,CTAF,122.900
PAEM,FSS,KENAI RDO,122.550
PAEM,MISC,TWEB,177.800
PAEN,ATIS,ATIS,133.350
PAEN,CNTR,ANCHORAGE CNTR,125.700
PAEN,CTAF,CTAF,121.300
PAEN,FSS,RDO,122.650
PAEN,GND,GND,118.750
PAEN,MISC,TWEB,117.600
PAEN,Mill center,,379.100
PAEN,TWR,TWR,121.300
PAFA,APP,APP,118.600
PAFA,ASOS,ASOS,119.025
PAFA,ATIS,ATIS,124.400
PAFA,AWOS,TWEB,108.200
PAFA,CLD,CLNC DEL,127.600
PAFA,DEP,DEP,32.710
PAFA,FSS,RDO,122.600
PAFA,GND,GND,121.900
PAFA,MISC,EIELSON RANGE CON,125.300
PAFA,TWR,TWR,118.300
PAFA,UNIC,UNICOM,122.950
PAFB,APP,FAIRBANKS APP,125.350
PAFB,ATIS,ATIS,134.250
PAFB,CTAF,CTAF,125.000
PAFB,DEP,FAIRBANKS DEP,125.350
PAFB,FSS,FAIRBANKS RDO,25.540
PAFB,GND,GND,121.700
PAFB,MISC,MEDIVAC OPS,142.350
PAFB,OPS,BASE OPS,118.900
PAFB,PMSV,PMSV METRO,128.800
PAFB,TWR,TWR,125.000
PAFE,AWOS,AWOS 3,135.250
PAFE,CNTR,ANCHORAGE CNTR,118.000
PAFE,CTAF,CTAF,122.900
PAFE,FSS,SITKA RDO,121.300
PAFM,AWOS,AWOS 3,132.100
PAFM,CNTR,ANCHORAGE CNTR,119.200
PAFM,CTAF,CTAF,122.700
PAFM,FSS,KOTEZBUE RDO,122.000
PAFM,MISC,TWEB,40.300
PAFR,A/D,ANCHORAGE APP/DEP,118.600
PAFR,CLD,ANCHORAGE CLNC DEL,128.650
PAFR,CTAF,CTAF,125.000
PAFR,OPS,AVN SPT FAC,40.800
PAFR,PMSV,PMSV METRO,34.460
PAGA,AWOS,AWOS 3,132.525
PAGA,CNTR,ANCHORAGE CNTR,127.000
PAGA,CTAF,CTAF,123.000
PAGA,FSS,FAIRBANKS RDO,122.200
PAGA,OPS,GALENA OPS,39.120
PAGA,PMSV,PMSV METRO,134.500
PAGH,CNTR,ANCHORAGE CNTR,119.200
PAGH,CTAF,CTAF,122.700
PAGH,FSS,KOTZEBUE,122.000
PAGK,ASOS,ASOS,134.850
PAGK,CNTR,ANCHORAGE CNTR,119.500
PAGK,CTAF,CTAF,122.900
PAGK,FSS,KENAI RDO,122.200
PAGK,MISC,TWEB,115.600
PAGM,AWOS,AWOS 3,125.900
PAGM,CNTR,ANCHORAGE CNTR,132.200
PAGM,CTAF,CTAF,122.700
PAGM,FSS,NOME RDO,122.000
PAGM,MISC,TWEB,36.900
PAGS,AWOS,AWOS 3,125.900
PAGS,CNTR,ANCHORAGE CNTR,133.200
PAGS,CTAF,CTAF,122.500
PAGS,RCO,JUNEAU RDO,122.650
PAHL,AWOS,AWOS 3,135.750
PAHL,CNTR,ANCHORAGE CNTR,127.000
PAHL,CTAF,CTAF,122.800
PAHL,FSS,FAIRBANKS RDO,122.400
PAHN,ASOS,ASOS,135.750
PAHN,CNTR,ANCHORAGE CNTR,132.300
PAHN,CTAF,CTAF,122.900
PAHN,FSS,JUNEAU RDO,122.600
PAHN,MISC,TWEB,24.500
PAHO,ASOS,ASOS,135.650
PAHO,CNTR,ANCHORAGE CNTR,125.900
PAHO,CTAF,CTAF,123.600
PAHO,FSS,RDO,123.600
PAHO,MISC,TWEB,114.600
PAHO,RFSS,KENAI RDO,123.600
PAHO,UNIC,UNICOM,123.050
PAHP,AWOS,AWOS 3,135.100
PAHP,CTAF,CTAF,123.000
PAHP,FSS,KENAI RDO,122.400
PAHP,MISC,TWEB,115.200
PAII,A/D,ANCHORAGE CNTR,124.800
PAII,AWOS,AWOS 3,135.650
PAII,CTAF,CTAF,122.800
PAIK,CNTR,ANCHORAGE CNTR,119.200
PAIK,CTAF,CTAF,122.700
PAIL,ASOS,ASOS,134.950
PAIL,ATIS,ATIS,134.950
PAIL,CNTR,ANCHORAGE CNTR,118.800
PAIL,CTAF,CTAF,123.600
PAIL,FSS,RDO,123.600
PAIL,RCO,KENAI RDO,121.200
PAIL,RFSS,KENAI RDO,122.200
PAIM,CNTR,ANCHORAGE CNTR,124.600
PAIM,CTAF,CTAF,126.200
PAIM,FSS,FAIRBANKS RDO,122.600
PAJN,ATIS,ATIS,135.200
PAJN,AWOS,TWEB,114.000
PAJN,CNTR,ANCHORAGE CNTR,133.900
PAJN,CTAF,CTAF,118.700
PAJN,FSS,RDO,122.200
PAJN,GND,GND,121.900
PAJN,MISC,RDO,122.150
PAJN,OPS,NAT GD OPS,124.650
PAJN,TWR,TWR,118.700
PAJN,UNIC,UNICOM,122.950
PAKN,A/G,HARMONY,140.100
PAKN,ATIS,ATIS,128.800
PAKN,CNTR,ANCHORAGE CNTR,124.800
PAKN,CTAF,CTAF,121.900
PAKN,FSS,RDO,122.200
PAKN,GND,GND,121.900
PAKN,OPS,OPS,37.220
PAKN,PTD,PTD,37.220
PAKN,TWR,TWR,118.300
PAKP,AWOS,AWOS 3,135.750
PAKP,CNTR,ANCHORAGE CNTR,124.600
PAKP,CTAF,CTAF,122.800
PAKP,FSS,DEADHORSE RDO,122.150
PAKT,ATIS,ATIS,119.900
PAKT,CNTR,ANCHORAGE CNTR,118.500
PAKT,CTAF,CTAF,123.600
PAKT,FSS,RDO,123.600
PAKT,UNIC,UNICOM,122.950
PAKW,ASOS,ASOS,135.450
PAKW,CNTR,ANCHORAGE CNTR,118.500
PAKW,CTAF,CTAF,120.900
PAKW,FSS,KETCHIKAN RDO,122.250
PALU,CNTR,ANCHORAGE CNTR,119.650
PALU,FSS,KOTZEBUE RDO,122.300
PALU,UNIC,CTAF/UNICOM,126.200
PAMH,A/D,ANCHORAGE CNTR,120.900
PAMH,AWOS,AWOS 3,135.550
PAMH,CTAF,CTAF,122.900
PAMH,FSS,FAIRBANKS RDO,122.200
PAMR,A/D,ANCHORAGE APP/DEP,119.100
PAMR,ATIS,ATIS,124.250
PAMR,CTAF,CTAF,126.000
PAMR,FSS,KENAI RDO,122.200
PAMR,GND,GND,121.700
PAMR,RFSS,KENAI RDO,122.300
PAMR,TWR,TWR,126.000
PAMR,UNIC,UNICOM,122.950
PAMY,AWOS,AWOS 3,123.900
PAMY,CNTR,ANCHORAGE CNTR,124.500
PAMY,CTAF,CTAF,122.900
PAMY,FSS,KENAI RDO,122.000
PAMY,MISC,TWEB,32.300
PANC,A/D,APP/DEP,119.100
PANC,A/D,APP/DEP,123.800
PANC,ATIS,ATIS,118.400
PANC,AWOS,TWEB,114.300
PANC,CLD,CLNC DEL,119.400
PANC,FSS,KENAI RDO,122.200
PANC,GND,GND,121.900
PANC,MISC,SAN FRANCISCO ARINC,1133.000
PANC,POST,CAMPER,140.150
PANC,RFSS,KENAI RDO,122.550
PANC,TWR,TWR,118.300
PANC,UNIC,UNICOM,122.950
PANN,A/D,FAIRBANKS APP/DEP,125.350
PANN,ASOS,ASOS,125.200
PANN,CTAF,CTAF,122.100
PANN,FSS,FAIRBANKS RDO,122.500
PANN,MISC,TWEB,115.800
PANT,ASOS,ASOS,135.750
PANT,CTAF,CTAF,122.900
PANT,FSS,KETCHIKAN RDO,122.400
PANU,ARTC,ANCHORAGE CNTR,127.000
PANU,CTAF,CTAF,122.900
PANU,FSS,FAIRBANKS RDO,122.200
PANV,AWOS,AWOS 3,133.550
PANV,CNTR,ANCHORAGE CNTR,135.700
PANV,FSS,KENAI RDO,122.400
PANV,UNIC,CTAF/UNICOM,122.700
PAOM,ASOS,ASOS,119.925
PAOM,ATIS,ATIS,119.925
PAOM,CNTR,ANCHORAGE CNTR,133.300
PAOM,CTAF,CTAF,123.600
PAOM,FSS,RDO,122.450
PAOM,MISC,TWEB,115.000
PAOO,A/D,ANCHORAGE CNTR,125.200
PAOO,CTAF,CTAF,122.900
PAOO,RDO,KENAI RDO,122.600
PAOR,ASOS,ASOS,135.400
PAOR,CNTR,ANCHORAGE CNTR,126.550
PAOR,CTAF,CTAF,123.600
PAOR,FSS,RDO,122.200
PAOR,MISC,SUAS INFO SVC,125.300
PAOT,ASOS,ASOS,135.450
PAOT,ATIS,ATIS,135.450
PAOT,CNTR,ANCHORAGE CNTR,119.200
PAOT,CTAF,CTAF,123.600
PAOT,FSS,KOTZEBUE RDO,122.200
PAOT,MISC,TWEB,115.700
PAOT,UNIC,UNICOM,122.800
PAPB,ASOS,ASOS,135.450
PAPB,CNTR,ANCHORAGE CNTR,119.100
PAPB,CTAF,CTAF,122.800
PAPB,FSS,KENAI RDO,122.500
PAPC,RDO,RDO,569.600
PAPC,UNIC,CTAF/UNICOM,122.800
PAPG,AWOS,AWOS 3,125.800
PAPG,CNTR,ANCHORAGE CNTR,118.000
PAPG,CTAF,CTAF,122.500
PAPG,FSS,SITKA RDO,122.350
PAPH,AWOS,AWOS 3,135.400
PAPH,CNTR,ANCHORAGE CNTR,132.900
PAPH,CTAF,CTAF,122.800
PAPH,FSS,KENAI RDO,122.000
PAPK,A/D,ANCHORAGE CNTR,125.200
PAPK,CTAF,CTAF,122.900
PAPM,A/D,ANCHORAGE ARTCC,127.600
PAPM,AWOS,AWOS THREE,118.375
PAPM,CTAF,CTAF,122.800
PAPM,RDO,KENAI RDO,122.500
PAQT,A/D,ANCHORAGE CNTR,119.400
PAQT,ASOS,ASOS,122.500
PAQT,CTAF,CTAF,122.800
PAQT,FSS,DEADHORSE RDO,122.500
PARC,A/D,ANCHORAGE CNTR,135.000
PARC,AWOS,AWOS 3,135.750
PARC,CTAF,CTAF,122.900
PARC,FSS,FAIRBANKS RDO,122.100
PARY,ASOS,ASOS,119.925
PARY,CNTR,ANCHORAGE CNTR,127.000
PARY,CTAF,CTAF,122.800
PARY,FSS,FAIRBANKS RDO,122.200
PASA,AWOS,AWOS 3,121.300
PASA,CTAF,CTAF,122.700
PASA,FSS,NOME RDO,122.300
PASC,ATIS,ATIS,118.400
PASC,CNTR,ANCHORAGE CNTR,134.400
PASC,CTAF,CTAF,123.600
PASC,FSS,RDO,122.200
PASC,UNIC,UNICOM,123.000
PASD,AWOS,AWOS 3,134.850
PASD,CLD,CLNC DEL,122.300
PASD,CNTR,ANCHORAGE CNTR,125.350
PASD,CTAF,CTAF,122.300
PASD,FSS,COLD BAY RDO,122.300
PASD,UNIC,UNICOM,122.800
PASH,AWOS,AWOS 3,121.100
PASH,CNTR,ANCHORAGE CNTR,119.200
PASH,CTAF,CTAF,123.000
PASH,FSS,NOME RDO,122.400
PASH,MISC,TWEB,36.500
PASI,ATIS,ATIS,135.900
PASI,CNTR,ANCHORAGE CNTR,126.100
PASI,CTAF,CTAF,123.600
PASI,FSS,RDO,123.600
PASI,MISC,TWEB,113.800
PASI,OPS,SITKA AIR,34.500
PASI,UNIC,UNICOM,122.950
PASK,AWOS,AWOS 3,135.650
PASK,CNTR,ANCHORAGE CNTR,119.200
PASK,CTAF,CTAF,122.700
PASK,FSS,KOTZEBUE RDO,122.500
PASK,MISC,TWEB,114.200
PASM,AWOS,AWOS 3,128.700
PASM,CNTR,ANCHORAGE CNTR,124.000
PASM,CTAF,CTAF,122.300
PASM,FSS,KENAI RDO,122.350
PASM,MISC,TWEB,23.000
PASN,ASOS,ASOS,135.750
PASN,CNTR,ANCHORAGE CNTR,119.100
PASN,CTAF,CTAF,122.300
PASN,FSS,COLD BAY RDO,122.450
PASN,MISC,NWS OBSVR,122.000
PASV,CNTR,ANCHORAGE CNTR,134.300
PASV,FSS,KENAI RDO,122.500
PASV,UNIC,CTAF/UNICOM,126.200
PASX,AWOS,AWOS 3,135.450
PASX,CNTR,ANCHORAGE CNTR,125.700
PASX,CTAF,CTAF,122.500
PASX,FSS,KENAI RDO,122.350
PASX,MISC,TWEB,117.600
PASY,ASOS,ASOS,135.650
PASY,CNTR,ANCHORAGE CNTR,119.100
PASY,CTAF,CTAF,127.200
PATG,AWOS,AWOS 3,119.300
PATG,CNTR,ANCHORAGE CNTR,124.800
PATG,CTAF,CTAF,122.500
PATG,FSS,KENAI RDO,122.250
PATK,CTAF FSS,Talkeetna Flight Service Station / CTAF,123.600
PATL,FSS,KENAI RDO,122.300
PATL,UNIC,CTAF/UNICOM,126.200
PATQ,ASOS,ASOS,119.925
PATQ,CNTR,ANCHORAGE CNTR,135.300
PATQ,CTAF,CTAF,122.900
PATQ,FSS,BARROW RDO,122.200
PAUN,AWOS,AWOS 3,132.250
PAUN,CNTR,ANCHORAGE CNTR,135.700
PAUN,CTAF,CTAF,123.000
PAUN,FSS,NOME RDO,122.300
PAVD,AWOS,AWOS 3,118.800
PAVD,CNTR,ANCHORAGE CNTR,119.300
PAVD,CTAF,CTAF,122.900
PAVD,FSS,JUNEAU RDO,122.200
PAVL,A/D,ANCHORAGE CNTR,119.200
PAVL,ASOS,ASOS,135.800
PAVL,CTAF,CTAF/UNICOM,122.800
PAVL,FSS,KOTZEBUE RDO,122.550
PAWD,ASOS,ASOS,135.200
PAWD,CTAF,CTAF,122.900
PAWD,FSS,KENAI RDO,122.600
PAWG,AWOS,AWOS 3,128.500
PAWG,CNTR,ANCHORAGE CNTR,118.000
PAWG,CTAF,CTAF,122.600
PAWG,FSS,SITKA RDO,122.450
PAWI,ASOS,ASOS,132.250
PAWI,CNTR,ANCHORAGE CNTR,135.300
PAWI,CTAF,CTAF,122.800
PAWI,FSS,FAIRBANKS RDO,122.500
PAWN,AWOS,AWOS 3,135.750
PAWN,CNTR,ANCHORAGE CNTR,119.200
PAWN,FSS,KOTZEBUE RDO,122.400
PAWN,UNIC,CTAF/UNICOM,122.800
PAWS,A/D,ANCHORAGE APP/DEP,119.100
PAWS,AWOS,AWOS 3,135.250
PAWS,CTAF,CTAF,122.800
PAWT,CTAF,CTAF,126.200
PFYU,AWOS,AWOS 3,125.800
PFYU,CNTR,ANCHORAGE CNTR,135.000
PFYU,CTAF,CTAF,122.500
PFYU,FSS,FAIRBANKS RDO,122.100
PFYU,INFO,EIELSON RANGE CON,125.300
PFYU,MISC,TWEB,114.400
PGRO,A/D,GUAM CNTR,118.700
PGRO,CTAF,CTAF,123.600
PGRO,RDO,RDO,123.600
PGSN,ATIS,ATIS,127.200
PGSN,CNTR,GUAM CNTR,118.400
PGSN,GND,GND,121.800
PGSN,RDO,SAIPAN RDO,123.600
PGSN,TWR,TWR,125.700
PGUA,A/D,GUAM APP/DEP,118.700
PGUA,ACP,AMC COMD POST,128.000
PGUA,ATIS,ATIS,118.175
PGUA,GND,GND,121.700
PGUA,MISC,GUAM CERAP,118.700
PGUA,OPS,13AF AOC,23.930
PGUA,PMSV,PMSV METRO,34.460
PGUA,POST,36 ABW COMD POST,31.100
PGUA,PTD,PTD,139.300
PGUA,TWR,TWR,126.200
PGUM,A/D,APP/DEP,118.700
PGUM,ARTC,GUAM CERAP,120.500
PGUM,ATIS,ATIS,119.000
PGUM,CLD,CLNC DEL,121.900
PGUM,GND,GND,121.900
PGUM,RMP,RAMP,121.600
PGUM,TWR,AGANA TWR,118.100
PGWT,CNTR,GUAM CNTR,118.400
PGWT,CTAF,CTAF,123.600
PGWT,RDO,SAIPAN RDO,123.600
PHBK,CNTR,HONOLULU CNTR,126.500
PHBK,OPS,RANGE OUTRIDER,32.285
PHBK,TWR,TWR,126.200
PHBK,UNIC,UNICOM,122.800
PHDH,MISC,MIL AIR TO AIR,23.330
PHDH,RDO,HONOLULU RDO,122.600
PHDH,UNIC,CTAF/UNICOM,123.000
PHHI,A/G,VFR ADVSY SVC,118.300
PHHI,APP,HONOLULU APP,118.300
PHHI,ATIS,ATIS,119.675
PHHI,CTAF,CTAF,126.300
PHHI,DEP,DEP,118.300
PHHI,GND,GND,41.500
PHHI,INFO,LIGHTNING RDO,139.200
PHHI,MISC,PINEAPPLE,125.100
PHHI,PMSV,PMSV METRO,125.100
PHHI,RDO,HONOLULU RDO,122.200
PHHI,TWR,TWR,126.300
PHHN,A/D,HONOLULU CNTR,126.000
PHHN,CTAF,CTAF,122.900
PHHN,FSS,HANA,122.300
PHHN,RCO,HANA,122.300
PHHN,RDO,HONOLULU RDO,122.300
PHJH,AWOS,AWOS,118.525
PHJH,RCO,MAUI RDO,123.600
PHJH,UNIC,CTAF/UNICOM,122.700
PHJR,A/D,HONOLULU APP/DEP,118.300
PHJR,ATIS,ATIS,119.800
PHJR,CLD,CLNC DEL,121.700
PHJR,CTAF,CTAF,132.600
PHJR,GND,GND,123.800
PHJR,TWR,TWR,132.600
PHKO,ATIS,ATIS,127.400
PHKO,CLD,CLNC DEL,121.900
PHKO,CNTR,HONOLULU CNTR,126.000
PHKO,CTAF,CTAF,120.300
PHKO,RCO,HONOLULU,123.600
PHKO,TWR,TWR,120.300
PHLI,ATIS,ATIS,127.200
PHLI,CNTR,HONOLULU CNTR,126.500
PHLI,CTAF,CTAF,118.900
PHLI,GND,GND,121.900
PHLI,RCO,HONOLULU,122.600
PHLI,TWR,TWR,118.900
PHMK,ATIS,ATIS,128.200
PHMK,CNTR,HONOLULU CNTR,124.100
PHMK,CTAF,CTAF,125.700
PHMK,GND,GND,121.900
PHMK,RDO,HONOLULU RDO,116.100
PHMK,TWR,TWR,125.700
PHMU,CNTR,HONOLULU CNTR,126.000
PHMU,CTAF,CTAF,122.900
PHMU,RDO,HONOLULU,122.100
PHNG,A/D,APP/DEP,125.000
PHNG,ATIS,ATIS,28.450
PHNG,CLD,CLNC DEL,29.470
PHNG,CTAF,CTAF,120.700
PHNG,GND,GND,38.280
PHNG,PMSV,PMSV METRO,34.460
PHNG,PTD,PTD,30.720
PHNG,TWR,TWR,120.700
PHNL,APPR,,118.300
PHNL,ATIS,,127.900
PHNL,CLRN,,121.400
PHNL,DEPT,,118.300
PHNL,GND,,121.900
PHNL,TWR,,118.100
PHNY,ASOS,ASOS,118.375
PHNY,CNTR,HONOLULU CNTR,119.300
PHNY,CTAF,CTAF,122.900
PHNY,RCO,RDO,117.700
PHOG,A/D,MAUI APP/DEP,119.500
PHOG,ATIS,ATIS,128.600
PHOG,CLD,MAUI CLNC DEL,120.600
PHOG,CTAF,CTAF,118.700
PHOG,GND,GND,121.900
PHOG,RDO,MAUI RDO,123.600
PHOG,TWR,MAUI TWR,118.700
PHOG,UNIC,UNICOM,122.950
PHSF,ARTC,HONOLULU CNTR,126.000
PHSF,ATIS,ATIS,124.700
PHSF,CTAF,CTAF,126.300
PHSF,OPS,RANGE,38.300
PHSF,PMSV,PMSV METRO,122.750
PHSF,RDO,HONOLULU RDO,25.540
PHSF,TWR,TWR,41.500
PHTO,A/D,APP/DEP,119.700
PHTO,ATIS,ATIS,126.400
PHTO,CTAF,CTAF,118.100
PHTO,GND,GND,121.900
PHTO,RDO,HONOLULU RDO,122.600
PHTO,TWR,TWR,118.100
PHUP,CTAF,CTAF,122.900
PHUP,RCO,HONOLULU RDO,112.300
PKMA,AAS,RDO,126.200
PKMJ,CTAF,CTAF,123.600
PKMJ,RDO,MAJURO RDO,123.600
PKRO,A/G,SAN FRANCISCO ARINC,299.800
PKRO,APP,KWAJALEIN  APP,126.200
PKRO,RDO,ROI RDO,118.100
PKRO,TWR,KWAJALEIN TWR,126.200
PKWA,A/G,SAN FRANCISCO ARINC,299.800
PKWA,APP,KWAJALEIN APP,126.200
PKWA,TWR,KWAJALEIN TWR,126.200
PLCH,INFO,AFIS,118.100
PLCH,INFO,AFIS,346.000
PMDY,AWOS,AWOS 3,118.325
PMDY,CTAF,CTAF,122.900
PMDY,RDO,RDO,126.200
PPIZ,AWOS,AWOS 3,135.650
PPIZ,CNTR,ANCHORAGE CNTR,119.650
PPIZ,CTAF,CTAF,122.400
PPIZ,FSS,FAIRBANKS RDO,122.400
PPIZ,MISC,MISC,122.800
PPIZ,UNIC,UNICOM,126.200
PTKK,CTAF,CTAF,123.600
PTKK,FSS,FSS,123.600
PTKK,RDO,RDO,123.600
PTPN,CTAF,CTAF,123.600
PTPN,RDO,RDO,123.600
PTRO,FSS,KOROR RDO,123.600
PTSA,CTAF,CTAF,123.600
PTSA,MC,MC,123.600
PTSA,RDO,RDO,123.600
PTYA,CTAF,CTAF,123.600
PTYA,RDO,RDO,123.600
PWAK,A/G,OPS AAS,128.000
PWAK,RDO,OAKLAND OCEANIC,884.300
RCAY,APP,KAOHSIUNG APP,119.500
RCAY,TWR,TWR,126.180
RCBS,APP,TAICHUNG APP,124.600
RCBS,ATIS,KINMEN ATIS,127.200
RCBS,TWR,KINMEN TWR,118.000
RCDC,APP,KAOHSIUNG APP,121.100
RCDC,TWR,TWR,126.180
RCDI,TWR,TWR,135.100
RCFG,TCA,TAIPEI CON,125.500
RCFG,TWR,TWR,118.550
RCFN,APP,TAITUNG APP,119.400
RCFN,ATIS,ATIS,127.000
RCFN,TWR,TWR,118.100
RCGI,TWR,TWR,118.800
RCKH,APP,APP,121.100
RCKH,ATIS,ATIS,127.800
RCKH,CLD,CLNC DEL,121.800
RCKH,GND,GND,121.900
RCKH,TWR,TWR,118.700
RCKU,ACC,TAIPEI ACC,125.500
RCKU,APP,TAICHUNG APP,120.600
RCKU,TWR,TWR,118.600
RCKW,APP,APP,124.700
RCKW,TWR,TWR,118.250
RCLY,TWR,TWR,118.500
RCMQ,APP,TAICHUNG APP,120.400
RCMQ,ATIS,CINGCYUANGANG AIRPORT,127.750
RCMQ,TWR,TWR,118.750
RCMQ,Tower,CCK Tower,120.250
RCMT,TCA,TAIPEI CON,125.500
RCMT,TWR,TWR,118.100
RCNN,APP,KAOHSIUNG APP,121.100
RCNN,GND,GND,121.600
RCNN,TWR,TWR,118.400
RCPO,APP,TAIPEI APP,123.500
RCPO,CNTR,TAIPEI RADAR,126.180
RCPO,TWR,TWR,118.400
RCQC,ACC,TAIPEI APP,128.100
RCQC,ATIS,ATIS,127.050
RCQC,GND,GND,121.900
RCQC,GND,GND,126.300
RCQC,TWR,TWR,118.300
RCQS,APP,TAITUNG APP,119.400
RCQS,GND,GND,27.580
RCQS,TWR,TWR,118.100
RCSQ,APP,KAOHSIUNG APP,121.100
RCSQ,TWR,TWR,118.100
RCSS,APP,TAIPEI APP,119.700
RCSS,ATIS,ATIS,127.400
RCSS,CLD,CLNC DEL,121.200
RCSS,GND,GND,121.900
RCSS,TWR,TWR,118.100
RCTP,APP,TAIPEI APP,119.600
RCTP,APP,TAIPEI APP,123.500
RCTP,APP,,125.100
RCTP,ATIS,ATIS,127.600
RCTP,CLD,CLNC DEL,121.800
RCTP,DEP,,128.500
RCTP,GND,GND,121.700
RCTP,TWR,TAIPEI TWR,118.700
RCWA,TWR,TWR,118.100
RCYU,APP,APP,119.100
RCYU,GND,GND,121.900
RCYU,TWR,TWR,118.100
RJAA,APP,TOKYO APP,124.400
RJAA,ATIS,ATIS,128.250
RJAA,CLD,CLNC DEL,121.900
RJAA,CLR,CLNC DEL,121.650
RJAA,DEP,TOKYO DEP,124.200
RJAA,GND,,121.850
RJAA,GND,GND,121.950
RJAA,RDR,TOKYO RDR,120.200
RJAA,RMP,RAMP,121.600
RJAA,RMP,RAMP,121.750
RJAA,TCA,TOKYO TCA,119.450
RJAA,TWR,TWR,118.200
RJAA,TWR,,118.350
RJAF,ACC,TOKYO CON,132.450
RJAF,RDO,RDO,118.650
RJAH,APP,APP,120.100
RJAH,DEP,DEP,36.230
RJAH,GND,GND,27.580
RJAH,TCA,TCA,124.800
RJAH,TWR,TWR,126.200
RJAM,RDO,RDO,126.200
RJAW,A/D,APP/DEP,138.300
RJAW,GND,GND,23.680
RJAW,TWR,TWR,126.200
RJBB,APP,APP,120.250
RJBB,ATIS,ATIS,127.850
RJBB,CLD,CLNC DEL,121.900
RJBB,DEP,DEP,119.200
RJBB,GND,GND,121.600
RJBB,TCA,TCA,121.100
RJBB,TWR 06L/24R,,118.050
RJBB,TWR 06R/24L,,118.200
RJBD,RDO,RDO,118.550
RJBE,APP,KANSAI RADAR,121.150
RJBE,ATIS,ATIS,128.075
RJBE,TCA,KANSAI TCA,121.100
RJBE,TWR,TWR,118.500
RJBH,A/G,FLIGHT SERVICE,130.650
RJBH,APP,HIROSHIMA APP,124.050
RJBH,DEP,HIROSHIMA DEP,119.900
RJBK,A/G,AIR SERVICE,130.750
RJBT,RDO,REMOTE,118.400
RJBT,UNIC,FLIGHT SVC,130.800
RJCA,TWR,TWR,126.200
RJCB,ACC,SAPPORO CON,128.325
RJCB,TWR,TWR,118.700
RJCC,01L,,110.900
RJCC,01R,,110.750
RJCC,APP,CHITOSE APP,120.100
RJCC,ATIS,ATIS,128.600
RJCC,CLD,CHITOSE CLNC DEL,121.900
RJCC,DEP,CHITOSE DEP,124.700
RJCC,GND,CHITOSE GND,121.600
RJCC,TCA,TCA,127.700
RJCC,TWR,CHITOSE TWR,118.800
RJCH,ATIS,ATIS,126.600
RJCH,RDR,Shirakami Approach,120.850
RJCH,TWR,TWR,118.350
RJCJ,APP,APP,120.100
RJCJ,CLD,CLNC DEL,121.900
RJCJ,DEP,DEP,124.700
RJCJ,GND,GND,121.700
RJCJ,PMSV,METRO,34.460
RJCJ,TCA,TCA,127.700
RJCJ,TWR,TWR,118.200
RJCK,ACC,SAPPORO CON,127.500
RJCK,TWR,TWR,118.050
RJCM,TWR,TWR,118.850
RJCN,RDO,RDO,122.700
RJCO,ARTC,CON,127.500
RJCO,GND,GND,121.800
RJCO,TWR,TWR,126.200
RJCT,TWR,TWR,126.200
RJCW,A/G,RDO,118.300
RJCW,ACC,SAPPORO CON,127.500
RJDA,A/G,AMASKA FS,130.775
RJDB,A/G,IKI REMOTE,118.200
RJDB,RDO,RDO,118.200
RJDC,RDO,UBE RDO,118.050
RJDT,RDO,RDO,124.300
RJEB,A/G,REMOTE,118.150
RJEC,ACC,SAPPORO CON,127.500
RJEC,TWR,DAISETSU TWR,118.550
RJEO,A/G,REMOTE,122.700
RJER,A/G,REMOTE,122.700
RJFA,ACC,FUKUOKA CON,119.650
RJFA,GCA,GCA,134.100
RJFA,GND,GND,27.580
RJFA,TWR,TWR,126.200
RJFC,A/G,REMOTE,118.650
RJFE,RDO,RDO,118.350
RJFF,APP,APP,119.100
RJFF,ATIS,ATIS,127.200
RJFF,CLD,CLNC DEL,121.925
RJFF,DEP,DEP,119.700
RJFF,GND,GND,121.700
RJFF,TCA,TCA,121.275
RJFF,TWR,TWR,118.400
RJFG,A/G,TANEGASHIMA,118.750
RJFG,APP,FUKUOKA,133.850
RJFK,APP,APP,126.000
RJFK,ATIS,ATIS,127.050
RJFK,CLD,CLNC DEL,121.800
RJFK,DEP,DEP,119.400
RJFK,GND,GND,121.700
RJFK,TCA,TCA,120.000
RJFK,TWR,TWR,118.200
RJFM,APP,APP,121.400
RJFM,ATIS,ATIS,126.800
RJFM,DEP,DEP,120.100
RJFM,GND,GND,121.900
RJFM,TWR,TWR,118.300
RJFN,APP,MIYAZAKI APP,120.100
RJFN,GND,GND,27.580
RJFN,PMSV,METRO,34.460
RJFN,TWR,TWR,126.200
RJFO,APP,APP,120.600
RJFO,ATIS,ATIS,127.800
RJFO,DEP,DEP,119.050
RJFO,GND,GND,121.600
RJFO,TWR,TWR,118.800
RJFR,RDO,RDO,118.850
RJFS,A/G,REMOTE,118.050
RJFS,DEP,FUKUOKA DEP,119.700
RJFS,RDO,RDO,118.025
RJFT,APP,FUKUOKA CON,118.900
RJFT,APP,APP,119.000
RJFT,ATIS,ATIS,128.800
RJFT,DEP,DEP,122.900
RJFT,GND,GND,121.800
RJFT,RCO,KAGOSHIMA FSC,118.700
RJFT,RDR,RAD,122.900
RJFT,TCA,TCA,123.850
RJFT,TWR,TWR,118.700
RJFU,APP,APP,119.175
RJFU,ATIS,ATIS,126.850
RJFU,DEP,DEP,121.000
RJFU,GND,GND,121.600
RJFU,TWR,TWR,118.500
RJFY,APP,APP,122.150
RJFY,ATIS,ATIS,24.680
RJFY,GND,GND,23.680
RJFY,TWR,TWR,126.200
RJFZ,APP,APP,120.100
RJFZ,DEP,DEP,120.100
RJFZ,GND,GND,126.200
RJFZ,TCA,TCA,127.950
RJFZ,TWR,TWR,126.200
RJGG,APP,APP,121.050
RJGG,ATIS,ATIS,121.075
RJGG,CLD,CLD,121.850
RJGG,DEP,DEP,120.000
RJGG,GND,GND,121.800
RJGG,RDR,RDR,125.500
RJGG,TCA,TCA,119.250
RJGG,TWR,TWR,118.850
RJKA,A/G,RDO,118.150
RJKA,ACC,NAHA CON,132.300
RJKA,INFO,NAHA INFO,134.800
RJKB,A/G,REMOTE,118.050
RJKB,ACC,NAHA CON,132.300
RJKI,RDO,REMOTE,118.000
RJKN,A/G,REMOTE,122.700
RJNA,APP,CENTRAIR APP,121.050
RJNA,CLD,CLNC DEL,121.750
RJNA,DEP,CENTRAIR DEP,121.225
RJNA,GND,GND,121.700
RJNA,TCA,CENTRAIR TCA,119.250
RJNA,TWR,TWR,118.700
RJNF,APP,KOMATSU APP,120.100
RJNF,RDO,RDO,118.600
RJNG,APP,NAGOYA APP,120.300
RJNG,DEP,NAGOYA DEP,120.700
RJNG,GND,GND,27.580
RJNG,TWR,TWR,122.000
RJNH,APP,APP,120.100
RJNH,DEP,DEP,120.100
RJNH,GND,GND,126.200
RJNH,PMSV,PMSV,34.460
RJNH,TCA,TCA,127.950
RJNH,TWR,TWR,126.200
RJNK,APP,APP,120.100
RJNK,DEP,DEP,120.100
RJNK,GND,GND,121.700
RJNK,TCA,TCA,127.950
RJNK,TWR,TWR,118.250
RJNO,RDO,REMOTE,118.650
RJNT,TWR,TWR,124.300
RJNW,ACC,TOKYO CON,132.450
RJNW,RDO,RDO,118.050
RJNY,TWR,TWR,120.100
RJOA,APP,APP,124.050
RJOA,ATIS,ATIS,127.250
RJOA,DEP,DEP,119.900
RJOA,RDR,RADAR,124.050
RJOA,TWR,TWR,118.600
RJOB,APP,TAKAMATSU APP,120.400
RJOB,TWR,TWR,124.300
RJOC,APP,MIHO APP,120.100
RJOC,RDO,RDO,122.700
RJOF,GND,GND,133.000
RJOF,TWR,TWR,126.200
RJOH,A/D,APP/DEP,120.100
RJOH,GND,GND,118.000
RJOH,PMSV,METRO,34.460
RJOH,TWR,TWR,126.200
RJOI,ACC,FUKUOKA CON,126.100
RJOI,APP,APP,128.000
RJOI,ATIS,ATIS,128.400
RJOI,CLD,CLNC DEL,135.700
RJOI,DEP,DEP,128.000
RJOI,GND,GND,121.300
RJOI,INFO,FUKUOKA INFO IWAKUNI,128.200
RJOI,PMSV,METRO,34.460
RJOI,PTD,PTD,134.100
RJOI,TWR,TWR,123.800
RJOK,APP,APP,125.000
RJOK,ATIS,ATIS,126.450
RJOK,DEP,DEP,124.800
RJOK,TWR,TWR,118.750
RJOM,APP,IWAKUNI APP,128.000
RJOM,ATIS,ATIS,126.650
RJOM,TWR,TWR,118.350
RJOO,APP,KANSAI APP,120.450
RJOO,ATIS,ATIS,128.600
RJOO,CLD,CLNC DEL,118.800
RJOO,DEP,KANSAI DEP,119.500
RJOO,GCA,GCA,127.500
RJOO,GND,GND,121.700
RJOO,TCA,TCA,121.100
RJOO,TWR,TWR,118.100
RJOR,RDO,RDO,118.150
RJOS,APP,APP,124.000
RJOS,ATIS,ATIS,24.680
RJOS,DEP,DEP,120.100
RJOS,TWR,TWR,118.000
RJOT,APP,APP,121.200
RJOT,ATIS,ATIS,127.450
RJOT,DEP,DEP,120.400
RJOT,TCA,TCA,119.025
RJOT,TWR,TWR,118.300
RJOW,RDO,RDO,118.550
RJOY,APP,KANSAI APP,120.450
RJOY,GND,GND,121.800
RJOY,TWR,TWR,124.350
RJOZ,ATIS,ATIS,24.580
RJOZ,TWR,TWR,122.000
RJSA,ACC,SAPPORO CON,133.300
RJSA,TWR,TWR,118.300
RJSC,ACC,TOKYO CON,118.900
RJSD,RDO,REMOTE,118.150
RJSF,RDO,RDO,118.050
RJSH,APP,MISAWA APP,120.700
RJSH,ATIS,ATIS,24.580
RJSH,DEP,MISAWA DEP,125.300
RJSH,TWR,TWR,126.200
RJSI,ACC,SAPPORO CON,124.500
RJSI,RDO,RDO,118.200
RJSK,A/G,SAPPORO INFO,127.100
RJSK,TWR,TWR,118.600
RJSM,APP,APP,120.700
RJSM,ATIS,ATIS,128.400
RJSM,CLD,CLNC DEL,118.650
RJSM,DEP,DEP,125.300
RJSM,GND,GND,118.650
RJSM,MISC,DRAUGHON RANGE CON,36.540
RJSM,PMSV,METRO,34.460
RJSM,POST,COMD POST,141.600
RJSM,PTD,PTD,131.450
RJSM,TCA,TCA,124.050
RJSM,TWR,TWR,125.300
RJSN,APP,APP,121.400
RJSN,ATIS,ATIS,128.450
RJSN,DEP,DEP,119.050
RJSN,TWR,TWR,118.000
RJSR,RDO,RDO,118.750
RJSS,APP,APP,120.400
RJSS,ATIS,ATIS,126.450
RJSS,DEP,DEP,120.000
RJSS,GND,GND,121.700
RJSS,TCA,TCA,121.025
RJSS,TWR,TWR,118.700
RJST,APP,APP,120.100
RJST,DEP,DEP,120.100
RJST,GCA,RDR,134.100
RJST,GND,GND,27.580
RJST,TCA,TCA,123.850
RJST,TWR,TWR,126.200
RJSY,A/G,RDO,118.800
RJTA,A/G,BIDDY ATSUGI,305.000
RJTA,APP,YOKOTA APP,123.800
RJTA,ATIS,ATIS,24.680
RJTA,DEP,YOKOTA DEP,122.100
RJTA,GND,GND,141.200
RJTA,PMSV,METRO,30.600
RJTA,TWR,TWR,126.200
RJTE,APP,TOKYO APP,119.100
RJTE,TWR,TWR,126.200
RJTH,A/G,RDO,118.700
RJTJ,APP,YOKOTA APP,118.300
RJTJ,DEP,YOKOTA DEP,122.100
RJTJ,GND,GND,27.580
RJTJ,TWR,TWR,126.200
RJTK,APP,TOKYO APP,119.100
RJTK,TWR,TWR,126.200
RJTL,APP,TOKYO APP,126.000
RJTL,DEP,TOKYO DEP,126.000
RJTL,GCA,PAR,30.220
RJTL,GND,GND,138.300
RJTL,TWR,TWR,138.300
RJTO,RDO,RDO,118.600
RJTQ,A/G,RDO,118.050
RJTR,OPS,OPS,36.800
RJTR,PMSV,YOKOTA METRO,34.460
RJTR,TWR,TWR,122.500
RJTT,A/G,NORTH PACIFIC AREA,126.900
RJTT,APP,APP,119.100
RJTT,ATIS,ATIS,128.800
RJTT,CLR,CLNC DEL,121.825
RJTT,DEP,,120.800
RJTT,DEP,DEP,126.000
RJTT,GND,,118.225
RJTT,GND,,121.625
RJTT,GND,GND,121.700
RJTT,GND,,121.975
RJTT,TCA,,119.450
RJTT,TCA,TCA,124.750
RJTT,TWR,TWR,118.100
RJTT,TWR,,118.575
RJTT,TWR,,118.725
RJTT,TWR,,124.350
RJTU,APP,APP,120.100
RJTU,TWR,TWR,23.680
RJTY,A/G,AG,29.210
RJTY,AAS,RADAR ADVSY SVC,118.300
RJTY,APP,APP,118.300
RJTY,ATIS,ATIS,128.400
RJTY,CLD,CLNC DEL,131.400
RJTY,DEP,DEP,122.100
RJTY,GND,GND,133.200
RJTY,PMSV,PMSV METRO,34.460
RJTY,POST,AMC COMD POST,128.000
RJTY,PTD,PTD,119.000
RJTY,RDO,374 AW COM CNTR,128.000
RJTY,TWR,TWR,134.300
RKJJ,APP,APP,130.000
RKJJ,ARR,GWANJU ARRIVAL,132.250
RKJJ,ATIS,ATIS,128.875
RKJJ,DEP,DEP,124.000
RKJJ,EMR,EMR,121.500
RKJJ,GND,GND,118.050
RKJJ,TWR,TWR,126.200
RKJK,ACP,AMC COMD POST/TACC,120.000
RKJK,APP,APP,124.100
RKJK,ATIS,ATIS,120.225
RKJK,CLD,CLNC DEL,133.750
RKJK,DEP,DEP,124.100
RKJK,GND,GND,123.500
RKJK,PMSV,PMSV METRO,34.650
RKJK,POST,COMD POST,27.720
RKJK,PTD,PTD,132.250
RKJK,TWR,TWR,126.500
RKJM,APP,GWANGJU APP,130.000
RKJM,ATIS,ATIS,129.250
RKJM,DEP,GWANGJU DEP,130.000
RKJM,TWR,TWR,118.700
RKJU,ACP,BRICKWALL,120.000
RKJU,TWR,TWR,31.000
RKJY,APP,SACHEON APP,135.400
RKJY,GND,GND,118.525
RKJY,TWR,TWR,122.500
RKNN,A/D,APP/DEP,124.600
RKNN,ACP,BRICKWALL,120.000
RKNN,ATIS,ATIS,132.050
RKNN,GND,GND,27.580
RKNN,TWR,TWR,126.200
RKNW,ACP,BRICKWALL,120.000
RKNW,APP,APP,141.200
RKNW,ATIS,ATIS,136.450
RKNW,DEP,DEP,130.200
RKNW,GCCD,GND CLNC DEL,27.580
RKNW,TWR,TWR,126.200
RKNY,APP,GANGNEUNG APP,124.600
RKNY,CLD,CLD,123.150
RKNY,DEP,GANGNEUNG DEP,124.600
RKNY,GND,GND,123.150
RKNY,TWR,TWR,118.850
RKPC,APP,APP,119.000
RKPC,ATIS,ATIS,126.800
RKPC,DEP,DEP,121.200
RKPC,GND,GND,121.650
RKPC,MISC,BRICKWALL,120.000
RKPC,TWR,TWR,118.100
RKPD,APP,JEJU APP,119.000
RKPD,ATIS,ATIS,128.250
RKPD,DEP,JEJU DEP,121.200
RKPD,TWR,TWR,130.500
RKPE,ACP,BRICKWALL,120.000
RKPE,APP,GIMHAE APP,135.700
RKPE,TWR,TWR,126.200
RKPK,ACP,BRICKWALL,120.000
RKPK,APP,APP,135.700
RKPK,ARR,ARR,119.200
RKPK,ATIS,ATIS,126.600
RKPK,CLD,CLNC DEL,121.800
RKPK,DEP,DEP,125.500
RKPK,GND,GND,121.900
RKPK,OPS,COWBOY OPS,133.825
RKPK,TWR,TWR,118.100
RKPS,ACP,BRICKWALL,120.000
RKPS,APP,APP,119.725
RKPS,ATIS,ATIS,132.350
RKPS,DEP,DEP,119.725
RKPS,GND,GND,27.580
RKPS,RDR,RAPCON,119.725
RKPS,TWR,TWR,130.200
RKPU,ACP,BRICKWALL,120.000
RKPU,APP,POHANG APP,124.250
RKPU,ATIS,ATIS,127.350
RKPU,TWR,TWR,122.600
RKRA,ACP,BRICKWALL,120.000
RKRA,Tower,Ga-Nap-TWR,121.850
RKRB,APP,SEOUL APP,120.800
RKRB,TWR,BU CHEON TWR,38.000
RKRG,TWR,YANG PYEONG TWR,38.000
RKRK,TWR,MAENG HO TWR,38.000
RKRN,APP,OSAN APP,127.900
RKRN,DEP,OSAN DEP,127.900
RKRN,GCA,GCA,144.000
RKRN,GND,GND,51.150
RKRN,TWR,TWR,123.500
RKRP,FCC,FCC EVENREACH,36.900
RKRP,TWR,PA JU TWR,38.000
RKSG,A/D,OSAN APP/DEP,127.900
RKSG,ACP,BRICKWALL,120.000
RKSG,ATIS,ATIS,108.200
RKSG,GND,DESIDERIO GND,119.500
RKSG,OPS,DESIDERIO OPS,37.950
RKSG,PMSV,PMSV METRO,37.300
RKSG,TWR,DESIDERIO TWR,34.950
RKSI,APP,SEOUL APP,120.800
RKSI,ATIS,ATIS,23.025
RKSI,CLD,CLNC DEL,121.000
RKSI,DEP,SEOUL DEP,121.350
RKSI,GND,GND,121.400
RKSI,RMP,RAMP CON,121.650
RKSI,TWR,TWR,118.200
RKSM,ACP,BRICKWALL,120.000
RKSM,APP,APP,123.800
RKSM,ATIS,ATIS,136.950
RKSM,DEP,DEP,121.150
RKSM,GCA,GCA,136.800
RKSM,GND,GND,121.850
RKSM,PMSV,PMSV,62.450
RKSM,PTD,DRAGON OPS,62.450
RKSM,TWR,TWR,126.200
RKSO,APP,APP,127.900
RKSO,ATIS,ATIS,132.125
RKSO,CLD,CLNC DEL,127.300
RKSO,DEP,DEP,127.900
RKSO,GND,GND,132.450
RKSO,PMSV,PMSV METRO,34.650
RKSO,PTD,PTD,120.700
RKSO,TWR,TWR,122.100
RKSS,A/G,SEOUL RDO,127.100
RKSS,ACP,BRICKWALL,120.000
RKSS,APP,SEOUL APP,120.800
RKSS,ATIS,ATIS,126.400
RKSS,CLD,CLNC DEL,122.600
RKSS,DEP,SEOUL DEP,125.150
RKSS,GND,GND,121.900
RKSS,TWR,TWR,118.100
RKSW,A/D,OSAN APP/DEP,127.900
RKSW,ACP,BRICKWALL,120.000
RKSW,ATIS,ATIS,126.425
RKSW,GCA,GCA,34.655
RKSW,GND,GND,27.580
RKSW,OPS,25TH TFS,22.900
RKSW,PMSV,PMSV METRO,34.650
RKSW,POST,USAF SUWON COMD POST,22.900
RKSW,TWR,TWR,126.200
RKTE,GND,GND,134.550
RKTE,TWR,TWR,131.300
RKTH,A/D,APP/DEP,124.250
RKTH,ACP,BRICKWALL,120.000
RKTH,ATIS,ATIS,128.725
RKTH,GND,GND,126.200
RKTH,TWR,TWR,118.050
RKTI,APP,APP,132.550
RKTI,ATIS,ATIS,135.600
RKTI,DEP,DEP,132.550
RKTI,GCCD,GND CLNC DEL,27.580
RKTI,TWR,TWR,126.200
RKTN,ACP,BRICKWALL,120.000
RKTN,ATIS,ATIS,127.650
RKTN,CLD,CLNC DEL,118.200
RKTN,PMSV,KUNSAN METRO,34.650
RKTN,RKTN_APP,Daegu Intl Approach,135.900
RKTN,RKTN_DEP,Daegu Intl Departure,135.900
RKTN,RKTN_GND,Daegu Intl Ground,118.200
RKTN,RKTN_TWR,Daegu Intl Tower,126.200
RKTP,APP,HAEMI APP,124.600
RKTP,ATIS,ATIS,130.300
RKTP,CLD,CLNC DEL,27.580
RKTP,DEP,DEP,124.600
RKTP,GND,GND,27.580
RKTP,TWR,HAEMI TWR,126.200
RKTU,ACP,BRICKWALL,120.000
RKTU,APP,JUNGWON APP,134.000
RKTU,ATIS,ATIS,128.850
RKTU,DEP,JUNGWON DEP,134.000
RKTU,RKTU_APP,Cheongju Intl Approach,134.000
RKTU,RKTU_GND,Cheongju Intl Ground,120.650
RKTU,RKTU_TWR,Cheongju Intl Tower,118.700
RKTY,ACP,BRICKWALL,120.000
RKTY,APP,APP,134.500
RKTY,ATIS,ATIS,136.800
RKTY,DEP,DEP,134.500
RKTY,GND,GND,124.350
RKTY,TWR,TWR,124.350
RKUC,TWR,CHOCHIWON TWR,40.600
RKUL,GND,GND,47.000
RKUL,OPS,GYERYONG OPS,30.300
RKUL,TWR,NON SAN TWR,38.000
ROAH,A/G,CENTRAL WEST PACIFIC,126.900
ROAH,ATIS,ATIS,127.800
ROAH,CLD,CLNC DEL,122.075
ROAH,GND,GND,121.800
ROAH,TWR,TWR,118.100
RODE,CTAF,CTAF,28.730
RODE,OPS,BASE OPS,44.800
RODN,A/D,OKINAWA APP/DEP,33.580
RODN,ATIS,ATIS,124.200
RODN,CLD,CLNC DEL,123.300
RODN,GND,GND CTL,118.500
RODN,MISC,AIR MOBILIY CTRL CTR,128.000
RODN,OPS,BASE OPS,26.600
RODN,PMSV,METRO,34.460
RODN,POST,18 WG COMD POST,31.100
RODN,PTD,PTD,131.400
RODN,TWR,TWR,126.200
ROKJ,A/G,REMOTE,122.700
ROMD,A/G,DAITOU REMOTE,126.200
ROMY,APP,SHIMOJI APP,120.300
ROMY,TWR,TWR,118.200
RORK,A/G,DAITOU REMOTE,126.200
RORK,ACC,NAHA CON,124.500
RORS,APP,APP,120.300
RORS,DEP,DEP,125.000
RORS,GND,GND,121.700
RORS,TWR,TWR,118.300
RORT,A/G,REMOTE,118.600
RORY,A/G,REMOTE,118.300
ROTM,ATIS,ATIS,23.030
ROTM,GND,GND,122.800
ROTM,PMSV,METRO,29.060
ROTM,PTD,PTD,30.740
ROTM,TWR,TWR,123.600
ROYN,A/G,REMOTE,118.500
RPLB,APP,APP,119.100
RPLB,ATIS,ATIS,134.400
RPLB,CLD,CLNC DEL,121.300
RPLB,FSS,RDO,544.750
RPLB,GCA,GND,121.800
RPLB,TWR,TWR,118.200
RPLC,A/D,APP,119.200
RPLC,ATIS,ATIS,127.200
RPLC,CLD,CLNC DEL,125.200
RPLC,FSS,RDO,544.750
RPLC,TWR,TWR,118.700
RPLI,A/D,APP,122.300
RPLI,RDO,RDO,124.000
RPLI,TWR,TWR,118.100
RPLJ,CTAF,Jomalig Traffic,121.900
RPLL,A/D,MANILA APP,119.700
RPLL,ACC,MANILA CON,128.300
RPLL,ATIS,MANILA ATIS,126.400
RPLL,CLD,CLNC DEL,125.100
RPLL,FSS,MANILA RDO,544.750
RPLL,GND,GND,121.900
RPLL,RMP,RAMP 1,121.700
RPLL,TWR,MANILA TWR,118.100
RPLS,TWR,TWR,126.200
RPLV,TWR,TWR,126.250
RPMC,APP,APP,113.700
RPMC,TWR,TWR,118.700
RPMD,APP,DAVAO APP,122.400
RPMD,ATIS,ATIS,127.000
RPMD,RDO,DAVAO RDO,124.000
RPMD,TWR,DAVAO TWR,118.100
RPME,TWR,TWR,123.200
RPMG,FSS,RDO,122.100
RPMI,FSS,RDO,123.500
RPMJ,FSS,RDO,122.200
RPML,APP,APP,122.300
RPML,TWR,TWR,127.900
RPMN,FSS,RDO,122.100
RPMP,FSS,RDO,122.000
RPMR,APP,APP,119.100
RPMR,RDO,RDO,680.250
RPMR,TWR,TWR,118.400
RPMS,FSS,RDO,122.000
RPMW,FSS,RDO,122.600
RPMY,APPR,,124.270
RPMY,FSS,Laguindingan Radio,126.700
RPMY,TWR,,116.100
RPMZ,APP,APP,122.700
RPMZ,FSS,RDO,124.000
RPMZ,TWR,TWR,123.500
RPUA,RDO,,122.800
RPUF,TWR,TWR,118.100
RPUH,FSS,RDO,118.300
RPUI,Multicom,,121.900
RPUL,A/G,AIR GND,652.500
RPUL,TWR,TWR,118.100
RPUM,FSS,RDO,122.100
RPUN,FSS,RDO,122.100
RPUN,TWR,TWR,122.100
RPUO,FSS,RDO,122.000
RPUO,TWR,TWR,123.500
RPUQ,FSS,RDO,120.100
RPUS,FSS,RDO,122.100
RPUS,TWR,TWR,122.100
RPUT,FSS,RDO,122.800
RPUV,FSS,RDO,122.200
RPUW,RDO,RDO,122.000
RPUX,TWR,,122.400
RPUY,FSS,RDO,122.700
RPUZ,FSS,RDO,123.400
RPVA,APP,TACLOBAN APP,120.800
RPVA,TWR,TACLOBAN TWR,122.100
RPVB,TOWER,,118.800
RPVB,approach,,121.000
RPVD,TWR,TWR,129.700
RPVE,FSS,RDO,520.500
RPVE,TWR,TWR,122.700
RPVF,CTAF,Oshkosh Traffic,122.700
RPVI,A/D,BACOLOD APP,121.000
RPVI,TWR,TWR,123.400
RPVJ,RDO,RDO,122.000
RPVK,APCH,Kalibo Approach,123.100
RPVK,TWR,Kalibo Tower,124.200
RPVM,ACC,CON,127.500
RPVM,APP,APP,124.700
RPVM,ATIS,ATIS,126.600
RPVM,CLD,CLNC,125.100
RPVM,CTAF,UNI,121.900
RPVM,DEP,Departure,121.200
RPVM,FOC,OPS,118.500
RPVM,FSS,RDO,124.000
RPVM,GND,GND,121.800
RPVM,TWR,TWR,118.100
RPVO,UNICOM,Ormoc Traffic Advisory,121.900
RPVP,APP,APP,122.000
RPVP,FSS,RDO,544.750
RPVP,TWR,TWR,118.100
RPVR,TWR,TWR,118.500
RPVS,FSS,Antique Radio,127.100
RPVU,FSS,RDO,122.300
SAAC,AUX,AUX,122.100
SAAC,TWR,TWR,118.300
SAAG,TWR,TWR/APP,118.400
SAAP,TWR,PARANA TWR,119.600
SAAR,TWR,TWR/APP,118.700
SAAV,APP,APP,118.950
SAAV,TWR,TWR,118.500
SABE,APP,APP,120.600
SABE,ATIS,ATIS,127.600
SABE,CLD,CLNC DEL,129.300
SABE,GND,GND,121.900
SABE,TWR,TWR,118.850
SACA,GND,GND,121.900
SACA,RDO,FABRICA RDO,118.100
SACA,TWR,ESCUELA TWR,120.600
SACO,ATIS,ATIS,114.500
SACO,GND,GND,121.750
SACO,MISC,METAR NOTAM,342.550
SACO,TWR,CORDOBA TWR/APP,118.300
SADF,GND,GND,121.650
SADF,TWR,FERNANDO TWR,120.700
SADJ,APP,MORENO APP,119.700
SADJ,TWR,MORENO TWR,119.700
SADL,TWR,La Plata Aeradio,119.300
SADM,AUX,Auxiliary Freq,120.750
SADM,GND,Morón superficie,121.800
SADM,TWR,Moron Torre,118.500
SADO,GND,GND,124.500
SADO,TWR,TWR,123.800
SADP,TWR,PALOMAR TWR,118.900
SADZ,MTZA,Matanza torre,125.500
SAEZ,A/D,BAIRES CON,124.900
SAEZ,APP,EZEIZA APP,119.900
SAEZ,ATIS,ATIS,127.800
SAEZ,GCCD,GND/CLNC DEL,121.750
SAEZ,TWR,EZEIZA TWR,118.600
SAHR,RDO,ROCA RDO,119.400
SAME,ATIS,ATIS,114.900
SAME,GND,GND,121.950
SAME,TCA,MENDOZA CON,124.200
SAME,TWR,MENDOZA APP/TWR,119.900
SAMM,APP,APP/TWR,118.250
SAMR,TWR,TWR,118.100
SANC,TWR,TWR,118.150
SANE,TWR,SANTIAGO TWR,118.700
SANL,APP,APP/TWR,118.450
SANT,RDO,TUCUMAN RDO,122.500
SANT,TWR,TUCUMAN TWR/APP,119.500
SANU,APP,APP,119.350
SANU,TWR,TWR,119.350
SAOC,APP,APP/TWR,118.750
SAOD,RDO,RDO,118.100
SAOM,RDO,RDO,118.600
SAOR,RDO,REYNOLDS RDO,122.100
SAOR,TWR,REYNOLDS TWR,119.300
SAOS,A/G,RDO,122.100
SAOS,TWR,CONLARA TWR,119.900
SAOU,TWR,TWR,118.400
SARC,TWR,TWR,118.300
SARE,ACC,RESISTENCIA,119.500
SARE,RDO,RDO,122.300
SARE,TWR,TWR/APP,118.700
SARF,TWR,TWR,119.100
SARI,TWR,TWR/APP,120.700
SARL,TWR,LIBRES TWR/APP,120.300
SARM,RDO,RDO,118.700
SARP,TWR,TWR/APP,120.100
SARS,A/G,,118.900
SASA,RDO,RDO,126.900
SASA,TWR,TWR/APP,128.850
SASJ,TWR,TWR/APP,118.700
SASO,RDO,RDO,118.500
SAST,TWR,TWR,118.600
SATG,TWR,TWR,118.100
SATR,TWR,TWR/APP,119.000
SATU,RDO,RDO,118.100
SAVB,RDO,RDO,118.400
SAVC,ARR,COMODORO CON,124.300
SAVC,TWR,COMODORO TWR,119.900
SAVE,APP,APP/TWR,118.100
SAVJ,RDO,ING JACOBACCI RDO,122.300
SAVN,A/G,SAN ANTONIO OEST RDO,118.400
SAVT,RDO,RDO,122.100
SAVT,TWR,TWR/APP,118.700
SAVV,TWR,VIEDMA TWR,118.300
SAVY,TWR,MADRYN TWR,119.500
SAWB,TWR,MARAMBIO TWR,118.100
SAWC,APP,APP/TWR,119.950
SAWC,GND,GND,121.800
SAWD,RDO,DESEADO RDO,118.300
SAWE,TWR,GRANDE TWR/APP,118.300
SAWG,APP,APP/TWR,119.100
SAWG,ATIS,ATIS,116.700
SAWG,RDO,RDO,122.100
SAWG,TCA,CON,124.700
SAWH,RDO,RDO,122.100
SAWH,TWR,TWR/APP,118.100
SAWJ,RDO,RDO,118.100
SAWP,A/G,RDO,118.100
SAWU,A/G,RDO,118.600
SAZB,APP,BAHIA BLANCA APP,124.800
SAZB,GND,GND,121.900
SAZB,RDO,RDO,296.500
SAZB,TWR,ESPORA TWR,119.150
SAZD,CTAF,,123.500
SAZF,RDO,RDO,118.100
SAZG,APP,PICO TWR,119.000
SAZL,RDO,RDO,122.100
SAZM,A/D,CON,124.400
SAZM,GND,GND,121.700
SAZM,TWR,TWR/APP,118.750
SAZN,TWR,NEUQUEN TWR/APP,119.300
SAZO,RDO,RDO,118.100
SAZP,TWR,PEHUAJO TWR,118.350
SAZR,RDO,RDO,296.500
SAZR,TWR,TWR,118.300
SAZS,ATIS,ATIS,127.900
SAZS,RDO,BARILOCHE RDO,122.300
SAZS,TWR,BARILOCHE TWR/APP,119.100
SAZT,APP,APP,119.400
SAZT,ARR,CON,120.900
SAZT,TWR,TWR,119.400
SAZV,TWR,GESELL TWR/APP,119.000
SAZW,RDO,RDO,121.900
SAZY,GND,GND,121.700
SAZY,TWR,CHAPELCO TWR,119.600
SBAA,AFIS,ARAGUAIA RDO,125.700
SBAE,AFIS,RADIO AREALVA,126.600
SBAE,APP,BAURU APP,121.300
SBAF,APP,RIO APP,119.350
SBAF,GND,AFONSOS,121.850
SBAF,TWR,AFONSOS TWR,118.900
SBAM,AFIS,RDO,125.700
SBAN,APP,APP,119.150
SBAN,GND,GND,121.900
SBAN,OPS,OPS,122.500
SBAN,TWR,TWR,118.300
SBAQ,AFIS,RDO,131.600
SBAR,APP,ARACAJU APP,120.300
SBAT,RDO,RDO,126.600
SBAU,RDO,RDO,130.600
SBAX,AFIS,RDO,130.350
SBBE,APP,BELEM APP,119.050
SBBE,ATIS,BELEM ATIS,127.600
SBBE,GND,GND,121.900
SBBE,OPS,BELEM OPS,122.500
SBBE,TWR,BELEM TWR,118.700
SBBG,AFIS,BAGE RDO,125.850
SBBH,APP,BELO HORIZONTE APP,120.200
SBBH,ATIS,BELO HORIZONTE ATIS,127.450
SBBH,CLD,BELO HORIZONTE TRAFF,121.100
SBBH,GND,GND,121.600
SBBH,OPS,SAO PAULO OPS,122.500
SBBH,TWR,BELO HORIZONTE TWR,118.000
SBBI,APP,CURITIBA APP,119.950
SBBI,GND,GND,121.800
SBBI,TWR,TWR,118.900
SBBQ,AFIS,RDO,125.900
SBBR,APP,BRASILIA APP,119.200
SBBR,ATIS,BRASILIA ATIS,127.800
SBBR,CLD,BRASILIA CLNC DEL,121.800
SBBR,GND,GND,121.800
SBBR,OPS,BRASILIA OPS,122.500
SBBR,PMSV,BRASILIA METRO,132.600
SBBR,TWR,BRASILIA TWR,118.450
SBBT,AFIS,BARRETOS RDO,130.200
SBBU,AFIS,RDO,121.300
SBBU,APP,APP,121.300
SBBU,ATIS,ATIS,127.875
SBBV,APP,APP,120.100
SBBV,GND,GND,121.700
SBBV,OPS,OPS,122.500
SBBV,TWR,TWR,118.100
SBBW,AFIS,GARCAS RDO,125.900
SBBZ,AFIS,BUZIOS RDO,131.750
SBBZ,APP,ALDEIA APP,119.450
SBCA,AFIS,RDO,131.850
SBCB,AFIS,RDO,132.150
SBCC,AFIS,RDO,125.900
SBCD,RDO,RDO,130.050
SBCF,APP,BELO HORIZONTE APP,120.200
SBCF,ATIS,BELO HORIZONTE ATIS,127.450
SBCF,CLD,CONFINS CLNC DEL,121.000
SBCF,GND,GND,121.900
SBCF,OPS,BELO HORIZONTE OPS,122.500
SBCF,TWR,CONFINS TWR,118.200
SBCG,APP,APP,120.200
SBCG,GND,GND,121.900
SBCG,OPS,OPS,122.500
SBCG,TWR,TWR,118.100
SBCH,AFIS,RDO,130.850
SBCI,AFIS,RDO,126.600
SBCJ,AFIS,RDO,131.700
SBCM,AFIS,CRICIUMA RDO,131.950
SBCO,APP,PALEGRE APP,119.000
SBCO,ATIS,ATIS,127.850
SBCO,GND,GND,121.700
SBCO,OPS,OPS,122.500
SBCO,TWR,TWR,118.500
SBCP,AFIS,CAMPOS RDO,125.700
SBCR,AFIS,RDO,119.500
SBCR,APP,APP,119.500
SBCT,APP,CURITIBA APP,119.950
SBCT,ATIS,ATIS,127.800
SBCT,GND,GND,121.900
SBCT,TWR,CURITIBA TWR,118.550
SBCV,AFIS,RDO,125.900
SBCX,AFIS,CAXIAS RDO,131.600
SBCY,APP,CUIABA APP,119.400
SBCY,TWR,CUIABA TWR,118.100
SBCZ,AFIS,AFIS,125.700
SBDN,AFIS,PRUDENTE RDO,118.450
SBDN,APP,PRUDENTE APP,118.450
SBDN,TWR,PRUDENTE TWR,118.450
SBEG,APP,MANAUS APP,119.700
SBEG,ATIS,ATIS,127.650
SBEG,GND,EDUARDO GOMES GND,121.900
SBEG,OPS,OPS,122.500
SBEG,TWR,EDUARDO GOMES TWR,118.300
SBEK,RDO,RDO,125.900
SBES,APP,ALDEIA APP,119.450
SBES,GND,GND,121.900
SBES,TWR,ALDEIA TWR,118.300
SBFI,APP,FOZ APP,119.150
SBFI,TWR,FOZ TWR,118.800
SBFL,APP,FLORIANOPOLIS APP,119.650
SBFL,ATIS,ATIS,127.450
SBFL,GND,GND,121.700
SBFL,OPS,FLORIANOPOLIS OPS,122.500
SBFL,TWR,FLORIANOPOLIS TWR,118.700
SBFN,AFIS,NORONHA RDO,125.900
SBFZ,APP,FORTALEZA APP,133.000
SBFZ,ATIS,ATIS,127.700
SBFZ,GND,GND,121.950
SBFZ,OPS,FORTALEZA OPS,122.500
SBFZ,TWR,FORTALEZA TWR,129.000
SBGL,APP,RIO APP,119.350
SBGL,ATIS,ATIS,127.600
SBGL,CLD,CLNC DEL,121.000
SBGL,GND,GND,121.650
SBGL,OPS,OPS,122.500
SBGL,TWR,TWR,118.000
SBGM,RDO,RDO,125.900
SBGO,ATIS,ATIS,127.675
SBGO,GND,GND,121.700
SBGO,TWR,GOIANIA TWR,118.700
SBGP,AFIS,RDO,118.150
SBGP,GND,GND,121.800
SBGR,APP,SAO PAULO APP,119.800
SBGR,ATIS,ATIS,127.750
SBGR,CLD,CLNC DEL,121.000
SBGR,GND,GUARULHOS GROUND,121.700
SBGR,ILS,RWY 10L - IUC,110.700
SBGR,ILS,RWY 28L - IBC,111.100
SBGR,ILS,RWY 10R - IGH,111.700
SBGR,ILS,RWY 28R - IGS,111.900
SBGR,OPS,SAO PAULO OPS,122.500
SBGR,TWR,GUARULHOS TWR,132.750
SBGU,Afis,New frequency.,131.700
SBGV,AFIS,VALADARES RDO,132.050
SBGW,APP,GUARA CONTROL,120.150
SBGW,TWR,GUARA TOWER,118.150
SBHT,AFIS,RDO,125.850
SBIC,AFIS,RDO,126.600
SBIH,TWR,TWR,118.400
SBIL,APP,APP,120.100
SBIP,AFIS,RDO,130.000
SBIT,AFIS,ITUMBIARA RDO,130.300
SBIZ,AFIS,RDO,125.850
SBJD,A/G,RDO,127.225
SBJD,APP,,129.500
SBJD,GND,,121.650
SBJD,TWR,,118.750
SBJF,AFIS,JUIZ DE FORA RDO,128.100
SBJH,AFIS,Radio Catarina,131.800
SBJP,APP,PESSOA CON,118.300
SBJP,TWR,PESSOA TWR,118.300
SBJU,AFIS,JUAZEIRO RDO,131.750
SBJV,AFIS,TWR,118.000
SBKG,AFIS,CAMPINA GRANDE RDO,125.900
SBKP,APP,CAMPINAS APP,121.400
SBKP,GND,GND,121.900
SBKP,TWR,CAMPINAS TWR,118.250
SBLE,RDO,RDO,131.750
SBLJ,AFIS,RDO,132.150
SBLN,AFIS,RDO,130.000
SBLO,APP,APP,129.700
SBLO,ATIS,ATIS,127.675
SBLO,TWR,TWR,118.400
SBLP,AFIS,LAPA RDO,125.900
SBLS,AFIS,RDO,122.800
SBMA,AFIS,RDO,125.900
SBMC,RDO,RDO,130.300
SBMD,AFIS,RDO,125.700
SBME,APP,APP,119.200
SBME,ATIS,ATIS,127.775
SBME,GND,GND,121.700
SBME,TWR,TWR,118.450
SBMG,AFIS,RDO,131.950
SBMG,TWR,Torre Maringá,118.750
SBMK,AFIS,RDO,131.700
SBML,AFIS,RDO,130.450
SBMN,APP,MANAUS APP,119.700
SBMN,ATIS,ATIS,127.650
SBMN,TWR,MANAUS TWR,118.100
SBMO,APP,MACEIO APP,119.250
SBMO,TWR,MACEIO TWR,118.250
SBMQ,APP,APP,119.000
SBMQ,TWR,TWR,118.000
SBMS,AFIS,MOSSORO RDO,125.900
SBMT,APP,SAO PAULO APP,119.800
SBMT,GND,GND,121.600
SBMT,OPS,OPS,122.500
SBMT,TWR,TWR,118.700
SBMY,RDO,RDO,125.900
SBNF,APP,NAVEGANTES APP,119.500
SBNF,ATIS,ATIS,127.625
SBNF,TWR,NAVEGANTES TWR,118.200
SBNM,AFIS,RDO,131.650
SBNT,APP,NATAL APP,119.300
SBNT,ATIS,NATAL ATIS,132.650
SBNT,GND,GND,121.900
SBNT,OPS,NATAL OPS,122.500
SBNT,TWR,NATAL TWR,118.700
SBOI,AFIS,RDO,125.900
SBPA,APP,PALEGRE APP,119.000
SBPA,ATIS,ATIS,127.850
SBPA,GND,GND,121.900
SBPA,TWR,PALEGRE TWR,118.100
SBPB,AFIS,RDO,126.600
SBPC,AFIS,RDO,126.600
SBPF,AFIS,PASSO FUNDO RDO,131.250
SBPG,AFIS,,128.100
SBPJ,AFIS,PALMAS RDO,119.000
SBPJ,APP,PALMAS APP,119.000
SBPJ,TWR,PALMAS TWR,118.000
SBPK,AFIS,RDO,125.900
SBPL,AFIS,RDO,125.700
SBPN,AFIS,RDO,125.900
SBPP,AFIS,PORA RDO,125.900
SBPR,AFIS,RDO,125.850
SBPR,ATIS,BELO HORIZONTE ATIS,127.450
SBPS,TWR,TWR,118.200
SBPV,APP,APP,119.100
SBPV,OPS,OPS,122.500
SBPV,TWR,TWR,118.700
SBRB,APP,RIO BRANCO APP,119.900
SBRB,TWR,RIO BRANCO TWR,118.700
SBRF,APP,RECIFE APP,119.100
SBRF,ATIS,ATIS,127.650
SBRF,GND,GND,121.850
SBRF,OPS,RECIFE OPS,122.500
SBRF,TWR,RECIFE TWR,122.800
SBRJ,APP,RIO CON,119.350
SBRJ,ATIS,ATIS,132.650
SBRJ,CLD,TFC,121.050
SBRJ,GND,GND,121.700
SBRJ,TWR,RIO TWR,118.700
SBRP,AFIS,RIBEIRAO RDO,118.000
SBRP,APP,RIBEIRAO APP,119.550
SBRP,ATIS,ATIS,127.425
SBRP,TWR,RIBEIRAO TWR,118.000
SBRR,Free,Tráfico Barreirinhas,123.450
SBSC,APP,APP,132.500
SBSC,GND,GND,121.800
SBSC,OPS,OPS,121.150
SBSC,TWR,TWR,118.800
SBSG,ATIS,,127.600
SBSG,ILS,,109.700
SBSG,TWR,,118.200
SBSJ,APP,APP,119.250
SBSJ,GND,GND,121.900
SBSJ,OPS,OPS,122.500
SBSJ,TWR,TWR,118.500
SBSL,APP,SAO LUIS APP,119.100
SBSL,OPS,SAO LUIS OPS,122.050
SBSL,TWR,SAO LUIS TWR,118.700
SBSM,APP,APP,119.350
SBSM,TWR,TWR,118.300
SBSN,APP,APP,119.300
SBSN,TWR,TWR,118.100
SBSP,APP,SAO PAULO APP,119.800
SBSP,ATIS,ATIS,127.650
SBSP,CLD,CLNC DEL,120.600
SBSP,GND,GND,121.900
SBSP,ILS,RWY 17R - ISP,109.300
SBSP,ILS,RWY 35L - ISO,109.700
SBSP,TWR,SAO PAULO TWR,127.150
SBSR,AFIS,RDO,130.850
SBST,APP,SAO PAULO APP,119.250
SBST,APP,SAO PAULO APP,120.250
SBST,APP,SAO PAULO APP,121.400
SBST,APP,SAO PAULO APP,121.500
SBST,APP,SAO PAULO APP,129.500
SBST,APP,SAO PAULO APP,132.100
SBST,APP,SAO PAULO APP,135.750
SBST,TWR,RADIO SANTOS,118.650
SBST,TWR,AFIS SANTOS,132.225
SBSV,APP,SALVADOR CON,120.800
SBSV,ATIS,SALVADOR ATIS,127.750
SBSV,CLD,SALVADOR TRAFFIC,121.100
SBSV,GND,GND,121.900
SBSV,OPS,SALVADOR OPS,122.500
SBSV,TWR,SALVADOR TWR,118.300
SBTA,GND,GND,121.700
SBTA,TWR,TWR,119.900
SBTB,AFIS,RDO,131.600
SBTC,AFIS,COMANDATUBA RDO,130.250
SBTD,AFIS,RDO,131.050
SBTE,APP,TERESINA APP,119.600
SBTE,ATIS,TERESINA ATIS,127.800
SBTE,TWR,TWR,118.800
SBTF,AFIS,RDO,125.900
SBTK,AFIS,RDO,125.900
SBTL,AFIS,RDO,131.600
SBTR,RDO,RDO,130.250
SBTS,AFIS,RDO,128.100
SBTT,AFIS,RDO,125.900
SBTU,AFIS,RDO,128.100
SBTV,RDO,,131.400
SBUA,AFIS,GABRIEL RDO,125.700
SBUF,AFIS,RDO,125.500
SBUG,AFIS,URUGUAIANA RDO,118.100
SBUL,APP,APP,120.800
SBUL,RDO,RDO,118.800
SBUL,TWR,TWR,118.800
SBUR,APP,APP,120.800
SBUR,RDO,RDO,120.800
SBUR,TWR,TWR,118.500
SBVG,AFIS,VARGINHA RDO,131.850
SBVH,AFIS,RDO,125.900
SBVT,APP,VITORIA APP,119.850
SBVT,ATIS,VITORIA ATIS,127.575
SBVT,TWR,VITORIA TWR,118.100
SBYA,AFIS,RDO,125.900
SBYS,APP,ACADEMIA APP,120.100
SBYS,GND,GND,121.900
SBYS,OPS,OPS,130.700
SBYS,TWR,ACADEMIA TWR,118.300
SBZM,AFIS,Zona da Mata Radio,130.100
SCAB,TIBA,,118.200
SCAN,TIBA,,118.200
SCAR,APP,ARICA APP,119.900
SCAR,GND,GND,121.900
SCAR,TWR,ARICA TWR,118.500
SCBA,GND,BALMACEDA GND,121.900
SCBA,RDO,RDO,126.900
SCBA,TWR,TWR,118.500
SCBQ,GND,GND,121.800
SCBQ,TWR,TWR,119.100
SCCC,INFO,INFO,127.700
SCCF,APP,CALAMA APP,120.900
SCCF,TWR,CALAMA TWR,118.700
SCCH,AFIS,CHILLAN INFO,127.700
SCCI,APP,PUNTA ARENAS APP,128.100
SCCI,GND,GND,121.900
SCCI,RDO,PUNTA ARENAS RDO,664.900
SCCI,TWR,PUNTA ARENAS TWR,118.700
SCCV,AFIS,Curacavi INFO,127.700
SCCY,AFIS,Coyhaique INFO,126.700
SCCY,GND,COYHAIQUE GND,545.400
SCCY,RDO,COYHAIQUE RDO,545.400
SCDA,APP,IQUIQUE APP,122.700
SCDA,GND,GND,121.700
SCDA,RDO,IQUIQUE RDO,127.300
SCDA,TWR,IQUIQUE TWR,118.900
SCEG,INFO,Santiago INFO,122.400
SCEG,TIBA,,118.200
SCEL,APP,SANTIAGO APP,126.300
SCEL,APP,SANTIAGO APP,128.100
SCEL,ATIS,ATIS,132.100
SCEL,CLD,CLNC DEL,121.700
SCEL,CNTR,SANTIAGO CNTR,129.700
SCEL,GND,GND,122.200
SCEL,RDO,SANTIAGO RDO,121.500
SCEL,RDO,SANTIAGO RDO,664.900
SCEL,TWR,SANTIAGO TWR,118.100
SCER,TWR,TWR,118.300
SCES,AFIS,AFIS,127.700
SCFA,APP,ANTOFAGASTA APP,119.300
SCFA,GND,GND,121.900
SCFA,RDO,ANTOFAGASTA RDO,127.100
SCFA,TWR,ANTOFAGASTA TWR,118.100
SCFM,ARTC,PUNTA ARENAS CNTR,128.100
SCFM,INFO,PORVENIR INFO,126.700
SCFT,INFO,Futaleufú INFO,126.700
SCGE,INFO,LOS ANGELES INFO,126.700
SCGZ,TWR,WILLIAMS APP/TWR,118.500
SCHR,INFO,INFO,126.700
SCIC,AFIS,Curico INFO,126.700
SCIE,APP,CONCEPCION APP,129.350
SCIE,GND,GND,121.900
SCIE,TWR,CONCEPCION TWR,118.600
SCIP,APP,PASCUA APP,127.300
SCIP,RDO,PASCUA RDO,127.300
SCIP,RDO,PASCUA RDO,866.700
SCIP,TWR,PASCUA TWR,118.100
SCJO,APP,PUERTO MONTT APP,119.500
SCJO,GND,OSORNO GND,121.700
SCJO,TWR,OSORNO TWR,118.900
SCLC,TIBA,,122.800
SCLL,INFO,INFO,127.700
SCLN,TIBA,,118.200
SCLT,TIBA,,118.200
SCME,TIBA,,118.200
SCMP,TIBA,,118.200
SCMU,TIBA,,118.200
SCNT,INFO,NATALES INFO,127.700
SCPM,TIBA,,118.200
SCPQ,GNDC,,121.600
SCPQ,TWR,,118.400
SCQL,TIBA,TIBA,118.200
SCRD,AFIS,Valparaiso INFO,126.700
SCRG,GND,Rancagua Terrestre,121.900
SCRG,TWR,RANCAGUA TWR,126.650
SCRM,APP,MARSH APP,118.100
SCRM,TWR,TWR,118.100
SCRP,TIBA,,118.200
SCSE,APP,SANTIAGO APP,128.100
SCSE,GND,GND,121.900
SCSE,RDO,RDO,127.300
SCSE,TWR,LA SERENA TWR,118.600
SCSN,GNDC,Santo Domingo Terrestre,121.900
SCSN,TWR,Santo Domingo Tower,134.600
SCTB,GND,Tobalaba GND,120.500
SCTB,TWR,TOBALABA TWR,118.700
SCTC,APP,TEMUCO APP,124.500
SCTC,GND,GND,121.900
SCTC,TWR,TEMUCO TWR,118.500
SCTE,APP,PUERTO MONTT APP,123.700
SCTE,CNTR,PUERTO MONTT CNTR,128.300
SCTE,GND,GND,121.900
SCTE,RDO,PUERTO MONTT RDO,126.900
SCTE,TWR,PUERTO MONTT TWR,118.100
SCTL,TIBA,,118.200
SCTO,MULT,VICTORIA MULTI,118.200
SCVD,APP,Temuco APP,118.700
SCVD,GNDC,Valdivia Control Terrestre,121.800
SCVD,TWR,Valdivia TWR,118.300
SCVL,INFO,VALDIVIA INFO,126.700
SCVM,APP,Viña del Mar APP,129.300
SCVM,GND,GND,121.850
SCVM,TWR,Viña del Mar TWR,118.900
SDAI,FCA,,135.020
SDAM,A/G,RDO,125.775
SDBP,A/G,RDO,126.725
SDCO,GND,Solo Sorocaba,121.800
SDCO,TWR,Torre Sorocaba,118.800
SDMC,Radio,,131.800
SDMC,TWR,,118.700
SDPW,MULTICOM,FCA PIRACICABA,125.125
SDRK,MULTICOM,,123.450
SDTB,FCA,COORDINATION ATIBAIA,126.250
SDUL,APP ACADEMIA,Controle Academia,119.750
SDUL,CTR Ribeirão,Torre Ribeirão,118.000
SEAM,TWR,AMBATO TWR,118.200
SECO,APP,QUITO APP,119.700
SECO,RDO,RDO,126.900
SECO,TWR,COCA TWR,123.500
SECU,APP,APP/TWR,122.300
SECU,GND,GND,121.900
SECU,RDO,CUENCA RDO,126.900
SEGS,TWR,TWR,122.200
SEGU,ACE,Aero Club del Ecuador (Internal Freq),123.450
SEGU,APP,GUAYAQUIL APP,119.300
SEGU,ATIS,ATIS,115.900
SEGU,GND,GND,121.900
SEGU,RDO,RDO,1002.400
SEGU,RDO,RDO,126.900
SEGU,TWR,GUAYAQUIL TWR,118.300
SELT,APP,LATACUNGA APP/TWR,118.500
SELT,GND,LATACUNGA GND,121.900
SEMA,TWR,MACARA TWR,122.700
SEMC,APP,SHELL  APP,119.500
SEMC,TWR,MACAS TWR,123.000
SEMO,TWR,TWR,121.200
SEMT,APP,MANTA APP,122.700
SEMT,GND,GND,121.900
SEMT,RDO,MANTA RDO,126.900
SEMT,TWR,MANTA TWR,118.700
SEPV,TWR,PORTOVIEJO TWR,122.100
SEQM,APPR,Quito Approach,119.700
SEQM,APPR2,Quito Approach,121.200
SEQM,ATIS,ATIS,119.800
SEQM,GRD,Quito Ground,121.900
SEQM,TWR,Quito Tower,118.100
SERB,TWR,RIOBAMBA TWR,122.900
SESA,ACC,GUAYAQUIL CNTL,128.300
SESA,APP,SALINAS APP,124.100
SESA,RDO,SALINAS RDO,126.900
SESA,TWR,SALINAS TWR,122.400
SESM,APP,SHELL APP,119.500
SESM,RDO,GUAYAQUIL RDO,126.900
SESM,TWR,SHELL TWR,122.600
SEST,TWR,TWR,122.500
SESV,TWR,SAN VICENTE TWR,118.400
SETE,TWR,TENA TWR,122.800
SETM,ACC,GUAYAQUIL CON,128.300
SETM,RDO,GUAYAQUIL  RDO,126.900
SETM,TWR,LA TOMA TWR,122.200
SETN,RDO,GUAYAQUIL RDO,126.900
SETN,TWR,TACHINA TWR,122.800
SETR,TWR,TWR,129.100
SETU,APP,ANDES APP,120.100
SETU,TWR,TULCAN TWR,122.000
SFAL,RDO,RDO,558.000
SFAL,TWR,TWR,118.100
SGAS,APP,ASUNCION APP,119.700
SGAS,CTR,ASUNCION CONTROL,128.400
SGAS,GND,GND,121.900
SGAS,RDO,ASUNCION RDO,1002.400
SGAS,RDO,ASUNCION RDO,126.900
SGAS,TWR,ASUNCION TWR,118.100
SGCO,TWR,CONCEPCION TWR,118.400
SGES,APP,APP,119.300
SGES,GND,GND,121.700
SGES,TWR,TWR,118.100
SGIB,RDO,RDO,118.500
SGIB,TWR,GUARANI APP,119.300
SGME,RDO,MARISCAL RDO,118.800
SGPJ,AFIS,PEDRO JUAN AFIS,120.500
SGST,RDO,RDO,130.400
SIBU,Free,,123.450
SJSH,CTAF,,119.100
SKAP,APP,VILLAVICENCIO APP,119.300
SKAP,TWR,TWR,126.200
SKAR,APP,PEREIRA APP,120.700
SKAR,RDO,ARMENIA RDO,348.800
SKAR,TWR,TWR,118.500
SKAS,RDO,PUERTO ASIS RDO,348.800
SKAS,TWR,TWR,118.100
SKBC,RDO,EL BANCO RDO,348.800
SKBC,TWR,TWR,118.300
SKBG,A/G,BUCARAMANGA RDO,348.800
SKBG,APP,BUCARAMANGA APP,119.000
SKBG,RDO,FIS,126.700
SKBG,TWR,TWR,118.300
SKBO,APP,BOGOTA APP,119.500
SKBO,ATIS,ATIS,113.900
SKBO,DEP,BOGOTA DEP,119.500
SKBO,INFO,BOGOTA FIS,126.900
SKBO,RDO,BOGOTA RDO,348.800
SKBQ,APP,BARRANQUILLA APP,119.100
SKBQ,ATIS,ATIS,113.700
SKBQ,GND,GND,121.900
SKBQ,RDO,BARRANQUILLA RDO,348.800
SKBQ,TWR,TWR,118.100
SKBS,RDO,BAHIA SOLANO RDO,348.800
SKBS,TWR,TWR,118.300
SKBU,A/G,BUENAVENTURA RDO,348.800
SKBU,APP,CALI APP,119.100
SKBU,FSS,BUENAVENTURA RDO,126.700
SKBU,TWR,TWR,118.700
SKCC,APP,CUCUTA APP,119.900
SKCC,RDO,CUCUTA RDO,348.800
SKCC,TWR,TWR,118.100
SKCG,APP,BARRANQUILLA APP,119.100
SKCG,TWR,TWR,118.300
SKCL,APP,CALI APP,119.100
SKCL,ATIS,ATIS,115.500
SKCL,GND,GND,121.900
SKCL,RDO,CALI RDO,126.700
SKCL,TWR,TWR,118.100
SKCO,RDO,TUMACO RDO,348.800
SKCO,TWR,TWR,118.100
SKCV,TWR,BASE COVENAS TWR,126.200
SKCZ,RDO,COROZAL RDO,348.800
SKCZ,TWR,TWR,118.400
SKEJ,APP,BUCARAMANGA APP,119.000
SKEJ,RDO,BARRANCABERMEJA RDO,348.800
SKEJ,TWR,TWR,118.450
SKFL,A/G,FLORENCIA RDO,348.800
SKFL,TWR,TWR,118.300
SKGB,APP,CALI APP,119.100
SKGB,RDO,CALI RDO,126.700
SKGB,TWR,TWR,126.200
SKGI,A/G,GIRARDOT RDO,348.800
SKGI,APP,BOGOTA APP,119.500
SKGI,TWR,TWR,118.400
SKGO,APP,PEREIRA APP,119.900
SKGO,TWR,TWR,118.300
SKGP,RDO,RDO,348.800
SKGP,TWR,TWR,118.600
SKGY,APP,BOGOTA APP,119.500
SKGY,GND,GND,121.700
SKGY,TWR,TWR,118.800
SKIB,ARR,BOGOTA APP,119.500
SKIB,RDO,IBAGUE RDO,348.800
SKIB,TWR,TWR,118.300
SKIP,APP,ANDES APP,120.100
SKIP,RDO,IPIALES RDO,348.800
SKIP,TWR,TWR,118.300
SKLC,RDO,CAREPA RDO,348.800
SKLC,TWR,TWR,118.700
SKLG,RDO,LEGUIZAMO RDO,348.800
SKLG,TWR,LEGUIZAMO TWR,346.750
SKLM,TWR,TWR,118.500
SKLT,APP,LETICIA APP,119.100
SKLT,RDO,LETICIA RDO,127.500
SKLT,TWR,TWR,118.100
SKMD,APP,MEDELLIN APP,121.100
SKMD,GND,GND,121.900
SKMD,TWR,TWR,118.900
SKME,TWR,TWR,126.200
SKMG,RDO,MAGANGUE RDO,348.800
SKMG,TWR,TWR,118.700
SKMR,INFO,MONTERIA FIS,127.500
SKMR,RDO,MONTERIA RDO,348.800
SKMR,TWR,TWR,118.100
SKMU,RDO,MITU RDO,348.800
SKMU,TWR,TWR,118.100
SKMZ,APP,MEDELLIN APP,121.100
SKMZ,RDO,MANIZALES RDO,348.800
SKMZ,TWR,TWR,118.200
SKNV,INFO,NEIVA FIS,127.100
SKNV,RDO,NEIVA RDO,348.800
SKNV,TWR,TWR,118.250
SKOC,RDO,OCANA RDO,348.800
SKOC,TWR,TWR,118.400
SKOT,RDO,RDO,348.800
SKOT,TWR,TWR,118.500
SKPB,TWR,TWR,118.600
SKPC,RDO,RDO,348.800
SKPC,TWR,TWR,118.100
SKPE,APP,PEREIRA APP,120.700
SKPE,RDO,PEREIRA RDO,348.800
SKPE,TWR,TWR,118.700
SKPI,RDO,RDO,348.800
SKPI,TWR,TWR,118.400
SKPP,APP,CALI APP,119.100
SKPP,RDO,POPAYAN RDO,348.800
SKPP,TWR,TWR,118.450
SKPQ,ACC,ACC,127.900
SKPQ,GND,GND,121.600
SKPQ,TWR/APP,TWR/APP,126.300
SKPS,RDO,PASTO RDO,348.800
SKPS,TWR,TWR,118.000
SKPV,APP,SAN ANDRES APP,119.300
SKPV,RDO,PROVIDENCIA RDO,672.800
SKPV,TWR,TWR,121.900
SKQU,APP,BOGOTA APP,119.500
SKQU,TWR,TWR,118.700
SKRG,APP,MEDELLIN APP,121.100
SKRG,ATIS,ATIS,115.100
SKRG,GND,GND,121.650
SKRG,INFO,MEDELLIN FIS,127.200
SKRG,RDO,MEDELLIN RDO,348.800
SKRG,RDO,MEDELLIN RDO,891.800
SKRG,TWR,TWR,118.600
SKRH,RDO,RIOHACHA RDO,348.800
SKRH,TWR,TWR,118.400
SKSJ,APP,VILLAVICENCIO APP,119.300
SKSJ,RDO,RDO,348.800
SKSJ,TWR,TWR,118.500
SKSM,APP,BARRANQUILLA APP,119.100
SKSM,TWR,TWR,118.700
SKSO,RDO,SOGAMOSO RDO,655.300
SKSO,TWR,TWR,118.350
SKSP,APP,SAN ANDRES APP,119.300
SKSP,ATIS,ATIS,113.300
SKSP,CNTR,PANAMA CNTR,120.300
SKSP,RDO,SAN ANDRES RDO,653.200
SKSP,TWR,TWR,118.100
SKSV,RDO,S VIC D CAGUAN RDO,348.800
SKSV,TWR,TWR,118.400
SKTM,RDO,RDO,348.800
SKTM,TWR,TWR,118.400
SKTQ,A/D,CTL,124.500
SKTQ,APP,APP,122.300
SKTQ,GND,GND,126.000
SKTQ,RDO,RDO,555.600
SKTQ,TWR,ERNESTO ESGUERRA TWR,117.300
SKUA,APP,MARANDUA APP,124.100
SKUA,TWR,RODRIGUEZ  TWR,118.500
SKUC,TWR,TWR,118.100
SKUI,RDO,QUIBDO RDO,348.800
SKUI,TWR,TWR,118.400
SKUL,APP,CALI APP,119.100
SKUL,TWR,TWR,118.600
SKVL,RDO,RDO,348.800
SKVL,TWR,TWR,119.000
SKVP,RDO,VALLEDUPAR RDO,348.800
SKVP,TWR,TWR,118.000
SKVV,APP,VILLAVICENCIO APP,119.300
SKVV,RDO,VILLAVICENCIO RDO,348.800
SKVV,TWR,TWR,118.700
SKYP,APP,APP,126.800
SKYP,INFO,FIS,126.800
SKYP,RDO,RDO,655.300
SKYP,TWR,TWR,118.300
SLBJ,RDO,RDO,662.200
SLBJ,TWR,TWR,118.100
SLCB,APP,COCHABAMBA APP,119.300
SLCB,GND,GND,121.900
SLCB,RDO,COCHABAMBA RDO,129.900
SLCB,TMA,COCHABAMBA TWR,123.500
SLCB,TWR,,118.100
SLCO,RDO,COBIJA RDO,662.200
SLCO,TWR,COBIJA TWR,118.300
SLET,APP,VIRU VIRU APP,119.700
SLET,GND,GND,121.700
SLET,RDO,SANTA CRUZ RDO,127.100
SLET,TWR,TROMPILLO TWR,118.300
SLLP,APP,LA PAZ APP,119.500
SLLP,GCCD,GND,121.900
SLLP,INFO,LA PAZ FIS,127.100
SLLP,RDO,LA PAZ RDO,662.200
SLLP,TWR,LA PAZ TWR,118.300
SLOR,RDO,ORURO RDO,662.200
SLOR,TWR,ORURO TWR,118.500
SLPO,RDO,POTOSI RDO,662.200
SLPO,TWR,POTOSI TWR,118.300
SLPS,RDO,PUERTO SUAREZ RDO,662.200
SLPS,TWR,PUERTO SUAREZ TWR,118.500
SLSA,RDO,RDO,662.200
SLSA,TWR,TWR,118.300
SLSU,APP,SUCRE APP,119.100
SLSU,RDO,SUCRE RDO,662.200
SLSU,TWR,SUCRE TWR,118.700
SLTJ,APP,TARIJA APP,119.400
SLTJ,RDO,TARIJA RDO,662.200
SLTJ,TWR,TARIJA TWR,118.100
SLTR,APP,TRINIDAD APP,119.100
SLTR,GND,TRINIDAD GND,121.900
SLTR,RDO,TRINIDAD RDO,662.200
SLTR,TWR,TRINIDAD TWR,118.500
SLVM,RDO,VILLAMONTES RDO,662.200
SLVM,TWR,VILLAMONTES TWR,118.700
SLVR,APP,APP,119.700
SLVR,CLD,CLNC DEL,121.800
SLVR,GND,GND,121.900
SLVR,RDO,SANTA CRUZ RDO,127.100
SLVR,TWR,TWR,118.600
SLYA,RDO,RDO,662.200
SLYA,TWR,TWR,118.300
SMJP,APP,,129.200
SMJP,AREA CTRL,PARAMARIBO CTRL,123.900
SMJP,AREA CTRL,PARAMARIBO CTRL (BACKUP FREQ.),133.300
SMJP,GND,GND - USE PENGEL TWR FREQ 118.5,121.900
SMJP,TWR,PENGEL TWR,118.500
SNAX,AFIS,RDO,130.200
SNCW,OPS,OPS,122.050
SNOZ,TWR,SAO LUIS,118.700
SOCA,APP,APP,119.900
SOCA,ATIS,ATIS,132.200
SOCA,TWR,TWR,118.100
SOOG,AFIS,OIAPOQUE AFIS,125.900
SPAS,RDO,ANDOAS RDO,118.200
SPAY,RDO,RDO,126.900
SPCL,APP,PUCALLPA APP,118.100
SPCL,TWR,PUCALLPA TWR,126.900
SPCM,TIBA,Contamana,130.900
SPDR,RDO,RDO,122.000
SPEO,RDO,CHIMBOTE RDO,118.100
SPEQ,RDO,MOQUEGUA RDO,128.900
SPHI,GND,GND,121.900
SPHI,RDO,CHICLAYO RDO,126.900
SPHI,TWR,CHICLAYO APP/TWR,118.300
SPHO,RDO,AYACUCHO RDO,126.900
SPHO,TWR,AYACUCHO TWR,118.100
SPHY,RDO,RDO,126.900
SPHZ,RDO,ANTA RDO,126.900
SPIM,APP,LIMA APP,119.700
SPIM,ATIS,ATIS,127.900
SPIM,CLD,LIMA CLNC DEL,118.500
SPIM,GND,GND,121.900
SPIM,RDO,LIMA RDO,664.900
SPIM,TWR,LIMA TWR,118.100
SPJA,AFIS,RIOJA RDO,118.300
SPJE,RDO,JAEN RDO,126.900
SPJI,RDO,RDO,118.100
SPJJ,RDO,JAUJA RDO,126.900
SPJL,TWR,APP/TWR,118.100
SPJR,TWR,CAJAMARCA TWR,118.100
SPLO,RDO,RDO,126.900
SPLP,APP,APP,124.000
SPLP,GND,GND,119.300
SPLP,TWR,TWR,118.500
SPME,TWR,TUMBES APP/TWR,118.700
SPMF,AFIS,MAZAMARI RDO,118.300
SPMS,RDO,YURIMAGUAS RDO,118.100
SPNC,RDO,HUANUCO RDO,126.900
SPPY,RDO,RDO,126.900
SPQT,APP,IQUITOS APP,124.100
SPQT,TWR,IQUITOS TWR,118.500
SPQU,APP,AREQUIPA APP,118.700
SPQU,GND,GND,121.900
SPQU,TWR,AREQUIPA TWR,118.700
SPRU,APP,TRUJILLO APP/TWR,118.700
SPRU,RDO,TRUJILLO RDO,126.900
SPSO,APP,APP/TWR,118.300
SPSO,GND,GND,121.900
SPSO,RDO,RDO,126.900
SPST,APP,TARAPOTO APP/TWR,118.400
SPST,RDO,TARAPOTO RDO,126.900
SPST,TWR,TARAPOTO TWR,118.400
SPTN,RDO,TACNA RDO,126.900
SPTN,TWR,TACNA APP/TWR,118.400
SPTU,APP,PUERTO MALDONADO APP,118.800
SPTU,RDO,PUERTO MALDONADO RDO,126.900
SPTU,TWR,PUERTO MALDONADO TWR,118.800
SPUR,APP,PIURA APP/TWR,118.400
SPUR,RDO,PIURA RDO,126.900
SPYL,RDO,TALARA RDO,119.500
SPZA,GND,GND,121.900
SPZA,TWR,NASCA TWR,118.100
SPZO,APP,CUSCO APP,120.600
SPZO,ATIS,ATIS,127.000
SPZO,GND,GND,121.900
SPZO,TWR,CUSCO TWR,118.100
SSBL,FCA,FCA NORTE,122.850
SSBN,FCA,,131.500
SSCY,COM,Coordination,130.400
SSCY,Company,Sikorski,125.550
SSOK,APP,Controle Londrina (APP Londrina),129.700
SUAA,AUX,ADAMI TWR,122.100
SUAA,TWR,ADAMI TWR,118.400
SUCA,MAIN,Colonia Traffic,120.800
SUCA,SECONDARY,Colonia Traffic,122.100
SUCM,INFO,Carmelo Information,122.100
SUDU,APP,DURAZNO APP,120.400
SUDU,TWR,DURAZNO TWR,120.400
SULS,A/G,A/G,122.100
SULS,ATIS,ATIS,117.600
SULS,RDO,RDO,45.662
SULS,TWR,TWR,118.300
SUMU,APP,APP,119.200
SUMU,MISC,CXK CARRASCO RDO,545.100
SUMU,PTD,A/F CARRASCO CXJ,831.500
SUMU,RDO,RDO,553.500
SUMU,TWR,TWR,118.100
SUPE,AD,Non controlled airport. This frecuency is for local traffic.,118.700
SUSO,RDO,SALTO RDO,286.000
SUSO,TWR,SALTO TWR,118.800
SVAC,TWR,ACARIGUA TWR,118.850
SVBC,APP,BARCELONA APP,119.100
SVBC,ATIS,ATIS,127.900
SVBC,GND,GND,121.900
SVBC,RDO,BARCELONA RDO,130.600
SVBC,TWR,BARCELONA TWR,118.700
SVBI,GND,GND,121.900
SVBI,TWR,TWR,118.000
SVBL,APP,APP,119.300
SVBL,GND,GND,121.900
SVBL,MISC,FAWS,134.100
SVBL,RDO,RDO,568.000
SVBL,TWR,TWR,122.500
SVBM,A/G,LANDAETA RDO,569.650
SVBM,APP,APP,119.400
SVBM,ATIS,ATIS,112.200
SVBM,GND,GND,121.900
SVBM,RDO,RDO,123.100
SVBM,RDO,RDO,132.000
SVBM,TWR,TWR,123.500
SVBS,ATIS,ATIS,127.600
SVBS,GND,GND,121.700
SVBS,RDO,SUCRE RDO,32.200
SVBS,TWR,TWR,118.050
SVCB,ATIS,ATIS,115.100
SVCB,RDO,BOLIVAR RDO,130.600
SVCB,TWR,TWR,121.900
SVCJ,TWR,TWR,122.700
SVCL,TWR,TWR,118.450
SVCN,RDO,RDO,131.200
SVCN,TWR,TWR,118.500
SVCP,TWR,CARUPANO TWR,122.400
SVCR,GND,GND,121.900
SVCR,TWR,CORO TWR,122.200
SVCS,APP,TUY APPROACH,119.200
SVCS,GND,GND,121.700
SVCS,RDO,CARACAS RDO,132.000
SVCS,TWR,CARACAS TWR,118.000
SVCS,TWR,CARACAS TWR,122.100
SVCU,ATIS,ATIS,113.300
SVCU,GND,GND,121.900
SVCU,TWR,CUMANA TWR,118.900
SVCZ,TWR,TWR,118.550
SVFM,ATIS,ATIS,127.400
SVFM,GND,GND,121.800
SVFM,RDO,MIRANDA RDO,569.550
SVFM,TWR,MIRANDA TWR,118.800
SVGI,TWR,TWR,118.200
SVGU,GND,GND,121.900
SVGU,TWR,TWR,118.400
SVHG,TWR,TWR,118.200
SVJC,TWR,TWR,118.450
SVLF,TWR,TWR,118.800
SVMC,APP,MARACAIBO APP,120.200
SVMC,ATIS,ATIS,115.700
SVMC,GND,GND,121.900
SVMC,RDO,MARACAIBO RDO,132.000
SVMC,TWR,TWR,118.900
SVMD,GND,GND,121.900
SVMD,TWR,MERIDA TWR,118.050
SVMG,APP,MARGARITA APP,119.900
SVMG,ATIS,ATIS,114.100
SVMG,GND,GND,121.900
SVMG,TWR,TWR,118.600
SVMI,APP,MAIQUETIA APP,120.100
SVMI,ATIS,ATIS,132.950
SVMI,CLD,CLD,119.500
SVMI,DEP,MAIQUETIA DEP,120.100
SVMI,GND,GND,121.900
SVMI,RDO,MAIQUETIA RDO,130.100
SVMI,TWR,MAIQUETIA TWR,118.400
SVMP,GND,GND,121.900
SVMP,TWR,TWR,122.000
SVMT,GND,GND,121.900
SVMT,TWR,TWR,118.500
SVNX,CTAF,CTAF,130.700
SVON,TWR,TWR,118.150
SVPA,TWR,PUERTO AYACUCHO,118.300
SVPC,GND,GND,121.900
SVPC,TWR,PUERTO CABELLO TWR,118.500
SVPM,TWR,TWR,122.600
SVPR,GND,GND,121.900
SVPR,TWR,GUAYANA TWR,118.000
SVSA,GND,GND,121.900
SVSA,TWR,TWR,118.500
SVSE,LDP,La Divina Pastora,117.700
SVSO,GND,GND,121.900
SVSO,RDO,SANTO DOMINGO RDO,22.660
SVSO,TWR,VIVAS TWR,123.300
SVSP,TWR,SAN FELIPE TWR,118.600
SVSR,GND,GND,121.900
SVSR,TWR,TWR,118.150
SVST,TWR,TWR,118.850
SVSZ,ATIS,ATIS,122.400
SVSZ,GND,GND,121.900
SVSZ,TWR,TWR,118.200
SVVA,ATIS,ATIS,127.800
SVVA,GND,GND,121.900
SVVA,RDO,VALENCIA RDO,132.000
SVVA,TWR,VALENCIA TWR,118.900
SVVG,TWR,VIGIA TWR,118.750
SVVL,GND,GND,121.900
SVVL,TWR,VALERA TWR,122.800
SVVP,TWR,TWR,118.650
SYCJ,APP,TIMEHRI APP,119.400
SYCJ,GND,GND,121.700
SYCJ,TWR,TIMEHRI TWR,118.300
SYGO,Twr,Ogle Tower,118.550
TAPA,APP,APP,119.100
TAPA,ATIS,ATIS,114.500
TAPA,GND,GND,121.900
TAPA,RDO,ANTIQUA RDO,26.480
TAPA,TWR,TWR,118.200
TBPB,APP/DEP,ADAMS APP/DEP,129.350
TBPB,APP/DEP/D,APP/DEP/D,120.700
TBPB,APP/DEP/D,APP/DEP/D,121.200
TBPB,APP/DEP/D,ADAMS APP/DEP/D,128.850
TBPB,ATIS,ATIS,132.725
TBPB,GND,ADAMS GND,121.900
TBPB,TWR,ADAMS TWR,118.700
TDCF,TWR,TWR,118.700
TDPD,TWR,TWR,118.900
TFFF,APP,FORT DE FRANCE APP,121.000
TFFF,ATIS,ATIS,127.850
TFFF,GND,GND,121.900
TFFF,TWR,FORT DE FRANCE TWR,118.500
TFFG,APP,JULIANA APP,128.950
TFFG,CTAF,CTAF,123.500
TFFG,TWR,TWR,118.700
TFFG,UC,UC,119.200
TFFJ,AFIS,St. Barths Information,118.450
TFFM,AFIS,AFIS,119.300
TFFM,APP,RAIZET APP,121.300
TFFR,APP,RAIZET APP,121.300
TFFR,ATIS,ATIS,127.600
TFFR,GND,GND,121.850
TFFR,TWR,RAIZET TWR,118.400
TGPY,APP,APP,119.400
TGPY,GND,GND,121.900
TGPY,TWR,TWR,118.900
TGPZ,TWR,,118.600
TIST,A/D,SAN JUAN CNTR,128.650
TIST,APP,ST THOMAS APP,118.800
TIST,ATIS,ATIS,124.000
TIST,CTAF,CTAF,118.800
TIST,DEP,ST THOMAS DEP,118.800
TIST,GND,GND,121.900
TIST,RDO,SAN JUAN RDO,108.600
TIST,TWR,ST THOMAS TWR,118.100
TIST,UNIC,UNICOM,122.950
TISX,A/D,SAN JUAN CNTR,128.650
TISX,ATIS,ATIS,135.650
TISX,CTAF,CTAF,118.600
TISX,GND,GND,121.700
TISX,RDO,SAN JUAN RDO,108.200
TISX,TWR,ST CROIX TWR,118.600
TISX,UNIC,UNICOM,123.000
TJAB,FSS,SAN JUAN RDO,122.200
TJAB,UNIC,CTAF/UNICOM,122.800
TJBQ,A/D,SAN JUAN CNTR,135.700
TJBQ,MISC,AIR CG,34.500
TJBQ,RDO,SAN JUAN RDO,113.500
TJBQ,UNIC,CTAF/UNICOM,123.000
TJIG,A/D,SAN JUAN CNTR,119.400
TJIG,ATIS,ATIS,120.400
TJIG,CTAF,CTAF,135.875
TJIG,GND,GND,121.700
TJIG,OPS,PRARNG OPS,30.400
TJIG,TWR,TWR,135.875
TJMZ,A/D,SAN JUAN CNTR,118.750
TJMZ,CLD,CLNC DEL,121.700
TJMZ,RDO,SAN JUAN RDO,110.600
TJMZ,UNIC,CTAF/UNICOM,122.800
TJPS,A/D,SAN JUAN CNTR,118.750
TJPS,CLD,CLNC DEL,121.900
TJPS,RDO,SAN JUAN RDO,109.000
TJPS,UNIC,CTAF/UNICOM,122.700
TJSJ,APP,SAN JUAN APP,119.400
TJSJ,ATIS,ATIS,125.800
TJSJ,CLD,SAN JUAN CLNC DEL,126.400
TJSJ,GND,GND,121.900
TJSJ,OPS,CORONET OAK OPS,25.280
TJSJ,POST,PRANG COMD POST,139.900
TJSJ,RDO,SAN JUAN RDO,122.200
TJSJ,TWR,SAN JUAN TWR,132.050
TJSJ,UNIC,UNICOM,123.000
TJVQ,A/D,SAN JUAN CERAP,128.650
TJVQ,CTAF,CTAF,123.000
TJVQ,FSS,SAN JUAN RDO,122.200
TJVQ,UNIC,UNICOM,123.000
TKPK,APP,APP,119.600
TKPK,GND,GND,121.900
TKPK,TWR,TWR,118.300
TKPN,GND,GND,121.600
TKPN,TWR,TWR,120.500
TLPC,APP/DEP,APP/DEP,119.800
TLPC,ATIS,ATIS,132.600
TLPC,GND,GND,121.800
TLPC,TWR,TWR,118.000
TLPL,APP,ST LUCIA APP,119.800
TLPL,GND,GND,121.600
TLPL,TWR,TWR,118.300
TNCA,ATIS,ATIS,132.100
TNCA,GND,GND,121.900
TNCA,MISC,SEARCH AND RESCUE,123.100
TNCA,RMP,BEATRIX APRON,121.600
TNCA,TWR,BEATRIX TWR,120.900
TNCB,TWR,TWR,118.700
TNCC,APP,APP,119.600
TNCC,MISC,CATS SVC,131.800
TNCC,OPS,DUTCH OPS CALL HO,24.020
TNCC,POST,IGUANA OPS,25.000
TNCC,TWR,TWR,118.300
TNCE,INFO,FIS,118.100
TNCM,APP,JULIANA APP,128.950
TNCM,TWR,JULIANA TWR,118.700
TNCS,INFO,Saba Information,118.250
TQPF,APP,JULIANA APP,128.950
TQPF,TWR,TWR,118.500
TTCP,APP,PIARCO APP,119.000
TTCP,GND,GND,121.700
TTCP,TWR,TWR,118.400
TTPP,ACC,ACC,123.700
TTPP,APP,APP,119.000
TTPP,ATIS,ATIS,126.700
TTPP,GND,GND,121.900
TTPP,MISC,APRON,121.750
TTPP,RDO,RDO,552.600
TTPP,TWR,TWR,118.100
TUPJ,GND,GND,121.900
TUPJ,TWR,BEEF ISLAND TWR,118.400
TVSA,APP,Argyle Approach,120.800
TVSA,ATIS,,132.550
TVSA,GND,Argyle Ground,121.900
TVSA,TWR,Argyle Tower,118.800
TVSB,GND,GND,121.900
TVSB,TWR,TWR,118.450
TVSC,GND,GND,121.600
TVSC,TWR,TWR,118.050
TVSM,TWR,TWR,123.000
TXKF,APP,NEW YORK APP,119.100
TXKF,CLD,CLNC DEL,124.500
TXKF,CNTR,NEW YORK CNTR,128.500
TXKF,CTAF,CTAF,122.800
TXKF,GND,GND,124.500
TXKF,TWR,TWR,118.100
UAAA,APP,APP,131.600
UAAA,ATIS,ATIS,129.800
UAAA,GCA,RADAR,120.800
UAAA,GND,GND,121.700
UAAA,TWR,TWR,119.400
UAAH,TWR,TWR,128.000
UAAT,TWR,,127.300
UACC,APP,APP,124.600
UACC,ATIS,ATIS,128.300
UACC,RDR,RADAR,120.700
UACC,TWR,TWR,118.700
UADD,APP,APP,122.100
UADD,TWR,TWR,122.100
UAFM,ACC,BISHKEK ACC,132.200
UAFM,ACC,ALMATY ACC,132.800
UAFM,ACC,DUSHANBE ACC,133.100
UAFM,ACC,OSH ACC,133.400
UAFM,APP,APP,124.600
UAFM,GND,GND,121.700
UAFM,GND,GND,30.935
UAFM,MISC,TWR LIAISON,120.150
UAFM,MISC,RADAR LIAISON,30.955
UAFM,OPS,GANCI OPS,34.707
UAFM,PMSV,METRO,30.990
UAFM,PTD,GANCI DISPATCH,26.295
UAFM,TWR,TWR,118.100
UAFO,APP,APP,124.200
UAFO,GCA,GCA,120.600
UAFO,GND,GND,121.800
UAFO,PMSV,METEO,134.200
UAFO,TWR,TWR,118.300
UAFW,APP,BISHKEK APP,124.600
UAFW,TWR,TWR,124.000
UAII,TWR,TWR,118.700
UAKD,TWR,TWR,127.100
UAKK,APP,APP,122.000
UAKK,TWR,TWR,118.300
UARR,TWR,TWR,119.700
UASK,TWR,TWR,134.500
UASP,TWR,TWR,119.800
UASS,TWR,TWR,128.000
UATE,A/G,Aktau Transit (Ground handling service),131.900
UATE,FIS,Aktau Region,124.200
UATE,TWR,Aktau Tower,120.700
UATG,APP,APP,123.700
UATG,TWR,TWR,118.100
UATT,APP,APP,120.900
UATT,TWR,TWR,120.900
UAUU,TWR,TWR,129.300
UBBB,APP,BAKU APP,129.300
UBBB,ATIS,BAKU ATIS,126.800
UBBB,GCA,BAKU PRECISION,119.200
UBBB,GND,BAKU GND,121.700
UBBB,RDR,BAKU RADAR,120.800
UBBB,TWR,BAKU TWR,119.200
UBBG,APP,APP,124.000
UBBG,ATIS,ATIS,119.250
UBBG,TWR,TWR,124.000
UBBN,A/D,APP,127.900
UBBN,ATIS,ATIS,127.500
UBBN,TWR,TWR,118.200
UCFL,TWR,YSYKKUL TWR,118.700
UDLS,TWR,TWR,130.300
UDSG,APP,GYUMRI APP,127.700
UDSG,ATIS,ATIS,128.700
UDSG,TWR,GYUMRI TWR,120.600
UDYE,TWR,TWR,119.400
UDYZ,APP,YEREVAN APP,126.000
UDYZ,ATIS,ATIS,119.500
UDYZ,GND,YEREVAN GND,119.000
UDYZ,TWR,YEREVAN TWR,128.000
UEEE,APP,APP,129.300
UEEE,ATIS,ATIS,126.200
UEEE,GND,GND,121.700
UEEE,RDR,ASR,120.300
UEEE,TWR,TWR,120.000
UELL,TWR,TWR,118.300
UERP,ACC,CON,132.100
UERP,PMSV,METEO,127.200
UERR,APP,APP,125.900
UERR,ATIS,ATIS,126.600
UERR,TWR,LANDING,120.800
UESK,TWR,,123.400
UEST,RDR,KRUG,128.500
UEST,TWR,LANDING,124.000
UGKO,TWR,KUTAISI TWR,125.500
UGSB,TWR,TWR,120.000
UGTB,APP,APP,127.200
UGTB,ATIS,ATIS,132.800
UGTB,GND,GND,119.000
UGTB,TWR,TWR,128.000
UHBB,PMSV,BLAGOVESCHENSK METEO,126.400
UHBB,TWR,BLAGOVESCHENSK START,127.200
UHHH,APP,KHABAROVSK APP,125.200
UHHH,ATIS,KHABAROVSK ATIS,124.875
UHHH,MISC,KHABAROVSK TRANSIT,131.800
UHHH,PMSV,KHABAROVSK VOLMET,127.875
UHHH,RDR,KHABAROVSK KRUG,120.300
UHHH,TWR,KHABAROVSK TWR,119.300
UHMA,APP,ANADYR APP,124.000
UHMA,PMSV,ANADYR METRO,126.200
UHMA,TWR,ANADYR TWR,124.000
UHMD,TWR,TWR,119.300
UHMM,APP,MAGADAN APP,126.900
UHMM,ATIS,ATIS,127.400
UHMM,PMSV,MAGADAN VOLMET,126.200
UHMM,TWR,MAGADAN TWR,120.800
UHMP,APP,APP,124.200
UHPP,ARSA,PETROPAVLOVSK KRUG,119.400
UHPP,TWR,PETROPAVLOVSK START,118.100
UHSS,GCA,RDR,120.600
UHSS,TWR,TWR,120.600
UHWW,ATIS,VLADIVOSTOK ATIS,127.800
UHWW,GND,TAXIING,121.700
UHWW,PMSV,VLADIVOSTOK VOLMET,126.400
UHWW,RDR,Vladivostok Radar,123.400
UHWW,Reserve,for all ATC units,124.000
UHWW,Service,,118.300
UHWW,TWR,Vladivostok Start,119.500
UIAA,ATIS,ATIS,126.400
UIAA,PMSV,CHITA VOLMET,128.300
UIAA,RDR,CHITA RADAR,122.000
UIAA,TWR,CHITA TWR,118.100
UIBB,GND,TAXIING,121.800
UIBB,MISC,TRANSIT,131.800
UIBB,PMSV,METEO,127.200
UIBB,TWR,KRUG,118.100
UIII,APP,APP,125.200
UIII,ATIS,ATIS,124.850
UIII,GND,TAXIING,121.700
UIII,MISC,TRANSIT,131.700
UIII,PMSV,VOLMET,125.475
UIII,RDR,RADAR,119.300
UIII,TWR,TWR,118.100
UIUU,APP,ULAN UDE APP,129.300
UIUU,ATIS,ATIS,126.600
UIUU,TWR,ULAN UDE TWR,118.100
UKBB,ATIS,ATIS,126.700
UKBB,CLD,DLV,130.275
UKBB,GND,GND,118.050
UKBB,OPS,OPS,131.775
UKBB,RDR,KYIV RADAR,124.675
UKBB,TWR,TWR,119.650
UKCM,TWR,TWR,131.500
UKDD,APP,RADAR,119.400
UKDD,GND,GND,121.800
UKDD,PMSV,METEO,134.900
UKDD,TWR,TWR,118.600
UKDE,APP,APP,118.200
UKDE,PMSV,METEO,126.400
UKDE,TWR,TWR,118.200
UKDR,PMSV,KRYVYI RIH METEO,125.875
UKDR,TWR,KRYVYI RIH TWR,120.300
UKFF,APP,RADAR,124.700
UKFF,ATIS,ATIS,127.200
UKFF,GND,GND,119.000
UKFF,OPS,OPS,131.625
UKFF,TWR,TWR,120.800
UKHH,APP,KHARKIV RADAR,118.100
UKHH,GND,KHARKIV GND,119.000
UKHH,PMSV,KHARKIV METEO,127.600
UKHH,TWR,KHARKIV TWR,118.100
UKKE,TWR,TWR,128.700
UKKK,APP,KYIV RADAR,125.300
UKKK,ATIS (eng),METEO,127.475
UKKK,ATIS (rus),Zhuliany ATIS,126.800
UKKK,GND,GND,119.000
UKKK,TWR,Tower,120.700
UKKM,TWR,TWR,118.150
UKLI,APP,FRANKO APP,127.300
UKLI,APP,FRANKO START,128.500
UKLI,PMSV,FRANKO METEO,126.400
UKLI,TWR,FRANKO TWR,118.300
UKLI,TWR,FRANKO START,124.000
UKLL,APP,RADAR,126.000
UKLL,ATIS,ATIS,128.700
UKLL,TWR,TWR,128.000
UKLN,PMSV,METEO,134.900
UKLN,TWR,TWR,121.300
UKLR,TWR,TWR,123.700
UKLT,TWR,TWR,132.700
UKLU,APP,APP,121.900
UKLU,TWR,TWR,134.500
UKON,TWR,TWR,120.700
UKOO,APP,RADAR,120.900
UKOO,ATIS,ATIS,124.800
UKOO,GND,GND,121.800
UKOO,TWR,TWR,125.500
ULAA,APP,ARKHANGELSK APP,122.000
ULAA,ATIS,ARKHANGELSK ATIS,126.675
ULAA,TWR,ARKHANGELSK TWR,121.800
ULLI,ATIS,ATIS (ENG),127.300
ULLI,ATIS,ATIS (RUS),127.400
ULLI,Apron,Pulkovo Apron,120.900
ULLI,DEL,Pulkovo Delivery,121.900
ULLI,GND,Pulkovo Ground,121.700
ULLI,RDR,Pulkovo Radar,120.300
ULLI,RMP,Pulkovo Ramp,119.000
ULLI,TWR,Pulkovo Tower,118.100
ULLI,TWR,Pulkovo Tower,118.700
ULLI,TWR,Pulkovo Tower (for VFR),133.500
ULLI,Transit,Pulkovo Transit,131.800
ULMM,PMSV,METEO,127.400
ULMM,TWR,TWR,120.300
ULOO,TWR,TWR,122.000
ULPB,TWR,PETROZAVODSK TWR,128.000
UMBB,APP,APP,127.700
UMGG,APP,APP,126.100
UMGG,TWR,TWR,118.100
UMII,APP,APP,120.400
UMKK,GND,KALININGRAD GND,126.000
UMKK,MISC,KALININGGRAD TRANSIT,131.700
UMKK,PMSV,KALININGRAD METEO,122.050
UMKK,RDR,KALININGRAD RADAR,126.000
UMKK,TWR,KALININGRAD TWR,129.425
UMKK,VOR-DME,KRD,117.050
UMMG,APP,APP,134.500
UMMS,APP,MINSK APP,125.900
UMMS,ATIS,ATIS,128.850
UMMS,GND,GND,121.700
UMMS,PMSV,MINSK VOLMET,126.675
UMMS,RDR,MINSK RADAR,125.250
UMMS,TWR,TWR,118.300
UMOO,APP,APP,127.100
UNAA,APP,APP,134.300
UNAA,ATIS,ATIS,126.200
UNAA,GND,ABAKAN GROUND,119.000
UNAA,RDR,ASR,120.600
UNAA,TWR,TWR,122.000
UNBB,APP,APP,120.300
UNBB,TWR,TWR,123.500
UNEE,APP,APP,125.500
UNEE,PMSV,METEO,128.700
UNEE,TWR,START,118.300
UNKL,APP,KRASNOYARSK APP,127.700
UNKL,TWR,KRASNOYARSK TWR,118.300
UNKL,TWR,KRASNOYARSK TAXIING,121.900
UNNT,APP,NOVOSIBIRSK APP,127.500
UNNT,ATIS,NOVOSIBIRSK ATIS,127.400
UNNT,GND,NOVOSIBIRSK TAXIING,121.700
UNNT,PMSV,NOVOSIBIRSK VOLMET,128.300
UNNT,RDR,NOVOSIBIRSK KRUG,122.000
UNNT,TWR,NOVOSIBIRSK START,118.500
UNOO,APP,,131.200
UNOO,ATIS,ATIS,126.400
UNOO,GND,TAXIING,121.700
UNOO,RDR,KRUG,119.000
UNOO,TWR,START,119.000
UNTR,CTAF,Beryozkino,119.150
UOHH,PMSV,METEO,126.600
UOHH,RDR,KRUG,118.100
UOHH,TWR,TWR,118.100
UOOO,APP,APP,120.400
UOOO,GND,GND,121.700
UOOO,TWR,TWR,118.300
URKA,APP,ANAPA APP,118.700
URKA,TWR,ANAPA KRUG,119.800
URKK,APP,KRASNODAR APP,129.600
URKK,ATIS,KRASNODRA ATIS,121.800
URKK,GND,KRASNODAR TAXIING,119.000
URKK,RDR,KRASNODAR KRUG,121.300
URKK,TWR,KRASNODAR TWR,118.200
URMG,ATIS,ATIS,127.200
URMG,RADAR,Ermitazh Radar,120.200
URMG,Tower,Ermitazh TWR,120.200
URML,APP,MAKHACHKALA APP,119.700
URML,TWR,MAKHACHKALA TWR,121.300
URMM,APP,APP,119.300
URMM,ATIS,ATIS,127.400
URMM,GND,TAXIING,121.900
URMM,RDR,KRUG,120.700
URMM,TWR,START,128.000
URMN,APP,APP,126.900
URMN,RDR,ASR,126.900
URMN,TWR,TWR,118.300
URMO,MISC,TRANSIT,118.000
URMO,RDR,KRUG,125.200
URMO,TWR,START,118.100
URMT,APP,STAVROPOL APP,120.300
URMT,TWR,STAVROPOL TWR,120.900
URRT,APP,ISTRA,124.000
URRT,APP,GRANIT,130.200
URSS,APP,Apron,118.800
URSS,ATIS,ATIS,129.375
URSS,DELIVERY,Delivery,132.700
URSS,GND,Ground,119.000
URSS,HEL,AREA,118.500
URSS,PMSV,VOLMET,129.375
URSS,TWR,TWR,118.300
URSS,TWR,KRUG,119.700
URSS,TWR,TWR RW 06/24,121.200
URSS,TWR,TWR RW 02/20,135.800
URWA,APP,APP,126.000
URWA,ARSA,KRUG,118.600
URWA,ATIS,ATIS,131.500
URWA,GND,TWR,123.400
URWI,APP,APP,124.200
URWI,TWR,TWR,118.300
URWW,APP,VOLGOGRAD APP,125.300
URWW,ATIS,VOLOGRAD ATIS,132.800
URWW,GCA,GCA,128.000
URWW,GND,GND,119.000
URWW,RDR,ASR,122.000
URWW,TWR,TWR,128.000
USCC,APP,CHELYABINSK APP,124.700
USCC,PMSV,CHELYABINSK METEO,128.300
USCC,TWR,CHELYABINSK START,125.200
USCM,TWR,TWR,120.800
USDD,APP,ASR,120.800
USDD,TWR,TWR,118.600
USHH,APP,ASR,120.400
USHH,MISC,METEO,126.400
USHH,TWR,TWR,118.100
USNN,APP,APP,134.300
USNN,ARSA,KRUG,120.400
USNN,GND,TAXIING,121.700
USNN,PMSV,METEO,126.600
USNN,TWR,TWR,118.100
USPP,APP,PERM APP,127.100
USPP,ATIS,PERM ATIS,126.400
USPP,GND,TAXIING,121.700
USPP,TWR,PREM START,124.000
USRK,ATIS,ATIS,123.400
USRK,MISC,TRANSIT,131.500
USRK,TWR,TWR,119.400
USRR,ATIS,ATIS,124.800
USRR,GND,TAXIING,121.800
USRR,RDR,KRUG,120.300
USRR,TWR,START,120.800
USSS,APP,APP,125.900
USSS,ATIS,ATIS,127.800
USSS,GCA,GCA,120.000
USSS,GND,GND,119.000
USSS,RDR,ASR,118.700
USSS,TWR,TWR,120.000
USTR,APP,TYUMEN APP,126.100
USTR,ATIS,TYUMEN ATIS,121.700
USTR,GND,TYUMEN TAXIING,119.000
USTR,RDR,TYUMEN KRUG,120.400
USTR,TWR,TYUMEN START,118.200
UTAA,APP,APP,123.500
UTAA,GCA,APP,118.700
UTAA,GND,GND,121.700
UTAA,TWR,TWR,120.000
UTAK,APP,APP,120.000
UTAK,GND,GND,121.700
UTAK,MISC,TRANSIT,131.900
UTAK,TWR,TWR,124.000
UTAM,PMSV,METEO,128.300
UTAM,RDR,RADAR,124.000
UTAM,TWR,TWR,122.200
UTAT,APP,APP,130.400
UTAT,TCA,TRANSIT,131.700
UTAV,APP,APP,125.800
UTAV,GND,GND,131.700
UTAV,TWR,TWR,120.600
UTDD,APP,APP,127.100
UTDD,ATIS,ATIS,126.200
UTDD,GND,GND,121.700
UTDD,TWR,TWR,119.200
UTDK,TWR,TWR,118.500
UTDL,APP,APP,124.800
UTDL,GCA,KRUG,120.300
UTDL,PMSV,METEO,127.200
UTDL,TWR,TWR,120.300
UTNU,APP,APP,126.000
UTNU,TWR,TWR,118.300
UTSB,APP,APP,124.600
UTSB,TWR,TWR,120.100
UTSL,APP,APP,131.600
UTSL,PMSV,METRO,34.460
UTSL,POST,COMMAND POST,24.515
UTSL,TWR,TWR,125.175
UTSS,APP,APP,120.800
UTSS,TWR,TWR,118.300
UTST,ACC,SAMARKAND CON,134.300
UTST,RDO,RDO,472.800
UTST,TWR,TWR,118.600
UTTT,APP,TASHKENT APP,125.200
UTTT,ATIS,ATIS,126.800
UTTT,CLD,TASHKENT DELIVERY,129.400
UTTT,GCA,TASHKENT KRUG,119.400
UTTT,GND,TASHKENT GND,121.700
UTTT,TWR,TASHKENT TWR,120.400
UUBP,RDR,KRUG,119.200
UUBP,TWR,TWR,129.800
UUDD,APP,APP,120.600
UUDD,ATIS,ATIS,128.300
UUDD,CLD,DELIVERY,123.750
UUDD,GND,TAXIING,119.000
UUDD,MISC,TRANSIT,129.150
UUDD,PMSV,VOLMET,127.875
UUDD,RDR,KRUG,127.700
UUDD,RMP,APRON,130.600
UUDD,TWR,TWR,118.600
UUDL,APP,APP,120.300
UUDL,ATIS,ATIS,127.350
UUEE,APP,Apron 1 terminal F & Cargo,121.900
UUEE,APP,"Apron 2 terminal D, E & F",123.600
UUEE,APP,Apron 3 terminal A & B,130.350
UUEE,APP,Apron 4 terminal B & C,134.550
UUEE,ATIS,ATIS Arrival,122.075
UUEE,ATIS,ATIS Departure,125.125
UUEE,DELIVERY,Delivery,120.875
UUEE,GND,Ground TWY 1 & B,119.000
UUEE,GND,Ground TWY A,121.800
UUEE,GND,Ground TWY D & E,122.900
UUEE,PMSV,VOLMET,127.875
UUEE,RADAR,,122.700
UUEE,RDR,RADAR,118.100
UUEE,TWR,TWR,120.700
UUEE,TWR,,131.500
UUEM,APP,RDR,120.200
UUEM,GND,GND,124.000
UUEM,TWR,TWR,120.200
UUMU,LANDING,,121.100
UUOB,APP,APP,133.000
UUOB,GND,TAXIING,121.700
UUOB,TWR,TWR,118.200
UUOK,APP,KRUG,131.500
UUOK,GND,TAXIING,120.600
UUOK,PMSV,METRO,127.800
UUOK,TWR,START,131.500
UUOO,APP,VORONEZH APP,125.900
UUOO,GND,VORONEZH TAXIING,121.800
UUOO,PMSV,VORONEZH METEO,120.800
UUOO,RDR,VORONEZH KRUG,119.200
UUOO,TWR,VORONEZH TWR,118.300
UUWW,APP,APP,122.300
UUWW,ATIS,ATIS,125.875
UUWW,GND,TAXIING,120.450
UUWW,RDR,RADAR,126.000
UUWW,TWR,TWR,118.300
UUYY,ARSA,SIVKAR KRUG,118.100
UUYY,MISC,SIVKAR TRANSIT,131.600
UUYY,PMSV,SIVKAR METEO,126.600
UUYY,TWR,SIVKAR TAXIING,121.700
UWGG,APP,NIZHNY APP,124.700
UWGG,ATIS,NIZHNY ATIS,127.800
UWGG,GCA,GCA,120.400
UWGG,GND,GND,121.800
UWGG,RDR,ASR,120.800
UWGG,TWR,TWR,120.400
UWKB,APP,Bugulma Approach / russian only,122.300
UWKB,TWR,Bugulma TWR / russian only,118.000
UWKD,ATIS,ATIS,126.800
UWKD,GND,TAXIING,121.700
UWKD,RDR,RADAR,119.400
UWKD,TWR,TWR,120.300
UWKE,APP,APP,127.900
UWKE,TWR,TWR,121.200
UWKS,TWR,TWR,119.300
UWLL,ATIS,,128.850
UWLL,CTR,Ulyanovsk RADAR,120.800
UWLL,GND,,121.800
UWLL,START,,120.400
UWLL,TWR,,131.300
UWLW,APP,ULYANOVSK APP,127.300
UWLW,RDR,KRUG,126.100
UWLW,TWR,TWR,124.200
UWOO,APP,ACC,132.000
UWOO,ATIS,ATIS,126.400
UWOO,GCA,GCA,128.000
UWOO,GND,GND,121.700
UWOO,RDR,ASR,120.400
UWOO,TWR,TWR,128.000
UWOR,ACC,CON,129.400
UWOR,TWR,TWR,122.700
UWUU,ATIS,ATIS,124.800
UWUU,GND,TAXIING,119.000
UWUU,MISC,TRANSIT,131.700
UWUU,RDR,KRUG,120.900
UWUU,TWR,START,120.900
UWWW,APP,SAMARA APP,124.600
UWWW,ATIS,SAMARA ATIS,134.100
UWWW,GND,SAMARA TAXIING,119.000
UWWW,MISC,SAMARA TRANSIT,131.600
UWWW,PMSV,SAMARA VOLMET,126.875
UWWW,RDR,SAMARA KRUG,128.000
UWWW,TWR,SAMARA TWR,118.200
VAAH,ACC,RADAR,123.750
VAAH,APP,APPROACH,119.800
VAAH,ATIS,ATIS,126.800
VAAH,TWR,TOWER,119.600
VAAU,APP,APP,122.300
VAAU,ATIS,ATIS,127.000
VAAU,TWR,TWR,122.300
VABB,ACC,MUMBAI,120.500
VABB,APP,MUMBAI APP,127.900
VABB,ATIS,MUMBAI ATIS,126.400
VABB,CLD,MUMBAI CLR DELIVERY,121.850
VABB,GND,MUMBAI GND,121.900
VABB,RDO,MUMBAI RDO,1008.400
VABB,RDR,RDR,119.300
VABB,TWR,MUMBAI TWR,118.100
VABJ,APP,APP,123.500
VABJ,TWR,TWR,123.500
VABM,TWR,TWR,123.500
VABO,TWR,BARODA TWR,122.350
VABP,APP,APP,118.050
VABP,ATIS,,127.250
VABP,TWR,TWR,118.050
VABP,VOR,BPL,117.100
VABV,TWR,TWR,120.800
VADN,APP,TWR APP,118.700
VAHB,TWR,TWR,122.200
VAHS,Tower,,120.025
VAID,APP,INDORE APP,122.300
VAID,TWR,INDORE TWR,122.800
VAJB,TWR,TWR,122.300
VAJL,SKYNEX AERO,SKYNEX AERO,131.675
VAJL,TWR,Jalgoan Tower,124.300
VAJM,TWR,TWR,123.500
VAKE,TWR,TWR,122.300
VAKJ,TWR,TWR,118.150
VAKP,TWR,TWR,126.900
VAKS,TWR,TWR,122.300
VALT,TWR,,118.250
VAND,NDD,,113.000
VAND,TWR,,118.750
VANP,A/G,RDO,287.200
VANP,ACC,CON,123.900
VANP,APP,APP,122.700
VANP,GND,GND,121.900
VANP,TWR,TWR,118.100
VAOZ,APP,APP,122.700
VAOZ,TWR,TWR,123.500
VAPO,TWR,POONA TWR,123.500
VAPR,TWR,TWR,122.300
VARK,APP,APP,122.300
VARK,RDO,MUMBAI ACC,125.900
VARK,TWR,TWR,122.100
VARP,TWR,TWR,124.750
VASU,TWR,TWR,123.500
VAUD,TWR,TWR,118.650
VCBI,APP,COLOMBO APP,120.900
VCBI,ATIS,ATIS,127.200
VCBI,GND,COLOMBO GND,121.900
VCBI,TWR,COLOMBO TWR,118.700
VCCA,APP,APP,126.700
VCCA,TWR,TWR,120.500
VCCB,TWR,TWR,118.100
VCCC,APP,APP,119.100
VCCC,CAC,APP,887.900
VCCC,RDO,RDO,124.900
VCCC,TWR,RATMALANA TWR,118.400
VCCG,RDO,GAL OYA RDO,118.100
VCCJ,TWR,TWR,124.300
VCCK,TWR,TWR,118.100
VCCN,TWR,TWR,118.400
VCCS,TWR,TWR,118.100
VCCT,APP,APP,118.100
VCCT,TWR,TWR,126.200
VCCV,TWR,TWR,118.100
VCCW,TWR,TWR,118.100
VCRI,Ground,,121.700
VCRI,Tower,,119.850
VDBG,TWR,TWR,122.400
VDKH,TWR,TWR,129.700
VDPP,ACC,ACC,127.500
VDPP,APP,APP,123.800
VDPP,ATIS,ATIS,127.250
VDPP,TWR,TWR,118.000
VDST,AAS,TWR,122.800
VDSV,KOS VOR-DME,KOS vortac station (top of rwy 21),116.000
VDSV,TWR,VDSV Tower,124.000
VEAT,TWR,TWR,123.500
VEAZ,TWR,TWR,122.300
VEBD,A/G,RDO,293.100
VEBD,APP,APP,131.200
VEBD,TWR,TWR,122.300
VEBI,TWR,TWR,122.300
VEBN,APP,VIBN APP,119.000
VEBN,TWR,TWR,118.100
VEBS,APP,APP,123.500
VEBS,ATIS,ATIS,126.800
VEBS,TWR,TWR,125.150
VECC,ACC,KOLKATA CON,119.300
VECC,ACC,Kolkata Radar,120.575
VECC,ACC,Kolkata Radar,132.350
VECC,ACC,Kolkata Radar,133.750
VECC,APP,KOLKATA APP,127.900
VECC,APP CONTROL,KOLKATA CONTROL,132.450
VECC,ATIS,ATIS,126.400
VECC,GND,KOLKATA GND,121.900
VECC,Oceanic,Kolkata Control,132.450
VECC,RADAR,Feeder AREA-APP,127.300
VECC,TWR,KOLKATA TWR,118.100
VECO,TWR,TWR,122.300
VEGK,APP,APP,122.700
VEGK,TWR,TWR,118.500
VEGT,APP,APP,123.300
VEGT,ATIS,ATIS,126.600
VEGT,GND,GND,121.900
VEGT,TWR,TWR,118.750
VEGY,TWR,TWR,123.500
VEIM,TWR,TWR,123.500
VEJS,TWR,TWR,122.100
VEJT,APP,APP,119.700
VEJT,TWR,TWR,123.500
VEKR,TWR,TWR,122.300
VEKU,APP,APP,122.700
VEKU,RDO,RDO,349.700
VEKU,TWR,TWR,123.500
VELP,TWR,TWR,122.250
VELR,TWR,TWR,123.500
VEMN,TWR,TWR,123.500
VEMR,TWR,TWR,123.500
VEPT,TWR,TWR,118.300
VERC,TWR,RANCHI TWR,118.050
VERK,TWR,ROURKELA TOWER,122.300
VEVZ,A/G,RDO,658.300
VEVZ,APP,APP,123.500
VEVZ,TWR,TWR,119.700
VEZO,TWR,TWR,122.700
VGBR,TWR,TWR,122.900
VGCB,TWR,TWR,129.500
VGEG,ATIS,ATIS,127.600
VGEG,GND,CHITTAGONG GND,121.800
VGEG,TWR,CHITTAGONG TWR,118.700
VGHS,APP,DHAKA APP,121.300
VGHS,ATIS,DHAKA ATIS,127.400
VGHS,GND,DHAKA GND,121.800
VGHS,RDO,DHAKA RDO,294.700
VGHS,TWR,DHAKA TWR,118.300
VGIS,TWR,TWR,122.900
VGJR,TWR,TWR,123.200
VGRJ,TWR,TWR,122.900
VGSD,TWR,TWR,122.900
VGSY,TWR,SYLHET TWR,122.900
VGTJ,TWR,TWR,123.000
VHHH,AFIS,FLIGHT SERVICE,122.400
VHHH,APP,APP,119.100
VHHH,APP,Director,119.500
VHHH,ATIS-A,Arrivel,128.200
VHHH,ATIS-D,Departure,127.050
VHHH,CAC,ZONE CON,120.600
VHHH,CLD,CLNC DEL,129.900
VHHH,DEP,DEP,123.800
VHHH,EMG,Hong Kong Guard,121.500
VHHH,GND,GND North,121.600
VHHH,GND,GND South,122.550
VHHH,RDR,Radar,121.300
VHHH,RDR,PRECISION,133.700
VHHH,TWR,Tower North,118.200
VHHH,TWR,TWR South,118.400
VHST,STAR,Shun Tak Heliport Radio,131.000
VHST,ZNC,Zone Control,120.600
VIAG,APP,APP,122.300
VIAG,TWR,TWR,131.400
VIAH,TWR,,122.625
VIAL,TWR,TWR,122.700
VIAR,APP,APP,119.700
VIAR,TWR,TWR,124.350
VIBR,TWR,TWR,122.300
VIBY,APP,APP,122.700
VIBY,TWR,TWR,123.500
VICG,APP,APP,118.300
VICG,TWR,TWR,118.600
VICX,APP,APP,122.700
VICX,TWR,TWR,123.500
VIDD,APP,DELHI  APP,126.350
VIDD,TWR,TWR,122.300
VIDN,TWR,TWR,122.300
VIDN,VOR,DDN,112.600
VIDP,APP,DELHI APP,126.350
VIDP,ATIS,ATIS,126.400
VIDP,CLD,Clearance Delivery,121.950
VIDP,GND,SMC,121.625
VIDP,GND,DELHI GND,121.900
VIDP,TWR,DELHI TWR rwy28/10,118.100
VIDP,TWR,DELHI TWR RWY 29/11,118.250
VIDP,TWR,DELHI TWR Rwy 27/09,118.750
VIDX,TWR,,122.700
VIGG,TWR,TWR,122.300
VIGR,TWR,TWR,123.500
VIJO,APP,APP,122.700
VIJO,TWR,TWR,123.500
VIJP,ATIS,ATIS,126.600
VIJP,TWR(HO),,124.300
VIJP,TWR/APP,TWR,125.250
VIJR,APP,APP,123.500
VIJU,TWR,JAMMU,122.850
VIJU,TWR STD BY,,122.650
VIKA,TWR,TWR,122.300
VIKO,TWR,TWR,119.000
VILD,TWR,TWR,122.300
VILK,APP,APP,120.450
VILK,ATIS,ATIS,126.800
VILK,GND,,120.450
VILK,TWR,TWR,118.600
VIPK,APP,APP,122.700
VIPK,TWR,TWR,122.700
VIPL,TWR,,122.500
VIPT,TWR,TWR,122.300
VIRB,App,Approach,122.650
VIRB,Cmp,Company,129.950
VIRB,TWR,Tower,122.500
VISM,STANDBY,,122.500
VISM,TWR,TWR,118.350
VISP,TWR,,123.500
VISR,A/G,RDO,893.900
VISR,TWR,TWR,127.900
VIUX,A/G,RDO,561.000
VIUX,ACC,CTLZ,122.700
VLLB,APP,APP,118.500
VLLB,TWR,TWR,118.500
VLPS,TWR,TWR,118.500
VLSK,TWR,TWR,118.500
VLVT,APP,VIENTIANE APP,119.700
VLVT,TWR,VIENTIANE TWR,118.100
VMMC,APP,HONG KONG RDR,126.300
VMMC,ATIS,ATIS,126.400
VMMC,GND,GND,121.725
VMMC,TWR,TWR,118.000
VNBW,TWR,TWR,122.500
VNCG,AFIS,AFIS,122.500
VNJP,TWR,TWR,122.500
VNKT,APP,KATHMANDU APP,120.600
VNKT,ATIS,KATHMANDU ATIS,127.000
VNKT,GND,KATHMANDU GND,121.900
VNKT,RDO,KATHMANDU RDO,292.300
VNKT,TWR,KATHMANDU TWR,118.100
VNLK,APP,,122.300
VNLK,TWR,,122.500
VNNG,TWR,TWR,118.300
VNPK,TWR,TWR,123.800
VNSI,TWR,TWR,118.300
VNTH,UC,UC,122.300
VNVT,TWR,TWR,123.800
VOBG,APP,APP,127.700
VOBG,ATIS,ATIS,128.250
VOBG,TWR,TWR,123.500
VOBL,APP,,121.250
VOBL,ATIS,,128.675
VOBL,DELIVERY,,121.820
VOBL,SMC,,121.650
VOBL,TOWER,,124.350
VOBR,APP,,122.850
VOBR,Twr,,123.500
VOBZ,TWR,TWR,123.500
VOCB,APP,AFTER 0430 HRS UTC,120.050
VOCB,ATIS,,128.050
VOCB,TWR,,118.150
VOCC,A/G,RDO,665.500
VOCC,APP,APP,124.700
VOCC,TWR,GARUDA TWR,123.500
VOCI,APP,APP,119.750
VOCI,ATIS,ATIS,126.200
VOCI,GND,GND,121.750
VOCI,TWR,TWR,118.800
VOCL,ATIS,ATIS,127.000
VOCL,TWR,TWR,122.950
VOCP,TWR,TWR,118.350
VOCX,A/G,RDO,669.600
VOCX,APP,APP,122.500
VOCX,TWR,TWR,122.500
VODG,TWR,ACADEMY TWR,119.100
VOGO,APP,DABOLIM APP,119.700
VOGO,ATIS,ATIS,126.600
VOGO,TWR,DABOLIM TWR,118.100
VOHS,APP,,120.250
VOHS,APP,,125.550
VOHS,ATIS,,126.470
VOHS,CONTROL-1,,120.950
VOHS,CONTROL-2,,128.350
VOHS,CONTROL-3,,129.700
VOHS,DELIVERY,,121.620
VOHS,GROUND,,121.620
VOHS,SMC,,121.850
VOHS,TOWER,,118.450
VOHY,ACC,ACC,129.700
VOHY,APP,APP,132.400
VOHY,ATIS,ATIS,126.800
VOHY,RDO,RDO,287.200
VOHY,TWR,TWR,122.250
VOJV,NDB,Vijayanagar VN,0.217
VOKP,TWR,,131.775
VOMD,APP,APP,122.800
VOMD,TWR,TWR,122.800
VOML,ACC,ACC,127.550
VOML,APP,APP,122.100
VOML,TWR,TWR,122.100
VOMM,ACC,CHENNAI CNTR,118.900
VOMM,APP,APP,127.900
VOMM,ATIS,ATIS,127.450
VOMM,GCA,SCHENNAI RADARS,125.700
VOMM,GND,GND,121.900
VOMM,TWR,TWR,118.100
VOPB,A/G,RDO,658.300
VOPB,APP,APP,118.100
VOPB,ATIS,ATIS,126.400
VOPB,TWR,TWR,123.500
VOPC,Tower,,122.900
VOPN,TWR,TWR,118.400
VORM,UNK,,118.900
VORM,UNK,,123.500
VORY,TWR,TWR,122.300
VOSM,twr,training acadamy,122.400
VOSX,APP,,122.300
VOSX,NDB,SX,325.000
VOSX,TWR,,120.700
VOTP,TWR,TWR,119.000
VOTR,APP,TRICHY APP,119.700
VOTR,TWR,TRICHY TWR,118.300
VOTV,ACC,CON,125.900
VOTV,APP,APP,119.600
VOTV,ATIS,ATIS,126.600
VOTV,RDO,RDO,1128.500
VOTV,TWR,TWR,118.100
VOTX,APP,MADRAS APP,127.900
VOTX,TWR,TWR,122.300
VOYK,APP,,119.700
VOYK,APP,BANGALORE APP,127.750
VOYK,TWR,TWR,118.100
VQBT,TWR,TWR,122.550
VREI,UC,UC,118.350
VRMG,TWR,GAN TWR,119.100
VRMH,TWR,TWR,119.100
VRMK,TWR,TWR,119.600
VRMM,APP,APP,119.700
VRMM,GND,GND,121.600
VRMM,TWR,TWR,118.100
VRMT,TWR,TWR,119.400
VTBD,APP,APP,119.400
VTBD,ARR,ARR,125.500
VTBD,ATIS,ATIS,126.400
VTBD,CLD,CLNC DEL,154.960
VTBD,GND,GND,121.900
VTBD,TWR,TWR,118.100
VTBH,RDO,RDO,552.000
VTBH,TWR,TWR,122.100
VTBI,CNTR,BANGKOK CON,133.100
VTBK,APP,APP,127.750
VTBK,CNTR,BANGKOK CON,128.100
VTBK,DEP,DEP,23.700
VTBK,GND,GND,25.780
VTBK,TWR,TWR,23.750
VTBL,GND,GND,121.750
VTBL,TWR,TWR,122.600
VTBO,APP,APP,118.600
VTBO,TWR,TWR,122.900
VTBP,ATIS,ATIS,39.060
VTBP,GND,GND,25.780
VTBP,TWR,TWR,35.110
VTBS,ATIS,,127.800
VTBT,Approach,UTapao Approach,119.700
VTBT,TWR,,122.300
VTBU,APP,APP,119.700
VTBU,GND,GND,121.900
VTBU,TWR,TWR,118.300
VTBW,TWR,TWR,118.100
VTCC,APP,APP,129.600
VTCC,ATIS,ATIS,127.200
VTCC,GND,GND,121.900
VTCC,TWR,TWR,118.100
VTCH,APP,APP,126.200
VTCH,ATIS,ATIS,38.400
VTCH,TWR,TWR,122.300
VTCI,CTAF,,123.000
VTCL,APP,APP,119.300
VTCL,ATIS,ATIS,39.500
VTCL,TWR,TWR,122.300
VTCN,APP,APP,120.250
VTCN,ATIS,ATIS,35.500
VTCN,TWR,TWR,118.550
VTCP,APP,APP,120.100
VTCP,ATIS,ATIS,34.000
VTCP,RDO,RDO,666.700
VTCP,TWR,TWR,118.600
VTCS,CTAF,,122.300
VTCT,APP,APP,163.050
VTCT,ATIS,ATIS,927.700
VTCT,RDO,RDO,0.700
VTCT,TWR .,,1.000
VTPB,APP,APP,126.700
VTPB,TWR,TWR,122.300
VTPH,APP,APP,126.200
VTPH,ATIS,ATIS,21.300
VTPH,GND,GND,121.900
VTPH,TWR,TWR,122.700
VTPI,APP,APP,124.000
VTPI,ATIS,ATIS,25.300
VTPI,DEP,DEP,134.100
VTPI,GND,GND,121.750
VTPI,TWR,TWR,133.250
VTPM,APP,APP,120.650
VTPM,ATIS,ATIS,31.600
VTPM,TWR,TWR,118.350
VTPN,TWR,TWR,122.300
VTPO,APP,PHITSANULOK APP,120.700
VTPO,TWR,TWR,118.700
VTPP,APP,APP,120.700
VTPP,ATIS,ATIS,26.300
VTPP,GND,GND,121.900
VTPP,TWR,TWR,118.900
VTPT,APP,APP,120.700
VTPT,TWR,TWR,118.800
VTPY,TWR,TWR,122.300
VTSB,APP,APP,129.600
VTSB,ATIS,ATIS,33.800
VTSB,GND,GND,121.900
VTSB,RDO,RDO,657.700
VTSB,TWR,TWR,122.700
VTSC,APP,APP,125.550
VTSC,ATIS,ATIS,38.300
VTSC,RDO,RDO,657.700
VTSC,TWR,TWR,122.700
VTSE,APP,APP,119.750
VTSE,TWR,TWR,122.150
VTSF,APP,APP,119.750
VTSF,TWR,TWR,122.550
VTSG,APP,APP,120.050
VTSG,ATIS,ATIS,29.900
VTSG,GND,GND,121.900
VTSG,TWR,TWR,118.600
VTSH,TWR,TWR,126.200
VTSK,APP,APP,125.550
VTSK,TWR,TWR,119.300
VTSM,APP,APP,129.600
VTSM,ATIS,ATIS,128.600
VTSM,TWR,TWR,118.900
VTSN,RDO,RDO,657.700
VTSN,TWR,TWR,122.700
VTSP,APP,APP,124.700
VTSP,ATIS,ATIS,128.000
VTSP,GND,GND,121.900
VTSP,TWR,TWR,118.100
VTSR,APP,APP,125.100
VTSR,ATIS,ATIS,37.500
VTSR,TWR,TWR,122.250
VTSS,APP,APP,126.700
VTSS,ATIS,ATIS,128.800
VTSS,GND,GND,121.900
VTSS,TWR,TWR,118.100
VTST,APP,APP,125.300
VTST,ATIS,ATIS,24.800
VTST,TWR,TWR,118.400
VTSW,APP,Phuket Approach,124.700
VTSW,CTAF,Phuket Airpark Traffic,122.300
VTSW,TWR,Phuket Tower,118.100
VTUD,APP,APP,126.200
VTUD,ATIS,ATIS,23.600
VTUD,GND,GND,121.900
VTUD,RDO,RDO,659.500
VTUD,TWR,TWR,122.500
VTUI,APP,APP,123.350
VTUI,ATIS,ATIS,36.500
VTUI,TWR,TWR,119.650
VTUJ,APP,BURI RAM APP,123.600
VTUJ,TWR,TWR,122.700
VTUK,APP,APP,123.400
VTUK,ATIS,ATIS,39.300
VTUK,TWR,TWR,122.250
VTUL,APP,APP,122.550
VTUL,TWR,TWR,122.500
VTUN,APP,APP,129.750
VTUN,ATIS,ATIS,39.060
VTUN,DEP,DEP,134.100
VTUN,GND,GND,121.750
VTUN,TWR,TWR,122.200
VTUO,APP,APP,123.600
VTUO,ATIS,ATIS,30.300
VTUO,TWR,TWR,122.500
VTUQ,APP,APP,123.600
VTUQ,ATIS,ATIS,39.900
VTUQ,TWR,TWR,119.800
VTUR,APP,APP,125.400
VTUR,TWR,TWR,119.750
VTUU,APP,APP,123.500
VTUU,ATIS,ATIS,37.300
VTUU,GND,GND,121.900
VTUU,TWR,TWR,119.900
VTUV,APP,APP,125.400
VTUV,ATIS,ATIS,31.900
VTUV,TWR,TWR,119.750
VTUW,APP,SAKHON NAKHON APP,123.350
VTUW,TWR,TWR,122.500
VVBM,TWR,TWR,118.300
VVCA,TWR,TWR,118.250
VVCT,TWR,Can Tho,118.800
VVDB,TWR,TWR,118.700
VVDN,APP,APP,125.300
VVDN,GND,GND,121.600
VVDN,TWR,TWR,125.000
VVNB,APP/DEP,APP/DEP,120.075
VVNB,APP/DEP,APP/DEP,121.000
VVNB,APP/DEP,APP/DEP,125.100
VVNB,APP/DEP,APP/DEP,126.575
VVNB,ATIS,ATIS,127.000
VVNB,CTR,CTR,123.300
VVNB,CTR,CTR,125.900
VVNB,CTR,CTR,132.300
VVNB,CTR,CTR,133.650
VVNB,DEL,DEL,119.250
VVNB,DEL/TWR,DEL/TWR,119.250
VVNB,DEL/TWR,DEL/TWR,125.225
VVNB,GND,GND,121.650
VVNB,GND,GND,121.900
VVNB,TWR,TWR,118.400
VVNB,TWR,TWR,118.900
VVPB,TWR,TWR,118.800
VVPK,TWR,TWR,118.100
VVPQ,TWR,TWR,118.600
VVTS,APP,APP,125.500
VVTS,ATIS,ATIS,128.000
VVTS,GND,GND,121.900
VVTS,TWR,TWR,118.700
VYAN,TWR,TWR,118.700
VYBG,APP,APP,119.700
VYBG,TWR,TWR,118.100
VYBM,TWR,TWR,118.700
VYCZ,APP,APP,119.700
VYCZ,RDO,RDO,552.600
VYCZ,TWR,TWR,118.700
VYDW,APP,APP,119.700
VYDW,TWR,TWR,118.700
VYKG,TWR,TWR,118.700
VYKL,TWR,TWR,118.700
VYKP,TWR,TWR,118.700
VYKT,TWR,TWR,118.700
VYLK,TWR,TWR,118.700
VYLS,TWR,TWR,118.700
VYMD,APP,APP,119.200
VYMD,GND,GND,121.725
VYMD,TWR,TWR,118.600
VYME,APP,APP,119.700
VYME,TWR,TWR,118.700
VYMK,APP,APP,119.700
VYMK,TWR,TWR,118.700
VYMM,TWR,TWR,118.700
VYMO,TWR,TWR,118.700
VYMS,TWR,TWR,118.700
VYNP,APP,APP,119.700
VYNP,TWR,TWR,118.700
VYNS,TWR,TWR,118.700
VYNT,TWR,TWR,118.700
VYPA,TWR,TWR,118.700
VYPN,TWR,TWR,118.700
VYPT,TWR,TWR,118.700
VYST,APP,MEIKTILA APP,119.700
VYST,TWR,MEIKTILA TWR,118.700
VYSW,APP,APP,119.700
VYSW,TWR,TWR,118.700
VYTD,TWR,TWR,118.700
VYTL,TWR,TWR,118.700
VYTO,APP,APP,119.700
VYTO,TWR,TWR,121.700
VYYY,APP,MINGALADON APP,119.700
VYYY,ATIS,ATIS,128.400
VYYY,GND,MINGALADON GND,121.900
VYYY,TWR,MINGALADON TWR,118.100
WAAA,APP,UJUNG PANDANG APP,119.400
WAAA,ATIS,ATIS,126.250
WAAA,INFO,UJUNG INFO,295.600
WAAA,TWR,TWR,118.100
WABB,APP,BIAK APP,121.200
WABB,ATIS,ATIS,126.500
WABB,INFO,BIAK INFO,295.600
WABB,TWR,TWR,118.100
WABP,RDO,TIMIKA RDO,681.100
WABP,TWR,KILANGIN TWR,118.300
WADB,RDO,BIMA RDO,782.500
WADB,TWR,SALAHUDDIN TWR,120.300
WADD,APP,DIRECTOR,119.700
WADD,ATIS,ATIS,126.200
WADD,GND,NGURAH GND,118.800
WADD,INFO,INFO,8.880
WADD,TMA,RADAR,119.300
WADD,TWR,NGURAH TWR,118.100
WADS,A/G,INFO,118.100
WADT,RDO,RDO,122.500
WADW,AFIS,INFO,122.200
WAEE,AFIS,INFO,122.400
WAEE,RDO,TERNATE RDO,905.500
WAEW,A/G,INFO,122.200
WAFF,TWR,TWR,118.700
WAFM,INFO,INFO,534.000
WAFP,A/G,RDO,457.500
WAFW,A/G,INFO,122.800
WAGG,ATIS,,127.000
WAGG,TWR,TWR,122.400
WAHL,A/G,RDO,122.800
WAHU,NDB,KJ,0.336
WAHU,SSB,Karimunjawa Radio,7.400
WAHU,VHF,Dewadaru Info,121.300
WAHU,VOR,KRJ,117.300
WAJJ,APP,JAYAPURA APP,119.100
WAJJ,ATIS,ATIS,128.800
WAJJ,INFO,JAYAPURA INFO,295.600
WAJJ,TWR,SENTANI TOWER,118.100
WAKK,FSS,MERAUKE INFO,558.000
WAKK,TWR,TWR,122.200
WALG,INFO,INFO,118.500
WALL,APP,BALIKPAPAN APP,120.400
WALL,ATIS,ATIS,127.600
WALL,INFO,BALIKPAPAN INFO,341.600
WALL,TWR,TWR,118.100
WALQ,INFO,BADAK INFO,127.700
WALQ,RDO,BADAK RDO,534.000
WALR,APP,TARAKAN APP,125.500
WALR,TWR,JUWATA TWR,118.100
WALS,TWR,TWR,122.400
WALT,RDO,RDO,129.700
WALV,A/G,RDO,534.000
WALV,TWR,TWR,122.100
WALX,RDO,RDO,122.300
WAMG,INFO,GORONTALO RDO,905.500
WAMG,TWR,TWR,122.200
WAMH,A/G,INFO,123.000
WAMM,APP,MANADO APP,119.000
WAMM,ATIS,ATIS,126.400
WAMM,INFO,MANADO INFO,891.800
WAMM,TWR,RATULANGI TWR,118.100
WAOH,INFO,INFO,544.250
WAOI,TWR,TWR,122.200
WAON,AFIS,INFO,122.100
WAOO,APP,BANJARMASIN APP,126.500
WAOO,ATIS,ATIS,128.050
WAOO,INFO,BANJARMASIN INFO,819.800
WAOO,TWR,ULIN TWR,118.400
WAOS,A/G,SAMPIT INFO,122.800
WAPL,INFO,INFO,120.000
WAPL,RDO,RDO,583.600
WAPP,APP,AMBON APP,121.000
WAPP,ATIS,ATIS,125.400
WAPP,INFO,AMBON INFO,891.800
WAPP,TWR,TWR,122.200
WAQT,RDO,RDO,808.250
WARA,APP,SURABAYA APP,119.100
WARA,TWR,TWR,122.500
WARI,APP,MADIUN APP,122.600
WARI,GND,YUDI GND,121.700
WARJ,APP,Secondary,120.200
WARJ,APP,YOGYA DIRECTOR,123.400
WARJ,ATIS,ATIS,128.500
WARJ,GND,ADI GND,118.500
WARJ,TWR,Secondary,118.100
WARJ,TWR,ADI TWR,122.400
WARP,RDO,RDO,122.100
WARQ,APP,YOGYA APP,123.400
WARQ,ATIS,ATIS,127.200
WARQ,TCA,SEMARANG TCA,120.300
WARQ,TWR,MARMO TWR,122.700
WARR,ATIS,ATIS,128.200
WARR,DIR,Surabaya Director Secondary,123.200
WARR,DIR,Surabaya Director (Primary),125.100
WARR,SMC,Ground Control,118.900
WARR,TCA,Surabaya Control - Primary,123.550
WARR,TCA,Surabaya Control - Secondary,124.000
WARR,TWR,Tower - Secondary,118.100
WARR,TWR,Tower - Primary,118.300
WARS,APP,SEMARANG APP,120.300
WARS,ATIS,ATIS,126.000
WARS,TWR,YANI TWR,122.300
WASF,A/G,TOREA INFO,118.100
WASK,INFO,INFO,131.450
WASK,RDO,RDO,681.120
WASO,INFO,INFO,681.120
WASR,AFIS,INFO,122.200
WATC,AFIS,AFIS,122.300
WATE,RDO,RDO,118.700
WATG,A/G,INFO,122.600
WATG,RDO,RDO,449.500
WATM,INFO,INFO,449.500
WATO,A/G,LABUHAN BAJO RDO,449.500
WATO,INFO,LABUHAN BAJO INFO,122.700
WATT,INFO,KUPANG INFO,341.600
WATT,TWR,TWR,118.300
WAVV,AFIS,INFO,120.000
WAVV,ATIS,Wamena ATIS,127.200
WAVV,TWR,,120.000
WAWB,INFO,INFO,905.500
WAWS,A/G,RDO,122.200
WAWT,AFIS,INFO,122.200
WAWW,TWR,TWR,122.200
WBGB,ATIS,ATIS,127.800
WBGB,GND,GND,121.800
WBGB,TWR,TWR,122.300
WBGG,ACC,RDR,134.500
WBGG,APP,APP DIRECTOR,120.200
WBGG,ATIS,ATIS,128.400
WBGG,GND,GND,121.900
WBGG,TWR,TWR,118.100
WBGJ,GND,GND,121.950
WBGJ,TWR,TWR,124.300
WBGM,TWR,TWR,122.400
WBGR,APP,APP,122.900
WBGR,ATIS,ATIS,127.000
WBGR,GND,GND,121.900
WBGR,TWR,TWR,123.300
WBGS,APP,APP,122.600
WBGS,ATIS,ATIS,127.650
WBGS,GND,GND,121.900
WBGS,TWR,TWR,122.600
WBKD,TWR,TWR,122.300
WBKK,A/D,KINABALU APP,119.100
WBKK,A/G,KINABALU RDO,682.500
WBKK,ACC,KINABALU CON,126.100
WBKK,ATIS,ATIS,127.400
WBKK,GND,KINABALU GND,121.600
WBKK,INFO,KINABALU,133.300
WBKK,TWR,KINABALU TWR,118.300
WBKL,APP,APP,119.700
WBKL,ATIS,ATIS,126.850
WBKL,GND,GND,118.350
WBKL,TWR,TWR,118.100
WBKS,APP,APP,123.200
WBKS,GND,GND,121.900
WBKS,TWR,TWR,121.050
WBKW,APP,APP,123.550
WBKW,GND,GND,121.900
WBKW,TWR,TWR,122.500
WBMU,APP,TWR,129.200
WBSB,APP,RADAR,121.300
WBSB,ATIS,ATIS,126.800
WBSB,GND,GND,121.900
WBSB,TWR,TWR,118.700
WBTM,FSS,RDO,682.500
WBTM,TWR,TWR,118.200
WIBB,APP,PEKANBARU APP,120.800
WIBB,TWR,SYARIF TWR,118.100
WIBD,RDO,DUMAI RDO,122.600
WIBJ,A/G,RDO,122.800
WIBJ,AFIS,INFO,118.200
WICB,GRD,BUDI GROUND,119.700
WICB,TWR,BUDI TWR,123.200
WICC,APP,BANDUNG APP,121.000
WICC,TWR,TWR,118.650
WICD,A/G,RDO,122.100
WICM,TWR,TASIK TWR,122.600
WICN,RDO,RDO,122.000
WIDD,ACC,SINGAPORE APP,120.300
WIDD,APP,TANJUNG PINANG APP,130.200
WIDD,ATIS,ATIS,126.250
WIDD,GND,GND/CLNC DEL,121.750
WIDD,TWR,Secondary,118.300
WIDD,TWR,Primary,118.700
WIDE,A/G,RDO,118.100
WIDM,INFO,INFO,128.000
WIDM,RDO,RDO,546.750
WIDN,ACC,SINGAPORE APP,120.300
WIDN,APP,TANJUNG PINANG APP,130.200
WIDN,TWR,TWR,118.400
WIDS,INFO,INFO,122.200
WIHH,APP,JAKARTA APP,119.750
WIHH,ARR,JAKARTA ARR,125.450
WIHH,ATIS,ATIS,128.800
WIHH,DIR,JAKARTA DIRECTOR,119.700
WIHH,TWR,TWR,122.050
WIHH,TWR,Tower Secondary,122.700
WIHP,INFO,INFO,122.100
WIII,APP,JAKARTA APP,119.750
WIII,ARR,JAKARTA ARR,125.450
WIII,ATIS,ATIS,126.850
WIII,CLD,CLNC DEL,121.950
WIII,FSS,JAKARTA CENTRAL INFO,129.700
WIII,GND,GND,121.600
WIII,INFO,PABELOKAN INFO,129.800
WIII,TWR,TWR,118.750
WILL,TWR,INTEN TWR,122.400
WIMA,INFO,MALIK INFO,122.900
WIMB,A/G,INFO,122.500
WIME,A/G,INFO,122.800
WIMK,APP,MEDAN APP,119.700
WIMK,ATIS,MEDAN ATIS,126.800
WIMK,TWR,TWR,118.100
WIMM,ATIS,,126.300
WIMM,TWR,zoel,118.600
WIMN,INFO,INFO,658.900
WIMS,A/G,PINANG SORE RDO,122.300
WIOD,TWR,Hanan Djoeddin,118.800
WIOG,AFIS,INFO,122.500
WIOG,RDO,RDO,385.500
WIOK,INFO,INFO,122.300
WION,INFO,INFO,112.100
WIOO,APP,PONTIANAK APP,119.000
WIOO,ATIS,ATIS,127.400
WIOO,INFO,PONTIAK INFO,895.700
WIOO,TWR,TWR,118.300
WIOP,A/G,INFO,123.500
WIPA,TWR,THAHA TWR,118.400
WIPK,APP,PANGKALPINANG APP,123.600
WIPK,TWR,AMIR TWR,118.300
WIPL,TWR,TWR AND APP COMBINE,122.200
WIPO,AFIS,INFO,123.700
WIPP,APP,PALEMBANG APP,119.200
WIPP,ATIS,ATIS,127.200
WIPP,INFO,PALEMBANG INFO,341.600
WIPP,TWR,MAHMUD TWR,118.100
WIPQ,RDO,RDO,122.100
WIPT,APP,PADANG APP,124.000
WIPT,ATIS,ATIS,127.250
WIPT,TWR,MINANG TWR,118.300
WITA,FIS,,112.800
WITL,A/G,INFO,130.450
WITN,INFO,SALEH INFO,122.600
WITT,AFIS,TWR,122.200
WITT,RDO,BANDA ACEH RDO,658.900
WMAP,APP,APP,122.400
WMAP,TWR,TWR,128.300
WMBI,CTAF,,124.500
WMBT,AFIS,INFO,122.800
WMGK,APP,APP,22.760
WMGK,GND,GND,22.500
WMGK,TWR,TWR,22.610
WMKA,APP,ALOR STAR APP,122.300
WMKA,GND,ALOR STAR GND,121.600
WMKA,TWR,ALOR STAR TWR,122.300
WMKB,APP,APP,125.800
WMKB,ATIS,ATIS,23.010
WMKB,DEP,DEP,128.500
WMKB,GND,GND,134.600
WMKB,TWR,TWR,118.300
WMKC,GND,KOTA BHARU GND,121.600
WMKC,TWR,KOTA BHARU TWR,122.500
WMKD,APP,APP,118.100
WMKD,ATIS,ATIS,127.500
WMKD,GND,GND,28.960
WMKD,TWR,TWR,118.100
WMKE,GND,GND,121.800
WMKE,TWR,TWR,123.300
WMKF,TWR,TWR,126.500
WMKI,TWR,IPOH TWR,122.100
WMKJ,ACC,LUMPUR CON,132.200
WMKJ,APP,JOHOR TWR,124.700
WMKJ,ATIS,ATIS,126.600
WMKJ,GND,JOHOR TWR,121.800
WMKJ,TWR,JOHOR TWR,122.500
WMKK,A/D,LUMPUR APP,119.450
WMKK,ATIS,LUMPUR ATIS FOR DEPARTURE,126.450
WMKK,ATIS,LUMPUR ATIS FOR ARRIVALS,128.050
WMKK,CLD,LUMPUR CLNC DEL,126.000
WMKK,DEPT,LUMPUR DEPARTURE,135.250
WMKK,GND,LUMPUR GND,121.650
WMKK,GND,LUMPUR GND,122.275
WMKK,TWR,LUMPUR TWR 14R/32L,118.500
WMKK,TWR,LUMPUR TWR 14L/32R,118.800
WMKK,TWR,LUMPUR TWR RWY 15/33,119.800
WMKL,APP,APP,119.400
WMKL,ATIS,ATIS,128.200
WMKL,GND,GND,121.800
WMKL,TWR,TWR,118.500
WMKM,ATIS,,127.450
WMKM,GND,GND,121.600
WMKM,TWR,TWR,118.000
WMKN,GND,TERENGGANU GND,121.600
WMKN,TWR,TERENGGANU TWR,123.600
WMKP,ATIS,ATIS,126.400
WMKP,GND,PENANG  GROUND,121.600
WMKP,TWR,PENANG TOWER,121.100
WMSA,A/D,LUMPUR DIRECTOR,125.100
WMSA,A/G,LUMPUR RDO,347.000
WMSA,ACC,LUMPUR APP/CON,132.800
WMSA,ATIS,SUBANG INFO,127.600
WMSA,CLD,LUMPUR DELIVERY,126.000
WMSA,GND,SUBANG GND,121.900
WMSA,INFO,LUMPUR,126.100
WMSA,OPS,AIR FORCE GND,125.200
WMSA,TWR,SUBANG TWR,118.200
WPDB,CTAF,TIMOR COMMON LOW,127.100
WPDL,APP,COMORO APP/TWR,122.900
WPDL,GND,COMORO GND,133.900
WPDL,MISC,PCL,125.500
WPEC,CTAF,E TIMOR COMMON HIGH,123.450
WPEC,INFO,E TIMOR COMMON LOW,127.100
WRLF,NUNUKAN INFO,PRIMARY,120.550
WRLF,NUNUKAN INFO,SECONDARY,123.150
WSAG,A/D,SINGAPORE APP/DEP,120.300
WSAG,ATIS,ATIS,149.250
WSAG,GND,GND,28.390
WSAG,TWR,TWR,129.700
WSAP,ACC,SINGAPORE RADAR,127.300
WSAP,APP,APP,119.900
WSAP,ATIS,ATIS,148.900
WSAP,GND,GND,118.050
WSAP,OPS,AMC OPS,34.940
WSAP,TWR,TWR,118.050
WSAT,A/D,SINGAPORE APP/DEP,120.300
WSAT,APP,APP,130.000
WSAT,GND,GND,122.000
WSAT,TWR,TWR,122.000
WSSL,A/D,SINGAPORE APP/DEP,120.300
WSSL,GND,GND,121.600
WSSL,TWR,TWR,118.450
WSSS,A/D,APP/DEP,120.300
WSSS,ARR,ARR,119.300
WSSS,ATIS,ATIS,128.600
WSSS,CLD,CLNC DEL,121.650
WSSS,GND,GND,124.300
WSSS,TWR,TWR,118.600
YAAL,CTAF,CTAF,134.200
YAAL,MISC,MISC,119.600
YAAL,MISC,MISC,122.400
YABA,CTAF,CTAF,127.850
YABA,FSS,MELBOURNE CNTR,123.900
YABI,CTAF,CTAF,118.600
YABI,MISC,MISC,119.600
YABI,MISC,MISC,122.400
YABS,CTAF,CTAF,118.400
YABS,MISC,MISC,119.600
YABS,MISC,MISC,123.900
YABU,CTAF,CTAF,120.500
YABU,MISC,MISC,115.900
YABU,MISC,MISC,119.800
YABU,MISC,MISC,121.850
YACI,CTAF,CTAF,122.300
YACI,MISC,MISC,121.200
YACS,CTAF,CTAF,122.600
YACS,MISC,MISC,119.600
YACS,MISC,MISC,122.400
YADD,CTAF,CTAF,134.200
YADD,MISC,MISC,113.900
YADD,MISC,MISC,122.400
YADG,ATC,Adelaide Radar,130.450
YADG,CTAF,Aldinga Traffic,127.150
YADM,CTAF,CTAF,128.550
YADM,MISC,MISC,115.800
YADM,MISC,MISC,119.600
YADM,MISC,MISC,122.600
YADO,CTAF,CTAF,120.500
YADO,MISC,MISC,115.900
YADO,MISC,MISC,119.800
YADO,MISC,MISC,121.850
YADS,CTAF,CTAF,118.300
YADS,MISC,MISC,115.900
YADS,MISC,MISC,119.800
YADY,CTAF,CTAF,118.800
YADY,MISC,MISC,119.600
YADY,MISC,MISC,122.400
YAGD,CTAF,CTAF,125.700
YAGD,MISC,MISC,120.150
YAHD,CTAF,CTAF,134.200
YAHD,MISC,MISC,113.900
YAHD,MISC,MISC,122.400
YAKG,CTAF,CTAF,134.400
YAKG,MISC,MISC,122.400
YALA,MISC,MISC,120.200
YALC,CTAF,CTAF,118.400
YALC,MISC,MISC,119.600
YALC,MISC,MISC,123.900
YALG,CTAF,CTAF,125.700
YALG,MISC,MISC,119.600
YALG,MISC,MISC,122.400
YALH,CTAF,CTAF,122.100
YALH,MISC,MISC,125.700
YALM,CTAF,CTAF,118.300
YALM,MISC,MISC,115.900
YALM,MISC,MISC,119.800
YALN,CTAF,CTAF,124.200
YALN,MISC,MISC,115.600
YALN,MISC,MISC,120.600
YALN,MISC,MISC,125.200
YALX,CTAF,CTAF,122.100
YALX,MISC,MISC,130.449
YALY,CTAF,CTAF,124.200
YALY,MISC,MISC,115.600
YALY,MISC,MISC,120.600
YALY,MISC,MISC,125.200
YAMB,APP,APP,33.580
YAMB,ATIS,ATIS,31.620
YAMB,CLD,CLNC DEL,134.600
YAMB,CTAF,CTAF,118.300
YAMB,FSS,BRISBANE CNTR,121.200
YAMB,GND,GND,129.350
YAMB,TWR,TWR,26.460
YAMC,CTAF,CTAF,126.700
YAMC,MISC,MISC,122.100
YAMJ,CTAF,CTAF,120.500
YAMJ,MISC,MISC,115.900
YAMJ,MISC,MISC,119.800
YAMJ,MISC,MISC,121.850
YAMK,CTAF,CTAF,126.700
YAMK,MISC,MISC,122.000
YAML,CTAF,CTAF,125.700
YAML,MISC,MISC,120.600
YAML,MISC,MISC,125.750
YAMM,CTAF,CTAF,120.500
YAMM,MISC,MISC,115.900
YAMM,MISC,MISC,119.800
YAMM,MISC,MISC,121.850
YAND,CTAF,CTAF,135.500
YAND,MISC,MISC,121.200
YANJ,CTAF,CTAF,126.700
YANJ,MISC,MISC,122.000
YANK,CTAF,Lake Eyre Broadcast area,127.800
YANL,CTAF,CTAF,134.400
YANL,MISC,MISC,122.400
YANW,CTAF,CTAF,126.700
YANW,MISC,MISC,122.400
YAOR,CTAF,CTAF,122.400
YAOR,MISC,MISC,125.100
YAOR,MISC,MISC,125.700
YAPA,CTAF,CTAF,123.900
YAPA,MISC,MISC,122.000
YAPO,CTAF,CTAF,120.000
YAPO,MISC,MISC,121.200
YARA,CTAF,CTAF,126.700
YARA,FSS,MELBOURNE CNTR,126.800
YARD,CTAF,CTAF,122.400
YARD,MISC,MISC,122.400
YARG,CTAF,CTAF,127.300
YARG,FSS,BRISBANE CNTR,122.400
YARI,CTAF,CTAF,118.600
YARI,MISC,MISC,125.100
YARI,MISC,MISC,125.700
YARK,CTAF,CTAF,121.200
YARL,CTAF,CTAF,126.000
YARL,MISC,MISC,125.100
YARL,MISC,MISC,125.700
YARM,CTAF,CTAF,127.500
YARM,FSS,BRISBANE CNTR,125.750
YARN,CTAF,CTAF,134.400
YARN,MISC,MISC,122.400
YARP,CTAF,CTAF,134.400
YARP,MISC,MISC,122.400
YARS,CTAF,CTAF,134.400
YARS,MISC,MISC,122.400
YARY,CTAF,CTAF,118.800
YASF,CTAF,CTAF,127.100
YASF,MISC,MISC,120.600
YASF,MISC,MISC,125.750
YATL,CTAF,CTAF,124.800
YATL,MISC,MISC,113.900
YATL,MISC,MISC,122.400
YATN,CTAF,CTAF,126.700
YATN,MISC,MISC,126.100
YATR,CTAF,CTAF,125.800
YATR,MISC,MISC,121.200
YATY,CTAF,CTAF,124.800
YATY,MISC,MISC,113.900
YATY,MISC,MISC,122.400
YAUA,CTAF,CTAF,124.800
YAUA,MISC,MISC,120.150
YAUR,CTAF,CTAF,126.700
YAUR,FSS,BRISBANE CNTR,122.100
YAUS,CTAF,CTAF,122.400
YAUS,MISC,MISC,113.900
YAUS,MISC,MISC,122.400
YAUV,CTAF,CTAF,122.400
YAUV,MISC,MISC,113.900
YAUV,MISC,MISC,122.400
YAVD,CTAF,CTAF,122.400
YAVD,MISC,MISC,113.900
YAVD,MISC,MISC,122.400
YAWT,CTAF,CTAF,124.100
YAWT,MISC,MISC,125.700
YAYE,ATIS,ATIS,126.550
YAYE,CTAF,CTAF,126.900
YAYE,FSS,MELBOURNE CNTR,121.850
YAYR,CTAF,CTAF,126.700
YAYR,FSS,BRISBANE CNTR,120.550
YBAD,CTAF,CTAF,126.700
YBAD,MISC,MISC,127.100
YBAF,ATIS,ATIS,120.900
YBAF,CTAF,CTAF,118.100
YBAF,FSS,RADAR,125.700
YBAF,GND,GND,119.900
YBAF,TWR,ARCHER TWR,118.100
YBAL,CTAF,CTAF,119.820
YBAL,MISC,MISC,132.100
YBAN,CTAF,CTAF,122.100
YBAN,MISC,MISC,124.800
YBAO,CTAF,CTAF,121.200
YBAO,MISC,MISC,120.200
YBAO,MISC,MISC,135.500
YBAR,CTAF,CTAF,126.700
YBAR,FSS,BRISBANE CNTR,122.100
YBAS,ATIS,ATIS,115.900
YBAS,CTAF,CTAF,118.300
YBAS,FSS,MELBOURNE CNTR,119.800
YBAS,TWR,TWR,118.300
YBAU,CTAF,CTAF,120.300
YBAU,MISC,MISC,116.100
YBAU,MISC,MISC,119.600
YBAU,MISC,MISC,126.800
YBAW,CTAF,CTAF,122.400
YBAW,MISC,MISC,119.600
YBAW,MISC,MISC,122.100
YBBA,CTAF,CTAF,127.100
YBBA,MISC,MISC,119.600
YBBA,MISC,MISC,122.100
YBBC,CTAF,CTAF,114.300
YBBC,MISC,MISC,124.800
YBBC,MISC,MISC,132.100
YBBE,CTAF,CTAF,124.100
YBBE,MISC,MISC,122.600
YBBE,MISC,MISC,132.100
YBBL,CTAF,CTAF,124.800
YBBL,MISC,MISC,132.100
YBBN,A/D,APP/DEP,124.350
YBBN,ATIS,ATIS,113.200
YBBN,CLD,CLNC DEL,118.600
YBBN,FSS,RADAR,125.700
YBBN,GND,GND,121.700
YBBN,TWR,TWR,120.500
YBBO,CTAF,CTAF,119.500
YBBO,MISC,MISC,132.100
YBBT,CTAF,CTAF,125.800
YBBT,MISC,MISC,130.400
YBCB,CTAF,CTAF,123.400
YBCB,MISC,MISC,132.100
YBCG,ACD,Clearance Delivery,128.750
YBCG,ATIS,H24,112.300
YBCG,ATIS,ATIS (TWR HR),134.500
YBCG,CTAF,CTAF,118.700
YBCG,FIA,Brisbane Center,119.500
YBCG,SMC,Ground,121.800
YBCG,TWR,Tower,118.700
YBCH,CTAF,CTAF,119.600
YBCH,MISC,MISC,120.600
YBCH,MISC,MISC,125.400
YBCK,CTAF,CTAF,126.700
YBCK,FSS,BRISBANE CNTR,122.100
YBCL,CTAF,CTAF,127.100
YBCL,MISC,MISC,120.600
YBCL,MISC,MISC,122.100
YBCR,CTAF,CTAF,118.152
YBCR,MISC,MISC,132.100
YBCS,A/D,APP/DEP,118.400
YBCS,ATIS,ATIS,113.000
YBCS,CLD,CLNC DEL,121.700
YBCS,GND,GND,121.700
YBCS,TWR,TWR,124.900
YBCV,CTAF,CTAF,126.700
YBCV,FSS,BRISBANE CNTR,124.800
YBCV,UNIC,SOUTH WEST AIR BASE,126.700
YBDF,CTAF,CTAF,122.100
YBDF,MISC,MISC,132.100
YBDG,AWIS,Bendigo auto-weather,128.150
YBDG,CTAF,CTAF,119.300
YBDG,FSS,MELBOURNE CNTR,126.800
YBDP,CTAF,CTAF,126.500
YBDP,MISC,MISC,125.800
YBDV,CTAF,CTAF,126.700
YBDV,FSS,BRISBANE CNTR,125.400
YBDX,CTAF,CTAF,122.100
YBDX,MISC,MISC,132.100
YBEC,CTAF,CTAF,124.800
YBEC,MISC,MISC,132.100
YBEE,CTAF,CTAF,134.400
YBEE,MISC,MISC,132.100
YBEF,CTAF,CTAF,124.800
YBEF,MISC,MISC,120.600
YBEL,CTAF,CTAF,125.800
YBEL,MISC,MISC,130.400
YBEO,CTAF,CTAF,125.400
YBEO,MISC,MISC,120.000
YBEU,CTAF,CTAF,125.400
YBEU,MISC,MISC,120.000
YBEV,CTAF,CTAF,126.850
YBEV,MISC,Melbourn Centre,138.300
YBEW,CTAF,CTAF,119.600
YBEW,MISC,MISC,120.600
YBEW,MISC,MISC,125.400
YBFR,CTAF,CTAF,122.600
YBFR,MISC,MISC,123.900
YBFR,MISC,MISC,124.000
YBGB,CTAF,CTAF,122.100
YBGB,MISC,MISC,132.100
YBGI,CTAF,CTAF,134.200
YBGI,MISC,MISC,120.600
YBGI,MISC,MISC,121.850
YBGO,CTAF,CTAF,126.700
YBGO,MISC,MISC,132.100
YBGR,CTAF,CTAF,119.300
YBGR,MISC,MISC,125.800
YBGT,CTAF,CTAF,122.100
YBGT,MISC,MISC,114.200
YBGT,MISC,MISC,119.600
YBGT,MISC,MISC,122.600
YBGY,CTAF,CTAF,127.100
YBGY,MISC,MISC,120.000
YBHB,CTAF,CTAF,125.550
YBHB,MISC,MISC,120.600
YBHI,CTAF,CTAF,126.700
YBHI,FSS,MELBOURNE CNTR,122.600
YBHK,CTAF,CTAF,122.400
YBHK,MISC,MISC,115.800
YBHK,MISC,MISC,119.600
YBHK,MISC,MISC,122.600
YBHM,ATIS,ATIS,114.400
YBHM,CTAF,CTAF,126.700
YBHM,FSS,BRISBANE CNTR,135.500
YBHM,TWR,TWR,118.700
YBIA,CTAF,CTAF,127.100
YBIA,MISC,MISC,120.000
YBIE,CTAF,CTAF,126.700
YBIE,FSS,BRISBANE CNTR,125.400
YBIL,CTAF,CTAF,124.100
YBIL,MISC,MISC,132.100
YBIN,CTAF,CTAF,124.100
YBIN,MISC,MISC,120.000
YBIR,CTAF,CTAF,126.700
YBIR,FSS,MELBOURNE CNTR,125.800
YBIU,CTAF,CTAF,122.400
YBIU,MISC,MISC,114.300
YBIZ,CTAF,CTAF,118.200
YBIZ,MISC,MISC,119.600
YBIZ,MISC,MISC,125.400
YBJW,CTAF,CTAF,118.400
YBJW,MISC,MISC,132.100
YBKE,CTAF,CTAF,126.700
YBKE,FSS,MELBOURNE CNTR,120.000
YBKS,CTAF,CTAF,122.100
YBKS,MISC,MISC,132.100
YBKT,CTAF,CTAF,126.700
YBKT,FSS,BRISBANE CNTR,125.700
YBLA,CTAF,New CTAF as of 2017.,125.600
YBLA,FSS,MELBOURNE CNTR,125.200
YBLA,PAL,Pilot Activated Lighting,123.400
YBLB,CTAF,CTAF,124.100
YBLB,MISC,MISC,132.100
YBLC,CTAF,CTAF,122.600
YBLC,MISC,MISC,120.600
YBLC,MISC,MISC,121.850
YBLD,CTAF,CTAF,120.700
YBLD,MISC,MISC,134.400
YBLG,CTAF,CTAF,119.500
YBLG,MISC,MISC,132.100
YBLH,CTAF,CTAF,118.800
YBLH,MISC,MISC,120.600
YBLL,CTAF,CTAF,124.800
YBLL,MISC,MISC,120.600
YBLL,MISC,MISC,122.100
YBLM,CTAF,CTAF,121.200
YBLM,MISC,MISC,132.100
YBLN,CTAF,CTAF,126.700
YBLN,FSS,MELBOURNE CNTR,124.900
YBLT,CTAF,CTAF,126.000
YBLT,FSS,MELBOURNE CNTR,126.800
YBLU,CTAF,CTAF,118.400
YBLU,MISC,MISC,132.100
YBMA,CTAF,CTAF,126.500
YBMA,FSS,BRISBANE CNTR,122.400
YBMD,CTAF,CTAF,122.300
YBMD,MISC,MISC,120.600
YBMD,MISC,MISC,122.100
YBMI,CTAF,CTAF,123.900
YBMI,MISC,MISC,120.600
YBMI,MISC,MISC,122.100
YBMK,ATIS,ATIS,112.700
YBMK,CTAF,CTAF,124.500
YBMK,FSS,BRISBANE CNTR,135.500
YBMK,TWR,TWR,124.500
YBMM,CTAF,CTAF,126.800
YBMM,MISC,MISC,120.300
YBMR,CTAF,CTAF,122.100
YBMR,MISC,MISC,132.100
YBMY,CTAF,CTAF,122.600
YBMY,MISC,MISC,132.100
YBNA,CTAF,CTAF,124.200
YBNA,FSS,BRISBANE CNTR,120.300
YBNC,CTAF,CTAF,118.400
YBNC,MISC,MISC,132.100
YBNM,CTAF,CTAF,134.400
YBNM,MISC,MISC,132.100
YBNS,AWIS,,133.725
YBNS,CTAF,CTAF,126.700
YBNS,FSS,MELBOURNE CNTR,124.000
YBNS,PAL,,123.900
YBNY,CTAF,CTAF,122.100
YBNY,MISC,MISC,119.600
YBNY,MISC,MISC,123.900
YBOA,CTAF,CTAF,122.750
YBOC,CTAF,CTAF,123.400
YBOC,MISC,MISC,132.100
YBOD,CTAF,CTAF,118.800
YBOD,MISC,MISC,120.600
YBOD,MISC,MISC,122.100
YBOG,CTAF,CTAF,127.100
YBOG,MISC,MISC,120.600
YBOG,MISC,MISC,122.100
YBOI,CTAF,CTAF,127.100
YBOI,MISC,MISC,120.600
YBOI,MISC,MISC,122.100
YBOK,APP,APP,125.400
YBOK,ATIS,ATIS,112.900
YBOK,CTAF,CTAF,127.650
YBOK,FSS,BRISBANE CNTR,121.200
YBOK,GND,GND,121.900
YBOK,TWR,TWR,120.100
YBOM,CTAF,CTAF,118.800
YBOM,MISC,MISC,120.600
YBOM,MISC,MISC,122.100
YBOP,CTAF,CTAF,120.021
YBOP,MISC,MISC,134.400
YBOR,CTAF,CTAF,126.700
YBOR,ML CEN,ML CEN 4000',135.450
YBOT,CTAF,CTAF,124.800
YBOT,MISC,MISC,120.600
YBOT,MISC,MISC,122.100
YBOU,CTAF,CTAF,126.700
YBOU,FSS,BRISBANE CNTR,122.400
YBOY,CTAF,CTAF,123.400
YBOY,MISC,MISC,132.100
YBPI,CTAF,CTAF,135.500
YBPN,CTAF,CTAF,126.700
YBPN,Ctaf,Whitsunday Shute harbour atc,127.850
YBPN,FSS,BRISBANE CNTR,135.500
YBRA,CTAF,CTAF,122.500
YBRA,MISC,MISC,123.400
YBRA,MISC,MISC,125.200
YBRJ,CTAF,CTAF,127.100
YBRJ,MISC,MISC,115.800
YBRJ,MISC,MISC,119.600
YBRJ,MISC,MISC,122.600
YBRK,ATIS,ATIS,116.900
YBRK,CTAF,CTAF,118.100
YBRK,FSS,BRISBANE CNTR,119.550
YBRK,GND,ROCKY GND,121.800
YBRK,TWR,TWR,118.100
YBRL,CTAF,CTAF,126.700
YBRL,FSS,BRISBANE CNTR,128.500
YBRM,ATIS,ATIS,126.550
YBRM,CTAF,CTAF,126.000
YBRM,FSS,BRISBANE CNTR,123.900
YBRN,CTAF,CTAF,126.700
YBRN,FSS,MELBOURNE CNTR,118.600
YBRS,CTAF,Barwon Heads Traffic,119.000
YBRU,CTAF,CTAF,122.100
YBRU,MISC,MISC,119.600
YBRU,MISC,MISC,123.900
YBRW,CTAF,CTAF,126.700
YBRW,FSS,MELBOURNE CNTR,120.000
YBRY,CTAF,CTAF,126.700
YBRY,FSS,MELBOURNE CNTR,123.400
YBSG,CTAF,CTAF,126.700
YBSG,FSS,BRISBANE CNTR,122.100
YBSP,CTAF,CTAF,119.800
YBSP,MISC,MISC,132.100
YBSR,CTAF,CTAF,120.500
YBSR,MISC,MISC,121.850
YBSR,MISC,MISC,132.100
YBSS,CTAF,"""Bacchus Marsh Traffic""",132.250
YBSS,FIA,Melbourne Radar,135.700
YBSS,MISC,MISC,116.100
YBSS,MISC,MISC,119.600
YBSS,MISC,MISC,126.800
YBSU,ATIS,ATIS,114.200
YBSU,CTAF,CTAF,124.400
YBSU,FSS,BRISBANE CNTR,129.000
YBSU,GND,GND,121.100
YBSU,TWR,TWR,124.400
YBTH,CTAF,CTAF,127.350
YBTH,FSS,MELBOURNE CNTR,135.250
YBTI,CTAF,CTAF,126.700
YBTI,FSS,BRISBANE CNTR,118.150
YBTL,A/D,APP/DEP,126.800
YBTL,ATIS,ATIS,133.500
YBTL,CLD,CLNC DEL,128.100
YBTL,CTAF,CTAF,118.300
YBTL,FSS,BRISBANE CNTR,120.550
YBTL,GND,GND,121.800
YBTL,OPS,RAAF AIR OPS,897.400
YBTL,TWR,TWR,118.300
YBTN,CTAF,CTAF,120.100
YBTN,MISC,MISC,122.400
YBTN,MISC,MISC,132.100
YBTR,CTAF,CTAF,126.700
YBTR,FSS,BRISBANE CNTR,122.300
YBTS,CTAF,CTAF,119.400
YBTS,MISC,MISC,120.600
YBTT,CTAF,CTAF,120.000
YBTT,MISC,MISC,115.800
YBTT,MISC,MISC,119.600
YBTT,MISC,MISC,122.600
YBTV,CTAF,CTAF,122.100
YBTV,MISC,MISC,126.800
YBUD,CTAF,CTAF,126.900
YBUD,FSS,BRISBANE CNTR,124.100
YBUG,CTAF,CTAF,118.400
YBUG,MISC,MISC,119.600
YBUG,MISC,MISC,123.900
YBUI,CTAF,CTAF,126.700
YBUI,MISC,MISC,115.800
YBUI,MISC,MISC,119.600
YBUI,MISC,MISC,122.600
YBUL,CTAF,CTAF,118.400
YBUL,MISC,MISC,119.600
YBUL,MISC,MISC,123.900
YBUN,CTAF,CTAF,127.000
YBUN,FSS,MELBOURNE CNTR,124.900
YBUP,CTAF,CTAF,120.000
YBUP,MISC,MISC,119.600
YBUP,MISC,MISC,124.100
YBUX,CTAF,CTAF,120.150
YBUX,MISC,MISC,114.200
YBUX,MISC,MISC,119.600
YBUX,MISC,MISC,122.600
YBVA,CTAF,CTAF,122.423
YBVA,MISC,MISC,120.600
YBVA,MISC,MISC,121.850
YBVL,CTAF,CTAF,127.100
YBVL,MISC,MISC,120.600
YBVL,MISC,MISC,122.100
YBVY,CTAF,CTAF,122.400
YBVY,MISC,MISC,119.600
YBVY,MISC,MISC,123.900
YBWG,CTAF,CTAF,126.500
YBWG,FSS,MELBOURNE CNTR,118.950
YBWI,CTAF,CTAF,120.000
YBWI,MISC,MISC,119.600
YBWI,MISC,MISC,124.100
YBWM,CTAF,CTAF,122.100
YBWM,MISC,MISC,114.200
YBWM,MISC,MISC,119.600
YBWM,MISC,MISC,122.600
YBWN,CTAF,CTAF,126.700
YBWN,MISC,MISC,120.200
YBWN,MISC,MISC,135.500
YBWP,CTAF,CTAF,126.700
YBWP,RDO,BRISBANE CNTR,122.100
YBWR,CTAF,CTAF,120.150
YBWR,MISC,MISC,120.600
YBWR,MISC,MISC,122.100
YBWT,CTAF,CTAF,125.700
YBWT,MISC,MISC,120.200
YBWT,MISC,MISC,135.500
YBWX,CTAF,CTAF,120.100
YBWX,FSS,MELBOURNE CNTR,122.400
YBXH,CTAF,CTAF,125.800
YBXH,MISC,MISC,120.200
YBXH,MISC,MISC,135.500
YBYA,CTAF,CTAF,122.600
YBYA,MISC,MISC,119.600
YBYA,MISC,MISC,123.900
YBYD,CTAF,CTAF,123.400
YBYD,MISC,MISC,132.100
YBYI,CTAF,CTAF,125.550
YBYI,MISC,MISC,114.200
YBYI,MISC,MISC,119.600
YBYI,MISC,MISC,122.600
YBYR,CTAF,CTAF,120.000
YBYR,MISC,MISC,115.800
YBYR,MISC,MISC,119.600
YBYR,MISC,MISC,122.600
YBYS,CTAF,CTAF,122.100
YBYS,MISC,MISC,132.100
YBYW,CTAF,CTAF,124.800
YBYW,MISC,MISC,120.600
YCAB,CTAF,CTAF,125.850
YCAB,MISC,BRISBANE CNTR,125.700
YCAC,CTAF,CTAF,118.100
YCAC,MISC,MISC,113.000
YCAC,MISC,MISC,119.600
YCAC,MISC,MISC,122.100
YCAE,CTAF,CTAF,126.500
YCAE,MISC,MISC,120.600
YCAE,MISC,MISC,124.550
YCAG,CTAF,CTAF,134.200
YCAG,MISC,MISC,112.500
YCAH,CTAF,CTAF,126.700
YCAH,MISC,MISC,121.200
YCAH,MISC,MISC,123.900
YCAI,CTAF,CTAF,122.100
YCAI,MISC,MISC,120.700
YCAJ,CTAF,CTAF,126.700
YCAJ,MISC,MISC,120.000
YCAJ,MISC,MISC,125.100
YCAL,CTAF,CTAF,126.800
YCAL,MISC,MISC,120.300
YCAL,MISC,MISC,122.300
YCAM,CTAF,CTAF,120.000
YCAM,MISC,MISC,116.700
YCAM,MISC,MISC,125.900
YCAN,CTAF,CTAF,124.100
YCAN,MISC,MISC,120.700
YCAR,CTAF,CTAF,126.700
YCAR,FSS,MELBOURNE CNTR,122.100
YCAS,CTAF,CTAF,124.200
YCAS,FSS,BRISBANE CNTR,120.300
YCBA,CTAF,CTAF,126.700
YCBA,FSS,MELBOURNE CNTR,124.900
YCBB,CTAF,CTAF,126.700
YCBB,FSS,BRISBANE CNTR,127.100
YCBG,ATIS,ATIS,128.450
YCBG,CTAF,CTAF,118.100
YCBG,FSS,MELBOURNE CNTR,125.550
YCBG,TWR,TWR,118.100
YCBN,CTAF,CTAF,126.500
YCBN,MISC,MISC,116.700
YCBN,MISC,MISC,125.900
YCBP,CTAF,CTAF,126.700
YCBP,FSS,MELBOURNE CNTR,120.700
YCBR,CTAF,CTAF,120.500
YCBR,MISC,MISC,123.000
YCBR,MISC,MISC,125.800
YCBR,MISC,MISC,127.100
YCBY,CTAF,CTAF,121.200
YCBY,MISC,MISC,119.500
YCCA,CTAF,CTAF,126.700
YCCA,FSS,BRISBANE CNTR,123.900
YCCF,CTAF,CTAF,124.100
YCCF,MISC,MISC,120.700
YCCK,CTAF,CTAF,124.100
YCCK,MISC,MISC,120.700
YCCT,CTAF,CTAF,126.700
YCCT,MISC,MISC,122.200
YCCT,MISC,MISC,125.800
YCCY,CTAF,CTAF,126.700
YCCY,FSS,BRISBANE CNTR,122.400
YCDB,CTAF,CTAF,122.100
YCDB,MISC,MISC,124.100
YCDE,CTAF,CTAF,126.700
YCDE,MISC,MISC,122.200
YCDE,MISC,MISC,125.800
YCDH,CTAF,CTAF,126.700
YCDH,MISC,MISC,120.700
YCDL,CTAF,CTAF,124.100
YCDL,MISC,MISC,119.500
YCDO,CTAF,CTAF,126.700
YCDO,FSS,MELBOURNE CNTR,126.000
YCDR,CTAF,CTAF,125.850
YCDR,MISC,MISC,119.600
YCDR,MISC,BRISBANE CNTR,125.700
YCDS,CTAF,CTAF,124.100
YCDS,MISC,MISC,119.400
YCDS,MISC,MISC,125.300
YCDT,CTAF,CTAF,122.400
YCDT,MISC,MISC,116.700
YCDT,MISC,MISC,125.900
YCDU,CTAF,CTAF,126.700
YCDU,FSS,MELBOURNE CNTR,122.100
YCDV,CTAF,CTAF,124.800
YCDV,MISC,MISC,125.000
YCEE,CTAF,CTAF/UNICOM,126.700
YCEE,FSS,MELBOURNE CNTR,125.900
YCEM,CTAF,CTAF,125.800
YCES,CTAF,CTAF,119.600
YCES,MISC,MISC,120.300
YCES,MISC,MISC,122.300
YCES,MISC,MISC,125.700
YCFD,CTAF,CTAF,134.200
YCFD,MISC,MISC,120.700
YCFH,CTAF,CTAF,126.700
YCFH,MISC,MISC,122.800
YCFH,MISC,MISC,125.900
YCFL,CTAF,CTAF,118.200
YCFL,MISC,MISC,116.700
YCFL,MISC,MISC,125.900
YCFN,CTAF,CTAF,121.200
YCFN,Multicom,Multicom,126.700
YCFS,ATIS,ATIS,117.000
YCFS,CTAF,CTAF,118.200
YCFS,FSS,BRISBANE CNTR,122.600
YCFS,TWR,TWR,118.200
YCGI,CTAF,CTAF,130.900
YCGI,MISC,MISC,113.000
YCGI,MISC,MISC,119.600
YCGI,MISC,MISC,122.100
YCGO,CTAF,CTAF,126.700
YCGO,FSS,BRISBANE CNTR,120.150
YCHB,CTAF,CTAF,121.200
YCHB,MISC,MISC,119.400
YCHB,MISC,MISC,125.300
YCHL,CTAF,CTAF,125.800
YCHL,MISC,MISC,114.300
YCHL,MISC,MISC,119.600
YCHL,MISC,MISC,124.800
YCHR,CTAF,CTAF,122.400
YCHR,MISC,MISC,122.100
YCHR,MISC,MISC,122.400
YCHT,CTAF,CTAF,126.700
YCHT,FSS,BRISBANE CNTR,120.550
YCIN,APP,APP,26.140
YCIN,ATIS,ATIS,31.630
YCIN,CTAF,CTAF,126.700
YCIN,FSS,BRISBANE CNTR,122.100
YCIN,GND,GND,26.460
YCIN,TWR,TWR,118.300
YCJU,CTAF,CTAF,119.800
YCJU,MISC,MISC,120.600
YCJU,MISC,MISC,123.900
YCKA,CTAF,CTAF,121.200
YCKA,MISC,MISC,120.700
YCKA,MISC,MISC,126.700
YCKD,CTAF,CTAF,126.700
YCKD,MISC,MISC,121.300
YCKD,MISC,MISC,123.900
YCKI,CTAF,CTAF,126.700
YCKI,MISC,MISC,118.150
YCKN,CTAF,CTAF,126.700
YCKN,FSS,BRISBANE CNTR,134.650
YCLE,CTAF,CTAF,112.500
YCLE,MISC,MISC,120.700
YCLE,MISC,MISC,134.200
YCLG,CTAF,CTAF,126.700
YCLM,CTAF,CTAF,112.200
YCLM,MISC,MISC,123.000
YCLM,MISC,MISC,125.800
YCLM,MISC,MISC,135.500
YCLQ,CTAF,CTAF,122.100
YCLQ,MISC,MISC,120.700
YCLT,CTAF,CTAF,124.100
YCLT,MISC,MISC,123.000
YCLT,MISC,MISC,125.800
YCLY,CTAF,CTAF,126.000
YCLY,MISC,MISC,123.000
YCLY,MISC,MISC,125.800
YCMH,CTAF,CTAF,120.600
YCMH,MISC,MISC,124.550
YCMK,CTAF,CTAF,119.800
YCMK,MISC,MISC,120.600
YCMK,MISC,MISC,124.550
YCMM,CTAF,CTAF,125.900
YCMM,MISC,MISC,122.600
YCMT,CTAF,CTAF,126.700
YCMT,FSS,BRISBANE CNTR,122.300
YCMU,CTAF,CTAF,126.700
YCMU,FSS,BRISBANE CNTR,124.800
YCMW,CTAF,CTAF,119.800
YCMW,MISC,MISC,120.600
YCMW,MISC,MISC,124.550
YCNF,CTAF,CTAF,134.200
YCNF,MISC,MISC,120.700
YCNG,CTAF,CTAF,118.600
YCNG,MISC,MISC,124.100
YCNH,CTAF,CTAF,124.800
YCNH,MISC,MISC,120.700
YCNK,CTAF,CTAF,122.650
YCNK,FSS,BRISBANE CNTR,125.700
YCNK,PAL,,119.600
YCNM,CTAF,CTAF,126.700
YCNM,FSS,BRISBANE CNTR,127.100
YCNN,CTAF,CTAF,122.100
YCNN,MISC,MISC,124.100
YCNO,CTAF,CTAF,112.200
YCNO,MISC,MISC,123.000
YCNO,MISC,MISC,125.800
YCNO,MISC,MISC,135.500
YCNQ,CTAF,CTAF,122.100
YCNQ,MISC,MISC,124.100
YCNR,CTAF,CTAF,124.000
YCNR,MISC,MISC,116.700
YCNR,MISC,MISC,125.900
YCNS,CTAF,CTAF,122.300
YCNS,MISC,MISC,114.100
YCNS,MISC,MISC,118.100
YCNS,MISC,MISC,119.600
YCNS,MISC,MISC,120.000
YCNX,CTAF,CTAF,127.100
YCNX,MISC,MISC,125.700
YCNY,CTAF,CTAF,126.700
YCNY,FSS,BRISBANE CNTR,125.700
YCOD,CTAF,CTAF,125.900
YCOD,MISC,MISC,124.100
YCOE,CTAF,CTAF,126.700
YCOE,FSS,BRISBANE CNTR,118.200
YCOF,CTAF,CTAF,125.900
YCOF,MISC,MISC,114.100
YCOF,MISC,MISC,118.100
YCOF,MISC,MISC,119.600
YCOG,CTAF,CTAF,118.600
YCOG,MISC,MISC,124.100
YCOH,CTAF,CTAF,126.700
YCOH,MISC,MISC,117.000
YCOH,MISC,MISC,122.600
YCOH,MISC,MISC,125.100
YCOI,CTAF,CTAF,126.700
YCOI,MISC,MISC,114.100
YCOI,MISC,MISC,118.100
YCOI,MISC,MISC,119.600
YCOI,MISC,MISC,120.000
YCOL,CTAF,CTAF,125.800
YCOL,MISC,MISC,123.000
YCOL,MISC,MISC,125.800
YCOM,CTAF,CTAF,118.100
YCOM,FSS,MELBOURNE CNTR,119.400
YCOO,CTAF,CTAF,126.700
YCOO,MISC,MISC,124.100
YCOR,CTAF,CTAF,126.700
YCOR,FSS,MELBOURNE CNTR,125.200
YCOS,CTAF,CTAF,125.400
YCOS,MISC,MISC,124.100
YCOY,CTAF,CTAF,125.900
YCOY,MISC,MISC,124.100
YCPD,CTAF,CTAF,124.100
YCPD,MISC,MISC,120.700
YCPG,CTAF,CTAF,123.400
YCPG,MISC,MISC,124.100
YCPH,CTAF,CTAF,120.700
YCPH,MISC,MISC,124.100
YCPN,CTAF,CTAF,119.800
YCPN,MISC,MISC,127.100
YCRA,CTAF,CTAF,126.700
YCRA,MISC,MISC,127.100
YCRG,CTAF,CTAF,126.700
YCRG,FSS,MELBOURNE CNTR,125.200
YCRK,CTAF,CTAF,122.400
YCRK,MISC,MISC,122.100
YCRK,MISC,MISC,122.400
YCRL,CTAF,CTAF,124.100
YCRL,MISC,MISC,119.500
YCRN,CTAF,CTAF,126.700
YCRN,MISC,MISC,120.600
YCRN,MISC,MISC,125.900
YCRT,CTAF,CTAF,123.900
YCRT,MISC,MISC,113.000
YCRT,MISC,MISC,119.600
YCRT,MISC,MISC,122.100
YCRY,CTAF,CTAF,119.600
YCRY,MISC,MISC,118.600
YCRY,MISC,MISC,119.500
YCSL,CTAF,CTAF,122.300
YCSL,MISC,MISC,120.600
YCSL,MISC,MISC,123.900
YCSP,CTAF,CTAF,126.700
YCSP,MISC,MISC,114.300
YCSP,MISC,MISC,122.100
YCSV,CTAF,CTAF,112.200
YCSV,MISC,MISC,123.000
YCSV,MISC,MISC,125.800
YCSV,MISC,MISC,135.500
YCTC,CTAF,CTAF,125.400
YCTC,MISC,MISC,124.100
YCTH,CTAF,CTAF,120.000
YCTH,MISC,MISC,119.400
YCTH,MISC,MISC,125.300
YCTI,CTAF,CTAF,122.100
YCTI,MISC,MISC,122.800
YCTI,MISC,MISC,125.900
YCTM,CTAF,CTAF,126.700
YCTM,FSS,MELBOURNE CNTR,124.100
YCTN,CTAF,CTAF,125.800
YCTN,MISC,MISC,120.300
YCTN,MISC,MISC,122.300
YCTS,CTAF,CTAF,122.400
YCTS,MISC,MISC,119.600
YCTS,MISC,MISC,125.000
YCUA,CTAF,CTAF,119.500
YCUD,CTAF,CTAF,119.500
YCUE,CTAF,CTAF,126.700
YCUE,MISC,MISC,122.600
YCUN,CTAF,CTAF,126.700
YCUN,FSS,MELBOURNE CNTR,120.300
YCUR,CTAF,CTAF,118.800
YCUR,MISC,MISC,125.000
YCUS,CTAF,CTAF,126.700
YCUS,FSS,MELBOURNE CNTR,125.900
YCUT,CTAF,CTAF,122.600
YCUT,MISC,MISC,115.500
YCUT,MISC,MISC,119.600
YCUT,MISC,MISC,124.800
YCVA,CTAF,,126.700
YCVS,CTAF,CTAF,122.429
YCVS,MISC,MISC,122.100
YCVS,MISC,MISC,122.400
YCWE,CTAF,CTAF,125.000
YCWE,MISC,MISC,120.700
YCWH,CTAF,CTAF,122.300
YCWH,MISC,MISC,114.100
YCWH,MISC,MISC,118.100
YCWH,MISC,MISC,119.600
YCWH,MISC,MISC,120.000
YCWI,CTAF,CTAF,119.500
YCWI,MISC,MISC,124.100
YCWL,CTAF,CTAF,126.700
YCWL,MISC,MISC,120.600
YCWL,MISC,MISC,125.900
YCWN,CTAF,CTAF,118.800
YCWN,MISC,MISC,119.600
YCWN,MISC,MISC,125.200
YCWO,CTAF,CTAF,125.800
YCWO,MISC,MISC,119.400
YCWO,MISC,MISC,125.300
YCWR,CTAF,CTAF,126.700
YCWR,FSS,MELBOURNE CNTR,135.250
YCWY,CTAF,CTAF,125.700
YCWY,MISC,MISC,124.100
YCXA,CTAF,CTAF,124.600
YCXA,MISC,MISC,112.300
YCXA,MISC,MISC,119.500
YCXA,MISC,MISC,120.600
YCYT,CTAF,CTAF,120.150
YCYT,MISC,MISC,119.500
YDAG,CTAF,CTAF,120.000
YDAG,MISC,MISC,115.500
YDAG,MISC,MISC,119.600
YDAG,MISC,MISC,124.800
YDAJ,CTAF,CTAF,126.700
YDAJ,MISC,MISC,122.400
YDAL,CTAF,CTAF,126.000
YDAL,MISC,MISC,120.600
YDAL,MISC,MISC,121.200
YDAR,CTAF,CTAF,126.000
YDAR,MISC,MISC,120.600
YDAR,MISC,MISC,121.200
YDAY,CTAF,CTAF,126.700
YDAY,FSS,BRISBANE CNTR,121.200
YDBI,CTAF,CTAF,126.700
YDBI,FSS,BRISBANE CNTR,118.950
YDBR,CTAF,CTAF,118.200
YDBR,MISC,MISC,114.400
YDBR,MISC,MISC,121.300
YDBR,MISC,MISC,123.900
YDBY,CTAF,CTAF,126.700
YDBY,FSS,BRISBANE CNTR,122.100
YDDF,CTAF,CTAF,118.200
YDDF,MISC,MISC,118.600
YDEG,CTAF,CTAF,118.800
YDEG,MISC,MISC,120.600
YDEG,MISC,MISC,121.200
YDEK,CTAF,CTAF,127.850
YDER,CTAF,CTAF,125.800
YDER,MISC,MISC,118.600
YDEV,CTAF,CTAF,122.400
YDEV,MISC,MISC,118.600
YDGI,CTAF,CTAF,121.200
YDGI,MISC,MISC,132.900
YDGN,CTAF,CTAF,132.900
YDGN,MISC,MISC,122.100
YDGN,MISC,MISC,125.300
YDGR,CTAF,CTAF,124.800
YDGR,MISC,MISC,114.300
YDGR,MISC,MISC,122.100
YDGT,CTAF,CTAF,122.600
YDGT,MISC,MISC,114.300
YDGT,MISC,MISC,122.100
YDGY,CTAF,CTAF,112.600
YDGY,MISC,MISC,114.300
YDGY,MISC,MISC,118.150
YDGY,MISC,MISC,122.100
YDHL,CTAF,CTAF,125.000
YDHL,MISC,MISC,122.100
YDHL,MISC,MISC,125.300
YDIM,CTAF,CTAF,120.150
YDIM,MISC,MISC,116.300
YDIM,MISC,MISC,120.700
YDIM,MISC,MISC,122.300
YDIX,CTAF,CTAF,118.200
YDIX,MISC,MISC,116.300
YDIX,MISC,MISC,120.700
YDIX,MISC,MISC,122.300
YDKI,CTAF,CTAF,124.600
YDKI,MISC,MISC,114.400
YDKI,MISC,MISC,121.300
YDKI,MISC,MISC,123.900
YDLD,CTAF,CTAF,118.150
YDLD,MISC,MISC,114.300
YDLD,MISC,MISC,122.100
YDLH,CTAF,CTAF,120.700
YDLH,MISC,MISC,114.300
YDLH,MISC,MISC,122.100
YDLK,CTAF,CTAF,121.200
YDLK,MISC,MISC,132.900
YDLL,CTAF,CTAF,124.600
YDLL,MISC,MISC,114.400
YDLL,MISC,MISC,121.300
YDLL,MISC,MISC,123.900
YDLO,CTAF,CTAF,118.400
YDLO,MISC,MISC,114.300
YDLO,MISC,MISC,122.100
YDLQ,CTAF,CTAF,119.000
YDLQ,FSS,MELBOURNE CNTR,118.600
YDLT,CTAF,CTAF,126.500
YDLT,MISC,MISC,120.600
YDLT,MISC,MISC,121.200
YDLV,CTAF,CTAF,118.150
YDLV,MISC,MISC,114.300
YDLV,MISC,MISC,122.100
YDLW,CTAF,CTAF,118.100
YDLW,MISC,MISC,114.300
YDLW,MISC,MISC,122.100
YDME,CTAF,CTAF,119.800
YDME,MISC,MISC,124.800
YDMF,CTAF,CTAF,125.000
YDMF,MISC,MISC,122.100
YDMF,MISC,MISC,125.300
YDMG,CTAF,CTAF,126.700
YDMG,FSS,BRISBANE CNTR,125.700
YDMN,CTAF,CTAF,122.635
YDMN,MISC,MISC,114.300
YDMN,MISC,MISC,122.100
YDMR,CTAF,CTAF,122.600
YDMR,MISC,MISC,114.300
YDMR,MISC,MISC,122.100
YDNB,CTAF,CTAF,122.300
YDNB,MISC,MISC,125.700
YDNI,CTAF,CTAF,126.000
YDNI,MISC,MISC,120.600
YDNI,MISC,MISC,121.200
YDNV,CTAF,CTAF,118.800
YDNV,MISC,MISC,114.400
YDNV,MISC,MISC,121.300
YDNV,MISC,MISC,123.900
YDOC,CTAF,CTAF,118.200
YDOC,MISC,MISC,116.300
YDOC,MISC,MISC,120.700
YDOC,MISC,MISC,122.300
YDOD,CTAF,CTAF,126.700
YDOD,FSS,MELBOURNE CNTR,125.800
YDON,CTAF,CTAF,120.700
YDON,MISC,MISC,122.100
YDON,MISC,MISC,125.300
YDOO,CTAF,CTAF,118.600
YDOO,MISC,MISC,116.300
YDOO,MISC,MISC,120.700
YDOO,MISC,MISC,122.300
YDOP,CTAF,CTAF,119.400
YDOP,MISC,MISC,116.300
YDOP,MISC,MISC,120.700
YDOP,MISC,MISC,122.300
YDOR,CTAF,CTAF,126.700
YDOR,MISC,MISC,118.600
YDPD,CTAF,CTAF,126.000
YDPD,MISC,MISC,120.600
YDPD,MISC,MISC,121.200
YDPO,CTAF,CTAF,126.900
YDPO,FSS,MELBOURNE CNTR,120.700
YDPR,CTAF,CTAF,125.000
YDPR,MISC,MISC,122.100
YDPR,MISC,MISC,125.300
YDPS,CTAF,CTAF,118.400
YDPS,MISC,MISC,114.300
YDPS,MISC,MISC,122.100
YDPT,CTAF,CTAF,134.200
YDPT,MISC,MISC,114.300
YDPT,MISC,MISC,122.100
YDPW,CTAF,CTAF,120.700
YDPW,MISC,MISC,114.300
YDPW,MISC,MISC,122.100
YDRA,CTAF,CTAF,121.233
YDRA,MISC,MISC,122.100
YDRA,MISC,MISC,125.300
YDRC,CTAF,CTAF,122.600
YDRC,MISC,MISC,114.300
YDRC,MISC,MISC,122.100
YDRD,CTAF,CTAF,128.000
YDRD,MISC,MISC,132.900
YDRH,CTAF,CTAF,125.700
YDRH,MISC,MISC,114.400
YDRH,MISC,MISC,121.300
YDRH,MISC,MISC,123.900
YDRI,CTAF,CTAF,125.700
YDRI,MISC,MISC,114.400
YDRI,MISC,MISC,121.300
YDRI,MISC,MISC,123.900
YDRL,CTAF,CTAF,120.700
YDRL,MISC,MISC,114.300
YDRL,MISC,MISC,122.100
YDUN,CTAF,CTAF,125.700
YDUN,MISC,MISC,114.400
YDUN,MISC,MISC,121.300
YDUN,MISC,MISC,123.900
YDVE,CTAF,CTAF,120.735
YDVE,MISC,MISC,114.300
YDVE,MISC,MISC,122.100
YDVR,CTAF,CTAF,125.000
YDVR,MISC,MISC,122.100
YDVR,MISC,MISC,125.300
YDWF,CTAF,CTAF,120.700
YDWF,MISC,MISC,114.300
YDWF,MISC,MISC,122.100
YDWU,CTAF,CTAF,125.300
YDYD,CTAF,CTAF,126.700
YDYD,MISC,MISC,122.100
YDYD,MISC,MISC,125.300
YDYS,CTAF,CTAF,126.700
YDYS,FSS,BRISBANE CNTR,128.550
YEAB,CTAF,CTAF,126.000
YEAB,MISC,MISC,125.700
YEAT,CTAF,CTAF,122.400
YEAT,MISC,MISC,125.200
YECH,CTAF,CTAF,119.100
YECH,FSS,MELBOURNE CNTR,126.800
YECL,CTAF,CTAF,134.200
YECL,MISC,MISC,114.200
YECL,MISC,MISC,119.800
YECL,MISC,MISC,121.300
YEDA,CTAF,CTAF,126.700
YEDA,MISC,MISC,114.200
YEDA,MISC,MISC,119.800
YEDA,MISC,MISC,121.300
YEDE,CTAF,CTAF,125.800
YEDE,MISC,MISC,122.800
YEDE,MISC,MISC,126.800
YEDM,CTAF,CTAF,125.700
YEDM,MISC,MISC,128.600
YEEB,CTAF,CTAF,127.100
YEEB,MISC,MISC,118.150
YEES,CTAF,CTAF,124.800
YEES,MISC,MISC,122.800
YEES,MISC,MISC,126.800
YEGA,CTAF,CTAF,120.700
YEGA,MISC,MISC,120.600
YEGA,MISC,MISC,122.300
YEIN,CTAF,CTAF,119.800
YEIN,MISC,MISC,122.800
YEIN,MISC,MISC,126.800
YELD,CTAF,CTAF,127.150
YELD,FSS,BRISBANE CNTR,123.400
YELE,CTAF,CTAF,122.600
YELE,MISC,MISC,132.100
YELK,CTAF,CTAF,120.000
YELK,MISC,MISC,123.400
YELK,MISC,MISC,128.600
YELL,CTAF,CTAF,118.100
YELL,MISC,MISC,128.600
YELM,CTAF,CTAF,126.800
YELM,MISC,MISC,122.800
YELM,MISC,MISC,126.800
YELN,CTAF,CTAF,118.100
YELN,MISC,MISC,128.600
YELS,CTAF,CTAF,125.200
YELS,MISC,MISC,114.400
YELS,MISC,MISC,121.300
YELS,MISC,MISC,123.900
YEMG,CTAF,CTAF,118.800
YEMG,MISC,MISC,120.600
YEMG,MISC,MISC,122.300
YEMJ,CTAF,CTAF,127.100
YEMJ,MISC,MISC,118.150
YEML,CTAF,CTAF,126.700
YEML,FSS,BRISBANE CNTR,122.300
YEMP,CTAF,CTAF,132.200
YEMP,MISC,MISC,120.600
YEMP,MISC,MISC,122.300
YENO,CTAF,CTAF,125.700
YENO,MISC,MISC,120.600
YENO,MISC,MISC,122.300
YEPL,CTAF,CTAF,119.500
YEPL,MISC,MISC,120.600
YEPL,MISC,MISC,122.300
YEPR,CTAF,CTAF,127.100
YEPR,MISC,MISC,118.150
YEQO,CTAF,CTAF,122.400
YEQO,MISC,MISC,128.600
YERA,CTAF,CTAF,122.600
YERA,MISC,MISC,118.150
YERH,CTAF,CTAF,122.600
YERH,MISC,MISC,132.900
YERL,CTAF,CTAF,127.100
YERL,MISC,MISC,118.150
YERN,CTAF,CTAF,127.100
YERN,MISC,MISC,118.150
YERO,CTAF,CTAF,122.600
YERO,MISC,MISC,118.150
YERU,CTAF,CTAF,122.600
YERU,MISC,MISC,118.150
YESC,CTAF,CTAF,126.700
YESC,MISC,MISC,125.700
YESP,CTAF,CTAF,126.700
YESP,FSS,MELBOURNE CNTR,133.200
YEUD,CTAF,CTAF,122.100
YEUD,MISC,MISC,114.200
YEUD,MISC,MISC,119.800
YEUD,MISC,MISC,121.300
YEUO,CTAF,CTAF,124.800
YEUO,MISC,MISC,125.700
YEVD,CTAF,CTAF,124.200
YEVD,FSS,BRISBANE CNTR,120.300
YEVP,CTAF,CTAF,120.700
YEVP,MISC,MISC,114.200
YEVP,MISC,MISC,119.800
YEVP,MISC,MISC,121.300
YEXM,CTAF,CTAF,125.900
YEXM,MISC,MISC,114.200
YEXM,MISC,MISC,119.800
YEXM,MISC,MISC,121.300
YEYD,CTAF,CTAF,118.100
YEYD,MISC,MISC,114.200
YEYD,MISC,MISC,119.800
YEYD,MISC,MISC,121.300
YFBS,CTAF,CTAF,126.700
YFBS,FSS,MELBOURNE CNTR,135.250
YFCK,CTAF,CTAF,125.900
YFCK,MISC,MISC,125.700
YFCU,CTAF,CTAF,125.400
YFCU,MISC,MISC,119.600
YFCU,MISC,MISC,134.200
YFFT,CTAF,CTAF,122.400
YFFT,MISC,MISC,114.200
YFFT,MISC,MISC,119.800
YFFT,MISC,MISC,121.300
YFIL,CTAF,CTAF,118.600
YFIL,MISC,MISC,125.700
YFLI,CTAF,CTAF,124.229
YFLI,MISC,MISC,119.600
YFLI,MISC,MISC,126.500
YFLO,CTAF,CTAF,125.900
YFLO,MISC,MISC,124.800
YFLS,CTAF,CTAF,125.900
YFLS,MISC,MISC,124.800
YFOR,CTAF,CTAF,122.600
YFOR,MISC,MISC,119.600
YFOR,MISC,MISC,134.200
YFRD,CTAF,CTAF,122.600
YFRD,MISC,MISC,119.600
YFRD,MISC,MISC,134.200
YFRG,CTAF,CTAF,123.900
YFRG,MISC,MISC,119.600
YFRG,MISC,MISC,134.200
YFRK,CTAF,CTAF,123.900
YFRK,MISC,MISC,119.600
YFRK,MISC,MISC,134.200
YFRT,FSS,MELBOURNE CNTR,132.700
YFRT,UNIC,CTAF/UNICOM,126.700
YFSA,CTAF,CTAF,118.600
YFSA,MISC,MISC,119.600
YFSA,MISC,MISC,126.500
YFSK,CTAF,CTAF,124.950
YFSK,MISC,MISC,125.700
YFTN,CTAF,CTAF,119.500
YFTN,MISC,MISC,124.800
YFTZ,CTAF,CTAF,126.700
YFTZ,FSS,BRISBANE CNTR,124.800
YFVW,CTAF,CTAF,125.700
YFWY,CTAF,CTAF,132.900
YFWY,MISC,MISC,114.200
YFWY,MISC,MISC,119.800
YFWY,MISC,MISC,121.300
YGAH,CTAF,CTAF,120.700
YGAH,MISC,MISC,122.400
YGAH,MISC,MISC,122.600
YGAM,CTAF,CTAF,120.150
YGAM,MISC,MISC,119.600
YGAM,MISC,MISC,126.500
YGAN,CTAF,CTAF,123.400
YGAN,MISC,MISC,119.600
YGAN,MISC,MISC,134.200
YGAR,CTAF,CTAF,122.100
YGAR,MISC,MISC,120.700
YGAW,AD CEN,Adelaide Centre,130.450
YGAW,CTAF,Gawler Traffic,126.550
YGAW,ED TWR,If flying east into EDX Control Zone when not active ensure you,118.300
YGAW,MULTICOM,If flying west into the barossa monitor 126.7,126.700
YGAY,CTAF,CTAF,126.700
YGAY,FSS,BRISBANE CNTR,124.100
YGBI,CTAF,CTAF,126.700
YGBI,MISC,MISC,124.100
YGBW,CTAF,CTAF,118.600
YGBW,MISC,MISC,126.800
YGCR,CTAF,CTAF,125.400
YGDA,CTAF,CTAF,126.700
YGDA,FSS,BRISBANE CNTR,124.800
YGDH,CTAF,CTAF,127.400
YGDH,FSS,BRISBANE CNTR,127.100
YGDI,CTAF,CTAF,126.700
YGDI,FSS,BRISBANE CNTR,123.900
YGDN,CTAF,CTAF,120.700
YGDN,MISC,MISC,124.300
YGDR,CTAF,CTAF,119.800
YGDR,MISC,MISC,112.900
YGDR,MISC,MISC,120.600
YGDR,MISC,MISC,122.100
YGDS,CTAF,CTAF,119.800
YGDS,MISC,MISC,122.400
YGDS,MISC,MISC,122.600
YGDV,CTAF,CTAF,120.000
YGDV,MISC,MISC,118.600
YGDW,CTAF,CTAF,127.800
YGDW,MISC,MISC,114.100
YGDW,MISC,MISC,119.600
YGDW,MISC,MISC,125.000
YGEL,CTAF,CTAF,126.700
YGEL,FSS,MELBOURNE CNTR,121.200
YGFN,CTAF,CTAF,126.700
YGFN,FSS,BRISBANE CNTR,122.600
YGGE,CTAF,CTAF,124.800
YGGE,MISC,MISC,120.700
YGGI,CTAF,CTAF,124.800
YGGI,MISC,MISC,125.400
YGGL,CTAF,CTAF,118.200
YGGL,MISC,MISC,116.300
YGGL,MISC,MISC,120.700
YGGL,MISC,MISC,122.400
YGGO,CTAF,CTAF,124.800
YGGO,MISC,MISC,122.400
YGGO,MISC,MISC,123.900
YGGS,CTAF,CTAF,119.800
YGGS,MISC,MISC,122.400
YGGS,MISC,MISC,122.600
YGHG,CTAF,CTAF,119.800
YGHG,MISC,MISC,116.300
YGHG,MISC,MISC,120.700
YGHG,MISC,MISC,122.400
YGIB,CTAF,CTAF,128.000
YGIB,MISC,MISC,132.900
YGID,CTAF,CTAF,128.000
YGID,MISC,MISC,132.900
YGIF,CTAF,CTAF,125.700
YGIF,MISC,MISC,132.900
YGIG,APP,PEARCE APP,130.200
YGIG,CTAF,CTAF,118.500
YGIG,FSS,PERTH RADAR,135.250
YGIG,GND,GND,26.700
YGIG,TWR,TWR,118.500
YGIL,CTAF,CTAF,120.600
YGIL,MISC,MISC,118.600
YGIL,MISC,MISC,127.100
YGIR,CTAF,CTAF,125.900
YGIR,MISC,MISC,120.700
YGKL,CTAF,CTAF,120.700
YGKL,MISC,MISC,122.400
YGKL,MISC,MISC,122.600
YGLA,CTAF,CTAF,118.800
YGLA,FSS,BRISBANE CNTR,119.550
YGLB,CTAF,CTAF,127.150
YGLB,FSS,MELBOURNE CNTR,121.200
YGLD,CTAF,CTAF,122.600
YGLD,MISC,MISC,120.700
YGLE,CTAF,CTAF,126.700
YGLE,MISC,MISC,125.400
YGLI,CTAF,CTAF,126.700
YGLI,FSS,BRISBANE CNTR,134.200
YGLN,CTAF,CTAF,123.900
YGLN,MISC,MISC,120.700
YGLO,CTAF,CTAF,122.400
YGLO,MISC,MISC,125.400
YGLP,CTAF,CTAF,122.400
YGLP,MISC,MISC,119.600
YGLP,MISC,MISC,134.200
YGLS,CTAF,CTAF,120.500
YGLS,MISC,MISC,121.850
YGLS,MISC,MISC,132.900
YGLY,CTAF,CTAF,122.600
YGLY,MISC,MISC,120.700
YGMD,CTAF,CTAF,123.400
YGMD,MISC,MISC,124.300
YGMP,CTAF,CTAF,125.800
YGMP,MISC,MISC,122.400
YGMP,MISC,MISC,122.600
YGNA,CTAF,CTAF,122.400
YGNA,MISC,MISC,122.400
YGNA,MISC,MISC,122.600
YGNF,CTAF,CTAF,122.400
YGNF,MISC,MISC,122.600
YGNV,CTAF,CTAF,119.800
YGNV,MISC,MISC,122.400
YGNV,MISC,MISC,122.600
YGNW,CTAF,CTAF,125.400
YGNW,MISC,MISC,120.700
YGOM,CTAF,CTAF,120.700
YGOM,MISC,MISC,124.300
YGPI,CTAF,CTAF,123.400
YGPI,MISC,MISC,132.900
YGPR,CTAF,CTAF,122.400
YGPR,MISC,MISC,122.400
YGPR,MISC,MISC,127.100
YGPT,CTAF,CTAF,126.700
YGPT,FSS,BRISBANE CNTR,118.150
YGRU,CTAF,CTAF,120.150
YGRU,MISC,MISC,125.300
YGRU,MISC,MISC,134.200
YGSC,CTAF,CTAF,122.100
YGSC,MISC,MISC,119.600
YGSC,MISC,MISC,134.200
YGSD,CTAF,Pearce Tower,118.300
YGTE,CTAF,CTAF,126.000
YGTE,FSS,BRISBANE CNTR,122.200
YGTH,CTAF,CTAF,126.550
YGTH,FSS,MELBOURNE CNTR,126.000
YGTN,CTAF,CTAF,126.700
YGTN,FSS,BRISBANE CNTR,118.600
YGTO,CTAF,CTAF,126.700
YGTO,MISC,MISC,126.500
YGUL,CTAF,CTAF,124.800
YGUL,MISC,MISC,122.200
YGUL,MISC,MISC,125.100
YGUW,CTAF,CTAF,120.150
YGUW,MISC,MISC,126.800
YGVE,CTAF,CTAF,120.150
YGVE,MISC,MISC,125.300
YGVE,MISC,MISC,134.200
YGWA,CTAF,CTAF,126.700
YGWA,MISC,MISC,124.300
YGWD,CTAF,CTAF,118.800
YGWD,MISC,MISC,119.600
YGWD,MISC,MISC,126.500
YGYM,CTAF,CTAF,126.700
YGYM,FSS,BRISBANE CNTR,129.000
YHAA,CTAF,CTAF,126.700
YHAA,MISC,MISC,122.200
YHAA,MISC,MISC,125.100
YHAB,CTAF,CTAF,135.500
YHAB,MISC,MISC,122.800
YHAB,MISC,MISC,124.600
YHAE,CTAF,CTAF,126.700
YHAE,General,,124.100
YHAE,MISC,MISC,114.400
YHAE,MISC,MISC,135.500
YHAG,CTAF,CTAF,134.200
YHAG,MISC,MISC,122.200
YHAG,MISC,MISC,125.100
YHAW,CTAF,CTAF,123.900
YHAW,MISC,MISC,118.600
YHAW,MISC,MISC,125.300
YHAY,CTAF,CTAF,126.700
YHAY,FSS,MELBOURNE CNTR,118.600
YHBA,CTAF,CTAF,126.550
YHBA,FSS,BRISBANE CNTR,124.600
YHBK,CTAF,CTAF,126.700
YHBK,MISC,MISC,119.500
YHBR,CTAF,CTAF,134.200
YHBR,MISC,MISC,134.200
YHBY,CTAF,CTAF,123.900
YHBY,MISC,MISC,118.600
YHBY,MISC,MISC,125.300
YHDD,CTAF,CTAF,122.600
YHDD,MISC,MISC,118.600
YHDD,MISC,MISC,125.300
YHDY,CTAF,CTAF,122.400
YHDY,MISC,MISC,118.600
YHDY,MISC,MISC,119.600
YHEC,CTAF,CTAF,122.100
YHEC,MISC,MISC,118.600
YHEC,MISC,MISC,119.600
YHEG,CTAF,CTAF,125.700
YHEG,MISC,MISC,118.600
YHEG,MISC,MISC,119.600
YHGR,CTAF,CTAF,119.800
YHGR,MISC,MISC,134.200
YHGS,CTAF,CTAF,122.100
YHGS,MISC,MISC,134.200
YHHY,CTAF,CTAF,118.600
YHHY,MISC,MISC,122.800
YHHY,MISC,MISC,124.600
YHID,CTAF,CTAF,126.500
YHID,FSS,BRISBANE CNTR,120.300
YHIL,CTAF,CTAF,123.400
YHIL,MISC,MISC,118.600
YHIL,MISC,MISC,125.300
YHKT,CTAF,CTAF,119.800
YHKT,MISC,MISC,134.200
YHLC,CTAF,CTAF,126.700
YHLC,FSS,BRISBANE CNTR,118.200
YHLM,CTAF,CTAF,120.000
YHLM,MISC,MISC,118.600
YHLM,MISC,MISC,125.300
YHLS,CTAF,CTAF,126.700
YHLS,FSS,MELBOURNE CNTR,126.000
YHMB,CTAF,CTAF,123.900
YHMB,MISC,MISC,118.600
YHMB,MISC,MISC,125.300
YHML,CTAF,CTAF,124.200
YHML,FSS,MELBOURNE CNTR,125.800
YHMT,CTAF,CTAF,120.700
YHMT,MISC,MISC,118.600
YHMT,MISC,MISC,125.300
YHOA,CTAF,CTAF,122.600
YHOA,MISC,MISC,134.200
YHOO,CTAF,CTAF,126.700
YHOO,MISC,MISC,134.200
YHOT,CTAF,CTAF,126.750
YHOT,FSS,MELBOURNE CNTR,125.200
YHOV,CTAF,CTAF,122.600
YHOV,MISC,MISC,118.600
YHOV,MISC,MISC,125.300
YHOY,CTAF,CTAF,120.700
YHOY,MISC,MISC,119.500
YHPE,CTAF,CTAF,119.839
YHPE,MISC,MISC,134.200
YHPN,CTAF,CTAF,126.700
YHPN,FSS,MELBOURNE CNTR,125.800
YHRD,CTAF,CTAF,126.500
YHRD,MISC,MISC,112.400
YHRD,MISC,MISC,119.800
YHRD,MISC,MISC,120.600
YHRG,CTAF,CTAF,123.900
YHRG,MISC,MISC,122.400
YHRG,MISC,MISC,127.100
YHSB,CTAF,CTAF,119.800
YHSB,MISC,MISC,134.200
YHSL,CTAF,CTAF,122.600
YHSL,MISC,MISC,134.200
YHSM,FSS,MELBOURNE CNTR,125.800
YHSM,UNIC,CTAF/UNICOM,118.800
YHTA,CTAF,CTAF,122.100
YHTA,MISC,MISC,118.600
YHTA,MISC,MISC,125.300
YHTL,CTAF,CTAF,122.100
YHTL,MISC,MISC,118.600
YHTL,MISC,MISC,119.600
YHTN,CTAF,CTAF,120.150
YHTN,MISC,MISC,118.600
YHTN,MISC,MISC,119.600
YHTR,CTAF,CTAF,122.600
YHTR,MISC,MISC,112.400
YHTR,MISC,MISC,119.800
YHTR,MISC,MISC,120.600
YHTS,CTAF,CTAF,119.800
YHTS,MISC,MISC,118.600
YHTS,MISC,MISC,125.300
YHUG,CTAF,CTAF,126.700
YHUG,FSS,BRISBANE CNTR,119.800
YHVH,CTAF,CTAF,128.550
YHVH,MISC,MISC,114.400
YHVH,MISC,MISC,135.500
YIDK,CTAF,CTAF,119.800
YIDK,MISC,MISC,134.200
YIDR,CTAF,CTAF,119.800
YIDR,MISC,MISC,134.200
YIFL,CTAF,CTAF,126.700
YIFL,FSS,BRISBANE CNTR,124.600
YIFY,CTAF,CTAF,122.600
YIFY,MISC,MISC,112.400
YIFY,MISC,MISC,119.800
YIFY,MISC,MISC,120.600
YIGM,CTAF,CTAF,126.700
YIGM,FSS,BRISBANE CNTR,120.550
YIGR,CTAF,CTAF,120.700
YIGR,MISC,MISC,134.200
YIKL,CTAF,CTAF,126.900
YIKL,MISC,MISC,120.600
YIKL,MISC,MISC,121.850
YIKM,CTAF,CTAF,118.600
YIKM,MISC,MISC,128.850
YILA,CTAF,CTAF,119.100
YILT,CTAF,CTAF,121.200
YILT,MISC,MISC,113.700
YILT,MISC,MISC,119.600
YILT,MISC,MISC,122.100
YILW,CTAF,CTAF,123.900
YILW,MISC,MISC,128.850
YIMA,CTAF,CTAF,119.800
YIMA,MISC,MISC,134.200
YIMB,CTAF,CTAF,124.100
YIMB,MISC,MISC,117.300
YIMB,MISC,MISC,122.400
YIMB,MISC,MISC,123.900
YIMB,MISC,MISC,127.300
YIMP,CTAF,CTAF,119.800
YIMP,MISC,MISC,134.200
YING,CTAF,CTAF,122.300
YING,MISC,MISC,112.400
YING,MISC,MISC,119.800
YING,MISC,MISC,120.600
YINJ,CTAF,CTAF,126.000
YINJ,MISC,MISC,128.850
YINN,CTAF,CTAF,119.500
YINO,CTAF,CTAF,126.700
YINO,MISC,MISC,127.100
YINV,CTAF,CTAF,118.600
YINV,MISC,MISC,127.100
YISD,CTAF,CTAF,122.100
YISD,MISC,MISC,127.100
YISF,CTAF,CTAF,126.700
YISF,FSS,BRISBANE CNTR,122.100
YISV,CTAF,CTAF,119.500
YISV,MISC,MISC,134.200
YITT,CTAF,CTAF,125.227
YITT,MISC,MISC,113.700
YITT,MISC,MISC,119.600
YITT,MISC,MISC,122.100
YIVL,CTAF,CTAF,126.700
YIVL,FSS,BRISBANE CNTR,127.100
YIVO,CTAF,CTAF,126.700
YIVO,FSS,MELBOURNE CNTR,124.900
YJAB,CTAF,KAKADU AREA CTAF,126.700
YJAB,FSS,BRISBANE CNTR,124.100
YJAK,CTAF,CTAF,119.600
YJAK,MISC,MISC,118.800
YJAK,MISC,MISC,124.900
YJAK,MISC,MISC,125.300
YJAM,CTAF,CTAF,130.900
YJAM,MISC,MISC,124.100
YJBY,APP,NOWRA APP,123.500
YJBY,CNTR,NOWRA CNTR,132.300
YJBY,CTAF,CTAF,118.850
YJBY,FSS,MELBOURNE CNTR,121.200
YJCO,CTAF,CTAF,126.500
YJCO,MISC,MISC,124.900
YJCO,MISC,MISC,125.300
YJDA,CTAF,CTAF,122.100
YJDA,MISC,MISC,126.700
YJEM,CTAF,CTAF,124.900
YJER,CTAF,CTAF,118.600
YJER,MISC,MISC,124.900
YJER,MISC,MISC,125.300
YJEY,CTAF,CTAF,118.400
YJEY,MISC,MISC,122.400
YJEY,MISC,MISC,123.900
YJGP,CTAF,CTAF,120.600
YJGP,MISC,MISC,122.400
YJGP,MISC,MISC,123.900
YJGP,MISC,MISC,125.400
YJIG,CTAF,CTAF,120.600
YJIG,MISC,MISC,122.400
YJIG,MISC,MISC,123.900
YJIG,MISC,MISC,125.400
YJIN,CTAF,Jindabyne Traffic,126.700
YJIN,MISC,MISC,124.900
YJIN,MISC,MISC,125.300
YJLC,CTAF,CTAF,126.700
YJLC,FSS,BRISBANE CNTR,123.950
YJNK,CTAF,CTAF,120.600
YJNK,MISC,MISC,122.400
YJNK,MISC,MISC,123.900
YJNK,MISC,MISC,125.400
YJNY,CTAF,CTAF,120.150
YJNY,MISC,MISC,124.900
YJNY,MISC,MISC,125.300
YJRO,CTAF,CTAF,122.100
YJRO,MISC,MISC,124.900
YJRO,MISC,MISC,125.300
YJST,CTAF,CTAF,123.900
YJST,MISC,MISC,124.100
YJUK,CTAF,CTAF,121.850
YJUK,MISC,MISC,112.300
YJUK,MISC,MISC,120.600
YJUK,MISC,MISC,122.600
YJUN,CTAF,CTAF,126.700
YJUN,MISC,MISC,118.950
YJVM,CTAF,CTAF,120.600
YJVM,MISC,MISC,122.400
YJVM,MISC,MISC,123.900
YJVM,MISC,MISC,125.400
YJVS,CTAF,CTAF,120.600
YJVS,MISC,MISC,122.400
YJVS,MISC,MISC,123.900
YJVS,MISC,MISC,125.428
YJWB,CTAF,CTAF,121.200
YJWB,MISC,MISC,124.900
YJWB,MISC,MISC,125.300
YKAE,CTAF,CTAF,122.600
YKAJ,CTAF,CTAF,122.400
YKAJ,MISC,MISC,120.000
YKAJ,MISC,MISC,120.600
YKAL,CTAF,CTAF,132.900
YKAL,MISC,MISC,114.100
YKAL,MISC,MISC,120.600
YKAL,MISC,MISC,122.100
YKAN,CTAF,CTAF,134.200
YKAN,MISC,MISC,114.100
YKAN,MISC,MISC,120.600
YKAN,MISC,MISC,122.100
YKAP,CTAF,CTAF,128.600
YKAP,MISC,MISC,114.100
YKAP,MISC,MISC,120.600
YKAP,MISC,MISC,122.100
YKAT,CTAF,CTAF,126.700
YKAY,CTAF,CTAF,126.500
YKBG,CTAF,CTAF,123.400
YKBG,MISC,MISC,122.300
YKBG,MISC,MISC,123.050
YKBL,CTAF,CTAF,122.100
YKBL,MISC,MISC,114.100
YKBL,MISC,MISC,120.600
YKBL,MISC,MISC,122.100
YKBN,CTAF,CTAF,126.600
YKBN,MISC,MISC,130.400
YKBY,CTAF,CTAF,126.700
YKBY,FSS,MELBOURNE CNTR,122.100
YKCA,CTAF,CTAF,122.000
YKCA,MISC,MISC,117.300
YKCA,MISC,MISC,122.400
YKCA,MISC,MISC,127.300
YKCK,CTAF,CTAF,124.000
YKCK,MISC,MISC,123.400
YKCK,MISC,MISC,125.800
YKCS,CTAF,CTAF,121.850
YKCS,MISC,MISC,117.300
YKCS,MISC,MISC,122.400
YKCS,MISC,MISC,127.300
YKDI,CTAF,CTAF,120.500
YKDI,MISC,MISC,122.600
YKDI,MISC,MISC,123.900
YKDI,MISC,MISC,127.050
YKDL,CTAF,CTAF,122.100
YKDL,MISC,MISC,122.300
YKDL,MISC,MISC,123.050
YKDM,CTAF,CTAF,122.600
YKDM,MISC,MISC,117.300
YKDM,MISC,MISC,122.400
YKDM,MISC,MISC,127.300
YKDN,CTAF,CTAF,125.400
YKDN,MISC,MISC,122.300
YKDN,MISC,MISC,123.050
YKEL,CTAF,CTAF,126.500
YKEN,CTAF,CTAF,121.850
YKEN,MISC,MISC,117.300
YKEN,MISC,MISC,122.400
YKEN,MISC,MISC,127.300
YKER,CTAF,CTAF,126.700
YKER,FSS,MELBOURNE CNTR,125.800
YKGA,CTAF,CTAF,122.000
YKGA,MISC,MISC,117.300
YKGA,MISC,MISC,122.400
YKGA,MISC,MISC,127.300
YKHA,CTAF,CTAF,118.800
YKHA,MISC,MISC,123.400
YKHA,MISC,MISC,125.800
YKHG,CTAF,CTAF,122.600
YKHG,MISC,MISC,117.300
YKHG,MISC,MISC,122.400
YKHG,MISC,MISC,127.300
YKIA,CTAF,CTAF,121.850
YKIA,MISC,MISC,117.300
YKIA,MISC,MISC,122.400
YKIA,MISC,MISC,127.300
YKID,CTAF,CTAF,119.800
YKID,MISC,MISC,123.400
YKID,MISC,MISC,125.800
YKIG,CTAF,CTAF,121.800
YKIG,MISC,MISC,122.300
YKIG,MISC,MISC,123.050
YKII,CTAF,CTAF,126.850
YKII,FSS,MELBOURNE CNTR,123.900
YKIL,CTAF,CTAF,122.400
YKIL,MISC,MISC,117.300
YKIL,MISC,MISC,122.400
YKIL,MISC,MISC,127.300
YKIU,CTAF,CTAF,122.300
YKIU,MISC,MISC,120.000
YKIU,MISC,MISC,120.600
YKIU,UHF Ch 10,Kaiurro Aggregation Operational Frequency,476.650
YKKG,CTAF,CTAF,126.700
YKKG,FSS,BRISBANE CNTR,123.700
YKKH,CTAF,CTAF,124.100
YKKH,MISC,MISC,120.000
YKKH,MISC,MISC,122.300
YKKH,MISC,MISC,123.050
YKLA,CTAF,CTAF,118.200
YKLA,MISC,MISC,119.600
YKLA,MISC,MISC,121.200
YKLB,CTAF,CTAF,118.200
YKLB,MISC,MISC,119.600
YKLB,MISC,MISC,121.200
YKLG,CTAF,CTAF,118.200
YKLG,MISC,MISC,120.000
YKLG,MISC,MISC,120.600
YKLL,CTAF,CTAF,122.400
YKLL,MISC,MISC,120.000
YKLL,MISC,MISC,120.600
YKLN,CTAF,CTAF,118.200
YKLN,MISC,MISC,123.400
YKLN,MISC,MISC,125.800
YKLR,CTAF,CTAF,120.500
YKLR,MISC,MISC,122.600
YKLR,MISC,MISC,123.900
YKLR,MISC,MISC,127.050
YKMB,CTAF,CTAF,126.700
YKMB,MISC,MISC,118.600
YKML,CTAF,CTAF,118.200
YKML,MISC,MISC,120.000
YKML,MISC,MISC,120.600
YKMP,CTAF,CTAF,118.900
YKMP,FSS,BRISBANE CNTR,120.550
YKNG,CTAF,CTAF,125.400
YKNM,CTAF,CTAF,122.600
YKNM,MISC,MISC,122.300
YKNM,MISC,MISC,123.050
YKNT,CTAF,CTAF,120.500
YKNT,MISC,MISC,121.850
YKNT,MISC,MISC,122.300
YKNT,MISC,MISC,123.050
YKNV,CTAF,CTAF,125.800
YKNV,MISC,MISC,120.000
YKNV,MISC,MISC,120.600
YKOG,CTAF,CTAF,125.800
YKOG,MISC,MISC,119.600
YKOG,MISC,MISC,121.200
YKOJ,CTAF,CTAF,126.700
YKOJ,MISC,MISC,120.000
YKOJ,MISC,MISC,122.300
YKOJ,MISC,MISC,123.050
YKOK,CTAF,CTAF,118.400
YKOK,MISC,MISC,122.300
YKOK,MISC,MISC,123.050
YKOL,CTAF,CTAF,123.900
YKOL,MISC,MISC,122.300
YKOL,MISC,MISC,123.050
YKOW,CTAF,CTAF,126.700
YKOW,FSS,BRISBANE CNTR,118.200
YKPR,CTAF,CTAF,118.200
YKPR,MISC,MISC,120.000
YKPR,MISC,MISC,120.600
YKRV,CTAF,CTAF,122.100
YKRV,MISC,MISC,119.600
YKRY,CTAF,CTAF,127.450
YKRY,FSS,BRISBANE CNTR,121.200
YKSC,CTAF,CTAF,126.000
YKSC,FSS,MELBOURNE CNTR,123.050
YKTH,CTAF,CTAF,124.300
YKTH,MISC,MISC,117.300
YKTH,MISC,MISC,122.400
YKTH,MISC,MISC,127.300
YKTN,CTAF,CTAF,119.000
YKTN,MISC,MISC,126.800
YKUB,CTAF,CTAF,126.500
YKUB,FSS,BRISBANE CNTR,120.300
YKUR,CTAF,,126.700
YKUW,CTAF,CTAF,125.800
YKUW,MISC,MISC,118.200
YKUW,MISC,MISC,119.600
YKUY,CTAF,CTAF,126.000
YKUY,MISC,MISC,118.200
YKUY,MISC,MISC,119.600
YKWG,CTAF,CTAF,123.900
YKWG,MISC,MISC,114.100
YKWG,MISC,MISC,120.600
YKWG,MISC,MISC,122.100
YKYB,CTAF,CTAF,126.700
YKYN,CTAF,CTAF,120.000
YKYN,MISC,MISC,126.800
YLAG,CTAF,CTAF,125.550
YLAG,MISC,MISC,126.800
YLAH,CTAF,CTAF,125.700
YLAH,MISC,MISC,112.600
YLAH,MISC,MISC,120.600
YLAH,MISC,MISC,126.500
YLAM,CTAF,CTAF,120.700
YLAM,MISC,MISC,116.500
YLAM,MISC,MISC,122.400
YLAM,MISC,MISC,125.300
YLAN,CTAF,CTAF,127.100
YLAN,MISC,MISC,126.000
YLAO,CTAF,CTAF,124.300
YLAO,MISC,MISC,116.500
YLAO,MISC,MISC,122.400
YLAO,MISC,MISC,125.300
YLAW,CTAF,CTAF,118.400
YLAW,MISC,MISC,118.400
YLAW,MISC,MISC,121.300
YLBD,CTAF,CTAF,122.100
YLBD,MISC,MISC,118.400
YLBD,MISC,MISC,119.600
YLBG,CTAF,CTAF,118.400
YLBG,MISC,MISC,122.100
YLCG,CTAF,CTAF,126.700
YLCG,MISC,MISC,126.000
YLCS,CTAF,CTAF,122.400
YLCS,MISC,MISC,119.600
YLCS,MISC,MISC,120.300
YLDB,CTAF,CTAF,126.500
YLDB,MISC,MISC,126.800
YLDO,CTAF,CTAF,122.600
YLDO,MISC,MISC,116.500
YLDO,MISC,MISC,122.400
YLDO,MISC,MISC,125.300
YLEC,CTAF,CTAF,126.700
YLEC,FSS,MELBOURNE CNTR,121.200
YLEC,UNIC,LEIGH CREEK UNICOM,126.700
YLED,CTAF,CTAF,127.650
YLED,MISC,MISC,112.600
YLED,MISC,MISC,120.600
YLED,MISC,MISC,126.500
YLEE,CTAF,CTAF,126.000
YLEE,MISC,MISC,112.600
YLEE,MISC,MISC,120.600
YLEE,MISC,MISC,126.500
YLEG,CTAF,CTAF,126.700
YLEG,FSS,MELBOURNE CNTR,120.000
YLEO,CTAF,CTAF,126.800
YLEO,FSS,MELBOURNE CNTR,118.400
YLET,CTAF,CTAF,124.000
YLET,MISC,MISC,126.000
YLEV,CTAF,CTAF,127.150
YLEV,FSS,BRISBANE CNTR,123.400
YLFD,CTAF,CTAF,118.200
YLFD,MISC,MISC,126.000
YLGA,CTAF,CTAF,125.700
YLGA,MISC,MISC,124.800
YLGB,CTAF,CTAF,127.000
YLGB,MISC,MISC,116.500
YLGB,MISC,MISC,122.400
YLGB,MISC,MISC,125.300
YLGC,CTAF,CTAF,125.400
YLGC,MISC,MISC,116.500
YLGC,MISC,MISC,122.400
YLGC,MISC,MISC,125.300
YLGD,CTAF,CTAF,126.500
YLGD,MISC,MISC,119.600
YLGD,MISC,MISC,120.300
YLGL,CTAF,CTAF,122.300
YLGL,MISC,MISC,126.800
YLGN,CTAF,CTAF,134.200
YLGN,MISC,MISC,118.400
YLGN,MISC,MISC,119.600
YLGU,CTAF,CTAF,122.439
YLGU,MISC,MISC,112.400
YLGU,MISC,MISC,125.900
YLHI,CTAF,CTAF,126.700
YLHI,MISC,MISC,121.600
YLHL,CTAF,CTAF,120.700
YLHL,MISC,MISC,119.600
YLHL,MISC,MISC,120.300
YLHR,CTAF,CTAF,126.700
YLHR,FSS,BRISBANE CNTR,122.100
YLHS,CTAF,CTAF,119.800
YLHS,MISC,MISC,121.600
YLIL,CTAF,CTAF,119.100
YLIL,MISC,MISC,122.400
YLIM,CTAF,CTAF,134.200
YLIM,MISC,MISC,118.400
YLIM,MISC,MISC,119.600
YLIN,CTAF,CTAF,119.100
YLIN,MISC,MISC,122.400
YLIS,CTAF,CTAF,124.200
YLIS,FSS,BRISBANE CNTR,120.300
YLKD,CTAF,CTAF,119.800
YLKD,MISC,MISC,121.600
YLKN,CTAF,CTAF,122.400
YLKN,MISC,MISC,116.500
YLKN,MISC,MISC,122.400
YLKN,MISC,MISC,125.300
YLLA,CTAF,CTAF,122.100
YLLA,MISC,MISC,132.900
YLLC,CTAF,CTAF,119.800
YLLC,MISC,MISC,118.400
YLLC,MISC,MISC,119.600
YLLD,CTAF,CTAF,124.800
YLLD,MISC,MISC,126.000
YLLE,CTAF,CTAF,126.700
YLLE,FSS,BRISBANE CNTR,118.800
YLLE,UNIC,BALLERA UNICOM,126.700
YLMB,CTAF,CTAF,127.100
YLMB,MISC,MISC,126.000
YLMQ,CTAF,CTAF,126.000
YLMQ,MISC,MISC,125.700
YLMU,CTAF,CTAF,126.700
YLMU,MISC,MISC,122.100
YLND,CTAF,CTAF,121.200
YLND,MISC,MISC,126.000
YLNR,CTAF,CTAF,122.600
YLNR,MISC,MISC,116.500
YLNR,MISC,MISC,122.400
YLNR,MISC,MISC,125.300
YLOC,CTAF,CTAF,123.400
YLOC,MISC,MISC,118.400
YLOC,MISC,MISC,119.600
YLOD,CTAF,CTAF,120.000
YLOD,MISC,MISC,117.900
YLOD,MISC,MISC,122.100
YLOD,MISC,MISC,125.300
YLOH,CTAF,CTAF,124.900
YLOH,MISC,MISC,121.600
YLOK,CTAF,CTAF,125.900
YLOK,MISC,MISC,118.400
YLOK,MISC,MISC,119.600
YLOR,CTAF,CTAF,126.700
YLOR,MISC,MISC,121.600
YLOU,CTAF,CTAF,122.600
YLOU,MISC,MISC,118.400
YLOU,MISC,MISC,119.600
YLOV,CTAF,CTAF,118.600
YLOV,MISC,MISC,121.600
YLOX,MISC,MISC,118.400
YLOX,MISC,MISC,119.600
YLOY,CTAF,CTAF,120.000
YLOY,MISC,MISC,117.900
YLOY,MISC,MISC,122.100
YLOY,MISC,MISC,125.300
YLRA,CTAF,CTAF,121.200
YLRA,MISC,MISC,112.600
YLRA,MISC,MISC,120.600
YLRA,MISC,MISC,126.500
YLRD,CTAF,CTAF,126.700
YLRD,FSS,BRISBANE CNTR,127.100
YLRE,CTAF,CTAF,126.700
YLRE,FSS,BRISBANE CNTR,122.100
YLRG,CTAF,CTAF,122.600
YLRG,MISC,MISC,118.400
YLRG,MISC,MISC,119.600
YLRN,CTAF,CTAF,125.700
YLRN,MISC,MISC,121.600
YLRS,CTAF,CTAF,118.200
YLRS,MISC,MISC,122.400
YLRS,MISC,MISC,123.900
YLSM,CTAF,CTAF,124.200
YLSM,MISC,MISC,119.600
YLSM,MISC,MISC,120.300
YLST,CTAF,CTAF,126.500
YLST,FSS,MELBOURNE CNTR,118.950
YLSY,CTAF,CTAF,121.850
YLSY,MISC,MISC,122.100
YLTN,CTAF,CTAF,126.800
YLTN,FSS,MELBOURNE CNTR,118.400
YLTV,CTAF,CTAF,126.000
YLTV,FSS,MELBOURNE CNTR,124.000
YLTV,Unicom,UNICOM,126.000
YLUC,CTAF,CTAF,119.800
YLUC,MISC,MISC,118.400
YLUC,MISC,MISC,119.600
YLUI,CTAF,CTAF,124.300
YLUI,MISC,MISC,118.400
YLUI,MISC,MISC,119.600
YLUL,CTAF,CTAF,122.600
YLUL,MISC,MISC,132.900
YLUW,CTAF,CTAF,120.039
YLUW,MISC,MISC,112.400
YLUW,MISC,MISC,125.900
YLVB,CTAF,CTAF,126.800
YLVB,MISC,MISC,121.600
YLVD,CTAF,CTAF,122.100
YLVD,MISC,MISC,116.500
YLVD,MISC,MISC,122.400
YLVD,MISC,MISC,125.300
YLVK,CTAF,CTAF,128.850
YLVK,MISC,MISC,112.600
YLVK,MISC,MISC,120.600
YLVK,MISC,MISC,126.500
YLVY,CTAF,CTAF,122.400
YLVY,MISC,MISC,116.500
YLVY,MISC,MISC,122.400
YLVY,MISC,MISC,125.300
YLWY,CTAF,CTAF,122.600
YLWY,MISC,MISC,116.500
YLWY,MISC,MISC,122.400
YLWY,MISC,MISC,125.300
YLYD,CTAF,CTAF,121.200
YLYD,MISC,MISC,121.600
YLYK,CTAF,CTAF,124.300
YLYK,MISC,MISC,118.400
YLYK,MISC,MISC,119.600
YLYN,CTAF,CTAF,124.300
YLYN,MISC,MISC,118.400
YLYN,MISC,MISC,119.600
YLZI,CTAF,CTAF,126.000
YLZI,FSS,BRISBANE CNTR,134.650
YLZI,UNIC,UNICOM,128.800
YMAA,CTAF,CTAF,120.327
YMAA,MISC,MISC,121.600
YMAC,CTAF,CTAF,120.700
YMAC,MISC,MISC,118.400
YMAC,MISC,MISC,119.600
YMAD,CTAF,CTAF,120.737
YMAD,MISC,MISC,118.400
YMAD,MISC,MISC,119.600
YMAE,CTAF,CTAF,122.100
YMAE,MISC,MISC,112.200
YMAE,MISC,MISC,122.300
YMAE,MISC,MISC,133.050
YMAG,CTAF,CTAF,126.700
YMAG,MISC,MISC,117.500
YMAG,MISC,MISC,124.000
YMAI,CTAF,CTAF,120.700
YMAI,MISC,MISC,118.400
YMAI,MISC,MISC,119.600
YMAK,CTAF,CTAF,124.300
YMAK,MISC,MISC,118.400
YMAK,MISC,MISC,119.600
YMAU,CTAF,CTAF,125.700
YMAU,MISC,MISC,124.800
YMAV,ATIS,ATIS,116.100
YMAV,CTAF,CTAF,120.100
YMAV,FSS,MELBOURNE RADAR,135.700
YMAV,TWR,TWR,120.100
YMAV,UNIC,FLIGHT OPS,129.300
YMAY,ATIS,Albury ATIS,115.600
YMAY,ATIS,Albury ATIS,133.850
YMAY,CTAF,CTAF,124.200
YMAY,FSS,MELBOURNE CNTR,125.200
YMAY,GCA,Albury Ground Control,121.800
YMAY,TWR,Albury Tower,123.250
YMBA,CTAF,CTAF,126.700
YMBA,FSS,CAIRNS APP,126.100
YMBD,CTAF,,127.500
YMBT,CTAF,CTAF,126.000
YMBT,MISC,Melbourne Centre,125.200
YMBU,CTAF,CTAF,119.100
YMBU,FSS,MELBOURNE CNTR,126.800
YMBZ,CTAF,CTAF,119.800
YMBZ,MISC,MISC,124.800
YMCE,CTAF,CTAF,122.600
YMCE,MISC,MISC,124.800
YMCK,CTAF,CTAF,120.000
YMCK,MISC,MISC,122.800
YMCK,MISC,MISC,125.800
YMCL,CTAF,CTAF,128.550
YMCL,MISC,MISC,118.800
YMCL,MISC,MISC,122.400
YMCO,CTAF,CTAF,126.700
YMCO,MISC,MISC,117.500
YMCO,MISC,MISC,124.000
YMCR,CTAF,CTAF,122.400
YMCR,MISC,MISC,120.000
YMCR,MISC,MISC,120.600
YMCR,MISC,MISC,123.400
YMCS,CTAF,CTAF,119.400
YMCS,MISC,MISC,112.700
YMCS,MISC,MISC,119.600
YMCS,MISC,MISC,135.500
YMCT,CTAF,CTAF,126.700
YMCT,FSS,MELBOURNE CNTR,125.800
YMCU,CTAF,CTAF,118.400
YMCU,MISC,MISC,124.800
YMDA,CTAF,CTAF,127.100
YMDA,MISC,MISC,112.200
YMDA,MISC,MISC,122.300
YMDA,MISC,MISC,133.050
YMDB,CTAF,CTAF,121.200
YMDB,MISC,MISC,124.800
YMDG,CTAF,CTAF,126.700
YMDG,FSS,BRISBANE CNTR,133.050
YMDI,CTAF,CTAF,123.900
YMDI,MISC,MISC,118.400
YMDI,MISC,MISC,119.600
YMDK,CTAF,CTAF,119.800
YMDK,MISC,MISC,124.800
YMDN,CTAF,CTAF,120.100
YMDN,MISC,MISC,120.100
YMDN,MISC,MISC,123.400
YMDR,CTAF,CTAF,122.400
YMDR,MISC,MISC,119.500
YMDS,CTAF,CTAF,119.800
YMDS,MISC,MISC,118.400
YMDS,MISC,MISC,119.600
YMDS,MISC,MISC,124.100
YMDS,MISC,MISC,124.300
YMDT,CTAF,CTAF,134.200
YMDT,MISC,MISC,124.800
YMDV,CTAF,CTAF,121.850
YMDV,MISC,MISC,124.800
YMDW,CTAF,CTAF,120.150
YMDW,MISC,MISC,125.700
YMDY,CTAF,CTAF,126.700
YMDY,FSS,BRISBANE CNTR,124.100
YMDY,MISC,DPRAC,72.350
YMDZ,CTAF,CTAF,122.400
YMDZ,MISC,MISC,123.400
YMEB,CTAF,CTAF,119.800
YMEB,MISC,MISC,124.800
YMED,CTAF,CTAF,122.600
YMED,MISC,MISC,126.800
YMEI,CTAF,CTAF,118.400
YMEI,MISC,MISC,112.900
YMEI,MISC,MISC,122.600
YMEK,CTAF,CTAF,126.700
YMEK,FSS,MELBOURNE CNTR,122.600
YMEL,CTAF,CTAF,124.200
YMEL,MISC,MISC,126.800
YMEN,APP,APP,132.000
YMEN,ATIS,ATIS,119.800
YMEN,DEP,DEP,118.900
YMEN,GND,GND,121.900
YMEN,TWR,TWR,125.100
YMEO,CTAF,CTAF,126.700
YMEO,FIA,Melbourne Centre,122.400
YMEP,CTAF,CTAF,122.600
YMEP,MISC,MISC,126.800
YMER,CTAF,CTAF,126.700
YMER,FSS,MELBOURNE CNTR,120.750
YMES,APP,SALE APP,123.300
YMES,ATIS,ATIS,31.620
YMES,CLD,SALE CLNC DEL,133.600
YMES,CTAF,CTAF,118.300
YMES,FSS,MELBOURNE CNTR,124.000
YMES,GND,SALE GND,134.100
YMES,TWR,SALE TWR,118.300
YMEU,CTAF,CTAF,122.100
YMEU,MISC,MISC,118.800
YMEU,MISC,MISC,119.600
YMEW,CTAF,CTAF,121.200
YMEW,MISC,MISC,119.500
YMEY,CTAF,CTAF,127.100
YMEY,MISC,MISC,112.200
YMEY,MISC,MISC,122.300
YMEY,MISC,MISC,133.050
YMFD,CTAF,CTAF,126.700
YMFD,FIA,Melbourne Centre,122.400
YMGB,CTAF,CTAF,127.500
YMGB,FSS,BRISBANE CNTR,123.400
YMGD,CTAF,CTAF,127.500
YMGD,FSS,BRISBANE CNTR,123.400
YMGG,CTAF,CTAF,125.700
YMGG,MISC,MISC,124.800
YMGI,CTAF,CTAF,126.700
YMGI,FSS,BRISBANE CNTR,123.900
YMGN,CTAF,CTAF,122.000
YMGN,MISC,MISC,117.000
YMGN,MISC,MISC,121.800
YMGN,MISC,MISC,122.300
YMGO,CTAF,CTAF,122.600
YMGO,MISC,MISC,124.800
YMGR,CTAF,CTAF,118.600
YMGR,MISC,MISC,120.000
YMGR,MISC,MISC,120.200
YMGS,CTAF,CTAF,118.400
YMGS,MISC,MISC,124.800
YMGT,CTAF,CTAF,126.700
YMGT,FSS,MELBOURNE CNTR,124.900
YMGV,CTAF,CTAF,118.200
YMGV,MISC,MISC,112.200
YMGV,MISC,MISC,122.300
YMGV,MISC,MISC,133.050
YMHB,ATIS,ATIS,112.700
YMHB,CTAF,CTAF,118.100
YMHB,FSS,MELBOURNE CNTR,125.550
YMHB,TWR,TWR,118.100
YMHL,CTAF,CTAF,126.400
YMHL,MISC,MISC,125.400
YMHT,CTAF,CTAF,122.100
YMHT,MISC,MISC,117.000
YMHT,MISC,MISC,121.800
YMHT,MISC,MISC,122.300
YMHU,CTAF,CTAF,126.700
YMHU,FSS,BRISBANE CNTR,128.500
YMHW,CTAF,CTAF,118.800
YMHW,MISC,MISC,125.200
YMIA,CTAF,CTAF,118.800
YMIA,FSS,MELBOURNE CNTR,122.100
YMIB,CTAF,CTAF,120.700
YMIB,MISC,MISC,118.150
YMIG,CTAF,CTAF,126.700
YMIG,MISC,MISC,121.200
YMIJ,CTAF,CTAF,126.700
YMIJ,MISC,MISC,118.150
YMIL,CTAF,CTAF,122.600
YMIL,MISC,MISC,119.500
YMIN,CTAF,CTAF,120.600
YMIN,MISC,MISC,118.150
YMIN,MISC,MISC,127.050
YMIP,CTAF,CTAF,126.700
YMIP,MISC,MISC,132.900
YMIS,CTAF,CTAF,122.600
YMIS,MISC,MISC,119.500
YMIT,CTAF,CTAF,126.700
YMIT,FSS,BRISBANE CNTR,126.000
YMIV,CTAF,CTAF,123.900
YMIV,MISC,MISC,122.100
YMIX,CTAF,CTAF,122.100
YMIX,MISC,MISC,119.500
YMJE,CTAF,CTAF,123.900
YMJE,MISC,MISC,122.100
YMJM,CTAF,CTAF,126.700
YMJM,FSS,MELBOURNE CNTR,124.900
YMKA,CTAF,CTAF,122.600
YMKA,MISC,MISC,121.200
YMLA,CTAF,CTAF,122.400
YMLA,MISC,MISC,118.400
YMLA,MISC,MISC,119.600
YMLC,CTAF,CTAF,126.500
YMLC,MISC,MISC,113.700
YMLC,MISC,MISC,119.600
YMLC,MISC,MISC,122.100
YMLD,CTAF,CTAF,119.600
YMLD,MISC,MISC,118.400
YMLD,MISC,MISC,119.600
YMLD,MISC,MISC,127.050
YMLL,CTAF,CTAF,120.000
YMLL,MISC,MISC,113.700
YMLL,MISC,MISC,119.600
YMLL,MISC,MISC,122.100
YMLN,CTAF,CTAF,125.400
YMLN,MISC,MISC,113.700
YMLN,MISC,MISC,119.600
YMLN,MISC,MISC,122.100
YMLR,CTAF,CTAF,121.200
YMLR,MISC,MISC,124.800
YMLS,CTAF,CTAF,123.900
YMLS,MISC,MISC,113.700
YMLS,MISC,MISC,119.600
YMLS,MISC,MISC,122.100
YMLT,ATIS,ATIS,112.600
YMLT,CTAF,CTAF,118.700
YMLT,FSS,MELBOURNE CNTR,126.500
YMLT,TWR,TWR,118.700
YMLX,CTAF,CTAF,118.400
YMLX,MISC,MISC,119.500
YMMB,ATIS,ATIS,120.900
YMMB,AWIS,A/hours,120.900
YMMB,CTAF,When TWR not operating,118.100
YMMB,FIA,Melb CNTR,135.700
YMMB,Fuel,World Fuel,121.650
YMMB,SMC,,134.250
YMMB,TWR,East,118.100
YMMB,TWR,West,123.000
YMMI,CTAF,CTAF,126.800
YMMI,FSS,MELBOURNE CNTR,118.400
YMML,APP,Melbourne Approach,132.000
YMML,ATIS,YMML ATIS,118.000
YMML,CLD,CLNC DEL,127.200
YMML,DEP,Melbourne Departures (to north),118.900
YMML,DEP,Melbourne Departures (to south),129.400
YMML,GND,Melbourne ground,121.700
YMML,TWR,Melbourne Tower,120.500
YMMN,CTAF,CTAF,123.900
YMMN,MISC,MISC,113.700
YMMN,MISC,MISC,119.600
YMMN,MISC,MISC,122.100
YMMT,CTAF,CTAF,118.800
YMMT,MISC,MISC,117.500
YMMT,MISC,MISC,122.400
YMMT,MISC,MISC,125.300
YMMU,CTAF,CTAF,126.700
YMMU,FSS,BRISBANE  CNTR,128.550
YMNA,CTAF,CTAF,124.800
YMNA,MISC,MISC,124.800
YMNB,CTAF,CTAF,122.100
YMNB,MISC,MISC,124.800
YMND,CTAF,CTAF,122.650
YMND,FSS,BRISBANE CNTR,125.700
YMNE,CTAF,CTAF,126.500
YMNE,FSS,MELBOURNE CNTR,118.950
YMNG,CTAF,CTAF,121.100
YMNG,FSS,MELBOURNE CNTR,122.400
YMNK,CTAF,CTAF,125.400
YMNK,MISC,MISC,113.700
YMNK,MISC,MISC,119.600
YMNK,MISC,MISC,122.100
YMNN,CTAF,CTAF,119.800
YMNN,MISC,MISC,124.800
YMNO,CTAF,CTAF,122.100
YMNO,MISC,MISC,117.500
YMNO,MISC,MISC,124.000
YMNP,CTAF,CTAF,121.200
YMNP,MISC,MISC,124.800
YMNS,CTAF,CTAF,120.700
YMNS,MISC,MISC,124.800
YMNT,CTAF,CTAF,124.800
YMNT,MISC,MISC,124.800
YMNW,CTAF,CTAF,125.700
YMNW,MISC,MISC,124.800
YMNX,CTAF,CTAF,118.400
YMNX,MISC,MISC,119.500
YMNY,CTAF,CTAF,125.400
YMNY,MISC,MISC,119.600
YMNY,MISC,MISC,127.100
YMOE,CTAF,CTAF,126.700
YMOE,MISC,MISC,119.500
YMOG,CTAF,CTAF,126.700
YMOG,FSS,MELBOURNE CNTR,124.800
YMOM,CTAF,CTAF,126.700
YMOM,ML CEN,ML CEN,118.600
YMOO,CTAF,CTAF,126.700
YMOO,MISC,MISC,125.400
YMOR,CTAF,CTAF/UNICOM,126.700
YMOR,FSS,BRISBANE CNTR,127.100
YMOT,CTAF,CTAF,122.100
YMOT,MISC,MISC,119.600
YMOT,MISC,MISC,127.100
YMOU,CTAF,CTAF,123.400
YMOU,MISC,MISC,117.500
YMOU,MISC,MISC,122.300
YMOU,MISC,MISC,122.400
YMOU,MISC,MISC,125.300
YMPA,CTAF,CTAF,125.900
YMPA,MISC,MISC,118.150
YMPC,CTAF,CTAF,126.200
YMPC,RDR,MELBOURNE RADAR,135.700
YMPK,CTAF,CTAF,122.400
YMPK,MISC,MISC,119.500
YMQA,CTAF,CTAF,118.600
YMQA,MISC,MISC,120.000
YMQA,MISC,MISC,120.200
YMRA,CTAF,CTAF,122.400
YMRA,MISC,MISC,120.000
YMRA,MISC,MISC,120.600
YMRA,MISC,MISC,123.400
YMRB,CTAF,CTAF,126.700
YMRB,FSS,BRISBANE CNTR,128.550
YMRE,CTAF,Lake Eyre Broadcast area,127.800
YMRS,CTAF,CTAF,126.700
YMRS,MISC,MISC,112.900
YMRS,MISC,MISC,122.600
YMRT,CTAF,CTAF,126.700
YMRT,MISC,MISC,120.150
YMRW,CTAF,CTAF,126.700
YMRW,MISC,MISC,124.800
YMRY,FSS,MELBOURNE CNTR,120.750
YMRY,UNIC,CTAF/UNICOM,126.700
YMSF,CTAF,CTAF,134.200
YMSF,MISC,MISC,124.800
YMSK,CTAF,CTAF,120.700
YMSK,MISC,MISC,124.800
YMSP,CTAF,CTAF,119.800
YMSP,MISC,MISC,117.500
YMSP,MISC,MISC,122.400
YMSP,MISC,MISC,125.300
YMSS,CTAF,CTAF,122.600
YMSS,MISC,MISC,124.800
YMTA,CTAF,CTAF,122.100
YMTA,MISC,MISC,132.900
YMTB,CTAF,CTAF,122.100
YMTB,MISC,MISC,112.200
YMTB,MISC,MISC,122.300
YMTB,MISC,MISC,133.050
YMTC,CTAF,CTAF,124.100
YMTC,MISC,MISC,124.800
YMTI,CTAF,CTAF,126.700
YMTI,FSS,BRISBANE CNTR,125.700
YMTO,CTAF,CTAF,126.700
YMTO,FSS,BRISBANE CNTR,124.100
YMTW,CTAF,CTAF,122.600
YMTW,MISC,MISC,121.200
YMTX,CTAF,CTAF,120.700
YMTX,MISC,MISC,124.800
YMTZ,CTAF,CTAF,132.940
YMTZ,MISC,MISC,124.800
YMUA,CTAF,CTAF,124.100
YMUA,MISC,MISC,113.700
YMUA,MISC,MISC,119.600
YMUA,MISC,MISC,122.100
YMUC,CTAF,CTAF,123.400
YMUC,MISC,MISC,124.800
YMUE,CTAF,CTAF,124.100
YMUE,MISC,MISC,124.800
YMUG,CTAF,CTAF,134.200
YMUG,MISC,MISC,124.800
YMUJ,CTAF,CTAF,125.700
YMUJ,MISC,MISC,124.800
YMUK,CTAF,CTAF,125.700
YMUK,MISC,MISC,124.800
YMUL,CTAF,CTAF,119.100
YMUL,FSS,PERTH RADAR,135.250
YMUP,CTAF,CTAF,125.700
YMUP,MISC,MISC,124.800
YMUR,CTAF,CTAF,119.500
YMUR,MISC,MISC,112.200
YMUR,MISC,MISC,122.300
YMUR,MISC,MISC,133.050
YMUX,CTAF,CTAF,122.600
YMUX,MISC,MISC,119.500
YMVH,CTAF,CTAF,122.600
YMVH,MISC,MISC,121.200
YMVM,CTAF,CTAF,125.800
YMVM,MISC,MISC,113.200
YMVM,MISC,MISC,122.400
YMVN,CTAF,CTAF,126.700
YMVN,MISC,MISC,118.800
YMVN,MISC,MISC,122.400
YMVY,CTAF,CTAF,122.600
YMVY,MISC,MISC,124.800
YMWA,CTAF,CTAF,121.200
YMWA,MISC,MISC,124.800
YMWO,CTAF,CTAF,120.700
YMWO,MISC,MISC,118.400
YMWO,MISC,MISC,119.600
YMWT,CTAF,CTAF,119.500
YMWT,MISC,MISC,132.900
YMWX,CTAF,CTAF,125.400
YMWX,MISC,MISC,120.150
YMWX,MISC,MISC,120.600
YMYB,CTAF,CTAF,126.550
YMYB,FSS,BRISBANE CNTR,124.600
YMYH,CTAF,CTAF,134.400
YMYH,MISC,MISC,118.400
YMYH,MISC,MISC,119.600
YMYI,CTAF,CTAF,122.600
YMYI,MISC,MISC,121.200
YMYR,CTAF,CTAF,118.400
YMYR,MISC,MISC,120.000
YMYT,CTAF,CTAF,126.700
YMYT,MISC,MISC,119.500
YMYV,CTAF,CTAF,122.600
YMYV,MISC,MISC,121.200
YMYW,CTAF,CTAF,122.100
YMYW,MISC,MISC,124.300
YMYY,CTAF,CTAF,118.200
YMYY,MISC,MISC,114.200
YMYY,MISC,MISC,122.300
YMYY,MISC,MISC,125.000
YMZI,CTAF,CTAF,118.400
YMZI,MISC,MISC,112.900
YMZI,MISC,MISC,122.600
YNAB,CTAF,CTAF,124.100
YNAB,MISC,MISC,120.000
YNAN,CTAF,CTAF,121.200
YNAN,MISC,MISC,112.200
YNAN,MISC,MISC,122.300
YNAN,MISC,MISC,133.050
YNAP,CTAF,CTAF,121.200
YNAP,MISC,MISC,112.200
YNAP,MISC,MISC,122.300
YNAP,MISC,MISC,133.050
YNAR,CTAF,CTAF,126.700
YNAR,FSS,MELBOURNE CNTR,126.000
YNBR,CTAF,CTAF,126.700
YNBR,FSS,BRISBANE CNTR,127.100
YNCD,CTAF,CTAF,118.800
YNCD,MISC,MISC,116.500
YNCD,MISC,MISC,119.600
YNCD,MISC,MISC,125.800
YNCS,CTAF,CTAF,119.800
YNCS,MISC,MISC,119.600
YNCS,MISC,MISC,125.400
YNDG,CTAF,CTAF,125.400
YNDR,CTAF,CTAF,122.200
YNDR,MISC,MISC,119.600
YNDR,MISC,MISC,128.100
YNDS,CTAF,CTAF,128.550
YNDS,MISC,MISC,122.400
YNDS,MISC,MISC,123.900
YNES,CTAF,CTAF,126.700
YNES,MISC,MISC,119.600
YNES,MISC,MISC,125.400
YNGB,CTAF,CTAF,122.400
YNGB,MISC,MISC,112.200
YNGB,MISC,MISC,122.300
YNGB,MISC,MISC,133.050
YNGU,CTAF,CTAF,126.700
YNGU,FSS,BRISBANE CNTR,122.600
YNHL,CTAF,CTAF,126.700
YNHL,FSS,MELBOURNE CNTR,125.800
YNHP,CTAF,CTAF,124.200
YNHP,MISC,MISC,119.600
YNHP,MISC,MISC,128.100
YNHS,CTAF,CTAF,122.600
YNHS,MISC,MISC,112.200
YNHS,MISC,MISC,122.300
YNHS,MISC,MISC,133.050
YNHV,CTAF,CTAF,119.800
YNHV,MISC,MISC,119.600
YNHV,MISC,MISC,125.400
YNIC,CTAF,CTAF,126.700
YNIC,MISC,MISC,122.600
YNIG,CTAF,CTAF,126.700
YNIG,MISC,MISC,122.600
YNIN,CTAF,CTAF,126.700
YNKA,CTAF,CTAF,119.800
YNKA,MISC,MISC,122.600
YNMN,CTAF,CTAF,119.400
YNMN,MISC,MISC,122.400
YNMN,MISC,MISC,123.900
YNNT,CTAF,CTAF,125.900
YNNT,MISC,MISC,120.000
YNOC,CTAF,CTAF,118.800
YNOC,MISC,MISC,116.500
YNOC,MISC,MISC,119.600
YNOC,MISC,MISC,125.800
YNOF,CTAF,CTAF,122.400
YNOF,MISC,MISC,124.600
YNON,CTAF,CTAF,119.800
YNON,MISC,MISC,122.600
YNOO,CTAF,CTAF,118.800
YNOO,MISC,MISC,124.600
YNPA,CTAF,CTAF,126.700
YNPB,CTAF,CTAF,119.800
YNPB,MISC,MISC,120.000
YNPD,CTAF,CTAF,122.100
YNPD,MISC,MISC,120.000
YNPE,CTAF,CTAF,126.500
YNPE,FSS,BRISBANE CNTR,120.300
YNPU,CTAF,CTAF,121.200
YNPU,MISC,MISC,119.600
YNPU,MISC,MISC,125.400
YNRB,CTAF,CTAF,125.100
YNRB,MISC,MISC,121.800
YNRB,MISC,MISC,124.100
YNRB,MISC,MISC,125.400
YNRC,CTAF,CTAF,126.700
YNRC,FSS,MELBOURNE CNTR,125.800
YNRG,CTAF,CTAF,134.000
YNRG,MISC,MISC,119.600
YNRG,MISC,MISC,125.400
YNRL,CTAF,CTAF,126.700
YNRL,MISC,MISC,122.400
YNRL,MISC,MISC,123.900
YNRM,CTAF,CTAF,126.700
YNRM,FSS,MELBOURNE CNTR,123.900
YNRR,CTAF,CTAF,121.850
YNRR,MISC,MISC,119.600
YNRR,MISC,MISC,128.100
YNRV,CTAF,CTAF,126.700
YNRV,FSS,MELBOURNE CNTR,133.200
YNSH,CTAF,CTAF,127.100
YNSH,MISC,MISC,124.600
YNSM,CTAF,CTAF,119.823
YNSM,MISC,MISC,122.600
YNTM,CTAF,CTAF,128.100
YNTN,CTAF,CTAF,126.700
YNTN,FSS,BRISBANE CNTR,118.600
YNUB,CTAF,CTAF,122.100
YNUB,MISC,MISC,119.600
YNUB,MISC,MISC,128.100
YNUD,CTAF,CTAF,124.100
YNUD,MISC,MISC,120.000
YNUE,CTAF,CTAF,122.200
YNUE,MISC,MISC,119.600
YNUE,MISC,MISC,128.100
YNUJ,CTAF,CTAF,124.200
YNUJ,MISC,MISC,119.600
YNUJ,MISC,MISC,128.100
YNUL,CTAF,CTAF,126.700
YNUL,MISC,MISC,123.400
YNUM,CTAF,CTAF,126.700
YNUM,FSS,BRISBANE CNTR,122.200
YNUT,CTAF,CTAF,122.200
YNUT,MISC,MISC,119.600
YNUT,MISC,MISC,128.100
YNVE,CTAF,CTAF,125.800
YNVE,MISC,MISC,122.400
YNVE,MISC,MISC,123.900
YNVL,CTAF,CTAF,126.700
YNVL,MISC,MISC,118.600
YNVL,MISC,MISC,121.300
YNWL,CTAF,CTAF,119.800
YNWL,MISC,MISC,122.600
YNWN,CTAF,CTAF,126.700
YNWN,FSS,MELBOURNE CNTR,123.400
YNWT,CTAF,CTAF,126.700
YNWT,MISC,MISC,119.600
YNWT,MISC,MISC,125.400
YNYG,CTAF,CTAF,122.200
YNYG,MISC,MISC,119.600
YNYG,MISC,MISC,128.100
YNYM,CTAF,CTAF,124.900
YNYM,MISC,MISC,121.200
YNYM,MISC,MISC,122.200
YNYN,CTAF,CTAF,126.700
YNYN,FSS,MELBOURNE CNTR,120.000
YNYP,CTAF,CTAF,121.850
YNYP,MISC,MISC,119.600
YNYP,MISC,MISC,128.100
YOAD,CTAF,CTAF,119.800
YOAD,MISC,MISC,124.100
YOAP,CTAF,CTAF,122.100
YOAP,MISC,MISC,119.600
YOAP,MISC,MISC,122.000
YOAS,CTAF,CTAF,124.550
YOAS,MISC,MISC,118.800
YOAS,MISC,MISC,125.300
YODA,CTAF,CTAF,122.100
YODA,MISC,MISC,120.600
YODA,MISC,MISC,120.700
YODL,CTAF,CTAF,118.800
YODL,MISC,MISC,121.300
YODL,MISC,MISC,124.000
YOEN,CTAF,KAKADU AREA,126.700
YOEN,FSS,BRISBANE CNTR,124.100
YOIT,CTAF,CTAF,122.100
YOIT,MISC,MISC,121.300
YOIT,MISC,MISC,124.000
YOKE,CTAF,CTAF,122.300
YOKE,MISC,MISC,112.900
YOKE,MISC,MISC,121.200
YOKE,MISC,MISC,121.300
YOKV,CTAF,CTAF,122.100
YOKV,MISC,MISC,119.600
YOKV,MISC,MISC,128.100
YOLA,CTAF,CTAF,126.700
YOLA,MISC,MISC,123.000
YOLA,MISC,MISC,125.800
YOLD,AWIS,Weather Service,128.050
YOLD,CTAF,CTAF,126.600
YOLD,FIA,MELBOURNE CENTRE,122.000
YOLW,CTAF,CTAF,120.100
YOLW,MISC,MISC,122.400
YOMI,CTAF,CTAF,126.500
YOMI,MISC,MISC,112.900
YOMI,MISC,MISC,121.200
YOMI,MISC,MISC,121.300
YOMO,CTAF,CTAF,125.200
YOMO,MISC,MISC,112.900
YOMO,MISC,MISC,121.200
YOMO,MISC,MISC,121.300
YOOD,CTAF,CTAF,126.700
YOOD,MISC,MISC,120.600
YOOD,MISC,MISC,120.700
YOOK,CTAF,CTAF,126.700
YOOK,MISC,MISC,124.100
YOOM,CTAF,CTAF,126.700
YOOM,FSS,MELBOURNE CNTR,119.500
YOOO,CTAF,CTAF,122.600
YOOO,MISC,MISC,132.900
YORA,CTAF,CTAF,126.700
YORA,MISC,MISC,119.500
YORB,CTAF,CTAF,126.700
YORB,MISC,MISC,121.300
YORB,MISC,MISC,124.000
YORG,CTAF,CTAF,119.000
YORG,FSS,MELBOURNE CNTR,135.250
YORR,CTAF,CTAF,120.300
YORR,MISC,MISC,120.600
YORR,MISC,MISC,120.700
YORR,MISC,MISC,123.900
YORT,CTAF,CTAF,122.100
YORT,MISC,MISC,120.600
YORT,MISC,MISC,120.700
YORV,CTAF,CTAF,122.100
YORV,MISC,MISC,120.600
YORV,MISC,MISC,120.700
YORW,CTAF,CTAF,122.100
YORW,MISC,MISC,120.600
YORW,MISC,MISC,120.700
YOTN,CTAF,CTAF,120.150
YOTN,MISC,MISC,112.900
YOTN,MISC,MISC,121.200
YOTN,MISC,MISC,121.300
YOUN,CTAF,CTAF,120.700
YOUN,MISC,MISC,119.600
YOUN,MISC,MISC,122.400
YOUY,CTAF,CTAF,118.800
YOUY,MISC,MISC,121.300
YOUY,MISC,MISC,124.000
YPAC,CTAF,CTAF,124.100
YPAD,APP/DEP,Approach (East),118.200
YPAD,APP/DEP,Approach (West),124.200
YPAD,ATIS,ATIS,116.400
YPAD,ATIS,,134.500
YPAD,CLD,CLNC DEL,126.100
YPAD,GND,GND,121.700
YPAD,TWR,TWR,120.500
YPAG,CTAF,CTAF,126.700
YPAG,FSS,MELBOURNE CNTR,123.900
YPAM,APP,TOWNSVILLE APP,126.800
YPAM,CTAF,CTAF,126.700
YPAM,FSS,BRISBANE CNTR,120.550
YPAY,CTAF,CTAF,125.400
YPAY,MISC,MISC,120.600
YPAY,MISC,MISC,120.700
YPBH,CTAF,CTAF,126.824
YPBH,MISC,MISC,113.400
YPBH,MISC,MISC,119.600
YPBO,CTAF,CTAF,126.700
YPBO,FSS,MELBOURNE CNTR,125.700
YPCC,CTAF,CTAF,118.100
YPCC,FSS,BRISBANE FIS,347.600
YPCE,CTAF,CTAF,120.600
YPCE,MISC,MISC,120.200
YPCE,MISC,MISC,122.100
YPCE,MISC,MISC,124.950
YPCH,CTAF,CTAF,126.700
YPCH,MISC,MISC,113.400
YPCH,MISC,MISC,119.600
YPDI,CTAF,CTAF,125.400
YPDI,MISC,MISC,120.600
YPDI,MISC,MISC,120.700
YPDN,A/D,APP,125.200
YPDN,ARTC,BRISBANE CNTR,118.150
YPDN,ATIS,ATIS,112.600
YPDN,CLD,CLNC DEL,126.800
YPDN,DEP,DEP,123.000
YPDN,GND,GND,121.800
YPDN,MISC,RAAF AIR OPS,897.400
YPDN,TWR,TWR,133.100
YPDO,CTAF,CTAF,122.000
YPDO,MISC,MISC,130.449
YPDY,CTAF,CTAF,121.800
YPDY,MISC,MISC,120.600
YPDY,MISC,MISC,120.700
YPEA,A/D,PERTH DEP,118.700
YPEA,ACC,MELBOURNE CNTR,125.200
YPEA,APP,APP,130.200
YPEA,ATIS,ATIS,34.000
YPEA,CLD,CLNC DEL,134.100
YPEA,CTAF,CTAF,118.300
YPEA,DEP,DEP,135.900
YPEA,DIR,PERTH APP,123.600
YPEA,GND,GND,127.250
YPEA,TWR,TWR,118.300
YPED,APP,ADELAIDE APP,128.600
YPED,ATIS,ATIS,31.630
YPED,CTAF,CTAF,118.300
YPED,FSS,FLIGHTWATCH,128.600
YPED,GND,GND,134.100
YPED,TWR,TWR,118.300
YPEF,CTAF,CTAF,121.600
YPEF,MISC,MISC,135.700
YPFT,CTAF,CTAF,118.100
YPFT,MISC,MISC,118.800
YPGH,CTAF,CTAF,134.200
YPGH,MISC,MISC,123.050
YPGV,CTAF,CTAF,127.800
YPGV,FSS,BRISBANE CNTR,125.000
YPID,CTAF,CTAF,119.100
YPID,MISC,MISC,120.500
YPID,MISC,MISC,125.900
YPIN,CTAF,CTAF,118.200
YPIN,MISC,MISC,120.500
YPIN,MISC,MISC,125.900
YPIR,CTAF,CTAF,126.700
YPIR,FSS,MELBOURNE CNTR,123.900
YPIX,CTAF,CTAF,123.900
YPIX,MISC,MISC,123.050
YPJI,CTAF,CTAF,124.800
YPJI,MISC,MISC,123.050
YPJT,ATIS,ATIS,128.650
YPJT,CLD,CLNC DEL,132.950
YPJT,CTAF,CTAF,118.100
YPJT,FSS,RADAR,135.250
YPJT,GND,GND,124.300
YPJT,TWR,TWR,118.100
YPKA,CTAF,CTAF,127.350
YPKA,FSS,MELBOURNE CNTR,122.400
YPKE,CTAF,CTAF,122.600
YPKE,MISC,MISC,130.449
YPKG,CTAF,CTAF,126.600
YPKG,FSS,MELBOURNE CNTR,122.100
YPKG,UNIC,UNICOM AIR BP,126.600
YPKH,CTAF,CTAF,113.400
YPKH,MISC,MISC,119.600
YPKI,CTAF,CTAF,122.000
YPKI,MISC,MISC,130.449
YPKL,CTAF,CTAF,122.424
YPKL,MISC,MISC,113.700
YPKL,MISC,MISC,120.600
YPKL,MISC,MISC,135.500
YPKS,AWIS,,128.550
YPKS,CTAF,CTAF,126.700
YPKS,FSS,MELBOURNE CNTR,135.250
YPKS,PAL,,119.600
YPKT,CTAF,CTAF,126.700
YPKT,FSS,BRISBANE CNTR,118.150
YPKU,CTAF,CTAF,127.000
YPKU,FSS,BRISBANE CNTR,122.400
YPLC,CTAF,CTAF,126.700
YPLC,FSS,MELBOURNE CNTR,125.900
YPLG,CTAF,CTAF,119.100
YPLG,MISC,MISC,120.500
YPLG,MISC,MISC,125.900
YPLI,CTAF,CTAF,120.300
YPLI,MISC,MISC,121.300
YPLI,MISC,MISC,124.000
YPLL,CTAF,CTAF,122.600
YPLL,MISC,MISC,130.449
YPLM,APP,APP,120.500
YPLM,CTAF,CTAF,118.300
YPLM,FSS,MELBOURNE CNTR,125.900
YPLM,GND,GND,25.930
YPLM,TWR,TWR,25.780
YPLU,CTAF,CTAF,124.300
YPLU,MISC,MISC,123.050
YPMB,CTAF,CTAF,124.300
YPMB,MISC,MISC,123.050
YPME,CTAF,CTAF,118.150
YPME,MISC,MISC,120.600
YPME,MISC,MISC,120.700
YPMP,CTAF,CTAF,126.700
YPMP,FSS,BRISBANE CNTR,118.200
YPMQ,CTAF,CTAF,118.100
YPMQ,FSS,BRISBANE CNTR,120.550
YPNC,CTAF,CTAF,122.600
YPNC,MISC,MISC,123.050
YPNG,CTAF,CTAF,122.100
YPNG,MISC,MISC,123.050
YPNI,CTAF,CTAF,130.900
YPNI,MISC,MISC,119.600
YPNI,MISC,MISC,123.900
YPNN,CTAF,CTAF,124.300
YPNN,MISC,MISC,123.050
YPNW,CTAF,CTAF,125.400
YPNW,MISC,MISC,120.600
YPNW,MISC,MISC,120.700
YPOD,CTAF,CTAF,126.700
YPOD,FSS,MELBOURNE CNTR,125.800
YPOK,CTAF,CTAF,126.000
YPOK,MISC,MISC,125.200
YPPD,CTAF,CTAF,119.900
YPPD,FSS,MELBOURNE CNTR,118.600
YPPF,ATIS,ATIS,120.900
YPPF,CTAF,CTAF,118.700
YPPF,GND,PARAFIELD GND,119.900
YPPF,TWR,PARAFIELD TWR,118.700
YPPF,TWR,PARAFIELD TWR,124.600
YPPH,APP/DEL,APP/DEL,123.600
YPPH,APP/DEP,APP/DEP,132.950
YPPH,ATIS,ATIS,123.800
YPPH,CTR,PERTH RADAR,135.250
YPPH,D,D,118.700
YPPH,DEL,DEL,118.550
YPPH,GND,GND,121.700
YPPH,GND,GND,122.200
YPPH,OPS,RAAF AIR OPS,897.400
YPPH,TWR,TWR,127.400
YPRA,CTAF,CTAF,125.800
YPRA,MISC,MISC,124.100
YPRA,MISC,MISC,125.800
YPRE,CTAF,CTAF,127.100
YPRE,MISC,MISC,124.100
YPRE,MISC,MISC,125.800
YPSH,CTAF,CTAF,126.000
YPSH,MISC,MISC,123.050
YPTB,CTAF,CTAF,123.900
YPTB,MISC,MISC,123.050
YPTJ,CTAF,CTAF,130.900
YPTJ,MISC,MISC,130.449
YPTN,APP,APP,120.950
YPTN,ATIS,ATIS,112.300
YPTN,CLD,CLNC DEL,128.100
YPTN,CTAF,CTAF,119.700
YPTN,FSS,BRISBANE CNTR,122.600
YPTN,GND,GND,135.850
YPTN,TWR,TWR,119.700
YPUA,CTAF,CTAF,118.150
YPUA,MISC,MISC,120.600
YPUA,MISC,MISC,120.700
YPUN,CTAF,CTAF,130.900
YPUN,MISC,MISC,119.600
YPUN,MISC,MISC,123.900
YPVD,CTAF,CTAF,118.800
YPVD,MISC,MISC,120.500
YPVD,MISC,MISC,125.900
YPWH,CTAF,CTAF,118.200
YPWH,MISC,MISC,120.500
YPWH,MISC,MISC,125.900
YPWR,CTAF,CTAF,118.300
YPWR,FSS,MELBOURNE CNTR,122.000
YPWR,GND,GND,25.930
YPWR,TWR,TWR,25.780
YPXM,CTAF,CTAF,122.800
YPXM,FSS,RDO,347.000
YPYA,CTAF,Palmyra Traffic,126.700
YPYD,CTAF,CTAF,125.800
YPYD,MISC,MISC,113.700
YPYD,MISC,MISC,120.600
YPYD,MISC,MISC,135.500
YPYF,CTAF,CTAF,124.800
YPYF,MISC,MISC,130.449
YQBE,CTAF,CTAF,120.000
YQBE,MISC,MISC,113.700
YQBE,MISC,MISC,120.600
YQBE,MISC,MISC,135.500
YQBK,CTAF,CTAF,125.800
YQBK,MISC,MISC,113.700
YQBK,MISC,MISC,120.600
YQBK,MISC,MISC,135.500
YQDG,CTAF,CTAF,123.400
YQDG,MISC,MISC,119.600
YQDG,MISC,MISC,123.900
YQDI,CTAF,CTAF,127.800
YQDI,FSS,BRISBANE CNTR,127.100
YQLP,CTAF,CTAF,126.700
YQLP,FSS,BRISBANE CNTR,118.800
YQNS,CTAF,CTAF,124.200
YQNS,FIA,Melbourne Center,123.950
YQON,CTAF,CTAF,123.400
YQON,MISC,MISC,119.600
YQON,MISC,MISC,123.900
YQRN,CTAF,CTAF,123.900
YQRN,MISC,MISC,119.600
YQRN,MISC,MISC,123.900
YQUE,CTAF,CTAF,124.900
YQUE,MISC,MISC,124.100
YRAG,CTAF,CTAF,125.800
YRAG,MISC,MISC,125.300
YRAG,MISC,MISC,127.100
YRAM,CTAF,CTAF,118.800
YRAM,MISC,MISC,125.300
YRAM,MISC,MISC,127.100
YRAT,ctaf,Abrolhos traffic,127.100
YRAW,CTAF,CTAF,134.200
YRAW,MISC,MISC,119.600
YRAW,MISC,MISC,123.900
YRBB,CTAF,CTAF,124.600
YRBB,MISC,MISC,125.300
YRBB,MISC,MISC,127.100
YRBE,CTAF,CTAF,126.700
YRBE,MISC,MISC,122.300
YRBE,MISC,MISC,124.300
YRBM,CTAF,CTAF,123.400
YRBM,MISC,MISC,119.600
YRBM,MISC,MISC,123.900
YRBN,CTAF,,127.300
YRBR,CTAF,CTAF,121.800
YRBR,MISC,MISC,122.300
YRBR,MISC,MISC,124.300
YRBT,CTAF,CTAF,132.100
YRBT,MISC,MISC,119.600
YRBT,MISC,MISC,123.900
YRDA,CTAF,CTAF,123.900
YRDA,MISC,MISC,119.600
YRDA,MISC,MISC,122.400
YRDM,CTAF,CTAF,123.400
YRDM,MISC,MISC,119.600
YRDM,MISC,MISC,123.900
YRDY,CTAF,CTAF,123.400
YRDY,MISC,MISC,119.600
YRDY,MISC,MISC,123.900
YRED,CTAF,CTAF,127.150
YRED,MISC,MISC,122.800
YRED,MISC,BRISBANE CNTR,125.700
YREN,CTAF,CTAF,126.700
YREN,FSS,MELBOURNE CNTR,124.300
YRHL,CTAF,CTAF,123.400
YRHL,MISC,MISC,119.600
YRHL,MISC,MISC,123.900
YRID,CTAF,CTAF,126.700
YRID,MISC,MISC,135.700
YRKE,CTAF,CTAF,122.400
YRKE,MISC,MISC,116.900
YRKE,MISC,MISC,119.600
YRKE,MISC,MISC,120.700
YRKS,CTAF,CTAF,122.400
YRKS,MISC,MISC,116.900
YRKS,MISC,MISC,119.600
YRKS,MISC,MISC,120.700
YRLE,CTAF,CTAF,125.700
YRLE,MISC,MISC,122.300
YRLE,MISC,MISC,124.300
YRLL,CTAF,CTAF,122.300
YRLL,MISC,MISC,116.900
YRLL,MISC,MISC,119.600
YRLL,MISC,MISC,120.700
YRMD,CTAF,CTAF,126.700
YRMD,FSS,BRISBANE CNTR,123.950
YRNG,CTAF,CTAF,126.700
YRNG,FSS,BRISBANE CNTR,123.400
YRNW,CTAF,CTAF,119.800
YRNW,MISC,MISC,122.300
YRNW,MISC,MISC,124.300
YROB,CTAF,CTAF,119.800
YROE,CTAF,CTAF,122.400
YROE,MISC,MISC,122.300
YROE,MISC,MISC,124.300
YROI,CTAF,CTAF,122.300
YROI,MISC,MISC,119.800
YROI,MISC,MISC,122.100
YROK,CTAF,CTAF,125.700
YROK,MISC,MISC,122.300
YROK,MISC,MISC,124.300
YROM,CTAF,CTAF,126.700
YROM,FSS,BRISBANE CNTR,126.000
YROT,CTAF,CTAF,119.800
YROT,MISC,MISC,122.300
YROT,MISC,MISC,124.300
YROV,CTAF,CTAF,119.800
YROV,MISC,MISC,122.300
YROV,MISC,MISC,124.300
YRRB,CTAF,CTAF,122.400
YRRB,MISC,MISC,122.300
YRRB,MISC,MISC,124.300
YRRG,CTAF,CTAF,126.700
YRRG,MISC,MISC,122.300
YRRG,MISC,MISC,124.300
YRRR,CTAF,CTAF,123.400
YRRR,MISC,MISC,119.600
YRRR,MISC,MISC,123.900
YRSB,CTAF,CTAF,126.700
YRSB,MISC,MISC,126.800
YRSK,CTAF,CTAF,126.700
YRSK,MISC,MISC,122.300
YRSK,MISC,MISC,124.300
YRSV,CTAF,CTAF,124.800
YRSV,MISC,MISC,126.800
YRSY,CTAF,CTAF,126.700
YRSY,MISC,MISC,135.700
YRTI,CTAF,CTAF,126.000
YRTI,FSS,PERTH RADAR,135.250
YRTP,CTAF,CTAF,124.800
YRTP,MISC,MISC,126.700
YRTP,MISC,MISC,126.800
YRUD,CTAF,CTAF,123.400
YRUD,MISC,MISC,122.400
YRVE,CTAF,CTAF,134.200
YRVE,MISC,MISC,122.300
YRVE,MISC,MISC,124.300
YRWA,CTAF,CTAF,134.200
YRWA,MISC,MISC,119.600
YRWA,MISC,MISC,123.900
YRWH,CTAF,CTAF,118.600
YRWH,MISC,MISC,125.300
YRWH,MISC,MISC,127.100
YRXB,CTAF,CTAF,122.000
YRXB,MISC,MISC,122.400
YRYH,CTAF,CTAF,123.400
YRYH,MISC,MISC,122.400
YRYK,CTAF,CTAF,123.900
YRYK,MISC,MISC,119.600
YRYK,MISC,MISC,123.900
YSAH,CTAF,CTAF,123.900
YSAH,MISC,MISC,122.400
YSAI,CTAF,CTAF,123.400
YSAI,MISC,MISC,122.400
YSAN,CTAF,CTAF,122.600
YSAN,MISC,MISC,122.400
YSAR,CTAF,CTAF,120.700
YSAR,MISC,MISC,124.800
YSBK,ATIS,ATIS,120.900
YSBK,CTAF,CTAF,132.800
YSBK,FSS,SYDNEY CENTRE,124.550
YSBK,GND,GND,119.900
YSBK,TWR,TWR,132.800
YSBO,CTAF,CTAF,122.400
YSBO,MISC,MISC,119.800
YSCB,APP/DEP EAST,Approach/Departure EAST of R35,124.500
YSCB,APP/DEP WEST,Approach/Departure WEST of R35 (MELBOURNE CNTR),125.900
YSCB,ATIS,ATIS,127.450
YSCB,ATIS/VOR,ATIS AH,116.700
YSCB,GCCD,GND CLNC DEL,121.700
YSCB,TWR/CTAF,TWR (CTAF AH),118.700
YSCN,ATIS,ATIS,125.100
YSCN,CTAF,CTAF,120.100
YSCN,FSS,SYDNEY RADAR,124.550
YSCN,GND,GND,121.900
YSCN,TWR,TWR,120.100
YSCO,CTAF,CTAF,128.000
YSCO,FSS,BRISBANE CNTR,124.800
YSCR,CTAF,CTAF,119.600
YSCR,MISC,MISC,123.400
YSDL,CTAF,CTAF,122.100
YSDL,MISC,MISC,119.200
YSDL,MISC,MISC,125.800
YSDU,CTAF,CTAF,134.000
YSDU,FSS,MELBOURNE CNTR,123.900
YSDW,CTAF,CTAF,125.800
YSDW,MISC,MISC,119.200
YSDW,MISC,MISC,125.800
YSEN,CTAF,CTAF,119.100
YSEN,MISC,MISC,125.300
YSEN,MISC,MISC,135.250
YSFI,CTAF,CTAF,123.931
YSFI,MISC,MISC,122.400
YSFY,CTAF,CTAF,125.550
YSFY,MISC,MISC,125.800
YSGD,CTAF,CTAF,118.200
YSGD,MISC,MISC,119.200
YSGD,MISC,MISC,125.800
YSGE,CTAF,CTAF,126.700
YSGE,FSS,BRISBANE CNTR,118.950
YSGR,CTAF,CTAF,122.600
YSGR,MISC,MISC,122.600
YSGT,CTAF,CTAF,126.700
YSGT,MISC,MISC,122.400
YSGT,MISC,MISC,123.900
YSGW,CTAF,CTAF,126.700
YSHG,CTAF,CTAF,118.600
YSHG,MISC,MISC,122.100
YSHK,CTAF,CTAF/UNICOM,126.700
YSHK,FSS,MELBOURNE CNTR,122.100
YSHL,CTAF,CTAF,127.300
YSHL,FSS,SYDNEY RADAR,124.550
YSHN,CTAF,CTAF,119.100
YSHN,MISC,MISC,120.000
YSHN,MISC,MISC,125.300
YSHT,FSS,MELBOURNE CNTR,122.400
YSHT,UNIC,CTAF/UNICOM,118.800
YSHW,CTAF,CTAF,124.550
YSHW,MISC,MISC,119.500
YSIA,CTAF,CTAF,118.600
YSIA,MISC,MISC,122.100
YSII,CTAF,CTAF,124.800
YSII,MISC,MISC,126.800
YSLG,CTAF,CTAF,122.100
YSLG,MISC,MISC,122.100
YSLK,CTAF,CTAF,125.800
YSLK,MISC,MISC,120.600
YSLK,MISC,MISC,124.800
YSLN,CTAF,CTAF,118.200
YSLN,MISC,MISC,119.200
YSLN,MISC,MISC,125.800
YSLV,CTAF,CTAF,126.700
YSLV,MISC,MISC,120.600
YSLV,MISC,MISC,122.100
YSMI,CTAF,CTAF,119.100
YSMI,FSS,MELBOURNE CNTR,122.600
YSMP,CTAF,CTAF,122.100
YSMP,MISC,MISC,122.100
YSMR,CTAF,CTAF,118.600
YSMR,MISC,MISC,119.200
YSMR,MISC,MISC,125.800
YSMY,CTAF,CTAF,118.200
YSMY,MISC,MISC,119.200
YSMY,MISC,MISC,125.800
YSNB,CTAF,CTAF,126.700
YSNB,FSS,BRISBANE CNTR,118.150
YSNF,CTAF,CTAF,118.100
YSNF,FSS,AUCKLAND RDO,346.700
YSNT,CTAF,CTAF,118.150
YSNT,MISC,MISC,122.100
YSNW,APP,APP,123.500
YSNW,ATIS,ATIS,28.040
YSNW,CLD,CLNC DEL,128.350
YSNW,CTAF,CTAF,118.850
YSNW,FSS,MELBOURNE CNTR,121.200
YSNW,GND,GND,135.850
YSNW,TWR,TWR,118.850
YSOW,CTAF,CTAF,118.200
YSOW,MISC,MISC,122.600
YSPE,CTAF,CTAF,126.700
YSPE,FSS,BRISBANE CNTR,121.200
YSPF,CTAF,CTAF,120.150
YSPF,MISC,MISC,119.800
YSPI,CTAF,CTAF,122.300
YSPI,MISC,MISC,119.800
YSPK,CTAF,CTAF,126.700
YSPK,MISC,MISC,119.800
YSPT,CTAF,CTAF,119.000
YSPT,MISC,MISC,119.500
YSPV,CTAF,CTAF,125.400
YSPV,MISC,MISC,119.800
YSRD,CTAF,CTAF,126.700
YSRD,MISC,MISC,120.600
YSRD,MISC,MISC,122.100
YSRI,ACP,RICCOM COMD POST,26.170
YSRI,APP,SYDNEY APP,135.900
YSRI,ATIS,ATIS,34.700
YSRI,CTAF,CTAF,135.500
YSRI,FSS,SYDNEY RADAR,124.550
YSRI,GCA,AMC OPS,34.940
YSRI,SFA,AOCS HF NET,897.400
YSRI,SMC,SMC,128.250
YSRI,SMCV,SMCV,121.650
YSRI,TWR,TWR,135.500
YSRN,CTAF,CTAF,122.800
YSRN,MISC,MISC,119.200
YSRN,MISC,MISC,124.100
YSRN,MISC,MISC,125.800
YSRT,CTAF,CTAF,126.000
YSRT,MISC,MISC,119.200
YSRT,MISC,MISC,125.800
YSSY,APP,APP,135.100
YSSY,ATIS,ATIS,115.550
YSSY,CLD,CLNC DEL,133.800
YSSY,DEP,DEP,123.000
YSSY,GND,GND,121.700
YSSY,OPS,RAAF AIR OPS,1123.500
YSSY,TWR,TWR,120.500
YSTA,CTAF,CTAF,119.100
YSTA,FSS,MELBOURNE CNTR,125.800
YSTB,CTAF,CTAF,118.200
YSTB,MISC,MISC,119.200
YSTB,MISC,MISC,125.800
YSTC,CTAF,CTAF,126.700
YSTC,MISC,MISC,120.600
YSTC,MISC,MISC,122.100
YSTH,CTAF,CTAF,126.500
YSTH,MISC,MISC,125.800
YSTO,CTAF,CTAF,122.100
YSTO,MISC,MISC,119.200
YSTO,MISC,MISC,125.800
YSTR,CTAF,CTAF,122.600
YSTR,MISC,MISC,124.100
YSTW,ATIS,ATIS,116.000
YSTW,CTAF,CTAF,119.400
YSTW,FSS,BRISBANE CNTR,127.100
YSTW,GCCD,GND CLNC DEL,121.900
YSTW,TWR,TWR,118.250
YSUJ,CTAF,CTAF,126.700
YSUJ,MISC,MISC,120.600
YSUJ,MISC,MISC,122.100
YSVH,CTAF,CTAF,135.500
YSVH,MISC,MISC,122.400
YSVH,MISC,MISC,123.900
YSVN,CTAF,CTAF,118.200
YSVN,MISC,MISC,119.200
YSVN,MISC,MISC,125.800
YSWA,CTAF,CTAF,126.500
YSWA,MISC,MISC,120.600
YSWA,MISC,MISC,125.800
YSWE,CTAF,CTAF,125.700
YSWE,MISC,MISC,120.600
YSWE,MISC,MISC,125.800
YSWG,CTAF,CTAF,118.200
YSWG,FSS,MELBOURNE CNTR,119.500
YSWH,CTAF,CTAF,119.100
YSWH,FSS,MELBOURNE CNTR,125.800
YSWL,CTAF,CTAF,119.100
YSWL,FSS,MELBOURNE CNTR,125.800
YSYN,CTAF,CTAF,126.700
YTAA,CTAF,CTAF,123.900
YTAA,MISC,MISC,116.000
YTAA,MISC,MISC,127.100
YTAB,CTAF,CTAF,126.700
YTAB,MISC,MISC,120.600
YTAB,MISC,MISC,122.100
YTAD,CTAF,CTAF,119.400
YTAD,MISC,MISC,116.000
YTAD,MISC,MISC,127.100
YTAM,CTAF,CTAF,112.800
YTAM,MISC,MISC,122.400
YTAM,MISC,MISC,125.100
YTAM,MISC,MISC,126.000
YTAN,CTAF,CTAF,126.700
YTAN,MISC,MISC,120.600
YTAN,MISC,MISC,122.100
YTAR,CTAF,CTAF,122.000
YTAR,MISC,MISC,120.600
YTAR,MISC,MISC,122.100
YTBB,CTAF,CTAF,126.700
YTBB,MISC,MISC,119.600
YTBB,MISC,MISC,125.900
YTBG,CTAF,CTAF,119.800
YTBG,MISC,MISC,120.600
YTBG,MISC,MISC,125.800
YTBR,CTAF,CTAF,122.600
YTBR,MISC,MISC,132.900
YTCF,CTAF,CTAF,121.850
YTCF,MISC,MISC,112.300
YTCF,MISC,MISC,120.600
YTCF,MISC,MISC,122.600
YTCK,CTAF,CTAF,119.800
YTCK,MISC,MISC,120.000
YTCY,CTAF,CTAF,120.700
YTCY,MISC,MISC,120.600
YTCY,MISC,MISC,122.100
YTDL,CTAF,CTAF,125.900
YTDL,MISC,MISC,126.500
YTDM,CTAF,CTAF,121.850
YTDM,MISC,MISC,112.300
YTDM,MISC,MISC,120.600
YTDM,MISC,MISC,122.600
YTDN,CTAF,CTAF,124.200
YTDN,MISC,MISC,125.900
YTDR,CTAF,CTAF,122.300
YTDR,MISC,MISC,118.800
YTDR,MISC,MISC,125.300
YTEC,CTAF,CTAF,119.500
YTEC,MISC,MISC,112.900
YTEC,MISC,MISC,120.600
YTEC,MISC,MISC,122.100
YTEE,CTAF,CTAF,126.700
YTEE,FSS,BRISBANE CNTR,123.950
YTEF,CTAF,CTAF,126.700
YTEF,FSS,MELBOURNE CNTR,123.400
YTEF,UNIC,UNICOM,126.700
YTEM,CTAF,CTAF,126.150
YTEM,FSS,MELBOURNE CNTR,126.000
YTEN,CTAF,CTAF,123.900
YTEN,MISC,MISC,112.900
YTEN,MISC,MISC,120.600
YTEN,MISC,MISC,122.100
YTFD,CTAF,CTAF,126.800
YTFD,MISC,MISC,119.600
YTFD,MISC,MISC,126.000
YTGA,CTAF,CTAF,119.400
YTGA,MISC,MISC,116.000
YTGA,MISC,MISC,127.100
YTGG,CTAF,CTAF,122.400
YTGG,MISC,MISC,120.600
YTGG,MISC,MISC,125.800
YTGI,CTAF,CTAF,123.900
YTGI,MISC,MISC,114.100
YTGI,MISC,MISC,123.400
YTGI,MISC,MISC,128.850
YTGM,CTAF,CTAF,126.700
YTGM,FSS,BRISBANE CNTR,118.800
YTGT,CTAF,CTAF,132.100
YTGT,MISC,MISC,112.900
YTGT,MISC,MISC,120.600
YTGT,MISC,MISC,122.100
YTHD,CTAF,CTAF,126.700
YTHD,MISC,MISC,132.900
YTHI,CTAF,CTAF,122.400
YTHI,MISC,MISC,132.900
YTHR,CTAF,CTAF,122.400
YTHR,MISC,MISC,132.900
YTHY,CTAF,CTAF,118.800
YTHY,MISC,MISC,118.800
YTHY,MISC,MISC,125.300
YTIB,CTAF,CTAF,126.700
YTIB,FSS,MELBOURNE CNTR,126.500
YTII,CTAF,CTAF,118.800
YTII,MISC,MISC,114.100
YTII,MISC,MISC,123.400
YTII,MISC,MISC,128.850
YTIT,CTAF,CTAF,119.800
YTIT,MISC,MISC,132.900
YTJI,CTAF,CTAF,130.900
YTJI,MISC,MISC,112.300
YTJI,MISC,MISC,120.600
YTJI,MISC,MISC,122.600
YTJU,CTAF,CTAF,121.850
YTJU,MISC,MISC,112.300
YTJU,MISC,MISC,120.600
YTJU,MISC,MISC,122.600
YTKS,CTAF,CTAF,120.000
YTKS,MISC,MISC,125.900
YTKY,CTAF,CTAF,125.700
YTKY,MISC,MISC,119.600
YTKY,MISC,MISC,125.900
YTLG,CTAF,CTAF,124.100
YTLG,MISC,MISC,116.000
YTLG,MISC,MISC,127.100
YTLL,CTAF,CTAF,123.900
YTLL,MISC,MISC,114.100
YTLL,MISC,MISC,123.400
YTLL,MISC,MISC,128.850
YTLT,CTAF,CTAF,122.400
YTLT,MISC,MISC,120.600
YTLT,MISC,MISC,122.100
YTMB,CTAF,CTAF,124.800
YTMB,MISC,MISC,120.600
YTMB,MISC,MISC,125.800
YTMN,CTAF,CTAF,132.100
YTMN,MISC,MISC,120.600
YTMN,MISC,MISC,122.100
YTMO,CTAF,CTAF,127.300
YTMO,FSS,BRISBANE CNTR,122.400
YTMS,CTAF,CTAF,120.500
YTMS,MISC,MISC,120.600
YTMS,MISC,MISC,125.800
YTMS,MISC,MISC,127.100
YTMU,CTAF,CTAF,126.700
YTMU,FSS,MELBOURNE CNTR,119.500
YTMY,CTAF,CTAF,121.850
YTMY,MISC,MISC,112.300
YTMY,MISC,MISC,120.600
YTMY,MISC,MISC,122.600
YTNE,CTAF,CTAF,119.500
YTNE,MISC,MISC,112.900
YTNE,MISC,MISC,120.600
YTNE,MISC,MISC,122.100
YTNG,CTAF,CTAF,126.700
YTNG,FSS,BRISBANE CNTR,119.550
YTNK,CTAF,CTAF,126.700
YTNK,FSS,BRISBANE CNTR,122.100
YTNN,CTAF,CTAF,122.600
YTNN,MISC,MISC,112.900
YTNN,MISC,MISC,120.600
YTNN,MISC,MISC,122.100
YTNR,CTAF,CTAF,118.100
YTNR,MISC,MISC,120.600
YTNR,MISC,MISC,122.100
YTNS,CTAF,CTAF,124.800
YTNS,MISC,MISC,118.600
YTNS,MISC,MISC,122.200
YTOA,CTAF,CTAF,121.850
YTOA,MISC,MISC,112.300
YTOA,MISC,MISC,120.600
YTOA,MISC,MISC,122.600
YTOB,CTAF,CTAF,119.800
YTOB,MISC,MISC,118.600
YTOB,MISC,MISC,122.200
YTOC,CTAF,CTAF,125.500
YTOC,FSS,MELBOURNE CNTR,118.600
YTOG,CTAF,CTAF,122.900
YTOG,MISC,MISC,118.600
YTOG,MISC,MISC,122.200
YTOK,CTAF,CTAF,122.300
YTOK,MISC,MISC,120.000
YTOS,CTAF,CTAF,119.500
YTOS,MISC,MISC,112.900
YTOS,MISC,MISC,120.600
YTOS,MISC,MISC,122.100
YTOT,CTAF,CTAF,123.900
YTOT,MISC,MISC,120.000
YTQY,CTAF,CTAF,119.000
YTQY,MISC,MISC,120.000
YTRB,CTAF,CTAF,126.800
YTRB,MISC,MISC,120.000
YTRC,CTAF,CTAF,122.100
YTRC,MISC,MISC,116.000
YTRC,MISC,MISC,127.100
YTRE,CTAF,CTAF,118.100
YTRE,FSS,BRISBANE CNTR,120.550
YTRK,CTAF,CTAF,125.700
YTRK,MISC,MISC,119.600
YTRK,MISC,MISC,125.900
YTST,CTAF,CTAF,128.000
YTST,FSS,BRISBANE CNTR,120.750
YTTE,CTAF,CTAF,122.100
YTTE,MISC,MISC,118.800
YTTE,MISC,MISC,125.300
YTTI,CTAF,CTAF,128.000
YTTI,MISC,MISC,132.900
YTUA,CTAF,CTAF,125.550
YTUA,MISC,MISC,114.100
YTUA,MISC,MISC,123.400
YTUA,MISC,MISC,128.850
YTUC,CTAF,CTAF,122.600
YTUC,MISC,MISC,132.900
YTUN,CTAF,CTAF,126.700
YTUN,MISC,MISC,119.500
YTUY,CTAF,CTAF,124.600
YTUY,MISC,MISC,114.100
YTUY,MISC,MISC,123.400
YTUY,MISC,MISC,128.850
YTVA,CTAF,CTAF,119.800
YTVA,MISC,MISC,120.600
YTVA,MISC,MISC,125.800
YTWB,CTAF,CTAF,127.650
YTWB,FSS,BRISBANE CNTR,121.200
YTWE,CTAF,CTAF,122.300
YTWE,MISC,MISC,114.100
YTWE,MISC,MISC,123.400
YTWE,MISC,MISC,128.850
YTWN,CTAF,CTAF,127.100
YTWN,MISC,MISC,125.900
YTYA,CTAF,CTAF,128.000
YTYH,CTAF,CTAF,126.700
YTYH,MISC,MISC,119.500
YTYN,CTAF,CTAF,120.700
YTYN,MISC,MISC,132.900
YUCH,CTAF,CTAF,125.700
YUCH,MISC,MISC,119.600
YUCH,MISC,MISC,125.900
YUDG,CTAF,CTAF,122.400
YUDG,MISC,MISC,119.500
YUDL,CTAF,CTAF,122.400
YUDL,MISC,MISC,119.500
YUMB,CTAF,CTAF,125.700
YUMB,MISC,MISC,119.600
YUMB,MISC,MISC,125.900
YUMU,CTAF,CTAF,125.700
YUMU,MISC,MISC,119.600
YUMU,MISC,MISC,125.900
YUNY,CTAF,CTAF,125.400
YUNY,MISC,MISC,119.600
YUNY,MISC,MISC,122.400
YUPG,CTAF,CTAF,122.600
YUPG,MISC,MISC,119.600
YUPG,MISC,MISC,125.900
YUPH,CTAF,CTAF,127.100
YUPH,MISC,MISC,119.500
YUTP,CTAF,CTAF,119.800
YUTP,MISC,MISC,119.600
YUTP,MISC,MISC,125.900
YUTS,CTAF,CTAF,119.800
YUTS,MISC,MISC,119.600
YUTS,MISC,MISC,125.900
YVAF,CTAF,CTAF,126.500
YVAF,MISC,MISC,119.500
YVIV,CTAF,CTAF,125.700
YVIV,MISC,MISC,124.800
YVLG,CTAF,CTAF,119.800
YVLG,MISC,MISC,119.500
YVNS,CTAF,CTAF,132.100
YVNS,MISC,MISC,119.600
YVNS,MISC,MISC,125.900
YVRD,CTAF,CTAF,126.700
YVRD,MISC,MISC,118.100
YVRS,CTAF,CTAF,126.700
YVRS,MISC,MISC,118.600
YVSH,CTAF,CTAF,118.150
YVSH,MISC,MISC,119.600
YVSH,MISC,MISC,125.900
YVVA,CTAF,CTAF,125.800
YVVA,MISC,MISC,118.600
YVVL,CTAF,CTAF,118.200
YVVL,MISC,MISC,118.600
YWAB,CTAF,CTAF,126.700
YWAB,MISC,MISC,119.600
YWAB,MISC,MISC,124.300
YWAC,CTAF,CTAF,122.400
YWAC,MISC,MISC,119.600
YWAC,MISC,MISC,124.300
YWAG,CTAF,CTAF,120.000
YWAG,MISC,MISC,135.700
YWAL,CTAF,CTAF,118.600
YWAL,MISC,MISC,119.600
YWAL,MISC,MISC,124.300
YWAT,CTAF,CTAF,122.100
YWAT,MISC,MISC,121.200
YWAV,CTAF,CTAF,134.200
YWAV,MISC,MISC,119.600
YWAV,MISC,MISC,124.300
YWBH,CTAF,CTAF,124.800
YWBH,MISC,MISC,117.600
YWBH,MISC,MISC,122.400
YWBH,MISC,MISC,127.100
YWBI,CTAF,CTAF,122.100
YWBI,MISC,MISC,119.600
YWBI,MISC,MISC,124.300
YWBL,CTAF,CTAF,126.000
YWBL,FSS,MELBOURNE CNTR,125.800
YWBN,CTAF,CTAF,124.550
YWBN,MISC,MISC,125.000
YWBR,CTAF,CTAF,127.100
YWBR,FSS,MELBOURNE  CNTR,130.900
YWBS,CTAF,CTAF,120.300
YWBS,MISC,MISC,125.700
YWCA,CTAF,CTAF,126.700
YWCA,FSS,MELBOURNE CNTR,124.900
YWCH,CTAF,CTAF,125.750
YWCH,MISC,MISC,115.000
YWCH,MISC,MISC,119.500
YWCH,MISC,MISC,122.800
YWCK,CTAF,CTAF,127.850
YWCK,FSS,BRISBANE CNTR,121.200
YWCM,CTAF,CTAF,123.900
YWCM,MISC,MISC,120.600
YWCM,MISC,MISC,120.700
YWDA,CTAF,CTAF,126.700
YWDA,MISC,MISC,122.600
YWDH,CTAF,CTAF,126.700
YWDH,FSS,BRISBANE CNTR,118.800
YWDJ,CTAF,CTAF,122.100
YWDJ,MISC,MISC,122.600
YWDL,CTAF,CTAF,126.700
YWDL,MISC,MISC,122.300
YWDL,MISC,MISC,124.600
YWDT,CTAF,CTAF,119.800
YWDT,MISC,MISC,120.150
YWEC,CTAF,CTAF,126.700
YWEC,MISC,MISC,112.800
YWEC,MISC,MISC,119.600
YWEC,MISC,MISC,122.100
YWEE,CTAF,CTAF,123.400
YWEE,MISC,MISC,122.600
YWEL,CTAF,CTAF,123.900
YWEL,MISC,MISC,112.800
YWEL,MISC,MISC,119.600
YWEL,MISC,MISC,122.100
YWEO,CTAF,CTAF,122.600
YWEO,MISC,MISC,119.600
YWEO,MISC,MISC,124.300
YWER,CTAF,CTAF,125.700
YWER,MISC,MISC,112.800
YWER,MISC,MISC,119.600
YWER,MISC,MISC,122.100
YWEX,CTAF,CTAF,124.800
YWEX,MISC,MISC,119.600
YWEX,MISC,MISC,124.300
YWFD,CTAF,CTAF,122.600
YWFD,MISC,MISC,119.600
YWFD,MISC,MISC,124.300
YWGM,CTAF,White Gum Traffic,126.700
YWGT,CTAF,CTAF,119.100
YWGT,FSS,MELBOURNE CNTR,125.200
YWGW,CTAF,CTAF,118.400
YWGW,MISC,MISC,122.600
YWHA,CTAF,CTAF,126.900
YWHA,FSS,MELBOURNE CNTR,123.900
YWHC,CTAF,CTAF,126.700
YWHC,MISC,MISC,120.500
YWHC,MISC,MISC,124.900
YWHI,CTAF,CTAF,135.500
YWHI,MISC,MISC,120.500
YWHI,MISC,MISC,124.900
YWHL,CTAF,CTAF,134.400
YWHL,MISC,MISC,119.600
YWHL,MISC,MISC,124.300
YWIB,CTAF,CTAF,125.700
YWIB,MISC,MISC,124.800
YWIE,CTAF,CTAF,128.550
YWIE,MISC,MISC,119.600
YWIE,MISC,MISC,122.100
YWIL,CTAF,CTAF,135.500
YWIL,MISC,MISC,120.500
YWIL,MISC,MISC,124.900
YWIO,CTAF,CTAF,124.550
YWIO,MISC,MISC,125.700
YWIS,CTAF,CTAF,126.700
YWIS,FSS,BRISBANE CNTR,119.550
YWKB,CTAF,CTAF,126.700
YWKB,FSS,MELBOURNE CNTR,125.800
YWKI,CTAF,CTAF,126.700
YWKI,FSS,MELBOURNE CNTR,124.300
YWKM,CTAF,CTAF,120.000
YWKM,MISC,MISC,123.400
YWKM,MISC,MISC,125.100
YWKM,MISC,MISC,125.900
YWKW,CTAF,CTAF,124.800
YWKW,MISC,MISC,119.200
YWKW,MISC,MISC,125.200
YWLA,CTAF,CTAF,120.500
YWLA,MISC,MISC,120.600
YWLA,MISC,MISC,120.700
YWLA,MISC,MISC,122.100
YWLB,CTAF,CTAF,134.200
YWLB,MISC,MISC,119.600
YWLB,MISC,MISC,124.300
YWLG,CTAF,CTAF,126.700
YWLG,FSS,BRISBANE CNTR,127.100
YWLH,CTAF,CTAF,118.600
YWLH,MISC,MISC,119.600
YWLH,MISC,MISC,124.300
YWLM,APP,WILLY APP,135.700
YWLM,ATIS,ATIS,31.610
YWLM,CLD,CLNC DEL,130.350
YWLM,CTAF,CTAF,118.300
YWLM,FSS,BRISBANE CNTR,125.700
YWLM,GND,GND,121.800
YWLM,TWR,TWR,118.300
YWLN,CTAF,CTAF,119.500
YWLN,MISC,MISC,122.600
YWLP,CTAF,CTAF,118.300
YWLP,MISC,MISC,125.700
YWLU,CTAF,CTAF,127.200
YWLU,FSS,MELBOURNE CNTR,118.950
YWMA,CTAF,CTAF,126.700
YWMA,MISC,MISC,122.300
YWMA,MISC,MISC,124.600
YWMC,CTAF,Lake Eyre Broadcast area,127.800
YWMG,CTAF,CTAF,124.800
YWMG,MISC,MISC,125.000
YWML,CTAF,CTAF,126.700
YWML,MISC,MISC,122.300
YWML,MISC,MISC,126.000
YWMM,CTAF,CTAF,128.550
YWMM,MISC,MISC,119.600
YWMM,MISC,MISC,122.100
YWMP,CTAF,CTAF,126.700
YWMP,MISC,MISC,120.150
YWMY,CTAF,CTAF,126.700
YWMY,MISC,MISC,120.600
YWMY,MISC,MISC,120.700
YWNA,CTAF,CTAF,122.000
YWNA,MISC,MISC,122.200
YWNA,MISC,MISC,123.900
YWND,CTAF,CTAF,126.700
YWND,MISC,MISC,122.300
YWND,MISC,MISC,124.600
YWNI,CTAF,CTAF,122.100
YWNI,MISC,MISC,121.200
YWNO,CTAF,CTAF,118.400
YWNO,MISC,MISC,122.600
YWNS,CTAF,CTAF,122.100
YWNS,MISC,MISC,135.700
YWOH,CTAF,CTAF,120.600
YWOH,MISC,MISC,122.600
YWOH,MISC,MISC,124.800
YWOM,CTAF,CTAF,125.750
YWOM,MISC,MISC,122.300
YWOM,MISC,MISC,124.600
YWOR,CTAF,CTAF,125.700
YWOR,MISC,MISC,122.600
YWOV,CTAF,CTAF,125.800
YWOV,MISC,MISC,122.300
YWOV,MISC,MISC,124.600
YWOX,CTAF,CTAF,118.324
YWOX,MISC,MISC,122.000
YWPA,CTAF,CTAF,121.200
YWPA,MISC,MISC,122.600
YWPE,CTAF,CTAF,124.300
YWPL,CTAF,CTAF,121.850
YWPL,MISC,MISC,122.600
YWRA,CTAF,CTAF,122.400
YWRA,MISC,MISC,122.300
YWRA,MISC,MISC,124.600
YWRE,CTAF,CTAF,122.338
YWRE,MISC,MISC,119.600
YWRE,MISC,MISC,122.100
YWRL,CTAF,CTAF,127.100
YWRL,MISC,MISC,119.200
YWRL,MISC,MISC,125.200
YWRN,CTAF,CTAF,126.700
YWRN,FSS,MELBOURNE CNTR,123.900
YWRT,CTAF,CTAF,119.100
YWRT,MISC,MISC,119.200
YWRT,MISC,MISC,125.200
YWRV,CTAF,CTAF,122.200
YWRV,MISC,MISC,119.600
YWRV,MISC,MISC,124.300
YWSD,CTAF,CTAF,122.600
YWSD,MISC,MISC,122.300
YWSD,MISC,MISC,126.000
YWSG,CTAF,CTAF,127.300
YWSG,MISC,MISC,125.000
YWSI,CTAF,CTAF,120.700
YWSI,MISC,MISC,122.600
YWSL,APP,SALE APP,123.300
YWSL,CLD,SALE CLNC DEL,133.600
YWSL,CTAF,CTAF,118.300
YWSL,FSS,MELBOURNE CNTR,124.000
YWSX,CTAF,CTAF,124.300
YWTL,CTAF,CTAF,122.400
YWTL,MISC,MISC,119.600
YWTL,MISC,MISC,124.300
YWTN,CTAF,CTAF,126.700
YWTN,FSS,BRISBANE CNTR,122.100
YWTO,CTAF,CTAF,123.900
YWTO,MISC,MISC,112.800
YWTO,MISC,MISC,119.600
YWTO,MISC,MISC,122.100
YWTV,CTAF,CTAF,122.100
YWTV,MISC,MISC,121.200
YWUD,CTAF,CTAF,126.700
YWUD,FSS,MELBOURNE CNTR,125.900
YWVA,CTAF,CTAF,132.100
YWVA,MISC,MISC,125.700
YWWA,CTAF,CTAF,127.100
YWWA,MISC,MISC,125.000
YWWG,CTAF,CTAF,124.300
YWWH,CTAF,CTAF,128.550
YWWH,MISC,MISC,112.800
YWWH,MISC,MISC,119.600
YWWH,MISC,MISC,122.100
YWWI,CTAF,CTAF,123.400
YWWI,MISC,MISC,122.600
YWWL,CTAF,CTAF,126.700
YWWL,FSS,MELBOURNE CNTR,126.000
YWYA,CTAF,CTAF,126.700
YWYA,MISC,MISC,124.800
YWYA,MISC,MISC,125.100
YWYB,CTAF,CTAF,122.100
YWYB,MISC,MISC,125.100
YWYB,MISC,MISC,125.900
YWYF,CTAF,CTAF,125.800
YWYF,MISC,MISC,124.800
YWYF,MISC,MISC,125.100
YWYM,CTAF,CTAF,127.400
YWYM,FSS,BRISBANE CNTR,122.400
YWYY,AWIS,AWS Weather,133.350
YWYY,CTAF,CTAF,126.900
YWYY,FSS,MELBOURNE CNTR,122.600
YXTA,CTAF,CTAF,119.400
YXTA,MISC,MISC,116.000
YXTA,MISC,MISC,127.100
YYAA,CTAF,CTAF,124.900
YYAA,MISC,MISC,115.800
YYAA,MISC,MISC,119.600
YYAA,MISC,MISC,122.600
YYAC,CTAF,CTAF,128.550
YYAC,MISC,MISC,115.800
YYAC,MISC,MISC,119.600
YYAC,MISC,MISC,122.600
YYAK,CTAF,CTAF,124.900
YYAK,MISC,MISC,115.800
YYAK,MISC,MISC,119.600
YYAK,MISC,MISC,122.600
YYAL,CTAF,CTAF,124.800
YYAL,MISC,MISC,119.600
YYAL,MISC,MISC,122.400
YYBE,CTAF,CTAF,122.300
YYBE,MISC,MISC,115.800
YYBE,MISC,MISC,119.600
YYBE,MISC,MISC,122.600
YYDE,CTAF,CTAF,124.800
YYDE,MISC,MISC,119.600
YYDE,MISC,MISC,122.400
YYDM,CTAF,CTAF,119.800
YYDM,MISC,MISC,119.600
YYDM,MISC,MISC,122.400
YYEA,CTAF,CTAF,122.400
YYEA,MISC,MISC,125.200
YYER,CTAF,CTAF,118.400
YYER,MISC,MISC,119.600
YYER,MISC,MISC,122.400
YYGG,CTAF,CTAF,126.000
YYGG,MISC,MISC,119.600
YYGG,MISC,MISC,122.400
YYLD,CTAF,CTAF,124.900
YYLD,MISC,MISC,115.800
YYLD,MISC,MISC,119.600
YYLD,MISC,MISC,122.600
YYLG,CTAF,CTAF,124.800
YYLG,MISC,MISC,119.600
YYLG,MISC,MISC,122.400
YYLR,CTAF,CTAF,122.600
YYLR,MISC,MISC,119.600
YYLR,MISC,MISC,122.400
YYMI,CTAF,CTAF,124.900
YYMI,MISC,MISC,115.800
YYMI,MISC,MISC,119.600
YYMI,MISC,MISC,122.600
YYND,CTAF,CTAF,126.700
YYND,FSS,MELBOURNE CNTR,119.800
YYNG,CTAF,CTAF,126.700
YYNG,FSS,MELBOURNE CNTR,135.250
YYNR,CTAF,CTAF,124.800
YYNR,MISC,MISC,119.600
YYNR,MISC,MISC,122.400
YYOO,CTAF,CTAF,124.800
YYOO,MISC,MISC,119.600
YYOO,MISC,MISC,122.400
YYOR,CTAF,CTAF,126.700
YYOR,PAL,Pilot Activated Lighting,122.200
YYRK,CTAF,CTAF,120.700
YYRK,MISC,MISC,119.600
YYRK,MISC,MISC,122.400
YYRM,CTAF,CTAF,126.700
YYRM,MISC,MISC,115.800
YYRM,MISC,MISC,119.600
YYRM,MISC,MISC,122.600
YYRM,MISC,MISC,124.000
YYRN,CTAF,CTAF,124.800
YYRN,MISC,MISC,119.600
YYRN,MISC,MISC,122.400
YYRW,CTAF,CTAF,123.900
YYRW,MISC,MISC,119.600
YYRW,MISC,MISC,122.400
YYUM,CTAF,CTAF,119.800
YYUM,MISC,MISC,119.600
YYUM,MISC,MISC,122.400
YYUN,CTAF,CTAF,123.900
YYUN,MISC,MISC,119.600
YYUN,MISC,MISC,122.400
YYWG,CTAF,CTAF,126.700
YYWG,FSS,MELBOURNE CNTR,125.200
YZAN,CTAF,CTAF,122.100
YZAN,MISC,MISC,119.600
YZAN,MISC,MISC,122.400
ZBAA,APP,BEIJING APP AREA 1,119.600
ZBAA,APP,BEIJING APP AREA 4,119.700
ZBAA,APP,BEIJING APP AREA 3,120.600
ZBAA,APP,BEIJING APP AREA 6,121.100
ZBAA,APP,BEIJING APP AREA 2,126.100
ZBAA,APP,BEIJING APP AREA 5,127.750
ZBAA,ATIS,BEIJING ATIS,127.600
ZBAA,CLD,BEIJING DEL,121.600
ZBAA,GND,GND EAST,121.700
ZBAA,GND,BEIJING GND,121.700
ZBAA,GND,GND WEST,121.900
ZBAA,TWR,BEIJING EAST TWR,118.500
ZBAA,TWR,RWY 01/19 TWR,118.600
ZBAA,TWR,BEIJING  WEST TWR,124.300
ZBAD,AP01,,126.100
ZBAD,AP02,,119.000
ZBAD,AP03,,126.500
ZBAD,APN01,,122.250
ZBAD,APN02,,122.700
ZBAD,ATIS-I,ATIS arrival,127.225
ZBAD,ATIS-O,ATIS departure,128.400
ZBAD,GND01,,121.975
ZBAD,GND02,,121.625
ZBAD,TWR01,,118.825
ZBAD,TWR02,,118.375
ZBBB,ACC,Beijing Center,125.900
ZBDS,ATIS,Automatic Terminal Information Services Frequency,126.800
ZBDS,RWY 13 DME,IDS DME,110.100
ZBDS,RWY 13 ILS,IDS ILS,110.100
ZBDS,RWY 31 DME,IGG DME,108.700
ZBDS,RWY 31 ILS,IGG ILS,108.700
ZBDS,TWR,Ordos Tower Frequency,118.150
ZBDS,VOR,HDS VOR,116.100
ZBHH,ATIS,,126.250
ZBHH,GND,HOHHOT GND,121.650
ZBHH,TWR,HOHHOT TWR,118.100
ZBLA,TWR,HAILAR TWR,118.100
ZBSJ,TWR,SHIJIAZHUANG TWR,118.350
ZBTJ,APP,TIANJIN APP,118.200
ZBTJ,ATIS,ATIS,126.400
ZBTJ,GND,RAMP CON,121.750
ZBTJ,TWR,TIANJIN TWR,118.200
ZBTJ,TWR,TIANJIN TWR,118.425
ZBTJ,TWR,TIANJIN TWR,118.875
ZBTJ,TWR,TIANJIN TWR,130.000
ZBUH,GP 19,GP,329.300
ZBUH,LOC 19,LOC19 ILS CAT I,108.900
ZBUH,WUA VOR/DME,VOR/DME,113.900
ZBUH,WuHai TWR,WUA Tower Frequency,118.050
ZBYN,TWR,TAIYUAN TWR,118.250
ZGGG,APP,GUANGZHOU,120.400
ZGGG,ATIS,ATIS,128.600
ZGGG,CLD,CLD,121.950
ZGGG,GND,GND,121.750
ZGGG,TWR,TWR,118.100
ZGHA,APP,CHANGSHU,119.650
ZGHA,ATIS,ATIS,128.800
ZGHA,GND,GND,121.750
ZGHA,TWR,TWR,118.550
ZGKL,ATIS,ATIS,126.450
ZGKL,GND,GND,121.650
ZGKL,TWR,TWR,118.000
ZGNN,GND,NANNING GND,121.750
ZGNN,TWR,NANNING TWR,130.000
ZGSZ,APP,ZHUHAI APP,120.350
ZGSZ,ATIS,ATIS,127.450
ZGSZ,CLD,CLD,127.950
ZGSZ,GND,GND,121.650
ZGSZ,TWR,TWR,118.450
ZHCC,ATIS,ATIS,128.450
ZHCC,GND,ZHENGZHOU GND,121.750
ZHCC,TWR,ZHENGZHOU TWR,130.000
ZHHH,ATIS,ATIS,126.600
ZHHH,GND,WUHAN GND,121.650
ZHHH,TWR,WUHAN TWR,122.700
ZJHK,APP,HAIKOU APP,119.150
ZJHK,ATIS,ATIS,127.650
ZJHK,ATIS DEP,HAIKOU ATIS,126.625
ZJHK,DCL,HAIKOU DELIVERY,121.900
ZJHK,GND,GND,121.650
ZJHK,TWR,HAIKOU TWR,118.225
ZJHK,TWR,HAIKOU TWR,118.550
ZJSY,TWR,FENGHUANG TWR,118.150
ZKPY,APP,APP,130.000
ZKPY,GND,GND,121.800
ZKPY,TWR,TWR,118.300
ZLLL,TWR,LANZHOU TWR,118.100
ZLXY,APP,APP,119.600
ZLXY,ATIS,ATIS,127.450
ZLXY,CLD,,121.600
ZLXY,DEP,,128.650
ZLXY,GND,GND,121.800
ZLXY,TWR,TWR,124.300
ZMBH,APP,APP,130.000
ZMBH,RDO,RDO,571.500
ZMBU,INFO,SHARGA,130.000
ZMBU,RDO,SHARGA,550.500
ZMCD,APP,ONON APP,130.000
ZMCD,RDO,ONON RDO,550.500
ZMCK,APP,,120.000
ZMCK,ATIS,,123.700
ZMCK,TWR,CONTROL TOWER,129.000
ZMDZ,APP,HONGOR APP,128.000
ZMDZ,RDO,HONGOR RDO,550.500
ZMKD,APP,KHAR US APP,130.000
ZMKD,RDO,KHAR US RDO,571.500
ZMMN,ACC,CON,128.000
ZMMN,APP,APP,130.000
ZMMN,RDO,RDO,571.500
ZMUB,APP,ULAANBAATAR APP,120.000
ZMUB,ATIS,ATIS,125.000
ZMUB,GROUND,,126.000
ZMUB,TWR,,120.000
ZPJH,APP,BANNA APP,119.100
ZPJH,ATIS,,116.225
ZPJH,TWR,BANNA TWR,118.600
ZPPP,APP,KUNMING APP,124.220
ZPPP,ATIS,ATIS,128.450
ZPPP,GND,KUNMING GND,121.850
ZPPP,TWR,KUNMING TWR,118.100
ZPPP,TWR,,118.850
ZSAM,APP,XIAMEN APP,121.350
ZSAM,ATIS,ATIS,126.250
ZSAM,GND,XIAMEN GND,121.700
ZSAM,TWR,XIAMEN TWR,118.250
ZSCN,ATIS,ATIS,128.400
ZSCN,GND,NANCHANG GND,121.700
ZSCN,TWR,NANCHANG TWR,118.650
ZSFZ,APP,FUZHOU APP,119.450
ZSFZ,ATIS,ATIS,126.400
ZSFZ,GND,FUZHOU GND,121.900
ZSFZ,TWR,FUZHOU TWR,118.450
ZSHC,APP,HANGZHOU APP AREA 1,125.550
ZSHC,APP,HANGZHOU APP AREA 2,126.050
ZSHC,ATIS,HANGZHOU ATIS,127.250
ZSHC,GND,HANGZHOU GND,121.750
ZSHC,TWR,HANGZHOU TWR,118.300
ZSJG,TWR,,118.775
ZSJN,ATIS,ATIS,127.050
ZSJN,TWR,JINAN TWR,118.550
ZSNB,GND,NINGBO GND,121.850
ZSNB,TWR,NINGBO TWR,118.350
ZSNJ,APP,NANJING APP,119.250
ZSNJ,ATIS,ATIS,126.250
ZSNJ,GND,NANJING GND,121.700
ZSNJ,TWR,NANJING TWR,118.850
ZSOF,ATIS,ATIS,128.850
ZSOF,TWR,HEFEI TWR,118.750
ZSPD,APP,SHANGHAI APP  SCTR 2,119.750
ZSPD,APP,SHANGHAI APP  SCTR 1,120.300
ZSPD,APP,SHAINGHAI APP SCTR 3,121.300
ZSPD,APP,SHANGHAI APP SCRT 4,123.800
ZSPD,APP,,126.300
ZSPD,ATIS,ATIS,127.850
ZSPD,CLD,DEL,121.950
ZSPD,GND,GND WEST,121.650
ZSPD,GND,GND EAST,121.800
ZSPD,TWR,TWR02 EAST,118.400
ZSPD,TWR,TWR01 17L/35R,118.800
ZSPD,TWR,TWR03 RWY 17R/35L,124.350
ZSSS,APP,SHANGHAI APP SCTR 2,119.750
ZSSS,APP,SHANGHAI APP SCTR 1,120.300
ZSSS,APP,SHANGHAI APP SCTR 3,121.300
ZSSS,APP,SHANGHAI APP SCTR 4,123.800
ZSSS,ATIS,ATIS,132.250
ZSSS,CLD,DELIVERY,121.750
ZSSS,GND,GND,121.600
ZSSS,TWR,TWR,118.100
ZSWH,ATIS,ATIS,127.050
ZSWH,TWR,WEIHAI TWR,130.000
ZSXZ,TWR,XUZ,118.250
ZUCK,APP,CHONGQING APP,125.200
ZUCK,ATIS,ATIS,126.400
ZUCK,GND,CHONGQING GND,121.750
ZUCK,TWR,CHONGQING TWR,118.200
ZUGY,APP,GUIYING APP,126.050
ZUGY,ATIS,,127.050
ZUGY,GND,GUIYANG GND,121.600
ZUGY,TWR,GUIYANG TWR,118.300
ZULS,GND,Ground Control,121.650
ZULS,TWR,Tower,118.250
ZUUU,APP,CHENGDU APP AREA 2,119.700
ZUUU,APP,CHENGDU APP AREA 1,125.600
ZUUU,ATIS,ATIS,128.600
ZUUU,GND,CHENGDU GND,121.850
ZUUU,TWR,CHENGDU TWR,123.000
ZUXC,TWR,XICHANG TWR,130.000
ZWSH,TWR,TWR,118.500
ZWTN,TWR,TWR,118.650
ZWWW,ATIS,ATIS,126.700
ZWWW,GND,GND,121.650
ZWWW,TWR,TWR,118.100
ZYCC,APP,CHANGCHUN APP,119.450
ZYCC,ATIS,ATIS,126.250
ZYCC,TWR,TWR,118.450
ZYHB,ATIS,ATIS,127.400
ZYHB,TWR,HARBIN TWR,118.700
ZYJM,TWR,TWR,130.000
ZYMD,TWR,MUDANJIANG TWR,130.000
ZYQQ,TWR,QIQIHAR,130.000
ZYTL,APP,DALIAN APP,123.850
ZYTL,ATIS,ATIS,126.650
ZYTL,TWR,DALIAN TWR,118.250
ZYTX,APPR,taoxian approach low fan,119.825
ZYTX,ATIS,ATIS,127.450
ZYTX,DEL,Taoxian Delivery,121.675
ZYTX,GND,Taoxian Ground,121.900
ZYTX,GND,Taoxian Apron,121.950
ZYTX,TWR,SHENYANG TWR,118.100
ZYYJ,TWR,TWR,130.000
