ident,le_ident,he_ident,length_ft,width_ft,surface,lighted,closed,le_lat,le_lon,he_lat,he_lon,le_heading
AGAF,06,24,1501,131,Coral grass,0,0,,,,,
AGAR,11,29,2822,66,Coral,0,0,,,,,
AGAT,13,31,2769,49,Crushed coral,0,0,,,,,
AGBT,17,35,2028,49,grass coral,0,0,,,,,
AGEV,15,33,2297,82,Gravel dirt,0,0,,,,,
AGGA,18,36,3100,,,0,0,,,,,
AGGB,11,29,2187,59,Coral sand,0,0,,,,,
AGGC,13,31,2164,82,Sand grass,0,0,,,,,
AGGE,05,23,5413,,,0,0,,,,,
AGGF,18,36,1854,82,Grass,0,0,,,,,
AGGH,06,24,7218,148,Asphalt,1,0,-9.4317,160.0450,-9.4243,160.0640,68
AGGI,17,35,1953,72,Grass,0,0,,,,,
AGGJ,14,32,2461,98,Grass,0,0,,,,,
AGGK,10,28,4377,,,0,0,,,,,
AGGL,05,23,2999,,Coral,0,0,,,,,
AGGM,07,25,4593,98,Asphalt,0,0,-8.3292,157.2570,-8.3268,157.2690,79
AGGN,14,32,2871,75,,0,0,-8.0951,156.8620,-8.1019,156.8662,
AGGO,04,22,3281,,,0,0,,,,,
AGGP,12,30,2156,79,Coral,0,0,,,,,
AGGR,12,30,2206,66,Coral,0,0,,,,,
AGGS,10,28,3002,,,0,0,,,,,
AGGT,11,29,2655,75,Coral,0,0,,,,,
AGGU,05,23,2001,98,Coral,0,0,,,,,
AGGV,04,22,2789,79,Sand grass,0,0,,,,,
AGKG,14,32,2428,148,Sand/grass,0,0,,,,,
AGKU,13,31,1821,66,Graded earth,0,0,,,,,
AGKW,08,26,1896,66,Limestone/Grass,0,0,,,,,
AGLM,10,28,3477,98,Gravel,0,0,-10.2960,166.3226,-10.2975,166.3318,100
AGNA,12,30,2657,66,Soil and Grass,0,0,,,,,
AGOK,07,25,1936,121,Gravel,0,0,,,,,
AGRC,01,19,2461,75,Coral grass,0,0,,,,,
AGRM,14,32,2500,,,0,0,,,,,
ANYN,12,30,7054,148,Asphalt,1,0,-0.5412,166.9120,-0.5537,166.9260,121
AYAA,15,33,2300,98,Grassed red clay,0,0,,,,,
AYAE,14,32,1903,98,Grassed yellow silt clay,0,0,,,,,
AYAF,03,21,2073,98,Grassed brown silt clay,0,0,,,,,
AYAG,06,24,2981,148,Grassed grey gravel,0,0,,,,,
AYAI,16,34,2769,98,Grassed grey silt clay,0,0,,,,,
AYAK,13,31,2526,98,Brown silt clay,0,0,,,,,
AYAM,18,36,1900,98,Grassed red silt clay,0,0,,,,,
AYAN,07,25,1552,98,Grassed brown clay,0,0,,,,,
AYAO,01,19,3281,,Grass,0,0,,,,,
AYAQ,05,23,2559,59,Grey gravel,0,0,,,,,
AYAT,14,32,2461,147,Grassed yellow clay,0,0,,,,,
AYAU,14,32,2001,98,Grassed brown clay,0,0,,,,,
AYAW,18,36,2313,98,Grassed brown silt clay,0,0,,,,,
AYAX,16,34,1969,98,Grassed red silt clay,0,0,,,,,
AYAY,14,32,4200,,Grass,0,0,,,,,
AYBA,04,22,2953,148,Grassed black clay,0,0,,,,,
AYBB,11,29,1969,98,Grassed white coronas,0,0,,,,,
AYBC,07,25,1345,98,Grassed yellow clay,0,0,,,,,
AYBF,10,28,1549,98,Grassed red clay,0,0,,,,,
AYBG,10,28,1542,98,Grassed brown gravel,0,0,,,,,
AYBH,14,32,2772,98,Grassed brown clay,0,0,,,,,
AYBI,14,32,2500,59,Yellow gravel,0,0,,,,,
AYBK,04,22,5125,98,Asphalt,1,0,-5.4270,154.6670,-5.4175,154.6780,48
AYBO,01,19,2395,98,Grassed yellow silt clay,0,0,,,,,
AYBP,14,32,1624,148,Grassed brown clay,0,0,,,,,
AYBQ,16,34,1378,98,Grassed white lime stone,0,0,,,,,
AYBR,12,30,1982,,,0,0,,,,,
AYBS,12,30,1640,98,Grassed black clay,0,0,,,,,
AYBT,11,29,1969,98,Grassed red silt clay,0,0,,,,,
AYBU,15,33,4373,,,0,0,,,,,
AYBW,05,23,1969,98,Grass,0,0,,,,,
AYBX,04,22,1969,98,Grey clay,0,0,,,,,
AYBZ,05,23,1919,98,Grassed black silt sand,0,0,,,,,
AYCG,08,26,3543,98,Grassed gravel,0,0,,,,,
AYCH,03,21,3330,89,Asphalt,1,0,-6.0276,144.9680,-6.0202,144.9740,36
AYCN,01,19,1968,,Grass,0,0,,,,,
AYDB,12,30,2585,98,Grassed red clay,0,0,,,,,
AYDE,12,30,1549,98,Grassed white gravel,0,0,,,,,
AYDI,15,33,2198,148,Grassed brown gravel,0,0,,,,,
AYDK,10,28,2800,,,0,0,,,,,
AYDO,10,28,2051,98,Grassed grey sand,0,0,,,,,
AYDP,06,24,1706,98,Grassed red silt clay,0,0,,,,,
AYDQ,12,30,1936,98,Grassed red silt clay,0,0,,,,,
AYDS,10,28,1509,98,Brown clay,0,0,,,,,
AYDU,14,32,4593,98,Asphalt,0,0,-9.0823,143.2030,-9.0912,143.2120,135
AYDW,10,28,2129,98,Grassed brown silt clay,0,0,,,,,
AYDY,10,28,1969,98,Hard loam,0,0,,,,,
AYEA,15,33,1900,98,Grassed red silt,0,0,,,,,
AYEB,01,19,1640,148,Grassed black sand,0,0,,,,,
AYED,02,20,2415,98,Grassed yellow clay,0,0,,,,,
AYEE,12,30,4773,,,0,0,,,,,
AYEF,17,35,1598,98,Grassed brown clay,0,0,,,,,
AYEG,01,19,1969,98,Grassed brown clay,0,0,,,,,
AYEH,09,27,4298,,,0,0,,,,,
AYEK,09,27,1476,98,Red silt clay,0,0,,,,,
AYEL,14,32,1739,98,,0,0,,,,,
AYEM,17,35,1969,98,Grassed black silt clay,0,0,,,,,
AYEN,16,34,1312,98,Grassed brown silt clay,0,0,,,,,
AYEO,04,22,1804,98,Grassed yellow clay,0,0,,,,,
AYET,14,32,2297,98,Grassed brown clay,0,0,,,,,
AYEW,06,24,1549,98,Grassed red clay,0,0,,,,,
AYEY,02,20,1936,98,Grassed black silt,0,0,,,,,
AYFE,12,30,2165,98,Grassed brown clay,0,0,,,,,
AYFK,06,24,1969,98,Grassed black silt clay,0,0,,,,,
AYFO,12,30,1998,98,Grassed red silt sand,0,0,,,,,
AYFS,09,27,1532,98,Grassed red silt clay,0,0,,,,,
AYFU,05,23,2500,98,Grassed red clay,0,0,,,,,
AYGA,17L,35R,3983,59,Asphalt,0,0,-6.0750,145.3920,-6.0862,145.3930,176
AYGA,17R,35L,5400,98,Asphalt,1,0,-6.0753,145.3910,-6.0902,145.3920,176
AYGC,04,22,1490,98,Grassed brown gravel,0,0,,,,,
AYGD,02,20,1706,,,0,0,,,,,
AYGE,12,30,1969,98,Grassed brown clay,0,0,,,,,
AYGH,03,21,1969,98,Grassed red clay,0,0,,,,,
AYGJ,12,30,3593,,,0,0,,,,,
AYGM,02,20,1837,98,Grassed brown clay,0,0,,,,,
AYGN,09,27,5546,98,Asphalt,1,0,-10.3100,150.3260,-10.3130,150.3410,101
AYGO,17,35,2001,98,Grassed brown clay,0,0,,,,,
AYGQ,11,29,1969,98,Grassed limestone gravel,0,0,,,,,
AYGR,03,21,5485,98,Asphalt,0,0,-8.8105,148.3040,-8.7986,148.3140,38
AYGU,10,28,2526,98,Brown clay gravel,0,0,,,,,
AYGX,08,26,1640,98,Grassed black clay,0,0,,,,,
AYGY,14,32,2625,75,Grassed red silty clay,0,0,,,,,
AYHA,03,21,1982,98,Grassed red clay,0,0,,,,,
AYHB,02,20,1969,98,Grassed brown clay,0,0,,,,,
AYHE,16,34,1404,98,Grassed red clay,0,0,,,,,
AYHF,17,35,3097,,,0,0,,,,,
AYHH,04,22,1348,98,Grassed black clay sand,0,0,,,,,
AYHJ,01,19,1969,98,grass clay,0,0,-5.1943,142.9587,-5.1886,142.9604,
AYHK,12,30,6644,98,Asphalt,1,0,-5.4579,150.4009,-5.4698,150.4135,133
AYHN,17,35,1968,98,Grassed brown clay,0,0,,,,,
AYHO,06,24,1641,98,Grassed brown clay,0,0,,,,,
AYHQ,03,21,1585,98,Grassed black silt clay,0,0,,,,,
AYHT,14,32,1509,98,Grassed black clay,0,0,,,,,
AYHU,03,21,1358,98,Grassed brown clay,0,0,,,,,
AYHW,08,26,1969,98,Grassed brown silty clay,0,0,,,,,
AYHX,17,35,1969,98,Grassed brown clay,0,0,,,,,
AYIB,03,21,1969,98,Grassed river gravel,0,0,,,,,
AYID,09,27,1699,98,Grassed white gravel,0,0,,,,,
AYII,06,24,1640,,,0,0,,,,,
AYIM,18,36,1391,,,0,0,,,,,
AYIN,11,29,1640,98,Grassed grey gravel,0,0,,,,,
AYIP,18,36,1509,98,Grassed brown silt clay,0,0,,,,,
AYIQ,14,32,5397,98,Asphalt,1,0,,,,,
AYIR,05,23,1837,98,Red clay,0,0,,,,,
AYIS,16,34,1345,98,Grassed brown clay,0,0,,,,,
AYIU,10,28,3478,196,,0,0,,,,,
AYIW,05,23,2000,,,0,0,,,,,
AYIX,10A,28D,3035,,Grass,0,0,,,,,
AYIY,11,29,1969,98,Grassed brown clay,0,0,,,,,
AYJS,03,21,3117,,,0,0,,,,,
AYJW,15,33,2290,,Grass,0,0,,,,,
AYKA,14,32,5348,,,0,0,,,,,
AYKD,14,32,1148,,,0,0,,,,,
AYKH,15,33,1578,98,Brown gravel,0,0,,,,,
AYKI,07,25,3691,,,0,0,,,,,
AYKJ,09,27,1273,,,0,0,,,,,
AYKM,14,32,3044,60,Asphalt,0,0,-7.9600,145.7690,-7.9669,145.7740,146
AYKO,17,35,2805,147,Grassed black silt,0,0,,,,,
AYKQ,07,25,1467,98,Grassed brown clay,0,0,,,,,
AYKR,16,34,2953,,,0,0,,,,,160
AYKT,16,34,1476,98,Grassed red clay gravel,0,0,,,,,
AYKV,12,30,5592,98,Asphalt,1,0,-2.5750,150.8020,-2.5838,150.8140,125
AYKY,12,30,3937,,,0,0,,,,,
AYLE,02,20,1969,98,,0,0,-5.2216,151.3920,-5.2169,151.3950,29
AYLG,14,32,2132,,,0,0,,,,,
AYLH,01,19,1969,98,Grassed black clay silt,0,0,,,,,
AYLI,09,27,1969,98,Grassed brown silt clay,0,0,,,,,
AYLL,06,24,2461,,,0,0,,,,,
AYLN,17,35,1654,,,0,0,,,,,
AYLO,04,22,1640,,,0,0,,,,,
AYLS,12,30,2520,,,0,0,,,,,
AYLT,07,25,1535,,,0,0,,,,,
AYLX,04,22,2015,98,Grass,0,0,,,,,
AYLZ,10,28,2044,147,Grassed black silt clay,0,0,,,,,
AYMB,17,35,1998,,,0,0,,,,,
AYMD,07,25,5174,105,Asphalt,1,0,-5.2089,145.7820,-5.2052,145.7960,75
AYMH,08,26,3599,59,Asphalt,0,0,-5.8271,144.2930,-5.8261,144.3030,85
AYMH,12,30,7185,98,Asphalt,1,0,-5.8238,144.2910,-5.8340,144.3080,121
AYMJ,08,26,1565,,,0,0,,,,,
AYMN,17,35,4411,98,Asphalt,0,0,-6.1417,143.6560,-6.1538,143.6580,173
AYMO,16,34,6136,148,Asphalt,1,0,-2.0539,147.4210,-2.0699,147.4270,161
AYMP,10,28,3609,,,0,0,,,,,
AYMQ,10,28,2359,,,0,0,,,,,
AYMR,09,27,5774,,,0,0,,,,,
AYMS,08,26,3937,,,0,0,,,,,
AYMU,09,27,2165,,Grass,0,0,,,,,
AYMV,14,32,3050,,,0,0,,,,,
AYMY,15,33,1969,98,Grass red silty clay,0,0,,,,,
AYMZ,15,33,1969,,,0,0,,,,,
AYNB,02,20,1772,98,Brown clay gravel,0,0,,,,,
AYNC,05,23,1362,,,0,0,,,,,
AYND,15,33,3015,,,0,0,,,,,
AYNI,12,30,2799,,,0,0,,,,,
AYNJ,06,24,2953,,,0,0,,,,,
AYNM,12,30,1499,98,Grassed brown silt clay,0,0,,,,,
AYNN,09,27,2800,,,0,0,,,,,
AYNO,08,26,1627,,,0,0,,,,,
AYNS,15,33,1969,98,Grassed brown gravel,0,0,,,,,
AYNT,09,27,1476,98,Grassed red clay,0,0,,,,,
AYNU,12,30,2418,147,Grassed red silt clay,0,0,,,,,
AYNX,12,30,3494,,,0,0,,,,,
AYNZ,09,27,8000,148,Asphalt,1,0,-6.5689,146.7150,-6.5708,146.7370,95
AYOB,14,32,1969,98,Grassed brown clay,0,0,,,,,
AYOD,10,28,1870,98,Grassed brown silt clay,0,0,,,,,
AYOE,01,19,2014,,,0,0,,,,,
AYOF,06,24,1969,98,Brown Silt clay,0,0,,,,,
AYOG,12,30,1804,98,Grassed red clay,0,0,,,,,
AYOH,01,19,2182,98,Grassed river gravel,0,0,,,,,
AYOJ,10,28,2215,98,Grassed yellow clay,0,0,,,,,
AYOK,02,20,1224,,,0,0,,,,,
AYOL,15,33,1647,98,Grassed brown silt clay,0,0,,,,,
AYOM,14,32,1640,98,Grassed black clay,0,0,,,,,
AYOO,12,30,2592,147,Grassed grey gravel,0,0,,,,,
AYOP,12,30,1968,,,0,0,,,,,
AYOS,17,35,1968,,,0,0,,,,,
AYOU,18,36,1381,98,Grassed red silt clay,0,0,,,,,
AYOV,18,36,2018,147,Grassed black silt clay,0,0,,,,,
AYOX,01,19,1969,98,Grassed brown silt clay,0,0,,,,,
AYOY,01,19,3524,,Grass,0,0,,,,,
AYPA,11,29,1680,98,Grassed Red Clay,0,0,,,,,
AYPB,01,19,1598,98,Brown gravel,0,0,,,,,
AYPC,01,19,2396,98,Grassed clay,0,0,,,,,
AYPD,08,26,2001,98,Grassed grey clay,0,0,,,,,
AYPE,18,36,2034,98,Grassed brown clay,0,0,,,,,
AYPI,05,23,1969,98,Grassed black clay,0,0,,,,,
AYPJ,09,27,2904,59,Grassed brown silt clay,0,0,,,,,
AYPO,18,36,1706,,,0,0,,,,,
AYPQ,01,19,2001,98,Grassed grey silt sand,0,0,,,,,
AYPS,01D,19A,1640,,Grass,0,0,,,,,
AYPY,14L,32R,9022,148,Asphalt,1,0,-9.4309,147.2140,-9.4521,147.2270,148
AYPY,14R,32L,4625,148,Asphalt,0,0,-9.4347,147.2130,-9.4506,147.2230,142
AYQB,07,25,1378,98,Grassed brown clay,0,0,,,,,
AYQL,14,32,1627,98,Grassed brown gravel,0,0,,,,,
AYQM,16,34,1706,98,Grassed brown silt clay,0,0,,,,,
AYQQ,16,34,1640,98,Red clay,0,0,,,,,
AYQR,12,30,1969,,,0,0,,,,,
AYQV,15,33,2021,98,Grassed Sand,0,0,,,,,
AYQW,07,25,1942,49,Grass,0,0,,,,,
AYRA,07,25,1804,98,Grassed red clay,0,0,,,,,
AYRE,12,30,2592,,,0,0,,,,,
AYRG,15,33,1952,98,Grassed red clay,0,0,,,,,
AYRI,12,30,2900,,,0,0,,,,,
AYRK,15,33,3117,,,0,0,,,,,
AYRO,01,19,1640,98,Grassed red clay,0,0,,,,,
AYRR,08,26,1969,98,Grassed silt clay,0,0,,,,,
AYRT,16,34,2014,98,Grassed black silt clay,0,0,,,,,
AYRV,05,23,1969,98,Grassed brown clay,0,0,,,,,
AYSB,18,36,2953,82,White gravel,0,0,,,,,
AYSD,12,30,3806,,,0,0,,,,,
AYSF,11,29,3543,,,0,0,,,,,
AYSI,06,24,1181,98,Grey silt clay,0,0,,,,,
AYSK,14,32,1640,98,Red clay,0,0,,,,,
AYSL,18,36,3150,,Grass,0,0,,,,,
AYSP,16,34,1526,98,Grassed grey gravel,0,0,,,,,
AYSR,10,28,2159,98,Grassed grey clay,0,0,,,,,
AYSS,14,32,2953,147,Red gravel,0,0,,,,,
AYSW,09,27,2051,98,Grassed brown silt clay,0,0,,,,,
AYSX,17,35,1263,,,0,0,,,,,
AYTA,14,32,5197,,,0,0,,,,,
AYTB,14,32,4232,,,0,0,,,,,
AYTD,07,25,2953,82,Grassed white gravel,0,0,,,,,
AYTF,01,19,1854,98,Grassed black silt clay,0,0,,,,,
AYTG,03,21,8202,,Concrete,0,0,,,,,
AYTG,14,32,2313,147,Grassed brown clay,0,0,,,,,
AYTH,08,26,2133,98,Grassed brown gravel,0,0,,,,,
AYTK,10,28,5643,98,Asphalt,1,0,-4.3382,152.3720,-4.3426,152.3870,106
AYTM,16,34,1854,98,Grassed red clay,0,0,,,,,
AYTO,16,34,1673,98,Grey clay,0,0,,,,,
AYTQ,14,32,1969,30,Grassed brown clay,0,0,,,,,
AYTR,07,25,2297,98,Grassed brown silt clay,0,0,,,,,
AYTS,06,24,1804,98,Brown silt clay,0,0,,,,,
AYTT,18,36,1909,98,Red clay,0,0,,,,,
AYTU,06,24,2887,59,Grassed yellow gravel,0,0,,,,,
AYTV,12,30,1969,98,Grassed brown clay,1,0,,,,,
AYTW,02,20,1529,98,Grassed red clay,0,0,,,,,
AYTY,10,28,2756,147,Grassed black silt,0,0,,,,,
AYTZ,04,22,1411,98,Grassed red clay,0,0,,,,,
AYUA,04,22,1844,98,Grassed red clay,0,0,,,,,
AYUC,13,31,1598,98,Grassed red clay,0,0,,,,,
AYUE,09,27,1575,98,Grassed black clay,0,0,,,,,
AYUG,07,25,1594,98,Grassed brown clay,0,0,,,,,
AYUI,01,19,1640,98,Grassed brown loam,0,0,,,,,
AYUK,09A,27D,1178,,Grass,0,0,,,,,
AYUM,14,32,2625,98,Brown clay gravel,0,0,,,,,
AYUN,07,25,1998,98,Grassed brown clay,0,0,,,,,
AYUO,16,34,1969,98,Red gravel,0,0,,,,,
AYUP,03,21,1476,98,White gravel,0,0,,,,,
AYUQ,13,31,2172,,Grass,0,0,,,,,
AYUS,14,32,2165,98,Grassed grey silt clay,0,0,,,,,
AYUT,15,33,1575,98,Grassed brown clay,0,0,,,,,
AYUV,14,32,1903,98,Grassed black silt clay,0,0,,,,,
AYUX,04,22,1499,98,Grassed brown clay,0,0,,,,,
AYUY,09,27,1640,,,0,0,,,,,
AYUZ,07,25,2756,98,Grassed white gravel,0,0,,,,,
AYVA,17,35,2953,98,Gravel,0,0,,,,,
AYVB,10,28,1558,98,Grassed brown clay,0,0,,,,,
AYVK,01,19,1499,,Grass,0,0,,,,,
AYVL,14,32,5250,82,Gravel,0,0,,,,,143
AYVM,02,20,2500,98,Grassed black silt clay,0,0,,,,,
AYVN,12,30,5775,85,Asphalt,1,0,-2.6876,141.2970,-2.6978,141.3090,130
AYVO,04,22,1969,98,Grassed brown clay,0,0,,,,,
AYVP,08,26,2625,98,White gravel,0,0,,,,,
AYWB,14,32,2379,98,Grassed brown gravel,0,0,,,,,
AYWD,14,32,5052,75,Asphalt,0,0,-5.6381,143.8910,-5.6485,143.9000,139
AYWE,18A,36D,1968,,Grass,0,0,,,,,
AYWH,05,23,1525,,,0,0,,,,,
AYWJ,14,32,2625,,,0,0,,,,,
AYWK,10,28,5234,98,Asphalt,1,0,-3.5821,143.6620,-3.5856,143.6760,104
AYWL,18,36,1985,,Grass,0,0,,,,,
AYWM,02A,20D,1574,,Grass,0,0,,,,,
AYWN,15,33,1440,98,Grassed Brown Clay,0,0,,,,,
AYWO,11,29,1394,98,Grassed yellow gravel,0,0,,,,,
AYWY,10A,28D,2198,,Grass,0,0,,,,,
AYXA,08A,26D,1804,,Grass,0,0,,,,,
AYXB,16,34,2448,98,Grassed red clay,0,0,,,,,
AYXI,18,36,1384,98,Grassed grey silt clay,0,0,,,,,
AYXO,10,28,2789,98,Grassed white gravel,0,0,,,,,
AYXP,09,27,1637,98,Grassed red clay,0,0,,,,,
AYXW,05,23,2707,,Grass,0,0,,,,,
AYXY,11,29,1299,98,Grassed brown clay,0,0,,,,,
AYYA,07,25,2503,,Grass,0,0,,,,,
AYYC,01,19,2615,,Grass,0,0,,,,,
AYYD,10,28,1991,98,Grassed brown clay,0,0,,,,,
AYYI,16,34,1969,98,Grassed red clay,0,0,,,,,
AYYK,13,31,1526,98,Grassed red clay,0,0,,,,,
AYYL,03,21,2198,98,Grassed grey gravel,0,0,,,,,
AYYN,06,24,1558,98,Brown clay gravel,0,0,,,,,
AYYO,12,30,1355,98,Red clay,0,0,,,,,
AYYQ,03,21,1493,98,Grassed brown clay,0,0,,,,,
AYYT,12,30,1500,,,0,0,,,,,
AYYU,11,29,1995,,,0,0,,,,,
AYYV,14,32,1969,98,Grassed brown silt clay,0,0,,,,,
AYYW,15,33,1188,,,0,0,,,,,
AYYZ,21,03,1500,100,Grassed brown clay,0,0,,,,,213
AYZA,15,33,1598,98,Grassed brown silt clay,0,0,,,,,
AYZI,15,33,2297,98,Grassed black silt clay,0,0,,,,,
AYZM,08,26,3740,,Grass,0,0,,,,,
AYZN,11,29,1608,98,Grassed sand clay,0,0,,,,,
AYZQ,11,29,1969,98,Grassed red clay,0,0,,,,,
AYZS,14,32,2297,98,Grassed grey clay,0,0,,,,,
AYZU,03,21,2090,98,Grassed black silt clay,0,0,,,,,
AYZW,17,35,1476,98,Brown silt clay,0,0,,,,,
AYZZ,14,32,1378,98,Brown clay,0,0,,,,,
BGAA,12,30,2621,,,0,0,,,,,
BGAP,H1,,197,66,Asphalt,0,0,,,,,
BGAR,H1,,130,130,Gravel,0,0,,,,,
BGBW,06,24,6004,148,Concrete,1,0,61.1544,-45.4369,61.1667,-45.4150,41
BGCO,18,36,3281,98,Gravel,1,0,70.7455,-22.6535,70.7372,-22.6430,157
BGDH,10T,28T,2132,82,Gravel,0,0,76.7713,-18.6743,76.7702,-18.6482,99
BGGD,H1,,197,197,Asphalt,0,0,,,,,
BGGH,04,22,7217,148,Asphalt,1,0,64.1814,-51.6862,64.2002,-51.6725,
BGGH,05,23,3117,98,Asphalt,1,1,64.1890,-51.6796,64.1971,-51.6734,19
BGJN,06,24,2772,98,Asphalt,0,0,69.2401,-51.0634,69.2463,-51.0508,
BGKK,11,29,3934,,,0,0,,,,,
BGMQ,16,34,2621,98,Asphalt,0,0,65.4146,-52.9463,65.4103,-52.9325,
BGNS,04,22,197,66,Asphalt,0,0,,,,,
BGNS,10,28,197,66,Asphalt,0,0,,,,,
BGPT,17,35,2621,98,Asphalt,0,0,62.0176,-49.6756,62.0119,-49.6663,
BGQE,H1,,49,49,Gravel,0,0,,,,,
BGQQ,17,35,3314,327,Gravel,1,0,77.4908,-69.4044,77.4865,-69.3731,
BGSF,09,27,9219,197,Asphalt,1,0,67.0056,-50.7431,67.0176,-50.6864,62
BGSQ,H1,,98,66,Gravel,0,0,,,,,
BGSS,13,31,2621,98,Asphalt,1,0,66.9522,-53.7381,66.9504,-53.7205,103
BGTL,08T,26T,9997,150,Asphalt,1,0,76.5300,-68.7615,76.5324,-68.6448,85
BGUK,05,23,2621,98,Asphalt,1,0,72.7867,-56.1330,72.7937,-56.1282,
BGUQ,15,33,2953,98,Gravel,0,0,70.7362,-52.7068,70.7322,-52.6856,
BIAR,01,19,8858,148,Asphalt,1,0,65.6549,-18.0699,65.6672,-18.0740,356
BIBD,04,22,3084,98,Asphalt,1,0,65.6374,-23.5512,65.6453,-23.5411,28
BIBL,04,22,3182,,,0,0,,,,,
BIEG,03,21,7054,148,Asphalt,1,0,65.2746,-14.4112,65.2908,-14.3928,25
BIFZ,04,22,2510,115,Grass,0,0,,,,,
BIGF,05,23,2936,,Grass,0,0,,,,,
BIGJ,05,23,3150,98,Asphalt,1,0,,,,,50
BIGR,17,35,3399,80,Asphalt,1,0,66.5504,-18.0213,66.5417,-18.0133,160
BIHK,03,21,3280,,,0,0,,,,,
BIHN,18,36,4921,148,Asphalt,1,0,64.3022,-15.2308,64.2891,-15.2239,168
BIHU,02,20,5266,98,Asphalt,1,0,65.9453,-17.4295,65.9593,-17.4224,12
BIIS,07,25,4593,139,Asphalt,1,0,66.0551,-23.1486,66.0610,-23.1216,62
BIKF,01,19,10020,197,Asphalt,1,0,63.9645,-22.6054,63.9919,-22.6054,14
BIKF,10,28,10056,197,Asphalt,1,0,63.9850,-22.6550,63.9850,-22.5924,104
BIKR,01,19,6191,90,Asphalt,1,0,65.7233,-19.5696,65.7400,-19.5761,351
BINF,08,26,3648,,,0,0,,,,,
BIPA,14,32,4593,148,Asphalt,1,0,65.5592,-23.9791,65.5531,-23.9526,119
BIRF,06,24,3937,98,Asphalt,0,0,,,,,
BIRF,12,30,2756,98,Asphalt,0,0,,,,,
BIRG,07,25,3533,,,0,0,,,,,
BIRK,01,19,5138,148,Asphalt,1,0,64.1220,-21.9362,64.1360,-21.9389,355
BIRK,06,24,3116,98,Asphalt,0,1,64.1272,-21.9468,64.1331,-21.9326,46
BIRK,13,31,4035,148,Asphalt,1,0,64.1325,-21.9554,64.1276,-21.9327,117
BIRL,02,20,3461,98,Asphalt,0,0,,,,,
BISF,05,23,3609,98,Grass,0,0,,,,,
BISF,15,33,3543,98,Grass,0,0,,,,,
BISI,06,24,3556,78,Asphalt,0,0,66.1298,-18.9248,66.1369,-18.9085,43
BISS,15,33,2578,59,Asphalt,0,0,64.0617,-21.5743,64.0584,-21.5610,
BIST,07,25,3675,,,0,0,,,,,
BITE,14,32,3117,,,0,0,,,,,
BITN,01,19,3937,98,Asphalt,1,0,66.2131,-15.3363,66.2238,-15.3350,3
BIVM,03,21,3806,148,Asphalt,1,0,63.4208,-20.2825,63.4306,-20.2750,19
BIVM,12,30,3937,148,Asphalt,1,0,63.4264,-20.2875,63.4225,-20.2650,110
BIVO,04,22,2904,98,Asphalt,0,0,65.7174,-14.8559,65.7239,-14.8449,
BKPR,17,35,9974,148,Asphalt,1,0,42.5853,21.0346,42.5580,21.0374,176
BUTL,18,36,3055,75,Turf,0,0,,,,,
CBBC,13,31,3700,75,Asphalt,0,0,52.1894,-128.1610,52.1806,-128.1530,151
CRHA,02,20,9300,115,Asphalt,1,0,,,,,
CRML,01,19,2250,50,Turf,0,0,,,,,
CYAB,13,31,3935,98,Gravel,1,0,73.0097,-85.0618,73.0031,-85.0328,128
CYAC,11,29,3900,100,Gravel,0,0,,,,,
CYAD,10,28,5000,150,Gravel,0,0,,,,,
CYAG,03,21,2600,75,Asphalt,1,0,48.6528,-93.4453,48.6586,-93.4392,35
CYAG,12,30,4500,100,Asphalt,1,0,48.6580,-93.4481,48.6508,-93.4330,126
CYAH,09,27,5000,150,Gravel,0,0,,,,,
CYAL,09,27,2900,75,Asphalt,0,0,,,,,
CYAM,04,22,6000,200,Asphalt,1,0,46.4778,-84.5153,46.4917,-84.5019,34
CYAM,12,30,6000,200,Asphalt,1,0,46.4860,-84.5209,46.4810,-84.4982,108
CYAQ,03,21,3500,100,Gravel,0,0,,,,,
CYAS,03,21,3521,,,0,0,,,,,
CYAT,06,24,3500,100,Gravel,0,0,52.9245,-82.4380,52.9307,-82.4260,
CYAU,07,25,3937,75,Asphalt,1,0,44.2271,-64.8622,44.2335,-64.8500,54
CYAV,04,22,2850,75,Asphalt,1,0,50.0508,-97.0356,50.0561,-97.0269,46
CYAV,13,31,3000,75,Asphalt,1,0,50.0614,-97.0356,50.0558,-97.0261,132
CYAV,18,36,3000,75,Asphalt,1,0,50.0614,-97.0368,50.0535,-97.0389,190
CYAW,10,28,5692,200,Asphalt,1,1,44.6389,-63.5161,44.6400,-63.4944,85
CYAW,16,34,8998,200,Asphalt,0,1,44.6494,-63.5057,44.6308,-63.4829,139
CYAW,16H,34H,3500,112,Asphalt,1,0,,,,,
CYAX,18,36,3600,75,Asphalt,1,0,50.2992,-96.0092,50.2892,-96.0103,185
CYAY,10,28,4000,100,Asphalt,1,0,51.3909,-56.0918,51.3929,-56.0745,80
CYAZ,07,25,4999,150,Concrete,0,0,49.0759,-125.7810,49.0759,-125.7600,90
CYAZ,11,29,4997,100,Concrete,0,0,49.0825,-125.7830,49.0744,-125.7660,126
CYAZ,16,34,5000,100,Concrete,0,0,49.0894,-125.7810,49.0758,-125.7790,175
CYBA,18,36,3000,190,TURF/SNOW,0,0,,,,,
CYBB,05,23,5000,100,Gravel,1,0,68.5300,-89.8222,68.5389,-89.7939,49
CYBC,10,28,6000,150,Asphalt,1,0,49.1309,-68.2196,49.1336,-68.1948,81
CYBD,05,23,4200,100,Asphalt,0,0,52.3858,-126.6040,52.3894,-126.5870,72
CYBE,05,23,,,,0,1,,,,,
CYBE,06,24,3935,100,Asphalt/concrete,1,0,59.5600,-108.4920,59.5628,-108.4710,75
CYBF,08,26,4434,75,Asphalt,1,0,54.3042,-110.7540,54.3039,-110.7330,90
CYBG,11,29,10000,150,Concrete,1,0,48.3328,-71.0158,48.3325,-70.9750,91
CYBG,18,36,6000,150,Asphalt,1,0,48.3375,-70.9964,48.3219,-70.9894,163
CYBK,16T,34T,4200,100,Gravel,1,0,64.3044,-96.0819,64.2933,-96.0736,162
CYBL,12,30,6499,150,Asphalt,1,0,49.9583,-125.2828,49.9457,-125.2633,137
CYBP,02,20,2400,50,Gravel,0,0,,,,,
CYBP,12,30,2800,75,Asphalt,0,0,,,,,
CYBQ,06,24,3200,100,CRUSHED ROCK,0,1,,,,,
CYBQ,07,25,3201,102,Gravel,0,0,,,,,72
CYBR,02,20,2795,100,Asphalt,0,1,49.9070,-99.9529,49.9140,-99.9488,20
CYBR,08,26,6500,150,Asphalt,1,0,49.9071,-99.9659,49.9075,-99.9383,90
CYBR,14,32,3000,60,Gravel,0,0,49.9135,-99.9489,49.9065,-99.9422,150
CYBT,03,21,3500,90,CRUSHED ROCK,0,0,,,,,
CYBU,03,21,2930,75,Asphalt,0,0,,,,,
CYBU,12,30,2900,115,TURF/SNOW,0,0,,,,,
CYBV,09,27,2900,75,CRUSHED ROCK,0,0,52.3589,-97.0244,52.3589,-97.0115,
CYBW,08,26,3423,100,Asphalt,1,0,51.1048,-114.3785,51.1048,-114.3641,90
CYBW,17,35,5000,98,Asphalt,1,0,51.1122,-114.3788,51.0985,-114.3787,181
CYBX,05,23,4500,150,Asphalt,1,0,51.4366,-57.1909,51.4476,-57.1818,28
CYCA,08,26,2500,75,Gravel,0,0,,,,,
CYCB,13T,31T,5000,150,Gravel,1,0,69.1122,-105.1540,69.1039,-105.1230,127
CYCC,10,28,3500,100,Asphalt,1,0,45.0922,-74.5700,45.0933,-74.5567,83
CYCD,16,34,6602,150,Asphalt,1,0,49.0592,-123.8700,49.0455,-123.8700,181
CYCE,10,28,5012,100,Asphalt,1,0,43.2831,-81.5181,43.2828,-81.4992,91
CYCE,16,34,4400,150,Asphalt,0,0,43.2908,-81.5094,43.2803,-81.5014,151
CYCG,15,33,5300,150,Asphalt,1,0,49.3034,-117.6350,49.2891,-117.6300,169
CYCH,04,22,5200,150,Asphalt,0,1,47.0000,-65.4450,47.0133,-65.4378,20
CYCH,09,27,10006,150,Asphalt,1,0,47.0053,-65.4604,47.0103,-65.4379,72
CYCH,10,28,7500,150,Asphalt,0,1,47.0078,-65.4694,47.0117,-65.4400,79
CYCH,15,33,5513,150,Asphalt,0,1,47.0097,-65.4531,46.9992,-65.4372,134
CYCK,06,24,5000,75,Asphalt,1,0,42.3014,-82.0883,42.3114,-82.0756,44
CYCL,12,30,6000,150,Asphalt,1,0,47.9925,-66.3433,47.9883,-66.3194,105
CYCN,13,31,4500,100,Asphalt,1,0,49.1086,-81.0219,49.1025,-81.0053,119
CYCO,12T,30T,5500,100,Gravel,1,0,67.8206,-115.1610,67.8128,-115.1270,121
CYCP,01,19,5000,60,Asphalt,0,0,52.1108,-119.2910,52.1225,-119.2790,32
CYCQ,05,23,4484,100,Asphalt,1,0,55.6853,-121.6370,55.6891,-121.6160,72
CYCR,05,23,3990,95,CRUSHED ROCK,0,0,,,,,
CYCS,12T,30T,3600,,,0,0,,,,,
CYCT,11,29,3000,75,Asphalt,1,0,52.0775,-111.4510,52.0725,-111.4400,128
CYCW,07,25,3990,75,Asphalt,1,0,49.1519,-121.9470,49.1536,-121.9310,81
CYCY,02T,20T,3500,100,Gravel,1,0,70.4814,-68.5211,70.4908,-68.5119,18
CYCZ,16,34,6005,100,Asphalt,1,0,50.3400,-115.8760,50.3239,-115.8710,171
CYDA,03,21,5000,100,Concrete,1,0,64.0386,-139.1390,64.0475,-139.1160,49
CYDB,11,29,5006,100,Gravel,1,0,61.3753,-139.0520,61.3669,-139.0290,128
CYDC,04,22,3932,75,Asphalt,0,0,49.4640,-120.5180,49.4710,-120.5060,50
CYDF,07,25,8005,150,Asphalt,1,0,49.2053,-57.4007,49.2164,-57.3821,48
CYDL,02,20,6000,90,Asphalt,1,0,58.4167,-130.0440,58.4278,-130.0210,48
CYDM,08,26,5000,100,Gravel,0,0,,,,,
CYDN,02,20,2000,60,Gravel,0,0,51.1014,-100.0520,51.1062,-100.0480,29
CYDN,08,26,2700,75,Asphalt,1,0,51.1067,-100.0580,51.1067,-100.0470,90
CYDN,14,32,5000,150,Asphalt,1,0,51.1072,-100.0580,51.0956,-100.0470,150
CYDO,11,29,4971,100,Asphalt,1,0,48.7790,-72.3852,48.7781,-72.3646,94
CYDP,06,24,2000,75,Gravel,0,0,,,,,
CYDQ,07,25,5001,150,Asphalt,1,0,55.7411,-120.1940,55.7422,-120.1690,85
CYEA,11,29,2953,75,Asphalt,0,0,,,,,
CYEE,16,34,3998,75,Asphalt,1,0,44.6895,-79.9334,44.6802,-79.9254,150
CYEG,02,20,11000,200,Asphalt,1,0,53.3089,-113.5960,53.3342,-113.5680,34
CYEG,12,30,10200,200,Asphalt,1,0,53.3064,-113.5950,53.2867,-113.5620,135
CYEK,15T,33T,4000,100,Gravel,1,0,61.0989,-94.0767,61.0895,-94.0650,149
CYEL,12,30,4500,100,Asphalt,1,0,46.3536,-82.5697,46.3489,-82.5531,112
CYEM,02,20,3500,100,Asphalt,1,0,45.8381,-81.8594,45.8475,-81.8567,12
CYEN,08,26,5000,100,Asphalt,1,0,49.2079,-102.9760,49.2080,-102.9550,90
CYEN,15,33,3000,75,Asphalt,1,0,49.2164,-102.9700,49.2088,-102.9650,158
CYER,15,33,3500,100,Gravel,0,0,,,,,
CYES,16,34,4499,75,Asphalt,1,0,47.4953,-68.4878,47.4858,-68.4761,140
CYET,07,25,6000,100,Asphalt,1,0,53.5790,-116.4790,53.5788,-116.4510,91
CYEU,10T,28T,4836,150,Gravel,1,0,79.9963,-85.8499,79.9931,-85.7768,104
CYEV,06,24,6000,150,Asphalt,1,0,68.3032,-133.5050,68.3044,-133.4610,86
CYEY,14,32,5000,100,Asphalt,1,0,48.5681,-78.2578,48.5597,-78.2417,128
CYFA,10,28,3601,100,Gravel,0,0,,,,,98
CYFB,16,34,8605,200,Asphalt,1,0,63.7650,-68.5747,63.7482,-68.5375,137
CYFC,09,27,8005,200,Asphalt,1,0,45.8630,-66.5523,45.8703,-66.5225,71
CYFC,15,33,6000,148,Asphalt,1,0,45.8744,-66.5394,45.8636,-66.5217,131
CYFD,05,23,5000,100,Asphalt,1,0,43.1275,-80.3468,43.1376,-80.3339,44
CYFD,11,29,2600,100,Asphalt,1,0,43.1344,-80.3488,43.1333,-80.3391,99
CYFD,17,35,2600,100,Asphalt,1,0,43.1341,-80.3491,43.1272,-80.3465,165
CYFE,09,27,5000,100,Asphalt,1,0,48.7438,-69.1070,48.7484,-69.0875,70
CYFH,09,27,3500,100,Gravel,0,0,,,,,
CYFJ,02,20,5587,100,Asphalt,1,0,46.4019,-74.7818,46.4170,-74.7777,11
CYFO,19,01,5004,150,Asphalt,1,0,54.6848,-101.6800,54.6713,-101.6840,192
CYFR,13,31,4001,98,Gravel,1,0,61.1850,-113.6970,61.1767,-113.6820,143
CYFS,14,32,6000,150,Asphalt,1,0,61.7678,-121.2440,61.7528,-121.2300,156
CYFT,09,27,2500,75,Gravel,0,0,,,,,
CYGB,14,32,3000,75,Asphalt,0,0,49.6975,-124.5200,49.6900,-124.5150,158
CYGD,05,23,1870,80,Grass,0,0,43.7640,-81.7133,43.7686,-81.7097,30
CYGD,10,28,3000,50,Asphalt,1,0,43.7642,-81.7117,43.7639,-81.7003,92
CYGD,14,32,5000,100,Asphalt,1,0,43.7711,-81.7164,43.7639,-81.7003,122
CYGE,14,32,4500,75,Asphalt,0,0,51.3042,-116.9850,51.2925,-116.9780,161
CYGH,07,25,4434,98,Gravel,1,0,66.2408,-128.6610,66.2408,-128.6410,92
CYGK,01,19,6001,100,Asphalt,1,0,44.2191,-76.6018,44.2326,-76.6031,356
CYGK,07,25,3933,100,Asphalt,1,0,44.2196,-76.6014,44.2256,-76.5901,54
CYGL,13,31,6500,150,Asphalt,1,0,53.6288,-77.7179,53.6219,-77.6904,113
CYGM,15,33,6800,150,Asphalt,1,0,50.6361,-97.0494,50.6197,-97.0347,150
CYGO,14,32,3810,100,CRUSHED ROCK,0,0,,,,,
CYGP,10,28,5488,150,Asphalt,1,0,48.7742,-64.4930,48.7758,-64.4704,84
CYGQ,08,26,5000,100,Asphalt,1,0,49.7767,-86.9487,49.7807,-86.9284,72
CYGR,07,25,4500,150,Asphalt,1,0,47.4206,-61.7879,47.4281,-61.7735,53
CYGR,16,34,3600,150,Asphalt,1,0,47.4294,-61.7858,47.4219,-61.7761,139
CYGT,15T,33T,4095,100,Gravel,0,0,69.3693,-81.8254,69.3600,-81.8075,
CYGV,08,26,4500,100,Asphalt,1,0,50.2792,-63.6200,50.2847,-63.6028,63
CYGW,03,21,5052,150,SAND/GRAVEL,0,0,,,,,
CYGX,05,23,5000,150,Gravel,0,0,,,,,
CYHA,18,36,3520,,,0,0,,,,,
CYHB,06,24,5000,100,Asphalt,1,0,52.8139,-102.3220,52.8194,-102.3010,68
CYHB,10,28,2000,75,Asphalt,1,1,52.8167,-102.3120,52.8147,-102.3030,110
CYHD,05,23,2000,75,Sand,0,1,49.8272,-92.7419,49.8303,-92.7350,56
CYHD,12,30,5993,150,Asphalt,1,0,49.8351,-92.7552,49.8281,-92.7322,114
CYHE,07,25,3960,250,Turf,0,0,,,,,
CYHF,04,22,4500,100,Asphalt,1,0,49.7089,-83.6911,49.7192,-83.6808,33
CYHH,09,27,5000,150,Gravel,0,0,,,,,
CYHI,06T,24T,4300,100,Gravel,1,0,70.7603,-117.8220,70.7658,-117.7900,62
CYHK,13T,31T,4400,100,Gravel,1,0,68.6392,-95.8628,68.6319,-95.8367,127
CYHM,06,24,6010,150,Asphalt,1,0,43.1667,-79.9347,43.1776,-79.9178,49
CYHM,12,30,10006,200,Asphalt,1,0,43.1806,-79.9531,43.1722,-79.9175,107
CYHN,07,25,3500,75,Asphalt,1,0,49.1906,-84.7653,49.1956,-84.7525,59
CYHO,06,24,2500,75,Gravel,0,0,,,,,
CYHP,13,31,3500,100,CLAY/GRVL,0,0,,,,,
CYHR,07,25,4500,150,Asphalt,1,0,50.4654,-59.6446,50.4725,-59.6288,76
CYHS,01,19,4000,75,Asphalt,1,0,44.1528,-81.0628,44.1639,-81.0628,360
CYHS,09,27,2500,50,Asphalt,0,0,44.1578,-81.0675,44.1589,-81.0581,81
CYHT,04,22,5000,100,Gravel,0,0,,,,,
CYHU,06L,24R,7840,150,Asphalt,1,0,45.5108,-73.4291,45.5254,-73.4069,47
CYHU,06R,24L,3920,100,Asphalt,1,0,45.5114,-73.4147,45.5186,-73.4036,47
CYHU,10,28,2800,150,Asphalt,1,0,45.5108,-73.4261,45.5117,-73.4153,84
CYHY,05,23,4001,150,Composite,1,0,60.8394,-115.7890,60.8439,-115.7690,66
CYHY,14,32,6000,150,Asphalt,1,0,60.8472,-115.7960,60.8319,-115.7830,154
CYHZ,05,23,10500,200,Asphalt,1,0,44.8686,-63.5250,44.8883,-63.5056,35
CYHZ,14,32,7700,200,Asphalt,1,0,44.8936,-63.5183,44.8811,-63.4942,126
CYIB,04,22,3500,100,Asphalt,1,0,48.7703,-91.6433,48.7777,-91.6341,39
CYID,06,24,3950,75,Asphalt,1,0,44.5419,-65.7909,44.5499,-65.7806,43
CYIF,01,19,4590,100,Asphalt,1,0,51.2054,-58.6571,51.2179,-58.6596,353
CYIK,07,25,3521,100,Gravel,1,0,62.4142,-77.9333,62.4202,-77.9172,51
CYIO,02T,20T,4000,100,Gravel,1,0,72.6783,-77.9738,72.6884,-77.9595,23
CYIV,12,30,4000,100,CRUSHED ROCK,0,0,53.8601,-94.6456,53.8539,-94.6456,123
CYJA,13,31,3990,150,Turf,0,0,,,,,
CYJF,03,21,2946,98,Gravel,0,0,,,,,48
CYJM,10,28,4000,75,Asphalt,0,0,54.4003,-124.2710,54.3942,-124.2550,124
CYJN,02,20,2474,100,Asphalt,0,0,45.2908,-73.2758,45.2975,-73.2758,360
CYJN,06,24,2765,100,Asphalt,0,0,45.2925,-73.2847,45.2978,-73.2772,45
CYJN,11,29,4000,100,Asphalt,1,0,45.2925,-73.2894,45.2925,-73.2738,90
CYJQ,10,28,2954,100,Asphalt,0,0,,,,,
CYJT,02,20,3900,150,Permeable,0,1,48.5339,-58.5525,48.5442,-58.5537,356
CYJT,09,27,10011,200,Asphalt,1,0,48.5403,-58.5694,48.5489,-58.5303,72
CYKA,05,23,1875,49,Asphalt,0,0,50.6992,-120.4430,50.7019,-120.4350,61
CYKA,09,27,8000,148,Asphalt,1,0,50.7039,-120.4560,50.7003,-120.4310,103
CYKC,02,20,5200,100,Gravel,0,0,,,,,
CYKD,12,30,3000,75,Gravel,0,1,,,,,
CYKD,13,31,3002,75,Gravel,1,0,68.2269,-135.0110,68.2197,-135.0010,156
CYKF,08,26,7003,148,Asphalt,1,0,43.4580,-80.3897,43.4653,-80.3668,75
CYKF,14,32,4103,148,Asphalt,1,0,43.4625,-80.3916,43.4555,-80.3795,138
CYKG,14,32,3511,100,Gravel,0,0,61.5910,-71.9380,61.5860,-71.9208,121
CYKJ,03,21,5200,180,Gravel,0,0,,,,,
CYKL,17,35,5000,150,Asphalt,1,0,54.8106,-66.8108,54.7989,-66.7986,149
CYKM,05,23,2087,50,Asphalt,1,0,44.2006,-81.6031,44.2047,-81.5978,42
CYKM,13,31,4085,75,Asphalt,1,0,44.2044,-81.6133,44.1986,-81.6000,121
CYKO,08,26,3510,100,Gravel,1,0,60.8164,-78.1575,60.8208,-78.1397,63
CYKP,09,27,3500,100,Gravel,0,0,,,,,
CYKQ,06,24,3511,100,Gravel,0,0,,,,,62
CYKX,08,26,4500,100,Asphalt,1,0,48.2082,-79.9900,48.2123,-79.9725,71
CYKY,08,26,3507,75,Asphalt,1,0,51.5183,-109.1880,51.5183,-109.1730,90
CYKY,17,35,2281,100,Grass,0,0,51.5182,-109.1800,51.5120,-109.1800,180
CYLA,04,22,,,,0,0,,,,,
CYLA,05,23,3521,100,Gravel,0,0,,,,,
CYLB,11,29,5700,100,Asphalt,1,0,54.7753,-112.0420,54.7653,-112.0210,129
CYLD,05,23,3000,75,Asphalt,1,0,47.8169,-83.3567,47.8233,-83.3489,39
CYLD,10,28,5000,100,Asphalt,1,0,47.8219,-83.3569,47.8214,-83.3367,92
CYLH,08,26,3500,100,Gravel,0,0,,,,,
CYLI,14,32,3990,75,Asphalt,0,0,50.6800,-121.8960,50.6694,-121.8910,162
CYLJ,09,27,5000,100,Asphalt,1,0,54.1249,-108.5340,54.1225,-108.5110,100
CYLJ,17,35,2290,75,Asphalt,1,0,54.1303,-108.5160,54.1240,-108.5150,179
CYLK,08T,26T,2996,,,0,0,,,,,
CYLL,08,26,5577,150,Asphalt,1,0,53.3092,-110.0850,53.3092,-110.0600,90
CYLL,11,29,1500,100,Grass,0,0,53.3113,-110.0910,53.3092,-110.0850,122
CYLQ,01,19,5000,150,Asphalt,1,0,47.4028,-72.7875,47.4164,-72.7900,353
CYLR,18,36,3000,75,Asphalt,1,0,56.5178,-99.9847,56.5094,-99.9856,183
CYLS,10,28,6001,148,Asphalt,1,0,44.4855,-79.5671,44.4865,-79.5442,89
CYLT,05T,23T,5500,150,Gravel,1,0,82.5128,-62.3233,82.5228,-62.2378,48
CYLU,16,34,3521,100,Gravel,0,0,,,,,
CYLW,16,34,8900,200,Asphalt,1,0,49.9661,-119.3790,49.9462,-119.3760,175
CYMA,07,25,4856,100,Gravel,1,0,63.6164,-135.8830,63.6164,-135.8530,90
CYME,09,27,5500,150,Asphalt,1,0,48.8539,-67.4624,48.8587,-67.4408,71
CYMG,05,23,3600,100,Asphalt,1,0,49.0803,-85.8656,49.0875,-85.8556,42
CYMH,11,29,2500,75,Gravel,0,0,,,,,
CYMJ,03,21,3400,100,Asphalt,1,0,50.3261,-105.5580,50.3328,-105.5480,44
CYMJ,11L,29R,8326,150,Asphalt,1,0,50.3379,-105.5750,50.3270,-105.5430,119
CYMJ,11R,29L,7280,150,Asphalt,1,0,50.3311,-105.5740,50.3217,-105.5460,118
CYML,14,32,4501,150,Asphalt,1,0,47.6011,-70.2311,47.5939,-70.2167,127
CYMM,08,26,7503,150,Asphalt,1,0,56.6532,-111.2420,56.6532,-111.2070,90
CYMO,06,24,4000,100,Asphalt,1,0,51.2881,-80.6089,51.2961,-80.5969,43
CYMO,14,32,3500,100,Composite,1,0,51.2950,-80.6197,51.2892,-80.6075,127
CYMT,04,22,6496,150,Asphalt,1,0,49.7640,-74.5345,49.7797,-74.5215,28
CYMU,02,20,3500,100,Gravel,0,0,,,,,
CYMW,03,21,4920,150,Asphalt,1,0,46.2680,-75.9928,46.2809,-75.9872,17
CYMX,06,24,12000,200,Concrete,1,0,45.6704,-74.0218,45.6937,-73.9886,45
CYMX,11,29,8852,200,Concrete,0,0,45.6708,-74.0900,45.6661,-74.0436,98
CYMY,10,28,3937,100,Asphalt,1,0,50.7186,-93.3919,50.7167,-93.3750,100
CYNA,14,32,4494,100,Asphalt,1,0,50.1928,-61.7978,50.1869,-61.7806,118
CYNC,10,28,3511,100,Gravel,0,0,,,,,95
CYND,09,27,6000,150,Asphalt,1,0,45.5196,-75.5749,45.5238,-75.5523,75
CYNE,06,24,3902,100,Gravel,0,0,,,,,60
CYNH,05,23,5200,100,Asphalt,0,0,56.0336,-121.9880,56.0375,-121.9640,74
CYNJ,01,19,2100,75,Asphalt,1,0,,,,,
CYNJ,07,25,2743,75,Asphalt,0,0,,,,,
CYNL,16,34,6000,100,Gravel,0,0,,,,,
CYNM,15,33,5000,100,Asphalt,1,0,49.7665,-77.8101,49.7569,-77.7949,134
CYNN,17,35,3350,80,GRAVEL/SAND,0,0,,,,,
CYNR,17,35,6000,,,0,0,,,,,
CYOA,02T,20T,6411,148,Gravel,1,0,64.6909,-110.6226,64.7071,-110.6066,
CYOC,04,22,4900,100,Gravel,1,0,67.5661,-139.8550,67.5728,-139.8240,61
CYOD,04,22,8270,200,Asphalt,1,0,54.3967,-110.2850,54.4106,-110.2550,52
CYOD,13L,31R,12600,200,Asphalt,1,0,54.4189,-110.3050,54.3911,-110.2700,143
CYOD,13R,31L,10000,150,Asphalt,1,0,54.4167,-110.3110,54.3944,-110.2820,143
CYOH,04,22,3828,75,CRUSHED ROCK,0,0,,,,,
CYOH,05,23,,,,0,0,,,,,
CYOJ,13,31,5000,150,Asphalt,1,0,58.6275,-117.1710,58.6153,-117.1590,154
CYOO,05,23,2654,100,Asphalt,1,0,43.9197,-78.8975,43.9261,-78.8925,35
CYOO,12,30,4750,100,Asphalt,1,0,43.9244,-78.9039,43.9208,-78.8894,109
CYOP,09,27,4539,100,Asphalt,1,0,58.4935,-119.4190,58.4892,-119.3970,110
CYOS,18,36,3932,75,Asphalt,1,0,44.5956,-80.8389,44.5853,-80.8364,170
CYOW,04,22,3300,75,Asphalt,0,0,45.3267,-75.6890,45.3343,-75.6835,26
CYOW,07,25,8000,200,Asphalt,1,0,45.3133,-75.6710,45.3252,-75.6448,57
CYOW,14,32,10000,200,Asphalt,1,0,45.3270,-75.6862,45.3108,-75.6549,126
CYPA,08,26,5000,150,Asphalt,1,0,53.2180,-105.6848,53.2180,-105.6614,91
CYPA,16,34,2500,100,Grass,0,0,53.2177,-105.6737,53.2108,-105.6717,170
CYPC,02T,20T,4000,100,Gravel,1,0,69.3560,-124.0640,69.3662,-124.0530,20
CYPD,11,29,5000,150,Asphalt,1,0,45.6565,-61.3781,45.6565,-61.3586,90
CYPE,04,22,5000,150,Asphalt,1,0,56.2233,-117.4580,56.2300,-117.4360,61
CYPE,08,26,1900,150,Grass,0,1,56.2275,-117.4430,56.2264,-117.4340,102
CYPG,02,20,3045,150,Asphalt,1,0,49.9039,-98.2692,49.9117,-98.2650,19
CYPG,09,27,2670,150,Asphalt,0,0,49.9117,-98.2772,49.9119,-98.2664,89
CYPG,13L,31R,3130,150,Asphalt,0,0,49.9108,-98.2792,49.9050,-98.2694,134
CYPG,13R,31L,7000,200,Asphalt,1,0,49.9077,-98.2845,49.8944,-98.2633,133
CYPH,06,24,3500,100,Gravel,0,0,58.4686,-78.0837,58.4752,-78.0703,
CYPK,08L,26R,2485,75,Asphalt,0,0,49.2192,-122.7150,49.2186,-122.7050,95
CYPK,08R,26L,5003,100,Asphalt,1,0,49.2150,-122.7220,49.2136,-122.7020,96
CYPK,18,36,2484,75,Asphalt,1,0,49.2193,-122.7060,49.2131,-122.7090,202
CYPL,09,27,4921,100,Asphalt,1,0,51.4465,-90.2249,51.4465,-90.2033,90
CYPM,09,27,3500,100,Gravel,0,0,,,,,
CYPN,11,29,4886,150,Asphalt,1,0,49.8364,-64.2989,49.8364,-64.2783,90
CYPO,11,29,3520,100,Gravel,0,0,,,,,108
CYPP,06,24,2975,75,Gravel,0,0,,,,,
CYPQ,09,27,7005,100,Asphalt,1,0,44.2282,-78.3762,44.2329,-78.3502,76
CYPQ,13,31,2000,49,Asphalt,0,0,44.2307,-78.3598,44.2285,-78.3536,118
CYPR,13,31,6000,200,Asphalt,1,0,54.2933,-130.4520,54.2789,-130.4380,152
CYPS,06,24,3917,100,Asphalt,0,0,50.3018,-122.7460,50.3032,-122.7290,83
CYPT,10,28,3300,75,Asphalt,1,0,41.7806,-82.6841,41.7806,-82.6720,90
CYPT,19,01,1850,20,Gravel,0,0,41.7814,-82.6742,41.7745,-82.6741,179
CYPU,05,23,6012,250,Asphalt,0,0,52.1096,-124.1570,52.1161,-124.1320,67
CYPW,09,27,3627,150,Asphalt,1,0,49.8347,-124.5060,49.8324,-124.4932,119
CYPX,01,19,6299,148,Gravel,1,0,60.0437,-77.2837,60.0605,-77.2915,343
CYPY,04,22,5000,150,Asphalt,1,0,58.7628,-111.1280,58.7714,-111.1070,51
CYPZ,11,29,5000,75,Asphalt,1,0,54.3815,-125.9600,54.3714,-125.9430,137
CYQA,09,27,2180,100,Grass,0,1,44.9656,-79.3061,44.9667,-79.2978,79
CYQA,18,36,6000,150,Asphalt,1,0,44.9847,-79.3083,44.9686,-79.3042,169
CYQB,06,24,9000,150,Asphalt,1,0,46.7822,-71.4064,46.8000,-71.3811,44
CYQB,11,29,5700,150,Asphalt,1,0,46.7888,-71.4029,46.7868,-71.3804,98
CYQD,13,31,5901,150,Asphalt,1,0,53.9769,-101.1010,53.9658,-101.0810,133
CYQF,12,30,3449,100,Asphalt,1,0,52.1822,-113.9000,52.1761,-113.8880,130
CYQF,17,35,7500,98,Asphalt,1,0,52.1912,-113.8930,52.1760,-113.8930,180
CYQG,07,25,9000,200,Asphalt,1,0,42.2733,-82.9706,42.2849,-82.9412,62
CYQG,12,30,5150,150,Asphalt,1,0,42.2733,-82.9706,42.2672,-82.9533,116
CYQH,09,27,5504,150,Asphalt,1,0,60.1200,-128.8350,60.1150,-128.8060,110
CYQI,06,24,6000,150,Asphalt,1,0,43.8175,-66.0975,43.8297,-66.0822,42
CYQI,15,33,5000,150,Asphalt,1,0,43.8372,-66.0931,43.8278,-66.0792,133
CYQK,08,26,5800,150,Asphalt,1,0,49.7866,-94.3751,49.7901,-94.3513,77
CYQL,06,24,6500,200,Asphalt,1,0,49.6239,-112.8150,49.6299,-112.7900,70
CYQL,13,31,5500,150,Asphalt,1,0,49.6364,-112.7990,49.6250,-112.7840,140
CYQM,06,24,10001,200,Asphalt,1,0,46.1060,-64.6943,46.1262,-64.6677,44
CYQM,11,29,8000,200,Asphalt,1,0,46.1068,-64.6944,46.1078,-64.6628,89
CYQN,06,24,3200,300,Grass,0,1,50.1792,-86.7014,50.1844,-86.6903,53
CYQN,09,27,3500,100,Asphalt,1,0,50.1822,-86.7036,50.1831,-86.6889,85
CYQN,16,34,3200,300,Gravel,0,1,50.1822,-86.6969,50.1744,-86.6908,153
CYQQ,12,30,10000,200,Permeable,1,0,49.7207,-124.9020,49.7012,-124.8720,135
CYQQ,18,36,5000,200,Asphalt,1,0,49.7201,-124.8930,49.7076,-124.9010,203
CYQR,08,26,6200,150,Asphalt,1,0,50.4281,-104.6800,50.4283,-104.6540,89
CYQR,13,31,7900,150,Asphalt,1,0,50.4392,-104.6710,50.4233,-104.6480,138
CYQS,03,21,2607,75,Asphalt,0,0,42.7661,-81.1050,42.7728,-81.1014,25
CYQS,09,27,5013,100,Asphalt,1,0,42.7720,-81.1192,42.7736,-81.1005,85
CYQS,15,33,2610,75,Asphalt,0,0,42.7719,-81.1125,42.7664,-81.1064,145
CYQT,07,25,7318,200,Asphalt,1,0,48.3701,-89.3338,48.3768,-89.3053,70
CYQT,12,30,5297,150,Asphalt,1,0,48.3748,-89.3381,48.3672,-89.3195,120
CYQU,07,25,6200,200,Asphalt,1,0,55.1844,-118.9000,55.1844,-118.8700,89
CYQU,12,30,8502,148,Asphalt,1,0,55.1901,-118.9046,55.1737,-118.8757,135
CYQV,04,22,4800,150,Asphalt,1,0,51.2606,-102.4690,51.2700,-102.4550,44
CYQV,13,31,3000,100,Composite,1,0,51.2650,-102.4620,51.2592,-102.4520,135
CYQW,06,24,2565,50,Asphalt,0,0,52.7664,-108.2530,52.7679,-108.2420,78
CYQW,12,30,5000,150,Asphalt,1,0,52.7744,-108.2500,52.7639,-108.2350,139
CYQX,03,21,10200,200,Asphalt,1,0,48.9208,-54.5683,48.9484,-54.5602,11
CYQX,09,27,1875,50,Asphalt,0,1,48.9434,-54.5680,48.9458,-54.5611,63
CYQX,13,31,8900,200,Asphalt,1,0,48.9533,-54.5864,48.9461,-54.5511,107
CYQY,06,24,7070,200,Asphalt,1,0,46.1538,-60.0612,46.1672,-60.0411,46
CYQY,18,36,5997,150,Asphalt,1,0,46.1689,-60.0422,46.1525,-60.0358,165
CYQZ,13,31,5500,200,Asphalt,1,0,53.0326,-122.5170,53.0196,-122.5040,150
CYRB,17T,35T,6500,200,Gravel,1,0,74.7255,-94.9771,74.7083,-94.9616,167
CYRC,06,24,3734,150,Asphalt,0,0,48.5194,-71.0622,48.5272,-71.0522,40
CYRC,12,30,6087,150,Asphalt,1,0,48.5190,-71.0626,48.5147,-71.0385,106
CYRC,18,36,3769,150,Asphalt,1,0,48.5272,-71.0522,48.5175,-71.0472,161
CYRI,05,23,6000,150,Asphalt,1,0,47.7575,-69.5917,47.7714,-69.5781,33
CYRJ,16,34,5000,150,Asphalt,1,0,48.5256,-72.2719,48.5144,-72.2592,143
CYRL,08,26,5001,150,Asphalt,1,0,51.0658,-93.8039,51.0681,-93.7822,81
CYRM,13,31,5500,100,Asphalt,1,0,52.4360,-114.9110,52.4235,-114.8970,146
CYRO,09,27,3300,100,Asphalt,1,0,45.4599,-75.6489,45.4614,-75.6378,76
CYRP,04,22,2205,65,Gravel,0,0,,,,,27
CYRP,10,28,3937,98,Asphalt,1,0,45.3186,-76.0297,45.3197,-76.0147,84
CYRQ,05,23,9006,150,Asphalt,1,0,46.3457,-72.6856,46.3598,-72.6732,31
CYRS,09,27,3555,85,CRUSHED ROCK,0,0,,,,,
CYRT,13T,31T,6000,150,Asphalt,1,0,62.8166,-92.1298,62.8062,-92.1019,129
CYRV,12,30,4800,75,Asphalt,0,0,50.9715,-118.1900,50.9618,-118.1760,138
CYSA,05,23,5000,100,Asphalt,1,0,43.4106,-80.9400,43.4208,-80.9275,42
CYSA,17,35,2829,50,Asphalt,1,0,43.4192,-80.9411,43.4117,-80.9378,162
CYSB,04,22,6600,150,Asphalt,1,0,46.6175,-80.8047,46.6333,-80.7922,29
CYSB,12,30,5000,150,Asphalt,1,0,46.6292,-80.8075,46.6253,-80.7883,106
CYSC,13,31,6000,150,Asphalt,1,0,45.4425,-71.7016,45.4345,-71.6811,119
CYSC,14,32,6000,150,Asphalt,0,0,,,,,
CYSE,14,32,2400,75,Asphalt,0,0,,,,,
CYSF,06,24,5050,100,TREATED GRAVEL,0,0,,,,,
CYSG,06,24,5108,75,Asphalt,1,0,46.0915,-70.7219,46.1012,-70.7074,46
CYSH,06,24,4000,75,Asphalt,1,0,44.9422,-75.9461,44.9493,-75.9350,51
CYSH,15,33,1500,85,Grass,0,0,44.9466,-75.9384,44.9435,-75.9343,137
CYSJ,05,23,7000,200,Asphalt,1,0,45.3025,-65.8942,45.3192,-65.8806,30
CYSJ,14,32,5100,200,Asphalt,1,0,45.3294,-65.9000,45.3222,-65.8831,121
CYSK,09,27,3800,100,Gravel,0,0,56.5351,-79.2590,56.5387,-79.2413,
CYSL,18,36,4000,100,Asphalt,1,0,47.1623,-67.8395,47.1523,-67.8331,156
CYSM,03,21,1800,100,Composite,1,0,60.0217,-111.9610,60.0254,-111.9550,41
CYSM,12,30,6000,100,Asphalt,1,0,60.0275,-111.9730,60.0167,-111.9480,131
CYSN,01,19,2500,75,Asphalt,0,0,43.1858,-79.1772,43.1928,-79.1775,358
CYSN,06,24,5000,150,Asphalt,1,0,43.1879,-79.1786,43.1962,-79.1637,53
CYSN,11,29,2000,75,Asphalt,0,0,43.1928,-79.1781,43.1922,-79.1706,96
CYSP,16,34,3933,100,Asphalt,1,0,48.7600,-86.3481,48.7506,-86.3408,153
CYSQ,19,01,3950,75,Gravel,0,0,,,,,
CYST,04,22,3400,75,CRUSHED ROCK,0,0,,,,,
CYSU,05,23,8000,200,Asphalt,1,0,46.4314,-63.8428,46.4492,-63.8242,36
CYSU,12,30,5300,150,Asphalt,0,1,46.4442,-63.8411,46.4431,-63.8208,95
CYSU,18,36,5460,150,Asphalt,0,1,46.4433,-63.8411,46.4294,-63.8328,158
CYSW,17,35,4000,75,Asphalt,0,0,49.8388,-114.8830,49.8279,-114.8840,185
CYSY,08T,26T,4000,100,Gravel,1,0,71.9933,-125.2600,71.9944,-125.2250,84
CYSZ,14,32,3977,90,Asphalt,1,0,49.1228,-66.5364,49.1172,-66.5219,120
CYTA,17,35,5000,100,Asphalt,1,0,45.8708,-77.2556,45.8581,-77.2478,157
CYTE,13T,31T,4000,100,Gravel,1,0,64.2333,-76.5367,64.2267,-76.5167,127
CYTF,13,31,5000,100,Asphalt,1,0,48.5111,-71.6500,48.5064,-71.6339,114
CYTH,06,24,5800,150,Asphalt,1,0,55.7964,-97.8747,55.8041,-97.8501,61
CYTH,15,33,5079,100,Gravel,1,0,55.8129,-97.8665,55.8007,-97.8545,151
CYTL,14,32,3900,100,Gravel,0,0,,,,,
CYTN,06,24,5377,145,Asphalt,1,0,45.6071,-62.6281,45.6166,-62.6141,46
CYTN,10,28,2200,60,Asphalt,0,0,45.6100,-62.6276,45.6109,-62.6191,82
CYTQ,05,23,3519,100,Gravel,0,0,,,,,
CYTR,06,24,10000,200,Asphalt,1,0,44.1089,-77.5422,44.1260,-77.5164,51
CYTR,13,31,3025,150,Asphalt,1,0,44.1175,-77.5369,44.1133,-77.5269,120
CYTS,03,21,6000,150,Asphalt,1,0,48.5631,-81.3789,48.5783,-81.3700,21
CYTS,10,28,4903,150,Asphalt,1,0,48.5697,-81.3867,48.5694,-81.3664,90
CYTZ,06,24,2933,150,Asphalt,0,0,43.6259,-79.3976,43.6302,-79.3904,48
CYTZ,08,26,3988,150,Asphalt,1,0,43.6275,-79.4033,43.6310,-79.3891,69
CYTZ,15,33,2780,150,Asphalt,0,1,43.6297,-79.4006,43.6239,-79.3939,140
CYUB,10,28,4600,100,Gravel,1,0,69.4373,-133.0424,69.4289,-133.0099,127
CYUL,06L,24R,11000,200,Asphalt,1,0,45.4611,-73.7650,45.4833,-73.7359,43
CYUL,06R,24L,9600,200,Asphalt,1,0,45.4577,-73.7414,45.4770,-73.7160,41
CYUL,10,28,7000,200,Asphalt,1,1,45.4625,-73.7650,45.4633,-73.7383,88
CYUT,16T,34T,3400,100,Gravel,1,0,66.5258,-86.2285,66.5170,-86.2209,161
CYUX,12T,30T,5410,150,Gravel,1,0,68.7803,-81.2606,68.7720,-81.2267,124
CYUY,08,26,7485,150,Asphalt,1,0,48.2010,-78.8489,48.2106,-78.8217,62
CYVB,13,31,5985,150,Asphalt,1,0,48.0745,-65.4713,48.0676,-65.4491,115
CYVC,11,29,2396,50,Gravel,0,0,55.1509,-105.2740,55.1485,-105.2630,112
CYVC,18,36,5000,150,Asphalt,1,0,55.1581,-105.2600,55.1446,-105.2640,189
CYVD,08,26,4000,75,Asphalt,0,0,,,,,
CYVG,10,28,3300,75,Asphalt,1,0,53.3581,-110.8300,53.3539,-110.8170,119
CYVK,05,23,3360,75,Asphalt,1,0,50.2465,-119.3370,50.2496,-119.3240,71
CYVM,03T,21T,3800,100,Gravel,1,0,67.5422,-64.0390,67.5509,-64.0241,33
CYVO,18,36,10000,150,Asphalt,1,0,48.0667,-77.7865,48.0398,-77.7788,169
CYVP,07,25,6000,150,Asphalt,1,0,58.0844,-68.4381,58.0964,-68.4167,43
CYVP,13,31,5000,150,Gravel,1,0,58.1050,-68.4319,58.1019,-68.4067,103
CYVQ,10,28,5998,150,Asphalt,1,0,65.2856,-126.8150,65.2777,-126.7810,117
CYVR,08L,26R,9940,200,Concrete,1,0,49.2050,-123.2010,49.2006,-123.1600,100
CYVR,08R,26L,11500,200,Asphalt,1,0,49.1901,-123.2080,49.1844,-123.1610,100
CYVR,13,31,7300,200,Concrete,1,0,49.1999,-123.2010,49.1842,-123.1820,142
CYVR,XX,26A,3500,75,Concrete,0,1,49.1858,-123.2020,49.1842,-123.1880,100
CYVT,06,24,2297,75,Asphalt,1,0,55.8414,-108.4390,55.8425,-108.4270,82
CYVT,12,30,5006,100,Asphalt,1,0,55.8431,-108.4320,55.8347,-108.4130,129
CYVV,05,23,5021,150,Asphalt,1,0,44.7392,-81.1172,44.7492,-81.1039,44
CYVV,11,29,3100,100,Gravel,0,0,44.7428,-81.1117,44.7414,-81.1000,100
CYVZ,13,31,3500,100,Gravel,0,0,,,,,
CYWA,17,35,3800,75,Grass,0,1,45.9564,-77.3231,45.9475,-77.3150,148
CYWG,07,25,4500,200,Asphalt,0,1,49.9086,-97.2353,49.9117,-97.2169,75
CYWG,13,31,8841,200,Asphalt,1,0,49.9128,-97.2522,49.8953,-97.2272,137
CYWG,18,36,11000,200,Asphalt,1,0,49.9253,-97.2342,49.8956,-97.2417,189
CYWJ,08,26,3933,99,Gravel,0,0,65.2121,-123.4491,65.2102,-123.4239,100
CYWK,18,36,6002,150,Asphalt,1,0,52.9305,-66.8692,52.9150,-66.8601,157
CYWL,12,30,7000,150,Asphalt,1,0,52.1892,-122.0640,52.1758,-122.0430,135
CYWM,17,35,4000,100,Asphalt,1,0,54.7486,-113.2040,54.7378,-113.2040,181
CYWP,02,20,3500,100,Gravel,0,0,,,,,
CYWV,13,31,3000,75,Asphalt,1,0,52.7989,-110.8620,52.7928,-110.8530,139
CYWY,11,29,3500,100,Gravel,1,0,63.2126,-123.4450,63.2063,-123.4290,131
CYXC,16,34,6000,150,Asphalt,1,0,49.6197,-115.7830,49.6033,-115.7820,178
CYXE,09,27,8300,200,Asphalt,1,0,52.1785,-106.7180,52.1742,-106.6820,101
CYXE,15,33,6200,150,Asphalt,1,0,52.1792,-106.7050,52.1629,-106.6967,165
CYXH,03,21,5000,150,Asphalt,1,0,50.0140,-110.7280,50.0238,-110.7130,45
CYXH,09,27,2820,100,Asphalt,1,0,50.0169,-110.7250,50.0147,-110.7130,107
CYXJ,03,21,6698,198,Asphalt,1,0,56.2320,-120.7500,56.2450,-120.7270,45
CYXJ,12,30,6909,150,Asphalt,1,0,56.2450,-120.7530,56.2317,-120.7300,135
CYXK,07,25,4600,150,Asphalt,1,0,48.4739,-68.5039,48.4822,-68.4897,49
CYXL,03,21,2200,50,Gravel,0,1,50.1153,-91.9033,50.1203,-91.8986,31
CYXL,16,34,5300,100,Asphalt,1,0,50.1209,-91.9097,50.1073,-91.9017,156
CYXN,15T,33T,4000,,,0,0,,,,,
CYXP,06T,24T,2920,100,Gravel,1,0,66.1431,-65.7223,66.1469,-65.7050,62
CYXQ,14,32,3745,100,Gravel,0,0,,,,,162
CYXR,08,26,5998,150,Asphalt,1,0,47.6939,-79.8580,47.7013,-79.8362,63
CYXR,16,34,3019,150,Gravel,1,0,47.6958,-79.8611,47.6889,-79.8550,149
CYXS,01,19,3769,75,Asphalt,0,0,53.8859,-122.6780,53.8947,-122.6690,31
CYXS,06,24,5624,150,Asphalt,1,0,53.8857,-122.6930,53.8887,-122.6680,79
CYXS,15,33,11450,150,Asphalt,1,0,53.9003,-122.6710,53.8803,-122.6640,170
CYXT,03,21,5373,150,Asphalt,0,0,54.4589,-128.5840,54.4681,-128.5640,51
CYXT,15,33,7497,150,Asphalt,1,0,54.4787,-128.5900,54.4584,-128.5850,172
CYXU,09,27,6300,200,Asphalt,1,0,43.0381,-81.1639,43.0417,-81.1408,78
CYXU,15,33,8800,200,Asphalt,1,0,43.0421,-81.1598,43.0240,-81.1381,139
CYXX,01,19,5328,200,Asphalt,1,0,49.0186,-122.3790,49.0314,-122.3700,25
CYXX,01L,19R,1500,100,Grass,0,1,49.0261,-122.3740,49.0297,-122.3710,27
CYXX,07,25,9600,200,Permeable,1,0,49.0189,-122.3800,49.0204,-122.3400,87
CYXY,02,20,1239,75,Asphalt,0,1,60.7119,-135.0718,60.7151,-135.0673,34
CYXY,14L,32R,6597,100,Asphalt,0,0,60.7185,-135.0703,60.7016,-135.0573,159
CYXY,14R,32L,9497,150,Asphalt,1,0,60.7217,-135.0770,60.6976,-135.0570,158
CYXZ,03,21,4429,100,Asphalt,1,0,47.9611,-84.7903,47.9722,-84.7831,24
CYYB,08,26,10000,200,Asphalt,1,0,46.3575,-79.4408,46.3692,-79.4050,65
CYYB,13,31,2500,75,Grass,0,0,46.3700,-79.4261,46.3667,-79.4175,118
CYYB,18,36,4474,150,Asphalt,1,0,46.3697,-79.4258,46.3578,-79.4222,168
CYYC,08,26,6200,150,Asphalt,1,1,51.1042,-114.0300,51.1042,-114.0030,90
CYYC,11,29,8000,200,Asphalt,1,0,51.1264,-114.0370,51.1156,-114.0060,120
CYYC,17L,35R,14000,200,Concrete,1,0,51.1483,-113.9900,51.1100,-113.9900,180
CYYC,17R,35L,12675,200,Asphalt,1,0,51.1314,-114.0210,51.0966,-114.0210,180
CYYD,15,33,5000,150,Asphalt,1,0,54.8316,-127.1840,54.8181,-127.1810,171
CYYE,04,22,6400,200,Asphalt,1,0,58.8308,-122.6160,58.8403,-122.5880,57
CYYE,07,25,,,,0,1,,,,,
CYYE,08,26,3575,77,Asphalt,0,0,58.8383,-122.5990,58.8356,-122.5780,102
CYYF,16,34,6000,148,Asphalt,1,0,49.4694,-119.6010,49.4531,-119.6020,182
CYYG,03,21,7002,150,Asphalt,1,0,46.2797,-63.1275,46.2986,-63.1231,9
CYYG,10,28,7000,150,Asphalt,1,0,46.2939,-63.1290,46.2965,-63.1095,79
CYYH,15T,33T,4020,100,Gravel,1,0,69.5510,-93.5835,69.5413,-93.5687,152
CYYJ,03,21,5027,200,Asphalt,1,0,48.6419,-123.4340,48.6519,-123.4190,44
CYYJ,09,27,7000,200,Asphalt,1,0,48.6510,-123.4400,48.6460,-123.4120,105
CYYJ,14,32,5001,200,Asphalt,1,0,48.6525,-123.4330,48.6406,-123.4230,152
CYYL,08,26,2520,80,Gravel,0,0,56.8610,-101.0820,56.8613,-101.0700,87
CYYL,17,35,5000,150,Asphalt,1,0,56.8706,-101.0700,56.8569,-101.0700,180
CYYM,03,21,3600,300,Turf,0,0,,,,,
CYYM,11,29,4330,300,Turf,0,0,,,,,
CYYN,04,22,2500,50,Asphalt,1,0,50.2889,-107.6990,50.2933,-107.6910,49
CYYN,13,31,4250,150,Asphalt,1,0,50.2967,-107.6960,50.2883,-107.6830,136
CYYO,09,27,3000,75,Asphalt,1,0,51.8097,-104.1760,51.8081,-104.1620,102
CYYQ,07,25,4000,100,Gravel,1,0,58.7517,-94.0711,58.7552,-94.0512,72
CYYQ,15,33,9200,160,Asphalt,1,0,58.7457,-94.0777,58.7233,-94.0554,153
CYYR,08,26,11046,209,Asphalt,1,0,53.3039,-60.4481,53.3214,-60.4067,55
CYYR,15,33,9580,200,Asphalt,1,0,53.3339,-60.4364,53.3161,-60.4044,133
CYYT,02,20,5028,100,Asphalt,1,1,47.6117,-52.7381,47.6254,-52.7395,356
CYYT,10,28,8502,200,Asphalt,1,0,47.6233,-52.7733,47.6250,-52.7389,86
CYYT,16,34,7005,197,Asphalt,1,0,47.6258,-52.7514,47.6106,-52.7339,142
CYYU,10,28,3590,75,Asphalt,0,1,49.4144,-82.4769,49.4146,-82.4612,90
CYYU,17,35,5500,100,Asphalt,1,0,49.4208,-82.4722,49.4069,-82.4628,156
CYYW,12,30,4000,100,Asphalt,1,0,50.2991,-88.9250,50.2942,-88.9097,117
CYYW,18,36,2940,100,Asphalt,0,0,50.2942,-88.9097,50.2861,-88.9094,179
CYYY,06,24,6000,150,Asphalt,1,0,48.6036,-68.2164,48.6164,-68.2008,39
CYYY,15,33,3934,150,Asphalt,1,0,48.6082,-68.2158,48.6008,-68.2039,133
CYYZ,05,23,11120,200,ASP/CONC,1,0,43.6739,-79.6639,43.6947,-79.6333,47
CYYZ,06L,24R,9697,200,Asphalt,1,0,43.6610,-79.6234,43.6790,-79.5974,47
CYYZ,06R,24L,9000,200,Asphalt,1,0,43.6583,-79.6219,43.6753,-79.5972,47
CYYZ,15L,33R,11050,200,Asphalt,1,0,43.6919,-79.6422,43.6700,-79.6139,137
CYYZ,15R,33L,9088,200,Asphalt,1,0,43.6858,-79.6517,43.6675,-79.6283,137
CYZD,09,27,3164,150,Asphalt,0,1,43.7425,-79.4733,43.7442,-79.4617,79
CYZD,15,33,7003,200,Asphalt,1,0,43.7497,-79.4742,43.7353,-79.4569,139
CYZE,11,29,5500,100,Asphalt,1,0,45.8861,-82.5772,45.8844,-82.5583,97
CYZF,10,28,5000,150,Asphalt,1,0,62.4713,-114.4530,62.4653,-114.4270,116
CYZF,16,34,7500,150,Asphalt,1,0,62.4732,-114.4440,62.4528,-114.4410,176
CYZG,03,21,3523,100,Gravel,0,0,,,,,29
CYZH,10,28,5561,100,Asphalt,1,0,55.2965,-114.7900,55.2901,-114.7660,115
CYZP,13,31,5120,150,Asphalt,1,0,53.2600,-131.8210,53.2486,-131.8070,144
CYZR,06,24,2989,75,Asphalt,0,0,42.9967,-82.3111,43.0019,-82.3028,49
CYZR,15,33,5100,100,Asphalt,1,0,43.0044,-82.3153,42.9942,-82.3022,137
CYZS,16T,34T,5000,100,Gravel,1,0,64.1995,-83.3661,64.1871,-83.3528,155
CYZT,08,26,4000,150,Asphalt,1,0,50.6806,-127.3760,50.6800,-127.3580,92
CYZT,11,29,5000,150,Asphalt,1,0,50.6861,-127.3730,50.6772,-127.3570,129
CYZT,16,34,4000,150,Asphalt,0,0,50.6858,-127.3720,50.6750,-127.3710,178
CYZU,11,29,5800,100,Asphalt,1,0,54.1484,-115.7980,54.1393,-115.7760,125
CYZV,05,23,5900,200,Asphalt,0,1,50.2172,-66.2782,50.2314,-66.2657,30
CYZV,09,27,6552,150,Asphalt,1,0,50.2172,-66.2792,50.2236,-66.2525,70
CYZV,13,31,5771,200,Asphalt,1,0,50.2297,-66.2769,50.2242,-66.2525,110
CYZW,09,27,5028,100,Gravel,1,0,60.1747,-132.7560,60.1709,-132.7300,107
CYZX,08,26,8000,200,Asphalt,1,0,44.9811,-64.9325,44.9907,-64.9047,64
CYZX,12,30,8000,200,Asphalt,1,0,44.9836,-64.9314,44.9772,-64.9017,107
CYZY,17,35,5033,100,Asphalt,1,0,55.3111,-123.1310,55.2975,-123.1330,186
CZAC,10,28,3395,85,CRUSHED ROCK,0,0,,,,,
CZAM,14,32,4260,75,Asphalt,1,0,50.6882,-119.2320,50.6774,-119.2250,158
CZBA,09,27,2464,50,Asphalt,0,0,43.4408,-79.8544,43.4419,-79.8461,80
CZBA,14,32,3775,75,Asphalt/Turf,1,0,43.4450,-79.8547,43.4384,-79.8442,131
CZBB,03,21,4865,75,Asphalt,0,1,49.0667,-123.0070,49.0781,-122.9960,50
CZBB,07,25,5606,100,Asphalt,1,0,49.0781,-123.0200,49.0779,-122.9960,90
CZBB,13,31,5605,100,Asphalt,1,0,49.0782,-123.0190,49.0699,-123.0100,144
CZBD,09,27,3000,75,CRUSHED ROCK,0,0,,,,,
CZBF,10,28,5613,100,Asphalt,1,0,47.6288,-65.7480,47.6305,-65.7299,82
CZBM,05,23,5000,100,Asphalt,1,0,45.2855,-72.7479,45.2964,-72.7361,37
CZBM,05R,23L,3200,320,Grass,0,0,45.2872,-72.7439,45.2944,-72.7369,34
CZEE,12,30,2590,75,Gravel,0,0,,,,,
CZEM,02,20,3512,100,Gravel,0,0,,,,,19
CZFA,09,27,4000,100,Gravel,1,0,62.2097,-133.3870,62.2053,-133.3650,114
CZFD,10,28,3800,75,TREATED GRAVEL,0,0,,,,,
CZFG,15,33,3000,85,CRUSHED ROCK,0,0,,,,,
CZFM,12,30,3500,100,Gravel,1,0,67.4112,-134.8681,67.4026,-134.8514,140
CZFN,07,25,3935,99,Gravel,1,0,64.9092,-125.5820,64.9102,-125.5568,84
CZGF,07,25,4300,100,Asphalt,1,0,49.0153,-118.4390,49.0153,-118.4210,90
CZGI,09,27,3540,80,CRUSHED ROCK,0,0,,,,,
CZGR,18,36,2800,75,CRUSHED ROCK,0,0,,,,,
CZHP,07,25,3933,75,Asphalt,1,0,55.3935,-116.4850,55.3937,-116.4660,89
CZJG,15,33,3800,100,Gravel,0,0,,,,,
CZJN,02,20,3933,100,Asphalt,1,0,52.1158,-101.2400,52.1254,-101.2320,27
CZJN,08,26,1950,75,Grass,0,0,52.1161,-101.2400,52.1165,-101.2320,85
CZKE,06,24,3903,100,Gravel,0,0,,,,,64
CZLQ,12,30,2220,75,CRUSHED ROCK,0,0,,,,,
CZMD,05,23,3500,100,Gravel,0,0,,,,,
CZML,15,33,5293,75,Asphalt,1,0,51.7430,-121.3370,51.7303,-121.3300,165
CZMN,05,23,2200,75,CRUSHED ROCK,0,0,,,,,
CZMT,13,31,5000,100,Asphalt,1,0,54.0304,-132.1240,54.0192,-132.1110,148
CZNG,10,28,2500,60,CRUSHED ROCK,0,0,,,,,
CZNL,04,22,3100,75,Asphalt,0,0,49.4919,-117.3060,49.4961,-117.2950,61
CZPB,10,28,3500,100,Gravel,0,0,,,,,
CZPC,08,26,6600,100,Asphalt,1,0,49.5206,-114.0110,49.5206,-113.9830,90
CZPO,16,34,3000,65,GRAVEL/CLAY,0,0,,,,,
CZRJ,03,21,3500,100,Gravel,0,0,,,,,
CZSJ,11,29,3500,100,Gravel,0,0,,,,,
CZSN,18,36,3509,100,CRUSHED ROCK,0,0,,,,,
CZST,18,36,3900,75,Asphalt,0,0,55.9406,-129.9820,55.9303,-129.9860,194
CZTA,18,36,3000,75,CRUSHED ROCK,0,0,,,,,
CZTM,01,19,4006,90,Gravel,0,0,,,,,
CZUC,05,23,3512,75,Asphalt,1,0,49.4264,-91.7236,49.4328,-91.7122,49
CZUM,13,31,5500,150,Asphalt,1,0,53.5645,-64.1182,53.5607,-64.0937,105
CZVL,08,26,5001,100,Asphalt,1,0,53.6738,-113.8620,53.6714,-113.8393,103
CZVL,16,34,3500,100,Asphalt,1,0,53.6722,-113.8652,53.6627,-113.8652,181
CZWH,03,21,3500,100,CRUSHED ROCK,0,0,,,,,
CZWL,17,35,3793,75,Asphalt/Concrete,0,0,,,,,166
DAAB,06,24,5833,150,Asphalt,0,0,36.5014,2.8033,36.5080,2.8219,66
DAAD,04,22,7218,98,Asphalt,0,0,35.3254,4.1979,35.3402,4.2140,42
DAAE,08,26,7874,148,Asphalt,1,0,36.7100,5.0567,36.7136,5.0831,80
DAAF,08,26,6285,95,,0,0,27.0609,1.1026,27.0638,1.1196,79
DAAG,05,23,11483,197,Asphalt,1,0,36.6939,3.2202,36.7129,3.2514,53
DAAG,09,27,11483,148,Asphalt,1,0,36.6921,3.1708,36.6912,3.2099,92
DAAJ,02,20,7874,148,Asphalt,1,0,24.2739,9.4440,24.2942,9.4526,22
DAAJ,13,31,9843,148,Asphalt,1,0,24.2931,9.4519,24.2769,9.4769,125
DAAK,04,22,11883,148,Concrete,0,0,36.5338,2.8626,36.5579,2.8901,44
DAAN,08,26,8216,98,Permeable,0,0,26.7064,0.2738,26.7137,0.2976,71
DAAP,09,27,9843,148,Asphalt,1,0,26.7236,8.6075,26.7234,8.6378,90
DAAQ,09L,27R,10696,148,Asphalt,0,0,35.5269,2.8608,35.5263,2.8967,91
DAAQ,09R,27L,10696,148,Asphalt,0,0,35.5246,2.8608,35.5240,2.8967,91
DAAS,09,27,9498,148,Asphalt,0,0,36.1778,5.3138,36.1792,5.3460,
DAAT,02,20,11811,148,Asphalt,1,0,22.7964,5.4444,22.8265,5.4577,22
DAAT,08,26,10171,148,Asphalt,1,0,22.8073,5.4228,22.8113,5.4527,82
DAAV,17,35,7874,148,Asphalt,1,0,36.8058,5.8715,36.7844,5.8757,171
DAAY,06,24,11780,150,Asphalt,0,0,33.5239,-0.2599,33.5443,-0.2298,51
DAAY,17,35,9436,100,Asphalt,0,0,33.5349,-0.2419,33.5105,-0.2313,160
DAAZ,07,25,4265,70,Asphalt,0,0,35.7499,0.6197,35.7545,0.6329,67
DABB,05,23,7513,148,Asphalt,1,0,36.8206,7.8067,36.8333,7.8268,52
DABB,18,36,9843,148,Asphalt,1,0,36.8451,7.8127,36.8183,7.8087,187
DABC,13,31,7874,148,Asphalt,1,0,36.2844,6.6147,36.2689,6.6333,136
DABC,16,34,9843,148,Asphalt,0,0,36.2881,6.6106,36.2628,6.6225,159
DABS,11,29,9843,148,Asphalt,1,0,35.4385,8.1086,35.4279,8.1390,113
DABS,12,30,7874,98,Asphalt,1,0,35.4357,8.1098,35.4236,8.1318,122
DABT,05,23,9843,148,Asphalt,1,0,35.7443,6.2950,35.7599,6.3222,55
DAFH,08,26,9835,148,Asphalt,0,0,32.9279,3.2958,32.9330,3.3273,79
DAFH,09,27,4695,100,Asphalt,0,0,32.9321,3.3015,32.9325,3.3167,88
DALH,03,21,3280,30,Loam,0,0,,,,,
DAOB,08,26,9843,148,Asphalt,1,0,35.3391,1.4469,35.3432,1.4794,81
DAOE,07,25,9834,148,Concrete,0,0,35.7314,-0.8194,35.7428,-0.7894,64
DAOF,08L,26R,9840,148,Asphalt,1,0,27.6984,-8.1822,27.7051,-8.1528,76
DAOF,08R,26L,9840,148,Asphalt,1,0,27.6956,-8.1814,27.7024,-8.1520,76
DAOI,07,25,5413,98,Asphalt,0,0,36.2097,1.3233,36.2155,1.3398,66
DAOI,08,26,8793,148,Asphalt,0,0,36.2149,1.3295,36.2202,1.3586,
DAOL,08,26,9037,140,Asphalt,1,0,35.5394,-0.5470,35.5455,-0.5176,76
DAON,07,25,8530,148,Asphalt,1,0,35.0093,-1.4706,35.0174,-1.4438,70
DAOO,07L,25R,11811,148,Asphalt,1,0,35.6166,-0.6421,35.6289,-0.6061,67
DAOO,07R,25L,9843,148,Concrete,1,0,35.6142,-0.6409,35.6246,-0.6103,
DAOR,06,24,12245,148,Asphalt,0,0,31.6377,-2.2955,31.6545,-2.2615,60
DAOR,18,36,9840,148,Asphalt,0,0,31.6589,-2.2612,31.6318,-2.2612,180
DAOS,10,28,4868,100,Asphalt,0,0,35.1727,-0.6013,35.1709,-0.5852,98
DAOV,08,26,5577,98,Asphalt,0,0,35.2064,0.1380,35.2091,0.1563,80
DAOY,04,22,9843,148,Asphalt,0,0,33.7119,1.0816,33.7319,1.1034,
DATG,08,26,7218,98,Asphalt,0,0,19.5592,5.7392,19.5618,5.7599,
DATM,08,26,9843,148,Asphalt,0,0,21.3754,0.9146,21.3810,0.9430,
DAUA,04,22,9843,148,Asphalt,1,0,27.8272,-0.1961,27.8481,-0.1767,40
DAUB,13,31,9469,148,Asphalt,0,0,34.8017,5.7262,34.7851,5.7505,130
DAUE,10,28,5906,148,Asphalt,0,0,30.5703,2.8578,30.5669,2.8761,102
DAUE,18,36,9843,148,Asphalt,0,0,30.5994,2.8614,30.5725,2.8617,180
DAUG,12,30,10171,197,Asphalt,1,0,32.3839,3.7945,32.3690,3.8222,122
DAUG,18,36,7874,148,Asphalt,0,0,32.4050,3.7958,32.3833,3.7947,183
DAUH,01,19,,,,0,0,,,,,
DAUH,18,36,9843,148,Asphalt,1,0,31.6865,6.1416,31.6593,6.1393,184
DAUI,05,23,9843,148,Asphalt,1,0,27.2425,2.5003,27.2595,2.5238,51
DAUK,01,19,9843,148,Asphalt,1,0,33.0600,6.0872,33.0867,6.0919,9
DAUL,16L,34R,12486,148,Asphalt,1,0,33.7805,2.9214,33.7490,2.9374,157
DAUL,16R,34L,12477,148,Asphalt,0,0,33.7798,2.9193,33.7482,2.9353,157
DAUO,02,20,6562,98,Asphalt,0,0,33.4955,6.7759,33.5127,6.7826,18
DAUO,13,31,9843,148,Asphalt,1,0,33.5275,6.7619,33.5100,6.7867,130
DAUT,06,24,9843,148,Asphalt,0,0,29.2292,0.2631,29.2442,0.2889,56
DAUU,01,19,9843,148,Asphalt,0,0,31.9057,5.4047,31.9318,5.4134,16
DAUU,18,36,10171,148,Asphalt,0,0,31.9301,5.4165,31.9022,5.4171,179
DAUZ,05,23,9843,148,Asphalt,1,0,28.0451,9.6351,28.0636,9.6574,47
DAUZ,14,32,7218,98,Asphalt,1,0,28.0690,9.6292,28.0527,9.6420,145
DBBB,06,24,7906,148,Asphalt,1,0,6.3507,2.3758,6.3637,2.3931,53
DBBP,04,22,5249,,,0,0,,,,,
DFFD,04,22,9843,148,Asphalt,1,0,12.3417,-1.5200,12.3644,-1.5048,33
DFFD,04R,22L,6269,98,Laterite,0,1,12.3443,-1.5158,12.3584,-1.5056,35
DFOH,08,26,2560,,Grass,0,0,,,,,
DFOH,18,36,1920,,Gravel,0,0,,,,,
DFOO,06,24,10826,148,Asphalt,1,0,11.1511,-4.3429,11.1690,-4.3190,53
DGAA,03,21,11165,200,Asphalt,1,0,5.5910,-0.1726,5.6194,-0.1609,22
DGAH,5,23,5266,100,Asphalt,0,0,,,,,
DGLE,05,23,7999,148,Asphalt,0,0,9.5493,-0.8710,9.5651,-0.8554,45
DGLW,03,21,6612,145,Asphalt,0,0,10.0741,-2.5108,10.0912,-2.5046,20
DGSI,02,20,7612,148,Asphalt,1,0,6.7058,-1.5926,6.7233,-1.5890,12
DGSN,07,25,4594,148,Asphalt,1,0,7.3592,-2.3340,7.3644,-2.3235,63
DGTK,04,22,5745,148,Asphalt,0,0,4.8892,-1.7787,4.9029,-1.7708,30
DIAP,03,21,9843,164,Asphalt,1,0,5.2488,-3.9314,5.2739,-3.9211,23
DIBK,03,21,10827,148,Asphalt,1,0,7.7252,-5.0798,7.7524,-5.0675,24
DIBU,03,21,4921,,,0,0,,,,,
DIDL,04,22,6562,98,Concrete,0,0,6.7848,-6.4774,6.8008,-6.4689,28
DIKO,09,27,6890,98,Concrete,1,0,9.3855,-5.5661,9.3888,-5.5472,80
DIMN,04,22,6726,98,Concrete,0,0,7.2637,-7.5912,7.2805,-7.5835,25
DISP,03,21,6234,98,Asphalt,1,0,4.7386,-6.6637,4.7548,-6.6579,20
DIYO,05,23,9843,148,Asphalt,1,0,6.8930,-5.3748,6.9133,-5.3564,42
DNAA,04,22,11842,197,Asphalt,1,0,8.9934,7.2537,9.0201,7.2726,35
DNAI,03,21,11811,,,0,0,,,,,
DNAK,03,21,9195,148,Asphalt,0,0,7.2352,5.2958,7.2583,5.3062,24
DNAS,11,29,11155,190,Asphalt,1,0,,,,,
DNBB,10,28,5577,75,Asphalt,0,0,,,,,
DNBC,17,35,11154,148,Asphalt,1,0,,,,,
DNBE,05,23,7870,148,Asphalt,1,0,6.3090,5.5912,6.3242,5.6068,46
DNBI,04,22,3900,65,Asphalt,0,0,,,,,
DNBY,06,24,12139,,Asphalt,0,0,,,,,
DNCA,03,21,8040,148,Asphalt,1,0,4.9662,8.3423,4.9859,8.3523,27
DNDS,06,24,9840,155,Asphalt,0,0,,,,,
DNEN,08,26,7879,148,Asphalt,1,0,6.4722,7.5509,6.4759,7.5723,80
DNFB,04,22,5582,98,Asphalt,0,0,,,,,
DNFD,02,20,3165,60,Asphalt,0,0,,,,,
DNGO,05,23,10827,148,Asphalt,1,0,,,,,
DNGU,05,23,4800,148,Laterite,0,0,12.1671,6.6912,12.1762,6.7010,47
DNIB,05,23,7875,147,Asphalt,1,0,7.3541,3.9713,7.3707,3.9854,40
DNIL,05,23,10169,197,Asphalt,1,0,8.4310,4.4833,8.4493,4.5046,49
DNIM,17,35,8858,148,Asphalt,0,0,5.4391,7.2033,5.4152,7.2087,167
DNJO,10,28,9845,148,Asphalt,1,0,9.6411,8.8555,9.6386,8.8827,95
DNKA,05,23,9843,197,Asphalt,1,0,10.6871,7.3097,10.7046,7.3306,50
DNKN,05,23,8040,148,Asphalt,1,0,12.0389,8.5219,12.0546,8.5377,44
DNKN,06,24,10831,197,Asphalt,1,0,12.0416,8.5066,12.0560,8.5332,61
DNMA,05,23,9846,197,Asphalt,1,0,11.8459,13.0713,11.8645,13.0913,47
DNMK,05,23,9830,164,Concrete,0,0,7.6955,8.6033,7.7122,8.6246,52
DNMM,18L,36R,8997,148,Asphalt,1,0,6.5970,3.3291,6.5722,3.3291,180
DNMM,18R,36L,12794,197,Asphalt,1,0,6.5878,3.3136,6.5525,3.3136,180
DNMN,05,23,11153,145,Asphalt,0,0,9.6415,6.4513,9.6631,6.4734,45
DNPO,03,21,9843,197,Asphalt,1,0,5.0035,6.9431,5.0274,6.9559,28
DNSO,08,26,9844,197,Asphalt,1,0,12.9128,5.1934,12.9190,5.2203,77
DNSU,06,24,6868,98,Asphalt,0,0,,,,,
DNYO,13,31,5160,98,Asphalt,0,1,9.2740,12.4263,9.2656,12.4378,126
DNYO,17,35,9840,148,Asphalt,1,0,9.2711,12.4282,9.2443,12.4327,171
DNZA,05,23,5462,151,Asphalt,0,0,11.1253,7.6799,11.1351,7.6915,50
DRRL,07,25,3950,,Dirt,0,0,,,,,
DRRM,09,27,6070,98,Asphalt,0,0,13.5016,7.1182,13.5034,7.1353,84
DRRN,09L,27R,10499,98,Laterite,0,0,13.4848,2.1711,13.4861,2.2006,87
DRRN,09R,27L,9843,148,BITUM,1,0,13.4816,2.1694,13.4832,2.2045,87
DRRT,06,24,7053,98,Asphalt,1,0,14.8708,5.2568,14.8806,5.2739,60
DRZA,07,25,9843,98,Asphalt,1,0,16.9609,7.9871,16.9710,8.0133,68
DRZD,04,22,5249,131,Asphalt,0,0,18.9633,12.8636,18.9741,12.8737,41
DRZF,09,27,5906,98,Asphalt,0,0,13.3727,12.6184,13.3731,12.6350,88
DRZI,01,19,4438,196,,0,0,19.0624,8.4141,19.0744,8.4165,11
DRZR,05,23,5988,98,Asphalt,1,0,13.7740,8.9770,13.7839,8.9905,53
DTKA,09,27,9416,148,Asphalt,1,0,36.9812,8.8592,36.9798,8.8914,93
DTMB,07,25,9678,148,Asphalt,1,0,35.7541,10.7384,35.7616,10.7696,74
DTNH,09,27,10827,197,Asphalt,1,0,36.0758,10.4203,36.0756,10.4569,90
DTTA,01,19,10499,148,Asphalt,1,0,36.8391,10.2238,36.8672,10.2314,12
DTTA,11,29,9318,148,Asphalt,1,0,36.8543,10.2177,36.8444,10.2472,113
DTTB,08,26,9845,166,Permeable,0,0,37.2403,9.7698,37.2441,9.8033,83
DTTB,11,29,3975,164,Concrete,0,0,37.2492,9.7926,37.2453,9.8053,111
DTTD,02,20,7812,148,Asphalt,0,0,32.2962,10.3772,32.3160,10.3870,23
DTTF,05,23,9514,148,Asphalt,1,0,34.4135,8.8108,34.4307,8.8343,49
DTTG,06,24,3702,82,Asphalt,0,0,33.7276,9.9047,33.7397,9.9338,61
DTTI,13,31,3407,98,Asphalt,0,0,36.7241,9.9385,36.7186,9.9478,126
DTTJ,09,27,10171,148,Asphalt,1,0,33.8750,10.7604,33.8759,10.7939,88
DTTR,11,29,8858,148,Asphalt,0,0,31.7089,9.2415,31.6986,9.2673,115
DTTX,15,33,9843,148,Concrete,1,0,34.7295,10.6823,34.7064,10.6997,148
DTTZ,09,27,10581,148,Asphalt,1,0,33.9396,8.0837,33.9396,8.1184,89
DXNG,03,21,8202,148,Concrete,1,0,9.7568,1.0870,9.7778,1.0955,22
DXXX,04,22,9847,148,Asphalt,1,0,6.1551,1.2457,6.1763,1.2626,39
EBAM,11,29,2000,60,Grass,0,0,,,,,
EBAR,09,27,492,98,Grass,0,0,,,,,85
EBAW,11,29,4954,148,Asphalt,1,0,51.1924,4.4528,51.1878,4.4731,110
EBBE,04L,22R,10085,148,Asphalt,1,0,50.7472,4.7532,50.7685,4.7808,39
EBBE,04R,22L,8038,74,Asphalt,1,0,50.7469,4.7599,50.7638,4.7811,39
EBBL,05L,23R,10158,148,Permeable,1,0,51.1595,5.4530,51.1774,5.4870,50
EBBL,05R,23L,7874,75,Permeable,0,0,51.1600,5.4587,51.1739,5.4850,50
EBBR,01,19,9800,164,Asphalt,1,0,50.8869,4.4914,50.9129,4.5020,14
EBBR,07L,25R,11936,148,Asphalt,1,0,50.8989,4.4557,50.9126,4.5026,65
EBBR,07R,25L,10535,148,Asphalt,1,0,50.8890,4.4804,50.8989,4.5233,70
EBBT,16,34,2621,98,Concrete,0,0,,,,,163
EBBX,06,24,7874,148,Concrete,0,0,49.8816,5.2146,49.8929,5.2431,58
EBBY,05,23,827,99,Grass,0,0,,,,,
EBBY,14,32,981,99,Grass,0,0,,,,,
EBBZ,15,33,1469,131,,0,0,,,,,152
EBCF,12L,30R,2625,98,Grass,0,0,,,,,
EBCF,12R,30L,2215,98,Grass,0,0,,,,,
EBCI,06,24,10023,148,Asphalt,1,0,50.4552,4.4367,50.4666,4.4759,66
EBCV,08,26,8197,148,Asphalt,1,0,50.5748,3.8214,50.5787,3.8561,80
EBDT,06,24,2461,148,Turf,0,0,,,,,
EBFN,02,20,2621,98,Concrete,0,0,51.0897,2.6565,51.0967,2.6589,
EBFN,11,29,8786,164,Permeable,1,0,51.0940,2.6348,51.0865,2.6711,108
EBFS,08L,26R,11105,148,Asphalt,1,0,50.2407,4.6260,50.2465,4.6726,79
EBFS,08R,26L,7381,74,Asphalt,1,0,50.2363,4.6327,50.2399,4.6638,80
EBGB,01,19,2016,,Grass,0,0,,,,,
EBGG,03,21,600,18,Grass,0,0,,,,,
EBHC,04A,13D,69,69,Grass,0,0,,,,,
EBHN,15,33,,,Grass,0,0,,,,,
EBIS,17,35,495,164,Grass,0,0,,,,,
EBKH,07,25,2264,59,Grass,0,0,,,,,
EBKT,06,24,6234,148,Asphalt,1,0,50.8148,3.1971,50.8225,3.2202,62
EBLE,08,26,1969,59,Asphalt,0,0,,,,,
EBLG,04L,22R,7677,148,Asphalt,1,0,50.6313,5.4301,50.6461,5.4536,45
EBLG,04R,22L,12106,148,Asphalt,1,0,50.6271,5.4279,50.6481,5.4608,45
EBML,09,27,1311,,Grass,0,0,,,,,
EBMO,04,22,650,30,Grass,0,0,,,,,
EBNM,06,24,2284,89,Asphalt,0,1,,,,,64
EBNM,06L,24R,2064,164,Grass,0,0,,,,,64
EBNM,06R,24L,2264,82,Asphalt,0,0,,,,,64
EBOS,08,26,10499,148,Concrete,1,0,51.1966,2.8528,51.2034,2.8973,75
EBOS,14,32,2057,148,Grass,0,1,51.1995,2.8659,51.1954,2.8721,137
EBSG,09,27,2296,75,Asphalt,0,0,,,,,88
EBSH,05,23,1969,623,Grass,0,0,,,,,
EBSH,14,32,2621,492,Grass,0,0,,,,,
EBSL,06,24,9777,148,Asphalt,0,0,50.9407,5.5723,50.9543,5.6089,60
EBSP,05,23,2621,98,Asphalt,0,0,,,,,48
EBST,06,24,3597,164,Asphalt,0,0,50.7890,5.1945,50.7948,5.2088,58
EBSU,07,25,8528,147,Concrete,0,0,50.0302,5.4245,50.0397,5.4577,67
EBTN,06,24,2148,100,Asphalt,0,0,,,,,60
EBTN,17,35,2560,100,Asphalt,0,0,,,,,
EBTX,06,24,2421,72,Grass,0,0,50.5492,5.8496,50.5530,5.8581,
EBTY,11,29,2067,59,Grass,0,0,,,,,
EBUL,07,25,9777,148,Concrete,0,0,51.1399,3.4585,51.1503,3.4976,70
EBWE,07,25,9777,147,Concrete,0,0,51.3898,4.9403,51.3997,4.9801,68
EBZH,09,27,1967,,Grass,0,0,,,,,
EBZR,05,23,2621,148,Concrete,0,0,51.2667,4.7581,51.2715,4.7667,48
EBZU,17,35,400,18,,0,0,,,,,
EBZW,03L,21R,2622,76,Asphalt,0,0,51.0121,5.5226,51.0181,5.5287,34
EBZW,03R,21L,2148,59,Grass,0,0,,,,,34
EDAB,07,25,7218,164,Concrete,1,0,51.1907,14.5047,51.1964,14.5348,69
EDAB,07L,25R,3281,131,Grass,0,0,51.1919,14.5059,51.1945,14.5196,69
EDAC,04,22,7988,148,Concrete,1,0,50.9742,12.4965,50.9911,12.5185,41
EDAD,09,27,3281,82,Asphalt,1,0,51.8319,12.1768,51.8317,12.1913,87
EDAE,11,29,3839,75,Asphalt,1,0,52.1995,14.5779,52.1952,14.5935,110
EDAG,10,28,3281,131,Grass,0,0,,,,,107
EDAH,10,28,7562,115,Asphalt,1,0,53.8816,14.1345,53.8761,14.1683,100
EDAH,10L,28R,4347,131,Grass,0,0,53.8800,14.1482,53.8768,14.1673,100
EDAH,10R,28L,1969,98,Grass,0,0,53.8796,14.1421,53.8781,14.1511,100
EDAI,10,28,2625,98,Grass,0,0,52.8276,12.5361,52.8257,12.5495,103
EDAJ,06,24,3002,79,Asphalt,0,0,,,,,59
EDAK,11,29,4642,157,Concrete,0,0,51.3126,13.5397,51.3036,13.5702,111
EDAK,11R,29L,3117,131,Grass,0,0,,,,,111
EDAM,08,26,3740,98,Concrete,0,0,51.3622,11.9328,51.3638,11.9489,77
EDAN,09,27,3937,131,Grass,0,0,,,,,85
EDAN,18,36,2953,131,Grass,0,0,,,,,175
EDAO,10,28,2936,98,Grass,0,0,,,,,99
EDAP,11,29,2625,,Asphalt,0,0,,,,,106
EDAQ,11,29,3675,98,Asphalt,1,0,51.5541,12.0453,51.5499,12.0600,109
EDAR,11,29,2953,131,Grass,0,0,,,,,113
EDAS,08,26,3133,131,Grass,0,0,,,,,80
EDAT,08,26,3117,131,Grass,0,0,,,,,74
EDAU,09,27,2461,98,Grass,0,1,51.2980,13.3420,51.2973,13.3526,96
EDAU,12,30,3281,75,Asphalt,0,0,51.2952,13.3517,51.2904,13.3639,116
EDAU,12R,30L,1969,98,Grass,0,0,51.2984,13.3428,51.2956,13.3504,116
EDAV,10,28,5046,164,Concrete,1,0,52.8276,13.6900,52.8252,13.7125,95
EDAW,09L,27R,3937,131,Grass,0,0,51.5783,12.4873,51.5767,12.5046,93
EDAW,09R,27L,3937,131,Grass,0,0,51.5776,12.4872,51.5760,12.5044,93
EDAX,07,25,7808,164,Concrete,1,0,53.3036,12.7359,53.3092,12.7704,72
EDAY,05,23,3937,92,Concrete,1,0,52.5765,13.9090,52.5835,13.9224,45
EDAY,05R,23L,3937,131,Grass,0,0,52.5759,13.9097,52.5830,13.9234,45
EDAZ,07,25,4954,75,Asphalt,1,0,52.2026,13.1515,52.2050,13.1671,75
EDAZ,12,30,2297,58,Asphalt,0,1,52.2083,13.1541,52.2050,13.1628,121
EDAZ,12G,30G,2493,131,Grass,0,0,,,,,
EDBA,09,27,2854,75,Asphalt,0,0,,,,,89
EDBC,07,25,8202,148,Asphalt,0,0,51.8535,11.4002,51.8584,11.4358,77
EDBC,07G,25G,2625,131,Grass,0,0,51.8524,11.3989,51.8539,11.4103,77
EDBE,10,28,2395,131,Grass,0,0,52.4377,12.5878,52.4365,12.5984,97
EDBF,10,28,2952,75,Asphalt,0,0,52.7945,12.7538,52.7925,12.7668,101
EDBG,09,27,2789,98,Grass,0,0,,,,,87
EDBH,09,27,5528,98,Asphalt,1,0,54.3382,12.7009,54.3382,12.7193,88
EDBH,09L,27R,2953,131,Grass,0,1,54.3396,12.7028,54.3397,12.7166,90
EDBI,05,23,3609,131,Grass,0,0,,,,,52
EDBJ,02,20,3839,75,Asphalt,1,0,50.9101,11.7115,50.9202,11.7175,18
EDBJ,08,26,2034,98,Grass,0,0,50.9144,11.7090,50.9157,11.7174,77
EDBK,14,32,3281,75,Asphalt,1,0,52.9223,12.4212,52.9150,12.4300,138
EDBK,14R,32L,3281,98,Grass,0,0,52.9219,12.4204,52.9147,12.4292,138
EDBL,09,27,2362,98,Grass,0,0,51.2463,11.6883,51.2459,11.6989,87
EDBM,09,27,3281,98,Asphalt,1,0,52.0735,11.6192,52.0738,11.6338,86
EDBM,09L,27R,2298,98,Grass,0,0,52.0746,11.6218,52.0748,11.6320,86
EDBN,09,27,7522,148,Concrete,1,0,53.6019,13.2888,53.6026,13.3234,85
EDBO,08,26,2788,66,Asphalt,0,0,51.8993,13.0466,51.9001,13.0589,79
EDBO,08R,26L,2461,98,Grass,0,0,51.8991,13.0524,51.8997,13.0603,79
EDBP,01,19,2625,131,Grass,0,0,53.6124,11.5616,53.6194,11.5640,11
EDBP,11,29,1640,131,Grass,0,0,53.6152,11.5597,53.6128,11.5661,111
EDBQ,07,25,2887,131,Grass,0,0,51.6705,13.9540,51.6723,13.9664,73
EDBQ,12,30,2953,131,Grass,0,0,51.6750,13.9549,51.6710,13.9663,116
EDBR,17,35,6562,98,Asphalt,1,0,51.3744,14.9498,51.3519,14.9502,173
EDBR,17R,35L,3937,131,Grass,0,0,51.3702,14.9495,51.3595,14.9500,173
EDBS,07,25,3035,131,Grass,0,0,51.1971,11.1854,51.1997,11.1980,70
EDBT,07,25,3937,98,Concrete,0,0,51.3768,11.4290,51.3805,11.4452,67
EDBU,08,26,2723,98,Grass,0,0,53.1790,12.1784,53.1807,12.1906,77
EDBV,05,23,2953,131,Grass,0,0,54.3332,13.0379,54.3383,13.0487,45
EDBW,08,26,2624,92,Concrete,0,0,52.6312,13.7592,52.6319,13.7709,79
EDBY,15,33,2953,,,0,0,,,,,
EDBZ,08L,26R,2789,,,0,0,,,,,
EDBZ,08R,26L,2625,,,0,0,,,,,
EDCA,09,27,3281,66,Asphalt,1,0,53.8332,13.6616,53.8322,13.6767,96
EDCA,09R,27L,2953,131,Grass,0,0,53.8325,13.6629,53.8317,13.6766,96
EDCB,09,27,2247,,asfalt,1,0,,,,,
EDCE,06,24,3937,131,Grass,0,0,,,,,56
EDCG,09,27,2953,60,Asphalt,1,0,54.3832,13.3177,54.3838,13.3329,82
EDCI,10,28,2887,,,0,0,,,,,
EDCJ,06,24,2953,66,Asphalt,1,0,,,,,
EDCK,07,25,2625,,,0,0,,,,,
EDCM,03,21,3609,92,Concrete,1,0,51.2931,14.1232,51.3012,14.1321,34
EDCM,03L,21R,3609,131,Grass,0,0,51.2934,14.1223,51.3016,14.1312,34
EDCO,11,29,4757,98,Asphalt,0,0,51.2699,10.6251,51.2655,10.6446,110
EDCP,13,31,7874,197,Concrete,0,0,54.1657,13.7602,54.1499,13.7852,137
EDCQ,11,29,3445,,,0,0,,,,,
EDCR,08,26,2100,131,Grass,0,0,,,,,
EDCS,09A,27D,3281,,Grass,0,0,,,,,
EDCT,07,25,1965,98,Grass,0,0,,,,,
EDCU,09,27,2297,131,Grass,0,0,,,,,
EDCV,09,27,2953,,,0,0,,,,,
EDCW,08,26,2099,131,Grass,0,0,,,,,
EDCX,04,22,3609,131,Grass,0,0,,,,,
EDCY,03,21,6562,98,Concrete,1,0,51.5716,14.1306,51.5861,14.1476,32
EDDB,06L,24R,11811,148,Asphalt,1,0,52.3667,13.4809,52.3784,13.5302,69
EDDB,06R,24L,13123,197,Concrete,1,0,52.3454,13.4684,52.3584,13.5232,69
EDDC,04,22,9350,197,Concrete,1,0,51.1247,13.7547,51.1440,13.7814,41
EDDE,09,27,8530,164,Asphalt,1,0,50.9813,10.9397,50.9783,10.9765,98
EDDF,07C,25C,13123,197,Asphalt,1,0,50.0326,8.5346,50.0451,8.5870,70
EDDF,07L,25R,9186,148,Concrete,1,0,50.0371,8.4971,50.0458,8.5337,70
EDDF,07R,25L,13123,148,Concrete,1,0,50.0275,8.5342,50.0401,8.5865,70
EDDF,18,36,13123,148,Concrete,1,0,50.0342,8.5259,49.9985,8.5263,180
EDDG,07,25,7119,148,Asphalt,1,0,52.1315,7.6701,52.1379,7.7000,71
EDDH,05,23,10663,150,Asphalt,1,0,53.6183,9.9637,53.6371,10.0018,50
EDDH,15,33,12028,150,Asphalt,1,0,53.6544,9.9752,53.6251,10.0005,153
EDDK,06,24,8067,148,Concrete,1,0,50.8601,7.1238,50.8697,7.1553,64
EDDK,13L,31R,12516,197,Asphalt,1,0,50.8805,7.1291,50.8552,7.1657,138
EDDK,13R,31L,6112,148,Asphalt,1,0,50.8708,7.1209,50.8585,7.1387,138
EDDL,05L,23R,8858,148,Concrete,1,0,51.2837,6.7487,51.2984,6.7797,53
EDDL,05R,23L,9842,148,Concrete,1,0,51.2796,6.7520,51.2959,6.7862,53
EDDM,08L,26R,13123,197,Concrete,1,0,48.3628,11.7676,48.3669,11.8212,83
EDDM,08R,26L,13123,197,Concrete,1,0,48.3407,11.7510,48.3448,11.8046,83
EDDN,10,28,8858,148,Asphalt,1,0,49.5005,11.0592,49.4969,11.0960,99
EDDP,08L,26R,11811,148,Concrete,1,0,51.4312,12.2158,51.4336,12.2674,86
EDDP,08R,26L,11811,198,Concrete,1,0,51.4116,12.2046,51.4140,12.2562,86
EDDR,08,26,6562,148,Asphalt,1,0,49.2142,7.0967,49.2150,7.1237,87
EDDR,08L,26R,1788,164,Grass,0,1,49.2158,7.1122,49.2160,7.1197,88
EDDS,07,25,10974,148,Concrete,1,0,48.6857,9.2001,48.6940,9.2438,72
EDDS,H-NORTH,,98,98,Asphalt,1,0,,,,,72
EDDS,H-SOUTH,,98,98,Asphalt,1,0,,,,,72
EDDV,09C,27C,2548,75,Asphalt,0,0,52.4648,9.6837,52.4645,9.6952,92
EDDV,09L,27R,12434,148,Concrete,1,0,52.4684,9.6483,52.4668,9.7042,93
EDDV,09R,27L,7677,148,Concrete,1,0,52.4550,9.6768,52.4540,9.7112,93
EDDW,05,23,2297,75,Asphalt,0,0,53.0426,8.7842,53.0465,8.7924,52
EDDW,09,27,8642,148,Asphalt,1,0,53.0465,8.7701,53.0474,8.8093,88
EDEG,08,26,2657,,,0,0,,,,,
EDEH,04,22,,,Grass,0,0,,,,,
EDEL,01,19,1476,98,Grass,0,0,,,,,
EDEN,36,18,2200,60,Asphalt,0,0,,,,,
EDEP,15L,33R,3435,131,Grass,0,0,49.6255,8.6224,49.6173,8.6296,
EDEP,15R,33L,3612,131,Grass,0,0,49.6257,8.6202,49.6171,8.6279,
EDEQ,08,26,2953,,,0,0,,,,,
EDER,06,24,2030,46,Asphalt,0,0,50.4977,9.9500,50.4999,9.9580,
EDER,08R,26L,1200,250,Grass,0,0,50.4967,9.9496,50.4980,9.9542,
EDEW,06,24,2690,,,0,0,,,,,
EDFA,06,24,2100,99,Grass,0,0,,,,,
EDFB,09,27,820,98,Grass,0,0,,,,,
EDFB,18,36,4265,75,Asphalt,0,0,,,,,
EDFC,08,26,2756,,Asphalt,1,0,,,,,
EDFE,08,26,4593,82,Asphalt,1,0,49.9603,8.6296,49.9613,8.6512,84
EDFE,08R,26L,2198,98,Grass,0,0,49.9594,8.6411,49.9599,8.6508,86
EDFG,07,25,2756,82,Gras,0,0,,,,,
EDFH,03,21,12467,148,Asphalt,1,0,49.9314,7.2469,49.9602,7.2753,32
EDFK,17,35,2641,,,0,0,,,,,
EDFM,09,27,3497,82,Asphalt,1,0,49.4730,8.5060,49.4725,8.5207,93
EDFM,09C,27C,2756,100,Grass,0,0,49.4737,8.5093,49.4733,8.5213,92
EDFM,09L,27R,2626,131,Grass,0,0,49.4747,8.5104,49.4745,8.5209,
EDFN,03,21,2461,98,Grass,0,0,50.8714,8.8120,50.8772,8.8176,
EDFO,08,26,1800,,Asphalt,1,0,,,,,
EDFQ,11,29,4068,98,Asphalt,1,0,51.0376,8.6728,51.0331,8.6890,113
EDFR,03,21,3117,65,Asphalt,0,0,,,,,
EDFS,10,28,3215,,,0,0,,,,,
EDFT,06,24,2230,98,Grass,0,0,,,,,64
EDFV,06,24,2625,75,Concrete,1,0,49.6049,8.3634,49.6082,8.3733,61
EDFV,06G,24G,3018,98,Grass,0,0,49.6052,8.3618,49.6092,8.3729,61
EDFW,11,29,2198,68,Asphalt,0,0,,,,,
EDFX,14,32,2756,,,0,0,,,,,
EDFY,07,25,2460,65,Asphalt,0,0,,,,,70
EDFZ,07,25,3281,72,Asphalt,1,0,49.9680,8.1411,49.9703,8.1544,74
EDFZ,07R,25L,3281,262,Grass,0,0,49.9660,8.1424,49.9679,8.1553,77
EDGB,07,25,2953,,,0,0,,,,,
EDGE,10,28,5643,180,Concrete,1,0,50.9942,10.4644,50.9902,10.4881,105
EDGM,15,33,2017,65,Asphalt,0,0,,,,,
EDGO,18H,36H,1640,98,Grass,0,0,49.2434,9.2343,49.2398,9.2346,175
EDGP,02,20,2625,,,0,0,,,,,
EDGS,04,22,1640,98,Grass,0,0,50.7038,8.0836,50.7074,8.0881,38
EDGS,12G,30G,984,98,Grass,0,0,50.7114,8.0793,50.7100,8.0821,
EDGS,13,31,5315,98,Asphalt,1,0,50.7128,8.0726,50.7038,8.0908,128
EDGS,13G,31G,820,98,Grass,0,0,50.7142,8.0737,50.7128,8.0764,
EDGS,13L,31R,1969,98,Grass,0,0,50.7127,8.0753,50.7090,8.0827,128
EDGZ,17,35,2543,,,0,0,,,,,
EDHB,09,27,1640,98,Grass,0,0,,,,,
EDHE,09,27,3609,,Grass,0,0,,,,,
EDHF,02,20,3412,98,Concrete,0,0,,,,,
EDHF,09,27,2323,131,Grass,0,0,,,,,
EDHG,07,25,3215,,,0,0,,,,,
EDHI,05,23,8629,148,Permeable,1,0,53.5249,9.8135,53.5427,9.8511,52
EDHK,08,26,4134,98,Asphalt,1,0,54.3787,10.1356,54.3803,10.1548,82
EDHK,08L,26R,1476,115,Grass,0,0,54.3810,10.1408,54.3817,10.1475,81
EDHL,07,25,6896,197,Asphalt,1,0,53.8019,10.7016,53.8078,10.7319,72
EDHM,05,23,2496,49,Asphalt,0,0,,,,,
EDHO,05,23,1969,49,Asfalt,0,0,,,,,
EDHS,10,28,2132,50,Asphalt,0,0,,,,,108
EDHW,11,29,2625,,,0,0,,,,,
EDJA,06,24,8629,148,Asphalt,1,0,47.9833,10.2256,47.9954,10.2560,59
EDKA,07,25,3805,59,Asphalt,0,0,,,,,
EDKB,11,29,2625,,Concrete,0,0,,,,,
EDKF,04,22,1969,98,Grass,0,0,,,,,
EDKH,09,27,3117,,,0,0,,,,,
EDKL,15,33,3035,98,Grass,0,0,,,,,
EDKM,04,22,2953,,Asphalt,0,0,,,,,
EDKN,10,28,2952,98,Grass,0,0,51.1261,7.3650,51.1235,7.3771,104
EDKO,07,25,2460,49,Asphalt,0,0,,,,,
EDKP,10,28,1410,98,Grass,0,0,,,,,
EDKR,09,27,2952,98,Grass,0,0,,,,,93
EDKU,03,21,1837,100,Grass,0,0,,,,,32
EDKV,06,24,3510,98,Asphalt,1,0,50.4034,6.5217,50.4084,6.5345,59
EDKW,07,25,2657,,,0,0,,,,,
EDKZ,07,25,3839,66,Asphalt,0,0,51.0988,7.5952,51.1019,7.6108,73
EDLA,05,23,3461,66,Asphalt,1,0,51.4811,7.8950,51.4864,7.9052,50
EDLB,07,25,2870,49,Asphalt,0,0,,,,,72
EDLC,07,25,1968,98,Grass,0,0,,,,,
EDLD,08,26,4921,98,Concrete,1,0,,,,,84
EDLE,06,24,5095,148,Asphalt,1,0,51.4002,6.9294,51.4058,6.9499,66
EDLF,07,25,2215,131,Grass,0,0,51.3330,6.3562,51.3351,6.3636,
EDLH,06,24,2953,,,0,0,,,,,
EDLI,11,29,4121,66,Asphalt,1,0,51.9668,8.5363,51.9628,8.5534,111
EDLK,06,24,2099,98,Grass,0,0,,,,,
EDLM,07,25,2723,,Asphalt,0,0,,,,,
EDLN,13,31,3937,98,Asphalt,1,0,51.2337,6.4978,51.2270,6.5112,129
EDLO,04,22,1950,64,Asphalt,0,0,51.9305,8.6595,51.9346,8.6648,
EDLO,04G,22G,3780,296,Grass,0,0,51.9276,8.6602,51.9357,8.6705,
EDLP,05,23,7152,148,Asphalt,1,0,51.6087,8.6032,51.6194,8.6296,57
EDLR,06,24,3904,,,0,0,51.6871,8.7717,51.6894,8.7784,
EDLS,11,29,4068,98,Asphalt,1,0,51.9972,6.8336,51.9945,6.8472,108
EDLT,10,28,2789,65,Asphalt,0,0,,,,,
EDLV,09,27,8005,148,Permeable,1,0,51.6028,6.1245,51.6021,6.1597,92
EDLW,06,24,6562,148,Asphalt,1,0,51.5147,7.6019,51.5235,7.6270,61
EDLZ,07,25,2690,,,0,0,,,,,
EDMA,07,25,5230,98,Asphalt,1,0,48.4234,10.9235,48.4270,10.9399,71
EDMA,07R,25L,3325,100,Grass,0,0,48.4218,10.9303,48.4247,10.9433,72
EDMB,04,22,4314,75,Asphalt,0,0,48.1080,9.7582,48.1169,9.7700,41
EDMC,10,28,2857,98,Grass,0,0,48.4207,9.7919,48.4188,9.8033,
EDMD,10,28,2050,98,Grass,0,0,,,,,
EDME,08,26,3806,75,Asphalt,1,0,48.3957,12.7138,48.3963,12.7294,87
EDMG,05,23,1882,100,Grass,0,0,48.4850,10.2789,48.4875,10.2857,
EDMH,06,24,2378,49,Asphalt,0,0,49.1120,10.7818,49.1134,10.7941,55
EDMI,07,25,2290,100,Grass,0,0,48.2343,10.1339,48.2362,10.1429,
EDMJ,07,25,1437,39,Asphalt,0,0,,,,,
EDMK,07,25,2789,98,Grass,0,0,47.6914,10.3336,47.6932,10.3430,
EDMK,17,35,2953,98,Grass,0,0,47.6947,10.3372,47.6872,10.3396,
EDML,06,24,2953,75,Asphalt,0,0,48.5100,12.0279,48.5132,12.0390,
EDMN,15,33,3770,66,Asphalt,0,0,48.1135,10.5210,48.1042,10.5277,154
EDMO,04,22,7500,147,Asphalt,1,0,48.0740,11.2731,48.0892,11.2938,42
EDMQ,08,26,2297,66,Asphalt,0,0,,,,,83
EDMS,09,27,4429,98,Asphalt,1,0,48.9016,12.5075,48.9001,12.5258,97
EDMT,09,27,3353,,Grass,0,0,,,,,
EDMU,10,28,1837,111,Grass,0,0,48.5698,10.3545,48.5690,10.3620,100
EDMV,12,30,3734,66,Asphalt,1,0,48.6379,13.1891,48.6325,13.2022,121
EDMY,08,26,2789,,Concrete,0,0,,,,,
EDNA,09,27,2920,,Grass,0,0,,,,,
EDNE,03,21,2182,100,Grass,0,0,48.3394,9.9138,48.3445,9.9178,
EDNF,16,34,,,,0,0,,,,,
EDNG,17,35,1564,46,Asphalt,0,0,48.6364,10.2157,48.6322,10.2172,
EDNH,08,26,2641,,,0,0,,,,,
EDNI,02,20,2789,,,0,0,,,,,
EDNJ,08,26,2099,98,Grass,0,0,,,,,
EDNL,05,23,3346,66,Asphalt,1,0,47.8565,10.0090,47.8616,10.0202,56
EDNO,04,22,2460,49,Asphalt,0,0,,,,,35
EDNP,07,25,3200,100,Grass,0,0,,,,,
EDNR,10,28,2116,49,Asphalt,0,0,,,,,
EDNS,08,26,2789,,,0,0,48.1788,10.6975,48.1797,10.7089,
EDNT,14,32,2116,98,Grass,0,0,,,,,144
EDNU,08,26,1640,98,Grass,0,0,,,,,
EDNV,06,24,1959,49,Asphalt,0,0,47.9449,12.2016,47.9477,12.2084,59
EDNW,08,26,2132,98,Grass,0,0,,,,,
EDNX,07,25,2651,51,Asphalt,0,0,48.2383,11.5539,48.2401,11.5644,
EDNY,06,24,7729,148,Asphalt,1,0,47.6660,9.4979,47.6766,9.5251,60
EDNY,06L,24R,2163,98,Grass,0,0,47.6683,9.4993,47.6726,9.5105,
EDNZ,06,24,2625,,,0,0,,,,,
EDOA,01,19,2625,,,0,0,,,,,
EDOB,07,25,2296,131,Grass,0,0,,,,,
EDOD,10,28,4199,,,0,0,,,,,
EDOE,06,24,3117,,,0,0,,,,,
EDOE,11,29,2625,,,0,0,,,,,
EDOH,05,23,2953,,,0,0,,,,,
EDOI,12,30,2821,131,Grass,0,0,52.6637,12.7407,52.6597,12.7516,
EDOJ,06,24,3346,,,0,0,,,,,
EDOK,07,25,2625,,,0,0,,,,,
EDOM,10,28,1476,98,Grass,0,0,,,,,
EDON,08,26,7874,163,Concrete,0,0,52.6119,14.2250,52.6140,14.2602,80
EDOQ,08,26,2723,,,0,0,,,,,
EDOR,08,26,2756,,,0,0,,,,,
EDOS,06,24,2953,,,0,0,,,,,
EDOT,05,23,1640,98,Grass,0,0,,,,,
EDOV,08,26,6552,171,Concrete,1,0,52.6278,11.8054,52.6298,11.8347,83
EDOV,08L,26R,2297,131,Grass,0,0,52.6287,11.8096,52.6295,11.8199,83
EDOW,04,22,2625,,,0,0,,,,,
EDOX,07,25,3281,,,0,0,,,,,
EDOZ,07,25,2625,,,0,0,,,,,
EDPA,09L,27R,3116,82,Asphalt,0,0,48.7778,10.2584,48.7781,10.2707,89
EDPA,09R,27L,3117,98,Grass,0,0,48.7772,10.2583,48.7775,10.2708,88
EDPB,15,33,1765,128,Grass,0,0,48.5647,9.7274,48.5604,9.7307,
EDPC,16,34,2526,98,Grass,0,0,47.9302,12.2855,47.9233,12.2890,162
EDPF,11,29,2756,,,0,0,,,,,
EDPH,10,28,1574,49,Asphalt,0,0,49.2680,11.0060,49.2670,11.0150,97
EDPJ,07,25,1588,26,Asphalt,0,0,48.4954,9.6341,48.4983,9.6458,
EDPM,09,27,1968,33,Asphalt,0,0,48.6783,9.8420,48.6782,9.8500,86
EDPT,08,26,2460,131,Grass,0,0,48.6203,10.0548,48.6207,10.0650,
EDPU,16,34,2953,,,0,0,,,,,
EDPY,12,30,2575,,,0,0,,,,,
EDQA,03,21,3622,79,Asphalt,1,0,49.9161,10.9094,49.9253,10.9200,32
EDQA,04,22,3773,50,Asphalt,1,1,49.9167,10.9100,49.9250,10.9195,36
EDQC,12,30,2073,66,Concrete,1,0,50.2644,10.9906,50.2605,11.0010,118
EDQD,06,24,3392,98,Asphalt,1,0,49.9825,11.6339,49.9874,11.6470,60
EDQE,08,26,3190,49,Asphalt,0,0,49.7934,11.1257,49.7937,11.1392,88
EDQE,08L,26R,2317,85,Grass,0,0,49.7943,11.1283,49.7946,11.1380,87
EDQF,09,27,2559,,,0,0,,,,,
EDQG,08,26,6502,98,Concrete,1,0,49.6464,9.9543,49.6497,9.9779,78
EDQH,07,25,2297,66,Asphalt,0,0,,,,,
EDQI,07L,25R,1575,26,Asphalt,0,0,49.6048,11.2805,49.6060,11.2865,73
EDQI,07R,25L,1476,98,Grass,0,0,49.6044,11.2807,49.6056,11.2866,73
EDQK,09,27,2340,160,Asphalt,0,0,50.1347,11.4543,50.1353,11.4640,85
EDQL,04,22,2300,100,Grass,0,0,50.1456,11.0430,50.1505,11.0508,44
EDQM,08,26,4856,98,Asphalt,1,0,50.2883,11.8437,50.2890,11.8644,87
EDQN,09,27,1970,50,Asphalt,0,0,,,,,
EDQP,09,27,2461,66,,0,0,,,,,
EDQR,14,32,1700,80,gras,0,0,50.0415,10.8204,50.0379,10.8251,140
EDQT,11,29,3609,66,Asphalt,1,0,50.0200,10.5230,50.0162,10.5363,113
EDQW,14,32,1700,35,Concrete,0,0,,,,,
EDQY,07,25,2515,,gras,0,0,50.2294,10.9904,50.2318,11.0004,69
EDQZ,08,26,2900,,,0,0,,,,,
EDRB,05,23,10026,148,Asphalt,1,0,49.9371,6.5468,49.9529,6.5816,55
EDRF,08,26,1968,65,Asphalt,0,0,,,,,75
EDRG,06,24,2133,164,Grass,0,0,49.7313,7.3326,49.7335,7.3410,
EDRI,05,23,2428,98,Grass,0,0,,,,,
EDRJ,07,25,2625,62,Asphalt,0,0,49.3115,6.6690,49.3134,6.6796,
EDRK,06,24,3855,66,Asphalt,1,0,50.3224,7.5208,50.3279,7.5349,58
EDRL,11,29,3281,,,0,0,,,,,
EDRM,18,36,2400,98,Grass,0,0,,,,,180
EDRP,04,22,2625,65,Asphalt,0,0,,,,,
EDRT,05,23,3937,98,Concrete,0,0,49.8596,6.7829,49.8671,6.7949,42
EDRY,16,34,5501,98,Asphalt,1,0,49.3094,8.4499,49.2948,8.4558,165
EDRY,16R,34L,3281,98,Grass,0,0,49.3049,8.4509,49.3007,8.4526,165
EDRZ,03,21,8776,148,Concrete,1,0,49.1980,7.3905,49.2188,7.4088,30
EDSA,09,27,3435,100,Grass,0,0,48.2497,9.0560,48.2499,9.0702,
EDSB,03,21,9787,148,Asphalt,1,0,48.7679,8.0698,48.7908,8.0913,32
EDSG,12,30,2625,98,Grass,0,0,48.5383,9.4304,48.5341,9.4438,
EDSH,10,28,1640,98,Grass,0,0,,,,,103
EDSI,07,25,3882,98,Grass,0,0,47.7965,8.7113,47.8010,8.7257,
EDSK,04,22,2247,98,Grass,0,0,,,,,
EDSL,06,24,2462,100,Grass,0,0,47.8430,8.5609,47.8456,8.5702,
EDSN,09,27,4094,98,Asphalt,1,0,47.9766,8.8949,47.9766,8.9132,91
EDSO,07,25,1640,131,Grass,0,0,48.6206,9.6519,48.6217,9.6595,74
EDSP,17,35,1335,47,Asphalt,0,0,48.5489,8.9457,48.5453,8.9463,
EDSP,17G,35G,820,98,Grass,0,0,48.5471,8.9464,48.5448,8.9468,
EDSR,01,19,2329,98,Grass,0,0,,,,,11
EDST,06,24,1706,98,grass-asphalt,0,0,48.6325,9.4175,48.6346,9.4256,
EDST,12G,30G,984,178,Grass,0,0,48.6300,9.4335,48.6285,9.4367,
EDST,12L,30R,2099,95,Grass,0,0,48.6337,9.4260,48.6302,9.4329,
EDST,12R,30L,2099,95,Grass,0,0,48.6335,9.4257,48.6300,9.4327,
EDSW,07,25,2756,,,0,0,,,,,
EDSX,07,25,2771,98,Grass,0,0,49.0086,9.3487,49.0102,9.3600,77
EDSZ,08,26,2635,,ASHP,1,0,,,,,
EDTB,03,21,2460,98,Grass,0,0,48.7898,8.1835,48.7957,8.1896,32
EDTB,03G,21G,985,98,Grass,0,0,48.7888,8.1817,48.7910,8.1840,35
EDTB,03L,21R,1380,98,Grass,0,0,48.7937,8.1855,48.7967,8.1888,
EDTC,11,29,1641,100,Grass,0,0,49.1362,8.5606,49.1341,8.5667,
EDTD,18,36,4232,98,Asphalt,1,0,47.9799,8.5220,47.9683,8.5224,178
EDTF,16,34,4390,98,Asphalt,1,0,48.0279,7.8297,48.0174,7.8355,160
EDTG,05,23,5413,148,Asphalt,0,0,47.8987,7.6090,47.9076,7.6267,53
EDTG,05R,23L,1969,98,Grass,0,0,47.9005,7.6157,47.9039,7.6221,53
EDTH,07,25,2461,66,Concrete,1,0,,,,,
EDTL,03,21,9842,148,Asphalt,1,0,48.3574,7.8181,48.3811,7.8373,28
EDTM,07,25,5138,,Asphalt,1,0,48.0521,9.3618,48.0554,9.3822,79
EDTM,07L,25R,2298,100,Grass,0,0,48.0531,9.3627,48.0546,9.3719,79
EDTN,14,32,2019,116,Grass,0,0,48.6147,9.4745,48.6106,9.4802,
EDTO,02,20,2986,,,0,0,,,,,
EDTP,01,19,2000,100,Grass,0,0,47.9069,9.2497,47.9122,9.2518,10
EDTQ,10,28,2204,65,Asphalt,1,0,48.8649,9.2202,48.8635,9.2291,102
EDTQ,10R,28L,2368,100,Grass,0,0,48.8646,9.2194,48.8631,9.2290,
EDTS,04,22,1869,64,Asphalt,0,0,48.0642,8.5689,48.0678,8.5744,
EDTW,14,32,2310,48,Asphalt,0,0,48.2818,8.4255,48.2767,8.4312,
EDTY,10,28,5053,98,Concrete,1,0,49.1194,9.7732,49.1173,9.7941,99
EDTY,10L,28R,2460,98,Grass,0,0,49.1191,9.7817,49.1181,9.7920,99
EDTZ,12,30,3281,90,Grass,0,0,47.6836,9.1332,47.6794,9.1449,116
EDUA,04,22,2264,,Grass,0,0,,,,,
EDUF,08,26,3937,98,Concrete,0,0,51.5470,13.2205,51.5489,13.2376,80
EDUS,09,27,3937,98,Concrete,0,0,51.6074,13.7293,51.6076,13.7467,89
EDUS,09R,27L,2904,131,Grass,0,0,51.6068,13.7347,51.6069,13.7475,89
EDUW,17,35,3280,164,Concrete,0,0,53.9320,13.2161,53.9125,13.2214,171
EDUW,17L,35R,1640,98,Grass,0,0,,,,,170
EDVC,04,22,2953,132,Grass,0,0,,,,,42
EDVE,08,26,7546,148,Asphalt,1,0,52.3184,10.5421,52.3203,10.5757,85
EDVE,08R,26L,2953,98,Grass,0,1,52.3174,10.5485,52.3182,10.5617,85
EDVH,03,21,2953,131,Grass,0,0,,,,,
EDVI,13,31,2671,65,Asphalt,0,0,,,,,133
EDVJ,11,29,3117,,,0,0,,,,,
EDVK,04,22,4921,98,Asphalt,1,1,51.4023,9.3691,51.4125,9.3833,41
EDVK,04L,22R,2297,98,Grass,0,1,51.4062,9.3710,51.4109,9.3777,41
EDVK,09,27,8202,147,Asphalt,1,0,51.4218,9.3742,51.4198,9.4101,95
EDVM,07,25,4003,75,Asphalt,0,0,52.1782,9.9372,52.1815,9.9542,73
EDVR,11,29,1989,32,Paved,0,0,,,,,111
EDVU,08,26,2625,65,Asphalt,0,0,,,,,
EDVY,05,23,2822,,Concrete,1,0,,,,,
EDWC,10,28,2296,65,Asphalt,1,0,,,,,
EDWE,07,25,4265,98,Asphalt,1,0,53.3899,7.2202,53.3926,7.2345,73
EDWF,08,26,3937,66,Asphalt,1,0,53.2706,7.4335,53.2726,7.4511,79
EDWG,01,19,1640,98,Grass,0,0,,,,,12
EDWG,09,27,2789,66,Asphalt,0,0,,,,,92
EDWH,06,24,2552,,Turf,0,0,53.0674,8.3091,53.0698,8.3161,
EDWI,02,20,4787,98,Asphalt,1,0,53.4976,8.0489,53.5099,8.0564,18
EDWI,16,34,2018,49,Asphalt,1,0,53.5075,8.0513,53.5023,8.0542,157
EDWJ,06,24,1640,98,Grass,0,1,,,,,
EDWJ,07,25,2296,65,Paved,0,0,,,,,73
EDWJ,07G,25G,1404,98,Grass,0,0,,,,,73
EDWJ,12,30,1558,98,Grass,0,0,,,,,116
EDWL,05,23,1968,49,Concrete,0,0,,,,,51
EDWM,18,36,2789,,,0,0,,,,,
EDWN,05,23,2953,65,Asphalt,1,0,,,,,53
EDWO,09,27,2625,,,0,0,,,,,
EDWQ,08,26,2743,72,Paved,1,0,,,,,
EDWR,05,23,2657,131,Grass,0,0,53.5927,6.7038,53.5975,6.7130,45
EDWR,12,30,2854,131,Grass,0,0,53.5953,6.7022,53.5912,6.7134,118
EDWR,13,31,3281,66,Asphalt,1,0,53.5951,6.7100,53.5891,6.7213,128
EDWS,16,34,2362,66,Asphalt,0,0,,,,,158
EDWU,09,27,3051,105,Grass,0,0,,,,,87
EDWV,12,30,1673,98,Gras,0,0,,,,,119
EDWX,06R,24L,1870,49,Asphalt,0,0,,,,,
EDWY,08,26,3281,66,Asphalt,1,0,53.7065,7.2227,53.7072,7.2378,81
EDWZ,09,27,1181,49,Concrete,0,0,,,,,92
EDXA,07,25,3084,,,0,0,,,,,
EDXB,11,29,2362,76,Asphalt,0,0,,,,,
EDXC,08,26,2887,,Grass,0,0,,,,,
EDXE,10,28,2093,,Gras,0,0,,,,,104
EDXF,04,22,2297,148,Grass,0,0,54.7706,9.3722,54.7751,9.3793,43
EDXF,11,29,4003,98,Asphalt,1,0,54.7728,9.3679,54.7694,9.3859,108
EDXF,11L,29R,3937,197,Grass,0,0,54.7755,9.3709,54.7713,9.3881,113
EDXG,09,27,2520,,,0,0,,,,,
EDXH,03,21,1217,66,Concrete,0,0,,,,,27
EDXH,06,24,846,39,Concrete,0,0,,,,,57
EDXH,15,33,1574,98,Concrete,0,0,,,,,147
EDXI,08,26,2789,,,0,0,,,,,
EDXJ,03,21,4757,98,Asphalt,1,0,54.5046,9.1320,54.5153,9.1446,34
EDXK,12,30,2690,98,Grass,0,0,,,,,117
EDXL,12,30,2526,,,0,0,,,,,
EDXM,07,25,2297,59,Hard,0,0,,,,,74
EDXN,08,26,2871,,,0,0,,,,,
EDXO,07,25,2198,98,Asphalt,1,0,,,,,68
EDXP,08,26,1673,66,Asphalt,0,0,,,,,81
EDXQ,08,26,2644,,,0,0,,,,,
EDXR,03,21,3150,98,Asphalt,1,0,54.2174,9.5966,54.2245,9.6050,35
EDXR,12,30,1969,98,Grass,0,0,54.2195,9.5983,54.2169,9.6063,119
EDXS,06,24,1477,99,Grass,0,0,,,,,
EDXT,03,21,1640,98,Grass,0,0,,,,,
EDXW,06,24,5564,148,Concrete,0,0,54.9094,8.3292,54.9171,8.3520,58
EDXW,14,32,6955,148,Concrete,1,0,54.9193,8.3329,54.9039,8.3521,142
EDXY,02,20,2165,131,Grass,0,0,,,,,
EDXY,10,28,1984,131,Grass,0,0,,,,,
EDXZ,12,30,1902,98,Grass,0,0,,,,,
EEAA,06,24,2067,66,Grass,0,0,,,,,
EECL,H1,-,26,26,Concrete,0,0,,,,,
EEEI,06,24,6562,148,Concrete,1,0,59.2573,24.1919,59.2633,24.2251,62
EEHA,05,23,1378,66,Grass,0,0,,,,,44
EEJI,05,23,1969,98,GRAS TURF,0,0,,,,,
EEKA,14,32,4987,98,Asphalt,1,0,58.9965,22.8237,58.9850,22.8380,147
EEKE,05,23,2621,98,Asphalt,0,0,58.2292,22.5072,58.2329,22.5188,59
EEKE,17,35,6561,98,Asphalt,1,0,58.2410,22.5092,58.2231,22.5095,180
EEKI,16,34,2215,161,Grass,0,0,,,,,
EELM,06,24,1345,79,Grass,0,0,,,,,66
EENA,09,27,2000,164,GRAS TURF,0,0,,,,,
EEPU,03,21,6463,98,Concrete,1,0,58.4135,24.4657,58.4280,24.4852,35
EERD,08,26,1969,66,Grass,0,0,58.0844,25.8919,58.0847,25.9033,87
EERI,18,36,3937,,Grass,0,0,,,,,
EERU,13,31,1967,65,GRAS reinforced,0,0,,,,,
EETN,08,26,11417,148,Asphalt,1,0,59.4133,24.8059,59.4132,24.8672,90
EETU,08,26,5905,101,Asphalt,1,0,58.3072,26.6716,58.3076,26.7022,88
EEVI,04,22,2625,98,Grass,0,0,,,,,
EEVU,03,21,1312,66,Hard,0,0,,,,,
EFAA,14,32,2834,65,ASPH/GRVL,0,0,67.6066,23.9657,67.6009,23.9791,138
EFAH,12,30,2624,75,ASPH/GRVL,0,0,,,,,
EFAL,08,26,2460,59,Asphalt,0,0,62.5541,23.5634,62.5553,23.5782,80
EFET,03,21,6565,148,Asphalt,1,0,68.3552,23.4105,68.3700,23.4382,35
EFEU,11,29,3281,59,Asphalt,1,0,61.1181,22.1930,61.1142,22.2097,116
EFFO,04,22,2690,59,ASPH/GRASS,0,0,60.8019,23.6474,60.8063,23.6558,43
EFGE,07,25,2066,39,Grass,0,0,,,,,
EFHA,08,26,8533,197,Asphalt,1,0,61.8553,24.7620,61.8568,24.8113,86
EFHK,04L,22R,10039,197,Asphalt,1,0,60.3129,24.9039,60.3315,24.9447,48
EFHK,04R,22L,11483,197,Asphalt,1,0,60.3095,24.9323,60.3307,24.9791,48
EFHK,15,33,9518,197,Asphalt,1,0,60.3303,24.9645,60.3071,24.9883,154
EFHL,06,24,1640,49,sand/grass,0,0,,,,,
EFHM,07,25,3000,45,Asphalt,0,0,61.6885,23.0654,61.6907,23.0820,74
EFHN,03,21,5249,59,Asphalt,1,0,59.8423,23.0780,59.8543,23.0939,34
EFHP,12,30,2526,49,Oilgravel,0,0,,,,,
EFHV,04,22,4134,59,Asphalt,0,0,60.6516,24.8754,60.6595,24.8917,47
EFHV,12,30,2592,49,Asphalt,0,0,60.6573,24.8758,60.6508,24.8880,127
EFII,17,35,2165,59,Asphalt,0,0,63.6335,27.1241,63.6277,27.1243,179
EFIK,10,28,1520,49,Gravel,0,0,60.4625,23.6521,60.4614,23.6603,104
EFIK,18,36,3051,49,Asphalt,0,0,60.4674,23.6520,60.4590,23.6513,182
EFIM,01,19,3609,75,Asphalt,1,0,61.2446,28.8998,61.2537,28.9076,18
EFIM,09,27,4929,49,Gravel,0,0,61.2499,28.8897,61.2483,28.9175,96
EFIT,01,19,4921,98,Asphalt,1,0,62.1598,30.0689,62.1725,30.0784,19
EFIV,04,22,8199,148,Asphalt,1,0,68.5996,27.3829,68.6149,27.4278,47
EFIV,08,26,2625,148,Asphalt,1,0,68.6061,27.4233,68.6058,27.4429,92
EFJM,09,27,2723,59,Asphalt,0,0,61.7816,22.7019,61.7811,22.7184,94
EFJM,15,33,2723,49,Oilgravel,0,0,61.7778,22.7146,61.7711,22.7216,154
EFJO,10,28,8202,171,Asphalt,1,0,62.6646,29.5977,62.6568,29.6434,110
EFJO,17,35,3937,98,Composite,0,0,62.6622,29.6076,62.6514,29.6073,181
EFJY,12,30,8533,197,Asphalt,1,0,62.4076,25.6601,62.3914,25.6964,134
EFKA,17,35,8858,197,Asphalt,1,0,63.1392,23.0500,63.1150,23.0529,177
EFKE,18,36,8212,157,Asphalt,1,0,65.7930,24.5860,65.7708,24.5789,188
EFKG,15,33,1968,59,Asphalt,0,0,,,,,
EFKH,12,30,2788,49,Gravel,0,0,,,,,
EFKI,07,25,8199,157,Asphalt,1,0,64.2834,27.6670,64.2875,27.7178,80
EFKJ,07,25,3806,75,Asphalt,1,0,62.4617,22.3810,62.4653,22.4021,70
EFKK,01,19,8202,197,Asphalt,1,0,63.7078,23.1382,63.7299,23.1475,11
EFKK,11,29,2297,66,Asphalt,0,0,63.7236,23.1301,63.7212,23.1431,112
EFKM,17,35,4593,75,Asphalt,0,0,66.7193,27.1552,66.7065,27.1584,175
EFKN,11,29,2296,59,ASPH/GRVL,0,0,,,,,
EFKO,05,23,3937,98,Asphalt,0,0,64.2257,23.8160,64.2315,23.8368,57
EFKR,09,27,2296,32,GRVL/GRASS,0,0,,,,,
EFKS,12,30,8202,148,Asphalt,1,0,65.9948,29.2197,65.9800,29.2599,132
EFKT,16,34,8202,148,Asphalt,1,0,67.7119,24.8398,67.6901,24.8539,166
EFKU,06,24,4921,148,Asphalt,0,1,63.0048,27.7854,63.0100,27.8127,67
EFKU,15,33,9186,197,Asphalt,1,0,63.0181,27.7876,62.9949,27.8091,157
EFKV,12,30,2952,75,Asphalt,0,0,,,,,
EFKY,16,34,2765,49,Asphalt,0,0,60.5782,26.8927,60.5708,26.8965,
EFLA,07,25,3937,98,Asphalt,1,0,61.1422,25.6835,61.1462,25.7040,68
EFLA,12,30,1640,75,Gravel,0,0,61.1496,25.6908,61.1467,25.6980,130
EFLA,18,36,1804,75,Composite,0,0,61.1497,25.6919,61.1448,25.6909,185
EFLL,04,22,1115,49,Grass,0,0,63.3990,27.4787,63.4010,27.4826,41
EFLN,11,29,3084,59,Asphalt,0,0,63.5140,29.6209,63.5099,29.6374,119
EFLP,06,24,8202,197,Asphalt,1,0,61.0401,28.1231,61.0490,28.1657,67
EFMA,03,21,6243,197,Asphalt,1,0,60.1144,19.8914,60.1300,19.9049,23
EFME,04,22,3937,72,Asphalt,0,0,62.9430,23.5103,62.9504,23.5275,46
EFMI,11,29,5584,144,Asphalt,1,0,61.6897,27.1868,61.6838,27.2165,113
EFML,12,30,2461,66,Asphalt,0,0,,,,,
EFMN,04,22,1312,59,Grass,0,0,,,,,
EFNS,05,23,1443,75,Grass,0,0,60.5190,24.8293,60.5210,24.8365,61
EFNU,04,22,3937,66,Asphalt,0,0,60.3264,24.2823,60.3348,24.2960,39
EFNU,09,27,2132,32,Asphalt,0,0,60.3339,24.2891,60.3331,24.3035,96
EFOP,06,24,2950,32,Oilgravel,0,0,,,,,
EFOP,14,32,3083,52,Oilgravel,0,0,,,,,
EFOU,12,30,8205,197,Asphalt,1,0,64.9358,25.3319,64.9243,25.3772,121
EFPA,16,34,2625,59,Oligravel/GRVL,0,0,,,,,
EFPI,12,30,3322,59,Asphalt,0,0,61.2487,22.1844,61.2433,22.1997,126
EFPI,17,35,3773,59,Asphalt,0,0,61.2506,22.1918,61.2410,22.1948,172
EFPK,15,33,2427,59,ASPH/GRVL,0,0,,,,,
EFPN,16,34,1640,49,ASPH/GRVL,0,0,,,,,
EFPO,12,30,7713,197,Asphalt,1,0,61.4681,21.7813,61.4558,21.8171,126
EFPO,17,35,2628,98,Asphalt,0,0,61.4640,21.7985,61.4568,21.8001,174
EFPR,15,33,3280,100,Asphalt,0,0,60.4841,26.5905,60.4841,26.5905,
EFPU,08,26,6528,148,Asphalt,0,0,65.4022,26.9469,65.4026,26.9900,92
EFPY,15,33,3281,66,Asphalt,1,0,63.7319,25.9263,63.7235,25.9349,156
EFRA,05,23,1640,49,Sand,0,0,,,,,
EFRA,18,36,4035,75,Oilgravel,0,0,63.4314,28.1263,63.4203,28.1239,186
EFRH,10,28,3281,75,Asphalt,0,0,64.6894,24.6858,64.6867,24.7058,107
EFRN,18,36,3101,60,Asphalt,0,0,62.0697,28.3581,62.0613,28.3549,190
EFRO,03,21,9849,197,Asphalt,1,0,66.5541,25.8100,66.5755,25.8509,37
EFRU,15,33,3937,75,Asphalt,0,0,,,,,
EFRV,15,33,2755,59,Asphalt,0,0,,,,,
EFRY,08L,26R,2854,33,Asphalt,0,0,,,,,83
EFRY,08R,26L,3346,59,Composite,0,0,60.7427,24.1088,60.7440,24.1273,82
EFRY,12L,30R,4167,59,Composite,0,0,60.7469,24.1090,60.7397,24.1271,129
EFRY,12R,30L,1575,33,Asphalt,0,0,,,,,130
EFSA,12,30,7546,148,Asphalt,1,0,61.9491,28.9273,61.9370,28.9629,126
EFSE,04,22,3609,49,Gravel,0,0,61.0597,26.7882,61.0673,26.8030,43
EFSE,12,30,4344,49,Asphalt,0,0,61.0670,26.7889,61.0590,26.8070,133
EFSI,14,32,6562,148,Asphalt,1,0,62.6971,22.8219,62.6842,22.8489,136
EFSO,16,34,4921,98,Asphalt,1,0,67.4015,26.6147,67.3885,26.6236,165
EFSU,05,23,2624,49,Oilgravel/sand,0,0,,,,,
EFTO,09,27,1181,49,Grass,0,0,60.0791,24.1686,60.0792,24.1750,89
EFTP,06,24,8858,148,Asphalt,1,0,61.4089,23.5816,61.4194,23.6272,64
EFTU,08,26,8202,197,Asphalt,1,0,60.5131,22.2401,60.5151,22.2855,85
EFUT,07,25,6562,148,Asphalt,1,0,60.8945,26.9203,60.8983,26.9564,78
EFVA,11,29,4921,,Asphalt,0,1,,,,,
EFVA,16,34,8727,157,Asphalt,1,0,63.0621,21.7545,63.0392,21.7699,163
EFVI,16,34,951,82,Grass,0,0,,,,,
EFVL,09,27,2624,49,Gravel,0,0,,,,,
EFVP,10,28,2950,65,ASPH/GRVL,0,0,,,,,
EFVR,14,32,6562,148,Asphalt,1,0,62.1803,27.8541,62.1663,27.8779,142
EFVT,08,26,2427,62,Gravel,0,0,63.3967,24.0237,63.3987,24.0377,72
EFWB,07,25,2263,49,Grass,0,0,,,,,
EFYL,15,33,4921,98,Asphalt,1,0,64.0605,24.7160,64.0483,24.7289,155
EGAA,07,25,9121,148,Asphalt,1,0,54.6523,-6.2352,54.6628,-6.1962,65
EGAA,17,35,6204,148,Asphalt,1,0,54.6579,-6.2286,54.6426,-6.2200,162
EGAB,14,32,3996,98,Asphalt,1,0,54.4025,-7.6573,54.3942,-7.6452,140
EGAC,04,22,6001,148,Asphalt,1,0,54.6114,-5.8807,54.6249,-5.8644,35
EGAD,03,21,3346,59,Asphalt,1,0,,,,,36
EGAD,08,26,1824,59,Asphalt,0,0,,,,,81
EGAD,15,33,2112,59,Asphalt,1,0,,,,,154
EGAE,02,20,3955,148,Asphalt,1,1,55.0367,-7.1654,55.0470,-7.1597,17
EGAE,08,26,6460,148,Asphalt,1,0,55.0404,-7.1751,55.0452,-7.1473,73
EGAH,08,26,3280,164,Snow,0,0,-75.5972,-26.2788,-75.5954,-26.2430,79
EGAR,18,36,2875,131,Gravel,0,0,-67.5638,-68.1233,-67.5712,-68.1308,201
EGBB,15,33,10013,148,Asphalt,1,0,52.4656,-1.7611,52.4430,-1.7359,148
EGBC,14,32,755,98,Grass,0,0,,,,,
EGBD,05,23,1794,65,Grass,0,0,,,,,52
EGBD,10,28,1486,65,Grass,0,0,,,,,101
EGBD,17,35,1949,65,Grass,0,0,,,,,176
EGBE,05,23,5988,151,Asphalt,1,0,52.3644,-1.4893,52.3755,-1.4696,47
EGBF,08,26,3592,98,Concrete,0,0,,,,,82
EGBF,11,29,2788,164,Grass,0,0,,,,,
EGBG,04,22,1608,59,Asphalt,0,0,52.6036,-1.0297,52.6072,-1.0256,38
EGBG,06,24,1099,98,Grass,0,0,52.6053,-1.0308,52.6069,-1.0272,55
EGBG,10,28,3084,98,Asphalt,1,0,52.6081,-1.0386,52.6072,-1.0253,96
EGBG,15,33,1624,59,Asphalt,0,0,52.6078,-1.0339,52.6039,-1.0300,149
EGBG,16,34,1371,98,Grass,0,0,52.6075,-1.0328,52.6043,-1.0299,151
EGBJ,03,21,3225,75,Asphalt,1,0,51.8886,-2.1681,51.8959,-2.1601,35
EGBJ,08,26,4695,98,Asphalt,1,0,51.8936,-2.1772,51.8947,-2.1567,85
EGBJ,18,36,2625,59,Asphalt,0,1,51.8967,-2.1661,51.8897,-2.1650,174
EGBK,03L,21R,4160,98,Concrete,1,0,,,,,26
EGBK,03R,21L,2201,98,Grass,0,0,,,,,26
EGBK,05,23,1975,98,Grass,0,0,,,,,54
EGBK,15,33,1476,59,Grass,0,0,,,,,146
EGBM,08,26,3904,91,Asphalt,1,0,,,,,76
EGBN,03,21,2693,75,Asphalt,0,0,52.9167,-1.0794,52.9231,-1.0736,28
EGBN,09,27,3445,98,Asphalt,1,0,52.9210,-1.0858,52.9210,-1.0730,88
EGBO,04,22,2083,59,Asphalt,0,0,52.5161,-2.2661,52.5211,-2.2606,37
EGBO,10,28,2624,75,Asphalt,0,0,52.5173,-2.2674,52.5163,-2.2557,97
EGBO,16,34,3878,98,Asphalt,1,0,52.5224,-2.2632,52.5126,-2.2562,156
EGBP,03,21,1148,66,Grass,0,1,,,,,36
EGBP,08,26,6591,148,Asphalt,1,0,51.6666,-2.0711,51.6696,-2.0424,80
EGBP,08L,26R,1476,66,Grass,0,0,,,,,86
EGBP,13,31,1787,150,Asphalt,0,1,,,,,123
EGBS,08,26,2743,59,Asphalt,1,0,52.2412,-2.8873,52.2421,-2.8752,86
EGBT,03,21,1607,65,Grass,0,0,,,,,
EGBT,09,27,4120,75,Asphalt,0,0,,,,,87
EGBT,09G,27G,2483,75,Grass,0,0,52.0402,-1.1010,52.0404,-1.0900,88
EGBW,05,23,1926,59,Asphalt,0,0,52.1872,-1.6178,52.1910,-1.6114,46
EGBW,18,36,3009,75,Asphalt,1,0,52.1964,-1.6150,52.1881,-1.6139,176
EGCA,11,29,2165,65,Grass,0,0,,,,,110
EGCB,02,20,1749,104,Grass,0,0,,,,,14
EGCB,08L,26R,2103,105,Grass,0,0,,,,,83
EGCB,08R,26L,2051,105,Grass,0,0,,,,,83
EGCB,14,32,1305,105,Grass,0,0,,,,,134
EGCC,05L,23R,10000,148,Asphalt,1,0,53.3451,-2.2927,53.3624,-2.2571,51
EGCC,05R,23L,10007,148,Concrete,1,0,53.3320,-2.3107,53.3491,-2.2750,51
EGCF,04,22,2907,59,,0,0,,,,,
EGCG,08,26,2693,,Asphalt,0,0,,,,,
EGCJ,01,19,1919,59,Grass,0,0,,,,,1
EGCJ,06,24,2601,59,Grass,0,0,,,,,61
EGCJ,11L,29R,2723,59,Asphalt,1,1,,,,,106
EGCJ,11R,29L,2021,59,Grass,0,0,,,,,106
EGCK,02,20,3534,75,Asphalt,0,0,53.0995,-4.3424,53.1088,-4.3387,13
EGCK,07,25,2887,75,Asphalt,1,0,53.1006,-4.3433,53.1033,-4.3301,71
EGCL,08,26,2198,59,Grass,0,0,,,,,
EGCL,18,36,1968,98,Grass,0,0,,,,,183
EGCS,09,27,2691,,Asphalt,0,0,,,,,
EGCS,14,32,1509,,Asphalt,0,0,,,,,
EGCV,05,23,2621,151,Asphalt,1,0,,,,,48
EGCV,18,36,2542,59,Asphalt,0,0,,,,,181
EGCW,04,22,3346,59,Asphalt,0,0,52.6248,-3.1578,52.6322,-3.1490,36
EGDC,10,28,6014,151,Asphalt,1,0,51.0871,-4.1635,51.0872,-4.1374,90
EGDJ,05,23,,,Grass,0,0,,,,,
EGDM,05,23,10538,150,Permeable,1,0,51.1441,-1.7686,51.1620,-1.7345,50
EGDM,05N,23N,2513,,Asphalt,0,0,,,,,
EGDM,17,35,6278,150,Permeable,0,0,51.1616,-1.7337,51.1448,-1.7273,167
EGDN,04,22,2099,,Grass,0,0,,,,,
EGDN,11,29,3582,,Grass,0,0,,,,,
EGDO,01,19,4610,151,Asphalt,0,0,,,,,4
EGDO,05,23,5984,151,Asphalt,0,0,49.9907,-5.2370,50.0043,-5.2197,39
EGDO,10,28,4295,151,Asphalt,0,0,,,,,94
EGDO,13,31,3005,151,Asphalt,0,0,,,,,130
EGDR,06,24,3372,151,Asphalt,1,0,50.0852,-5.2635,50.0895,-5.2505,63
EGDR,11,29,6006,151,Asphalt,1,0,50.0886,-5.2659,50.0822,-5.2424,113
EGDR,18,36,3448,151,Asphalt,1,0,50.0900,-5.2519,50.0805,-5.2515,179
EGDW,03,21,4245,,,0,0,,,,,
EGDW,09,27,6007,,,0,0,,,,,
EGDW,16,34,3704,,,0,0,,,,,
EGDX,07,25,5997,141,Asphalt,1,0,51.4028,-3.4460,51.4076,-3.4209,73
EGDY,04,22,4797,151,Concrete,1,0,51.0037,-2.6442,51.0142,-2.6316,37
EGDY,08,26,7580,151,Concrete,1,0,51.0070,-2.6617,51.0095,-2.6290,83
EGEA,10H,28H,,,Grass,0,0,,,,,
EGEC,11,29,4633,98,Asphalt,1,0,55.4381,-5.6908,55.4345,-5.6693,106
EGED,07,25,1729,59,Graded Hardcore,0,0,,,,,66
EGED,18,36,1896,98,Grass,0,0,,,,,182
EGEF,06,24,1761,75,Gravel,0,0,,,,,62
EGEI,07,25,2529,75,Asphalt,0,0,,,,,
EGEL,02,20,1640,59,Asphalt,0,0,,,,,23
EGEN,03,21,1082,159,Graded Hardcore,0,0,,,,,31
EGEN,10,28,1729,59,Graded Hardcore,0,0,,,,,99
EGEN,14,32,1240,98,Grass,0,0,,,,,136
EGEO,01,19,4147,98,Asphalt,1,0,56.4581,-5.4009,56.4694,-5.3989,6
EGEO,04,22,2953,98,Asphalt,0,1,,,,,39
EGEP,04,22,1729,59,Graded Hardcore,0,0,,,,,32
EGEP,07,25,1096,59,Grass/Graded Hardcore,0,0,,,,,64
EGEP,18,36,1125,101,Grass,0,0,,,,,176
EGER,02,20,1689,59,Graded Hardcore,0,0,,,,,25
EGER,06,24,1348,98,Grass,0,0,,,,,58
EGER,10,28,1325,59,Grass,0,1,,,,,101
EGES,03,21,1532,59,Graded Hardcore,0,0,,,,,26
EGES,11,29,1397,98,Grass,0,0,,,,,105
EGES,17,35,1266,98,Grass,0,0,,,,,165
EGET,02,20,5787,59,Asphalt,1,0,,,,,16
EGEW,01,19,954,59,Grass,0,0,,,,,11
EGEW,09,27,1729,59,Graded Hardcore,0,0,,,,,88
EGEW,13,31,1381,59,Grass,0,0,,,,,133
EGEW,H,,52,52,Asphalt,0,0,,,,,
EGEY,11,29,1643,59,Asphalt,0,0,,,,,105
EGFA,08,26,3031,75,Asphalt,1,0,52.1140,-4.5634,52.1166,-4.5505,72
EGFC,H02,H20,984,,Grass/Helipads Concrete,0,0,,,,,
EGFD,05,23,4328,151,Asphalt,0,0,52.8058,-4.1339,52.8136,-4.1192,47
EGFD,15,33,4207,151,Asphalt,0,0,52.8154,-4.1355,52.8053,-4.1262,150
EGFD,17,35,7500,151,Asphalt,1,0,52.8153,-4.1303,52.7950,-4.1243,170
EGFE,03,21,5000,148,Asphalt,1,0,51.8271,-4.9666,51.8390,-4.9557,30
EGFE,09,27,3412,148,Asphalt,0,0,51.8339,-4.9703,51.8342,-4.9553,88
EGFF,12,30,7723,148,Asphalt,1,0,51.4015,-3.3587,51.3918,-3.3280,117
EGFH,04,22,4429,151,Concrete,1,0,51.5999,-4.0742,51.6101,-4.0622,36
EGFH,10,28,2812,151,Asphalt,1,0,51.6012,-4.0763,51.6004,-4.0640,97
EGFP,04,22,2614,98,Concrete/Asphalt,0,0,,,,,36
EGGD,09,27,6598,148,Asphalt,1,0,51.3821,-2.7335,51.3832,-2.7047,87
EGGP,09,27,7497,150,Asphalt,1,0,53.3328,-2.8669,53.3344,-2.8326,86
EGGW,07,25,7093,148,Asphalt,1,0,51.8720,-0.3836,51.8772,-0.3533,74
EGHA,08,26,2621,98,Grass,0,0,,,,,79
EGHC,02,20,1585,62,Grass,0,0,,,,,23
EGHC,07,25,2274,59,Asphalt,0,0,50.1015,-5.6786,50.1039,-5.6707,68
EGHC,12,30,1571,59,Grass,0,0,,,,,116
EGHC,16,34,2572,59,Asphalt,0,0,50.1051,-5.6721,50.0994,-5.6685,162
EGHE,09,27,1713,59,Asphalt,1,0,49.9133,-6.2954,49.9135,-6.2884,87
EGHE,14,32,2277,75,Asphalt,1,0,49.9153,-6.2945,49.9112,-6.2891,139
EGHE,18,36,1312,147,Grass,0,1,,,,,177
EGHF,05,23,3375,98,Asphalt,0,0,50.8129,-1.2111,50.8194,-1.2007,
EGHF,10,28,2590,144,Asphalt,0,1,50.8122,-1.2114,50.8116,-1.2002,
EGHF,16,34,2200,140,Asphalt,0,1,50.8185,-1.1996,50.8126,-1.1975,
EGHG,09,27,3878,121,Grass,0,0,,,,,94
EGHH,08,26,7454,151,Asphalt,1,0,50.7775,-1.8579,50.7827,-1.8268,75
EGHI,02,20,6191,119,Asphalt,1,0,50.9430,-1.3609,50.9576,-1.3527,19
EGHJ,12,30,2713,75,Concrete,0,0,,,,,
EGHL,09,27,5896,131,Asphalt,0,0,51.1870,-1.0464,51.1882,-1.0208,86
EGHN,05,23,2900,131,Grass,0,0,,,,,
EGHO,07,25,3179,75,Asphalt,1,0,,,,,
EGHO,12,30,2493,101,Grass,0,0,,,,,
EGHP,03,21,2953,82,Grass,0,0,,,,,30
EGHP,08,26,2920,82,Grass,0,0,,,,,80
EGHQ,12,30,9003,148,Asphalt,1,0,50.4470,-5.0120,50.4345,-4.9788,122
EGHR,06,24,2805,98,Grass,0,0,,,,,
EGHR,10,28,2297,98,Grass,0,0,,,,,
EGHR,14,32,4140,101,Grass,0,0,,,,,
EGHR,14L,32R,2382,98,Grass,0,1,,,,,
EGHS,06,24,2378,85,Asphalt,0,0,,,,,62
EGHT,08,26,1187,147,Grass,0,0,,,,,78
EGHU,08,26,1968,,Grass,0,0,,,,,
EGHY,14,32,1771,59,Grass,0,0,,,,,
EGJA,03,21,1631,121,Grass,0,0,49.7040,-2.2150,49.7080,-2.2120,27
EGJA,08,26,2877,59,Asphalt,1,0,49.7060,-2.2209,49.7074,-2.2088,80
EGJA,13,31,2405,121,Grass,1,0,49.7089,-2.2213,49.7044,-2.2139,133
EGJB,09,27,5194,148,Asphalt,1,0,49.4347,-2.6120,49.4352,-2.5919,88
EGJJ,08,26,5594,148,Asphalt,1,0,49.2070,-2.2069,49.2089,-2.1837,83
EGKA,02,20,3385,59,Asphalt,1,0,50.8320,-0.2995,50.8399,-0.2946,22
EGKA,06,24,2621,82,Grass,0,0,50.8326,-0.3003,50.8362,-0.2889,64
EGKA,13,31,1339,59,Grass,0,0,50.8383,-0.2945,50.8362,-0.2897,125
EGKB,03,21,5925,148,Asphalt,1,0,51.3236,0.0271,51.3383,0.0381,25
EGKB,11,29,2598,59,Asphalt,0,1,51.3235,0.0278,51.3216,0.0388,105
EGKH,03,21,,,Grass,0,0,,,,,
EGKH,10,28,4101,98,Grass,0,0,,,,,107
EGKK,08L,26R,8402,148,Asphalt,1,0,51.1469,-0.2126,51.1518,-0.1768,78
EGKK,08R,26L,10883,148,Asphalt,1,0,51.1451,-0.2123,51.1515,-0.1660,78
EGKL,06,24,1499,88,Grass,0,0,,,,,
EGKR,06,24,1640,33,Asphalt,0,0,,,,,
EGKR,07H,25H,574,98,Grass,0,0,,,,,
EGKR,07L,25R,2241,75,Grass,1,0,51.2136,-0.1432,51.2152,-0.1338,
EGKR,07R,25L,2943,98,Grass,0,0,51.2125,-0.1449,51.2147,-0.1325,
EGKR,18,36,2792,82,Grass,0,0,51.2176,-0.1407,51.2113,-0.1408,
EGLA,03,21,1574,59,Grass,0,0,,,,,
EGLA,13,31,2001,59,Grass,0,0,,,,,132
EGLC,09,27,4948,98,Concrete,1,0,51.5056,0.0443,51.5049,0.0660,93
EGLD,06,24,2543,60,Asphalt,1,0,,,,,59
EGLD,12,30,1791,59,Grass,0,0,,,,,118
EGLF,06,24,8005,148,Asphalt,1,0,51.2706,-0.7920,51.2808,-0.7612,62
EGLJ,06,24,4229,151,Asphalt,1,0,,,,,59
EGLJ,13,31,5909,151,Asphalt,1,0,,,,,124
EGLJ,18,36,4167,151,Asphalt,1,0,51.6833,-1.0771,51.6719,-1.0764,178
EGLK,07,25,4380,151,Asphalt,1,0,51.3221,-0.8566,51.3257,-0.8384,72
EGLL,09L,27R,12799,164,Asphalt,1,0,51.4775,-0.4894,51.4777,-0.4332,90
EGLL,09R,27L,12001,164,Asphalt,1,0,51.4648,-0.4868,51.4650,-0.4340,90
EGLM,03,21,3363,148,Grass,0,0,51.4957,-0.7680,51.5040,-0.7686,
EGLM,07L,25R,3642,148,Grass,0,0,51.4986,-0.7817,51.5027,-0.7680,
EGLM,07R,25L,2585,82,Grass,0,0,51.4984,-0.7814,51.5014,-0.7711,65
EGLM,11,29,3051,98,Grass,0,0,51.4997,-0.7797,51.4970,-0.7680,
EGLP,06,24,2034,82,Grass,0,0,,,,,
EGLS,06,24,2562,164,Grass,0,0,,,,,
EGLW,03,21,114,52,Concrete,1,0,,,,,24
EGMA,07,25,2309,98,Grass,0,0,52.0759,0.0560,52.0785,0.0653,65
EGMC,05,23,6089,118,Asphalt,1,0,51.5672,0.6863,51.5756,0.7050,54
EGMD,03,21,4938,105,Asphalt,1,0,50.9505,0.9334,50.9616,0.9447,33
EGMD,14,32,2264,115,Asphalt,0,1,50.9581,0.9333,50.9536,0.9397,138
EGMF,06,24,1246,65,Grass,0,0,,,,,
EGMJ,03,21,1410,75,Grass,0,1,,,,,
EGMJ,10,28,1870,59,Grass,0,0,,,,,
EGMJ,12,30,2132,149,Grass,0,1,,,,,
EGMT,07L,25R,2640,,Grass,0,0,,,,,
EGNC,01,19,2904,75,Asphalt,0,0,54.9355,-2.8113,54.9423,-2.8111,1
EGNC,06,24,6000,98,Asphalt,1,0,54.9342,-2.8186,54.9405,-2.8000,59
EGNC,13,31,4057,150,,0,1,54.9419,-2.8200,54.9358,-2.8039,123
EGNE,02,20,3933,75,Asphalt,1,0,53.2734,-0.9570,53.2881,-0.9455,25
EGNE,08,26,2662,150,Asphalt,0,1,53.2772,-0.9692,53.2786,-0.9572,78
EGNE,14,32,2624,59,Asphalt,0,0,53.2819,-0.9667,53.2761,-0.9586,142
EGNF,06,24,1847,118,Grass,0,0,,,,,56
EGNF,18,36,1253,59,Grass,0,0,,,,,178
EGNG,06,24,2329,65,Grass,0,0,,,,,
EGNH,07,25,2621,98,Asphalt,0,1,53.7724,-3.0413,53.7751,-3.0301,68
EGNH,10,28,6129,148,Asphalt,1,0,53.7722,-3.0427,53.7709,-3.0144,95
EGNH,13,31,3274,78,Asphalt,1,0,53.7745,-3.0437,53.7686,-3.0307,127
EGNI,03,21,2622,75,Grass,0,0,,,,,
EGNI,11,29,2133,75,Grass,0,0,,,,,
EGNJ,02,20,7218,148,Asphalt,1,0,53.5653,-0.3571,53.5836,-0.3444,22
EGNJ,08,26,3248,59,Asphalt,0,0,53.5758,-0.3535,53.5771,-0.3377,82
EGNL,05,23,3438,151,Asphalt,1,0,54.1239,-3.2661,54.1300,-3.2542,56
EGNL,12,30,1326,151,Asphalt,1,1,54.1328,-3.2703,54.1286,-3.2533,113
EGNL,17,35,3318,151,Asphalt,1,0,54.1331,-3.2693,54.1243,-3.2656,166
EGNM,14,32,7381,150,Concrete,1,0,53.8734,-1.6721,53.8584,-1.6491,138
EGNO,07,25,7946,151,Asphalt,1,0,53.7414,-2.9013,53.7484,-2.8665,71
EGNO,14,32,4189,98,Asphalt,0,1,53.7454,-2.8971,53.7375,-2.8826,133
EGNR,04,22,6867,148,Asphalt,1,0,53.1712,-2.9876,53.1850,-2.9676,41
EGNS,03,21,3934,151,Asphalt,1,0,54.0778,-4.6317,54.0873,-4.6231,28
EGNS,08,26,6923,151,Asphalt,1,0,54.0814,-4.6389,54.0854,-4.6074,78
EGNS,17,35,2963,89,Asphalt,0,1,54.0853,-4.6303,54.0783,-4.6275,175
EGNT,07,25,7644,148,Asphalt,1,0,55.0335,-1.7063,55.0423,-1.6733,65
EGNU,04,22,2533,,Grass,0,0,,,,,35
EGNU,07,25,1312,65,Tarmac,0,0,,,,,
EGNU,16,34,2460,68,,0,0,,,,,
EGNV,05,23,7516,148,Asphalt,1,0,54.5022,-1.4424,54.5162,-1.4164,48
EGNW,03,21,1738,59,Asphalt,0,0,,,,,27
EGNW,16,34,1630,59,Asphalt,0,0,,,,,152
EGNX,09,27,9495,148,Asphalt,1,0,52.8306,-1.3496,52.8314,-1.3067,88
EGNY,12,30,2329,98,Grass,0,0,,,,,
EGOE,05,23,3215,150,Asphalt,1,0,52.8707,-2.5360,52.8769,-2.5266,43
EGOE,10,28,3110,150,Asphalt,1,0,52.8735,-2.5402,52.8723,-2.5268,99
EGOQ,04,22,5180,150,Asphalt,1,0,53.2539,-4.3810,53.2651,-4.3666,37
EGOS,04,22,4523,151,Asphalt,1,0,52.7927,-2.6767,52.8015,-2.6623,45
EGOS,18,36,6018,151,Asphalt,1,0,52.8018,-2.6680,52.7854,-2.6679,180
EGOV,01,19,5377,151,Asphalt,1,0,53.2436,-4.5406,53.2581,-4.5379,6
EGOV,08,26,2200,151,Asphalt,0,1,53.2458,-4.5458,53.2497,-4.5278,70
EGOV,13,31,7513,151,Asphalt,1,0,53.2538,-4.5462,53.2405,-4.5202,131
EGOW,03,21,5405,150,Asphalt,1,0,53.5753,-3.0638,53.5882,-3.0513,33
EGOW,08,26,3505,148,Asphalt,1,0,53.5775,-3.0682,53.5791,-3.0523,83
EGOW,16,34,3291,148,,0,0,,,,,162
EGPA,06,24,3881,151,Asphalt,1,1,58.9558,-2.9119,58.9614,-2.8944,58
EGPA,09,27,4690,148,Asphalt,1,0,58.9577,-2.9129,58.9583,-2.8878,87
EGPA,14,32,2222,61,Asphalt,0,0,58.9605,-2.9092,58.9566,-2.9030,140
EGPB,06H,24H,1781,144,Asphalt,0,0,59.8748,-1.2905,59.8777,-1.2827,53
EGPB,09,27,4915,144,Asphalt,1,0,59.8808,-1.3053,59.8820,-1.2843,84
EGPB,15,33,4672,141,Asphalt,1,0,59.8819,-1.3005,59.8716,-1.2853,144
EGPC,08,26,3399,148,Asphalt,1,1,58.4558,-3.1016,58.4581,-3.0844,76
EGPC,13,31,6007,148,Asphalt,1,0,58.4637,-3.1055,58.4538,-3.0804,127
EGPD,05,23,1893,151,Concrete,0,1,57.2036,-2.2028,57.2072,-2.1958,46
EGPD,14,32,2165,75,Asphalt,0,1,57.2039,-2.2019,57.1994,-2.1949,139
EGPD,16,34,6407,150,Asphalt,1,0,57.2095,-2.2034,57.1943,-2.1922,158
EGPD,18,36,853,75,Asphalt,0,1,57.2047,-2.2017,57.2024,-2.2016,179
EGPE,05,23,6194,148,Asphalt,1,0,57.5370,-4.0595,57.5480,-4.0356,49
EGPE,11,29,2300,59,Asphalt,0,0,57.5446,-4.0599,57.5425,-4.0488,110
EGPF,05,23,8730,148,Asphalt,1,0,55.8635,-4.4491,55.8799,-4.4183,46
EGPF,09,27,3622,151,Asphalt,1,1,55.8722,-4.4447,55.8720,-4.4272,91
EGPG,07,25,2690,75,Asphalt,1,0,55.9736,-3.9817,55.9758,-3.9692,76
EGPH,06,24,8392,148,Asphalt,1,0,55.9440,-3.3901,55.9559,-3.3551,59
EGPH,08,26,2621,150,Asphalt,0,1,55.9468,-3.3560,55.9493,-3.3437,70
EGPH,12,30,5730,150,Asphalt,1,1,55.9513,-3.3594,55.9438,-3.3349,119
EGPI,07,25,2083,59,Asphalt,1,0,55.6824,-6.2588,55.6842,-6.2502,73
EGPI,12,30,5098,98,Asphalt,1,0,55.6863,-6.2683,55.6805,-6.2511,112
EGPJ,06,24,2296,59,Asphalt,0,0,,,,,
EGPK,02,20,6253,148,Asphalt,1,0,55.4884,-4.5874,55.5034,-4.5758,24
EGPK,12,30,9800,148,Permeable,1,0,55.5164,-4.6148,55.5024,-4.5745,121
EGPL,06,24,6027,151,Asphalt,1,0,57.4764,-7.3753,57.4858,-7.3501,55
EGPL,17,35,3963,151,Asphalt,1,0,57.4869,-7.3658,57.4762,-7.3612,167
EGPN,09,27,4593,98,Asphalt,1,0,56.4525,-3.0372,56.4524,-3.0145,91
EGPO,06,24,3281,75,Asphalt,1,0,58.2121,-6.3358,58.2165,-6.3211,60
EGPO,18,36,7218,151,Asphalt,1,0,58.2254,-6.3329,58.2058,-6.3292,174
EGPR,07,25,2621,197,Sand,0,0,,,,,
EGPR,11,29,2231,151,Sand,0,0,,,,,
EGPR,15,33,2776,151,Sand,0,0,,,,,
EGPS,10,28,1640,49,Concrete,0,0,,,,,
EGPT,03,21,2798,88,Asphalt,1,0,,,,,32
EGPT,09,27,1998,72,Asphalt,1,0,,,,,92
EGPT,15,33,2034,118,Grass,0,0,,,,,153
EGPU,05,23,4600,98,Asphalt,1,0,56.4950,-6.8772,56.5036,-6.8605,47
EGPU,11,29,2690,62,Asphalt,1,0,56.5028,-6.8794,56.5003,-6.8667,110
EGPU,17,35,2598,59,Concrete,0,0,56.5075,-6.8775,56.5022,-6.8756,168
EGQL,04,22,4803,151,Asphalt,1,1,56.3699,-2.8743,56.3805,-2.8602,37
EGQL,08,26,8491,150,Asphalt,1,0,56.3730,-2.8817,56.3764,-2.8403,82
EGQS,05,23,9091,150,Asphalt,1,0,57.6980,-3.3534,57.7160,-3.3213,44
EGQS,10,28,6066,150,Asphalt,1,0,57.7073,-3.3438,57.7054,-3.3130,97
EGSA,02,20,2828,59,,0,0,,,,,22
EGSC,05,23,6444,148,Asphalt,1,0,52.1993,0.1641,52.2107,0.1860,50
EGSC,05G,23G,2949,115,Grass,0,1,52.2031,0.1756,52.2083,0.1857,52
EGSC,10,28,2293,115,Grass,0,1,52.2028,0.1724,52.2022,0.1788,102
EGSD,10H,28H,1574,105,Grass,0,1,,,,,95
EGSD,18H,36H,1181,98,Grass,0,1,,,,,175
EGSF,10,28,3238,75,Asphalt,1,0,52.4686,-0.2583,52.4678,-0.2439,94
EGSF,16,34,2625,141,Asphalt,0,1,52.4686,-0.2575,52.4622,-0.2517,151
EGSG,03L,21R,3283,151,Grass,0,0,51.6487,0.1511,51.6561,0.1595,37
EGSG,03R,21L,3475,151,grass/asphalt,1,0,51.6485,0.1516,51.6563,0.1604,37
EGSG,10,28,2152,151,Grass,0,0,51.6561,0.1512,51.6552,0.1614,100
EGSH,04,22,4154,148,Asphalt,0,1,52.6743,1.2821,52.6834,1.2932,37
EGSH,09,27,6043,148,Concrete/Asphalt,1,0,52.6758,1.2691,52.6760,1.2963,90
EGSI,03,21,2624,68,Grass,0,0,,,,,
EGSJ,06,24,2624,59,,0,0,,,,,61
EGSL,09,27,0,0,,0,0,,,,,
EGSL,09L,27R,2621,,Grass,1,0,,,,,87
EGSL,09R,27L,2621,,Grass,1,0,,,,,87
EGSM,09,27,3169,59,Grass,0,0,,,,,93
EGSO,13,31,2520,89,Grass,0,1,,,,,130
EGSP,06,24,3067,98,Grass,1,0,,,,,64
EGSP,15,33,1807,59,Grass,1,0,,,,,143
EGSQ,18,36,1961,59,Grass,0,0,,,,,181
EGSR,06L,24R,3080,98,Grass,1,0,,,,,61
EGSR,06R,24L,2552,32,Asphalt,0,0,,,,,61
EGSS,04,22,10003,151,Asphalt,1,0,51.8751,0.2199,51.8952,0.2501,44
EGST,05,23,2920,85,Grass,1,0,,,,,49
EGSU,06,24,4750,148,Asphalt,0,0,52.0869,0.1236,52.0936,0.1422,60
EGSU,06L,24R,2887,82,Grass,0,0,52.0894,0.1253,52.0936,0.1364,59
EGSV,02,20,1404,59,Grass,0,0,,,,,20
EGSV,07,25,2618,59,Asphalt,0,0,,,,,65
EGSV,07L,25R,1335,75,Grass,0,0,,,,,64
EGSX,02,20,6332,148,Asphalt,0,0,51.7139,0.1508,51.7301,0.1582,18
EGSX,13,31,3005,148,Asphalt,0,1,51.7221,0.1448,51.7183,0.1548,128
EGTB,06,24,2411,75,Asphalt,1,0,51.6102,-0.8129,51.6133,-0.8035,62
EGTB,06G,24G,2001,75,Grass,0,0,51.6099,-0.8111,51.6126,-0.8031,62
EGTB,17,35,2280,98,Grass,0,1,51.6133,-0.8090,51.6071,-0.8066,167
EGTC,03,21,5902,148,Asphalt,1,0,52.0652,-0.6236,52.0790,-0.6098,32
EGTC,18,36,2033,59,Asphalt,0,1,52.0733,-0.6209,52.0678,-0.6202,176
EGTD,07,25,6168,148,Asphalt,1,0,,,,,
EGTE,08,26,6811,148,Asphalt,1,0,50.7321,-3.4280,50.7365,-3.3999,76
EGTE,13,31,4393,151,Asphalt,0,1,50.7385,-3.4270,50.7325,-3.4106,120
EGTF,06,24,2667,89,Asphalt,1,0,51.3461,-0.5636,51.3500,-0.5538,59
EGTH,02,20,2621,60,Grass,0,0,,,,,
EGTK,01,19,5006,98,Asphalt,1,0,51.8301,-1.3221,51.8434,-1.3180,11
EGTK,03,21,2887,154,Grass,0,1,51.8303,-1.3183,51.8378,-1.3133,23
EGTK,09,27,2887,148,Grass,1,1,51.8346,-1.3253,51.8350,-1.3131,86
EGTK,11,29,2493,92,Asphalt,0,1,51.8405,-1.3228,51.8380,-1.3125,111
EGTO,02L,20R,2713,105,Grass,0,0,,,,,23
EGTO,02R,20L,2264,69,Grass,1,1,,,,,23
EGTO,16,34,3159,115,Grass,0,1,,,,,161
EGTP,01,19,2054,88,Asphalt,0,1,50.3280,-5.1752,50.3336,-5.1742,6
EGTP,05,23,3084,59,Asphalt,0,0,50.3275,-5.1844,50.3336,-5.1752,44
EGTP,09,27,2461,75,Asphalt,0,0,50.3289,-5.1859,50.3293,-5.1754,87
EGTR,08,26,2135,65,Asphalt,1,0,51.6553,-0.3304,51.6563,-0.3212,80
EGTU,04,22,3176,148,Asphalt,0,0,50.8562,-3.2380,50.8628,-3.2290,44
EGTU,09,27,2845,150,Asphalt,0,1,50.8643,-3.2403,50.8653,-3.2281,83
EGTU,17,35,3159,151,Asphalt,0,0,50.8644,-3.2350,50.8586,-3.2333,170
EGTW,04,22,2788,82,Grass,0,0,,,,,
EGTW,17,35,2575,65,Grass,0,0,,,,,
EGUB,01,19,5981,150,Asphalt,1,0,51.6069,-1.0977,51.6231,-1.0941,8
EGUB,06,24,4782,100,Asphalt,0,1,51.6149,-1.1023,51.6222,-1.0848,56
EGUD,08,26,3500,,Asphalt,0,0,,,,,
EGUD,18,36,5911,,Asphalt,0,0,,,,,
EGUL,05,23,8998,150,Permeable,1,0,52.4025,0.5444,52.4164,0.5776,56
EGUN,10,28,9213,200,Permeable,1,0,52.3643,0.4680,52.3587,0.5082,103
EGUW,05,23,7953,151,Asphalt,1,0,52.1206,0.9438,52.1343,0.9685,48
EGVA,09,27,9994,200,Asphalt,1,0,51.6830,-1.8120,51.6840,-1.7680,88
EGVH,08H,26H,492,66,Asphalt,0,0,,,,,
EGVN,07,25,10007,184,Asphalt,1,0,51.7461,-1.6041,51.7539,-1.5618,74
EGVO,09,27,6030,141,Asphalt,1,0,51.2345,-0.9559,51.2338,-0.9296,93
EGVP,04H,22H,984,82,Asphalt,0,0,,,,,
EGVP,09,27,3596,147,Grass,0,0,,,,,
EGVP,17,35,3874,147,Grass,0,0,,,,,
EGWC,06,24,3890,150,Asphalt,0,0,52.6377,-2.3127,52.6434,-2.2978,58
EGWE,02,20,3146,150,Grass,0,0,,,,,
EGWE,09L,27R,2500,75,Grass,0,0,,,,,
EGWE,09R,27L,3169,150,Grass,0,0,,,,,
EGWE,13,31,2624,150,Grass,0,0,,,,,
EGWN,02,20,3077,148,Grass,0,0,,,,,21
EGWN,07,25,2786,148,Grass,0,0,,,,,72
EGWU,07,25,5545,151,Asphalt,1,0,51.5501,-0.4310,51.5553,-0.4082,70
EGXC,07,25,9003,187,Concrete,1,0,53.0893,-0.1856,53.0970,-0.1467,72
EGXE,16,34,7516,151,Asphalt,1,0,54.3019,-1.5426,54.2832,-1.5282,156
EGXG,06,24,6158,151,Asphalt,1,0,53.8296,-1.2072,53.8393,-1.1840,55
EGXG,16,34,5466,151,Asphalt,1,0,53.8442,-1.2028,53.8306,-1.1925,156
EGXH,09,27,9012,200,Asphalt,1,0,52.3410,0.7531,52.3447,0.7929,81
EGXT,07,25,9052,200,Asphalt,1,0,52.6095,-0.4955,52.6167,-0.4567,74
EGXW,02,20,9642,198,Asphalt,1,0,53.1538,-0.5320,53.1784,-0.5158,22
EGXY,06,24,5994,150,Asphalt,0,0,53.0172,-0.9283,53.0246,-0.9040,63
EGXY,11,29,4239,150,Asphalt,0,1,53.0212,-0.9249,53.0154,-0.9082,120
EGXY,15,33,4419,150,Asphalt,0,0,53.0273,-0.9153,53.0168,-0.9055,151
EGXZ,02,20,5948,148,Asphalt,1,0,54.1977,-1.3871,54.2132,-1.3765,22
EGXZ,13,31,4088,148,Asphalt,1,0,54.2092,-1.3889,54.2026,-1.3732,126
EGYD,01,19,4803,147,Asphalt,1,0,53.0211,-0.4854,53.0340,-0.4823,8
EGYD,03,21,3619,98,Grass,0,0,53.0392,-0.4956,53.0477,-0.4873,30
EGYD,06,24,3927,98,Grass,0,0,53.0403,-0.5004,53.0449,-0.4843,64
EGYD,08,26,6831,147,Asphalt,1,0,53.0287,-0.5057,53.0308,-0.4787,83
EGYE,06,24,5722,151,Asphalt,1,0,52.9586,-0.5719,52.9674,-0.5489,58
EGYE,10,28,4193,151,Asphalt,1,0,52.9603,-0.5723,52.9577,-0.5537,103
EGYE,18,36,2608,75,Asphalt,0,0,52.9650,-0.5562,52.9582,-0.5557,178
EGYM,01,19,6116,148,Concrete,1,0,52.6392,0.5557,52.6549,0.5597,9
EGYM,05,23,9131,148,Asphalt,1,0,52.6412,0.5335,52.6553,0.5674,55
EGYP,05,23,5003,75,Asphalt,1,0,-51.8244,-58.4511,-51.8166,-58.4330,55
EGYP,10,28,8497,150,Asphalt,1,0,-51.8177,-58.4763,-51.8239,-58.4400,105
EGZL,3,21,2952,,Grass,0,0,,,,,
EHAL,08,26,2822,98,Grass,0,0,53.4534,5.6719,53.4538,5.6848,87
EHAM,04,22,6627,148,Asphalt,1,0,52.3004,4.7835,52.3140,4.8030,41
EHAM,06,24,11283,148,Asphalt,1,0,52.2879,4.7340,52.3046,4.7775,58
EHAM,09,27,11329,148,Asphalt,1,0,52.3166,4.7463,52.3184,4.7969,87
EHAM,18C,36C,10826,148,Asphalt,1,0,52.3314,4.7400,52.3018,4.7375,183
EHAM,18L,36R,11155,148,Asphalt,1,0,52.3213,4.7800,52.2908,4.7773,183
EHAM,18R,36L,12467,198,Asphalt,1,0,52.3627,4.7119,52.3286,4.7088,183
EHBD,03,21,3934,75,Asphalt,1,0,51.2515,5.5977,51.2609,5.6062,30
EHBD,03G,21G,1969,99,Grass,0,0,,,,,27
EHBK,03,21,9022,148,Asphalt,1,0,50.9018,5.7600,50.9208,5.7792,30
EHDL,01,19,3431,164,Permeable,1,0,52.0635,5.8738,52.0724,5.8781,18
EHDR,07,25,2395,79,Concrete,0,0,53.1180,6.1229,53.1203,6.1365,74
EHEH,03,21,9843,148,Asphalt,1,0,51.4391,5.3621,51.4612,5.3869,31
EHGG,01,19,4922,148,Asphalt,1,1,53.1174,6.5769,53.1307,6.5803,9
EHGG,05,23,8202,148,Asphalt,1,0,53.1111,6.5609,53.1250,6.5903,52
EHGR,02,20,6549,98,Asphalt,1,0,51.5554,4.9332,51.5728,4.9421,16
EHGR,10,28,9081,148,Asphalt,1,0,51.5695,4.9120,51.5652,4.9514,98
EHHO,09,27,3904,79,Grass,0,0,,,,,92
EHHV,07,25,1969,82,Grass,0,0,52.1910,5.1415,52.1930,5.1497,63
EHHV,12,30,2165,82,Grass,0,0,52.1916,5.1411,52.1883,5.1492,120
EHHV,18,36,2297,82,Grass,0,0,52.1947,5.1482,52.1885,5.1484,177
EHKD,03,21,4183,98,Concrete,1,0,52.9187,4.7753,52.9282,4.7859,30
EHLE,05,23,8858,148,Asphalt,1,0,52.4448,5.4995,52.4612,5.5289,46
EHLE,05L,23R,4495,98,Grass,0,1,,,,,48
EHLW,05,23,8045,164,Asphalt,1,0,53.2192,5.7378,53.2313,5.7673,53
EHLW,09,27,6562,164,Asphalt,1,0,53.2287,5.7397,53.2285,5.7697,88
EHMZ,09,27,3281,99,Grass,0,0,,,,,87
EHOW,06,24,2625,66,Asphalt,0,0,53.2074,7.0278,53.2104,7.0388,64
EHRD,06,24,7218,148,Asphalt,1,0,51.9521,4.4282,51.9628,4.4551,56
EHSE,06,24,2723,75,Asphalt,0,0,51.5535,4.5479,51.5565,4.5589,63
EHST,06,24,1639,99,Grass,0,0,,,,,58
EHTE,08,26,3934,88,Asphalt,1,0,52.2425,6.0416,52.2432,6.0591,84
EHTE,08G,26G,3196,329,Grass,0,0,52.2438,6.0426,52.2442,6.0567,
EHTL,04C,22C,4101,699,Grass,0,0,,,,,40
EHTL,04L,22R,4000,500,Grass,0,0,,,,,40
EHTL,04R,22L,4100,700,Grass,0,0,,,,,39
EHTL,12,30,3600,560,Grass,0,0,,,,,119
EHTL,14L,32R,4500,910,Grass,0,0,,,,,138
EHTL,14R,32L,4500,910,Grass,0,0,,,,,139
EHTW,05,23,9801,148,Asphalt,1,0,52.2682,6.8712,52.2835,6.9071,56
EHTW,11,29,6558,82,Demo'd asphalt,0,1,52.2716,6.8705,52.2651,6.8976,112
EHTX,03,21,3637,131,Grass,0,0,,,,,34
EHTX,12,30,2041,131,Grass,0,0,,,,,124
EHVK,06L,24R,9922,150,Asphalt,1,0,51.6500,5.6893,51.6644,5.7264,56
EHVK,06R,24L,9931,74,Asphalt,1,0,51.6484,5.6909,51.6628,5.7280,55
EHWO,07L,25R,7151,74,,0,0,51.4478,4.3282,51.4547,4.3575,69
EHWO,07R,25L,8015,148,Asphalt,1,0,51.4452,4.3257,51.4528,4.3585,67
EIAB,10,28,2034,59,Bituminous,0,0,,,,,
EIBF,03,21,1650,65,Grass,0,0,,,,,
EIBN,07,25,1279,49,Asphalt,0,0,,,,,
EIBR,36,18,1870,59,Grass,0,0,,,,,
EIBR,NE,SW,300,1,,0,0,,,,,
EIBT,07,25,1476,59,Grass,0,0,,,,,
EICA,05,23,1968,59,,0,0,,,,,
EICK,07,25,4298,148,Permeable,1,0,51.8416,-8.4960,51.8470,-8.4791,63
EICK,16,34,6998,148,Asphalt,1,0,51.8503,-8.4964,51.8323,-8.4858,160
EICL,09,27,2526,59,Asphalt,1,0,,,,,
EICM,08,26,4003,98,Asphalt,1,0,53.2988,-8.9505,53.3015,-8.9329,75
EICN,10,28,1375,29,,0,0,,,,,
EIDL,02,20,4908,98,Asphalt,1,0,55.0379,-8.3451,55.0505,-8.3370,20
EIDW,10L,28R,10203,148,Concrete,1,0,53.4372,-6.2806,53.4352,-6.2450,97
EIDW,10R,28L,8652,148,Asphalt,1,0,53.4224,-6.2901,53.4203,-6.2506,95
EIDW,11,29,4393,200,Asphalt,0,1,53.4366,-6.2623,53.4334,-6.2428,105
EIDW,16,34,6798,148,Asphalt,1,0,53.4370,-6.2620,53.4199,-6.2496,157
EIER,06,24,1968,59,Grass,0,0,,,,,
EIFR,08,26,1466,50,Asphalt,0,1,54.4916,-8.2476,54.4927,-8.2411,
EIFR,H,,65,65,Asphalt,0,0,,,,,
EIHH,07,25,1739,66,Grass,0,0,,,,,
EIHH,09,27,1640,33,Grass,0,0,,,,,
EIHN,16,34,375,18,,0,0,,,,,
EIIH,18,36,1312,65,Grass,0,0,,,,,
EIIM,14,32,520,18,,0,0,,,,,
EIIR,13,31,1706,59,,0,0,,,,,
EIKH,01,19,1988,32,Grass,0,0,,,,,
EIKH,11,29,1804,59,Grass,0,0,,,,,
EIKK,09,27,3051,75,Grass,0,0,,,,,
EIKN,08,26,7546,148,Asphalt,1,0,53.9083,-8.8357,53.9123,-8.8013,79
EIKY,07,25,4035,98,Asphalt,0,1,52.1789,-9.5389,52.1847,-9.5236,58
EIKY,08,26,6562,148,Asphalt,1,0,52.1780,-9.5376,52.1838,-9.5099,71
EILT,08,26,1969,0,GRASS/HARDCORE,0,0,,,,,
EIME,04,22,4800,150,Asphalt,1,0,53.2936,-6.4538,53.3035,-6.4394,41
EIME,10,28,6001,150,Asphalt,1,0,53.3047,-6.4688,53.3016,-6.4446,108
EIMH,11,29,1312,59,Grass,0,0,53.6384,-6.8850,53.6371,-6.8749,
EIMN,05,23,869,65,,0,0,,,,,
EIMN,15,33,1791,65,Bituminous,0,0,,,,,
EINC,18,36,2263,59,Grass,0,0,,,,,
EINN,06,24,10495,148,Asphalt,1,0,52.6932,-8.9435,52.7108,-8.9061,52
EIRT,09,27,1476,59,,0,0,,,,,
EISG,10,28,3517,98,Asphalt,1,0,54.2812,-8.6083,54.2793,-8.5901,100
EITM,10,28,1837,39,,0,0,,,,,
EIWF,03,21,4701,98,Asphalt,1,0,52.1812,-7.0907,52.1932,-7.0832,21
EIWT,07,25,3038,23,Asphalt,0,0,53.3512,-6.4921,53.3534,-6.4847,67
EKAH,10L,28R,9111,75,Permeable,1,0,56.3074,10.5978,56.3030,10.6419,100
EKAH,10R,28L,8865,148,Permeable,1,0,56.3055,10.5976,56.3012,10.6405,100
EKAT,03,21,2133,66,Grass,0,0,,,,,
EKBI,09,27,10172,148,Asphalt,1,0,55.7397,9.1324,55.7412,9.1818,87
EKCH,04L,22R,11811,148,Asphalt,1,0,55.5922,12.6035,55.6165,12.6412,41
EKCH,04R,22L,10827,148,Asphalt,1,0,55.6031,12.6330,55.6254,12.6676,41
EKCH,12,30,9186,148,Asphalt,1,0,55.6263,12.6333,55.6125,12.6705,123
EKCR,12,30,3280,490,Grass,0,0,,,,,
EKEB,08,26,8527,148,Asphalt,1,0,55.5238,8.5335,55.5281,8.5739,79
EKEL,11,29,2133,82,Grass,0,0,,,,,
EKFR,02,20,1400,52,Turf / Grass,0,0,55.8970,12.2437,55.9010,12.2471,
EKGH,11,29,3294,59,Asphalt,1,0,55.9430,12.3746,55.9398,12.3899,110
EKGL,09,27,2592,98,Grass,0,0,,,,,
EKGR,01,19,2296,98,Grass,0,0,,,,,
EKHE,09,27,1545,49,Turf/Grass,0,0,55.9852,12.2106,55.9845,12.2180,
EKHG,09,27,3934,98,Asphalt,0,0,56.1851,9.0312,56.1846,9.0505,
EKHG,09GL,27GL,2854,98,Grass,0,0,56.1862,9.0345,56.1860,9.0485,
EKHG,15,33,2188,98,Grass,0,0,56.1879,9.0416,56.1823,9.0467,
EKHK,10,28,1854,59,Grass,0,0,,,,,
EKHL,H1,,39,39,Concrete,1,0,,,,,
EKHM,10,28,3609,328,Grass,0,0,,,,,
EKHO,07,25,3935,90,Asphalt,0,0,56.3954,8.4346,56.3984,8.4532,73
EKHV,10,28,3675,76,Asphalt,0,0,55.3028,9.5156,55.3014,9.5333,97
EKKA,03,21,2818,50,Permeable,1,0,56.2983,9.1056,56.3047,9.1133,34
EKKA,09,27,2789,197,Grass,0,0,56.2955,9.1051,56.2956,9.1189,90
EKKA,09L,27R,9816,75,Asphalt,1,0,56.2991,9.0776,56.2994,9.1259,89
EKKA,09R,27L,9607,150,Permeable,1,0,56.2971,9.0773,56.2975,9.1246,89
EKKA,14,32,2296,60,Permeable,1,0,56.3028,9.1128,56.2983,9.1208,134
EKLS,07,25,3045,75,Asphalt,1,0,57.2755,10.9931,57.2790,11.0071,65
EKMB,09,27,3937,98,Asphalt,1,0,54.7001,11.4292,54.6988,11.4477,97
EKML,09,27,999,45,Grass,0,0,,,,,
EKMN,09,27,1640,59,Grass,0,0,,,,,
EKOD,06,24,6053,148,Asphalt,1,0,55.4715,10.3153,55.4798,10.3405,60
EKOD,13,31,2280,98,Grass,0,0,55.4769,10.3344,55.4729,10.3428,130
EKPB,04,22,3524,98,Asphalt,1,0,54.8669,9.2730,54.8737,9.2850,46
EKRD,07,25,2953,,,0,0,,,,,
EKRK,03,21,4921,105,Asphalt,1,0,55.5784,12.1238,55.5900,12.1361,31
EKRK,11,29,5709,105,Asphalt,1,0,55.5900,12.1156,55.5831,12.1404,116
EKRN,11,29,6568,148,Asphalt,1,0,55.0669,14.7452,55.0596,14.7739,114
EKRS,05,23,2405,131,Grass,0,0,55.4240,11.8029,55.4282,11.8119,
EKSB,14,32,5895,98,Asphalt,1,0,54.9690,9.7849,54.9567,9.8032,139
EKSN,08,26,3934,98,Asphalt,1,0,57.5032,10.2194,57.5039,10.2394,86
EKSP,10L,28R,9863,150,Permeable,1,0,55.2246,9.2439,55.2174,9.2895,105
EKSP,10R,28L,9750,80,Permeable,1,0,55.2227,9.2433,55.2156,9.2883,105
EKSS,10,28,2280,98,Grass,0,0,,,,,
EKST,11,29,2953,,,0,0,,,,,
EKSV,14,32,3933,98,Asphalt,1,0,56.5543,9.1666,56.5461,9.1793,139
EKTD,12,30,2871,,,0,0,,,,,
EKTS,10,28,5249,148,Asphalt,1,0,57.0701,8.6922,57.0675,8.7182,100
EKVD,01,19,3301,75,Asphalt,1,0,55.4311,9.3280,55.4395,9.3327,18
EKVD,07,25,2310,75,Grass,0,0,55.4356,9.3255,55.4370,9.3363,77
EKVG,12,30,5905,98,Asphalt,1,0,62.0662,-7.2876,62.0610,-7.2665,118
EKVH,11,29,3976,75,Asphalt,1,0,56.8485,9.4493,56.8453,9.4680,107
EKVH,17,35,1804,98,Gravel,0,0,56.8461,9.4608,56.8414,9.4617,175
EKVJ,09,27,4757,98,Asphalt,1,0,55.9904,8.3423,55.9898,8.3655,92
EKYT,08L,26R,8707,148,Permeable,1,0,57.0937,9.8334,57.0965,9.8769,83
EKYT,08R,26L,8363,74,Asphalt,1,0,57.0919,9.8355,57.0946,9.8772,83
ELLX,06,24,13123,148,Asphalt,1,0,49.6177,6.1875,49.6355,6.2356,57
ELNT,08,26,2155,99,Grass,0,0,,,,,78
ELUS,10,28,2625,98,Grass,0,0,,,,,99
ENAE,01,19,1968,33,Asphalt,0,0,,,,,
ENAL,06,24,7592,148,Asphalt,1,0,62.5559,6.0898,62.5648,6.1305,65
ENAN,03,21,5486,148,Asphalt,1,0,69.2830,16.1278,69.2958,16.1499,32
ENAN,14,32,8097,148,Asphalt,1,0,69.3070,16.1198,69.2879,16.1513,150
ENAS,12,30,3040,132,Asphalt,0,0,78.9295,11.8553,78.9256,11.8933,118
ENAT,11,29,7165,147,Asphalt,1,0,69.9824,23.3410,69.9723,23.3899,121
ENBL,07,25,3084,98,Asphalt,1,0,61.3903,5.7510,61.3928,5.7683,74
ENBM,09,27,3281,98,Asphalt,0,0,60.6385,6.4924,60.6392,6.5106,86
ENBN,03,21,3937,98,Asphalt,1,0,65.4549,12.2054,65.4633,12.2216,35
ENBO,07,25,9167,148,Concrete,1,0,67.2653,14.3183,67.2717,14.3952,78
ENBR,17,35,9810,148,Asphalt,1,0,60.3066,5.2137,60.2801,5.2226,171
ENBS,03,21,3281,98,Asphalt,1,0,70.5970,29.6833,70.6035,29.7020,44
ENBV,06,24,3372,98,Asphalt,1,0,70.8702,29.0198,70.8723,29.0440,62
ENCN,03,21,6677,148,Asphalt,1,0,58.1967,8.0754,58.2117,8.0953,35
ENDI,08,26,5905,148,Asphalt,0,0,,,,,77
ENDO,09,27,2427,82,Grass,0,0,,,,,
ENDU,10,28,8015,148,Asphalt,1,0,69.0595,18.5100,69.0524,18.5678,109
ENEG,04,22,5790,147,Asphalt,0,0,,,,,
ENEN,05,23,1969,72,Grass,0,0,,,,,
ENEV,17,35,9236,148,Asphalt,1,0,68.5039,16.6767,68.4787,16.6796,178
ENFA,4,22,2624,59,Asphalt,0,0,,,,,
ENFD,H1,H1,33,,Asphalt,0,0,,,,,
ENFG,15,33,6722,148,Asphalt,1,0,61.0192,9.2836,61.0034,9.3028,149
ENFL,07,25,4144,98,Asphalt,1,0,61.5809,5.0080,61.5844,5.0294,71
ENFY,01,19,2624,72,Asphalt,0,0,,,,,
ENGK,05,23,3674,98,Asphalt,0,0,,,,,
ENGM,01L,19R,11811,148,Asphalt,1,0,60.1850,11.0737,60.2161,11.0917,16
ENGM,01R,19L,9678,148,Asphalt,1,0,60.1758,11.1078,60.2012,11.1225,16
ENGN,07,25,3281,66,Gravel,0,0,,,,,
ENGS,4,22,1936,66,Gravel/Grass,0,0,,,,,
ENHA,15,33,2625,33,Asphalt,1,0,,,,,
ENHD,13,31,6957,148,Asphalt,1,0,59.3507,5.1975,59.3374,5.2242,134
ENHF,04,22,3061,98,Asphalt,0,0,70.6774,23.6585,70.6816,23.6776,46
ENHK,11,29,3179,98,Asphalt,1,0,70.4884,22.1305,70.4842,22.1532,119
ENHL,16,34,1575,66,Grass,0,0,,,,,
ENHN,15,33,2906,32,Asphalt,0,0,60.8811,11.6691,60.8724,11.6811,
ENHS,10,28,2066,98,Grass,0,0,,,,,
ENHT,09,27,2346,66,Concrete,0,0,65.5948,13.9788,65.5946,13.9979,
ENHV,08,26,2887,98,Asphalt,1,0,71.0097,25.9728,71.0097,25.9948,80
ENJA,06,24,4921,98,Gravel,0,0,,,,,
ENJB,18,36,2624,59,Asphalt,0,0,,,,,
ENKA,01,19,3937,131,Gravel,0,0,,,,,
ENKB,07,25,7841,148,Asphalt,1,0,63.1092,7.8068,63.1146,7.8423,72
ENKJ,12,30,5321,98,Asphalt,0,0,59.9733,11.0239,59.9654,11.0484,123
ENKL,11,29,1968,36,Asphalt,0,0,60.7918,9.0445,60.7899,9.0549,
ENKL,11G,29G,3281,98,Grass,0,0,,,,,
ENKR,05,23,6939,148,Asphalt,1,0,69.7225,29.8683,69.7276,29.9070,69
ENLI,14,32,9809,148,Concrete,1,0,58.1085,6.6069,58.0909,6.6451,131
ENLK,03,21,2881,98,Asphalt,1,0,68.1495,13.6050,68.1558,13.6140,24
ENLU,11,29,2296,82,Grass,0,0,,,,,
ENMH,17,35,2887,98,Asphalt,1,0,71.0335,27.8272,71.0257,27.8262,170
ENML,07,25,6922,148,Asphalt,1,0,62.7427,7.2493,62.7485,7.2859,71
ENMS,16,34,3015,98,Asphalt,1,0,65.7877,13.2117,65.7803,13.2181,161
ENNA,16,34,9147,148,Asphalt,1,0,70.0812,24.9706,70.0564,24.9764,176
ENNM,07,25,2749,98,Asphalt,0,0,64.4712,11.5688,64.4732,11.5867,72
ENNO,12,30,5745,148,Asphalt,1,0,59.5695,9.2021,59.5619,9.2217,127
ENOL,15,33,10755,148,Asphalt,1,0,63.7099,9.5920,63.6880,9.6160,154
ENOP,07,25,3071,60,Asphalt,1,0,62.6488,9.8389,62.6517,9.8561,70
ENOV,06,24,3510,98,Asphalt,1,0,62.1771,6.0631,62.1813,6.0789,61
ENPY,H1,,100,100,Gravel,1,0,,,,,
ENRA,13,31,2759,98,Asphalt,1,0,66.3665,14.2958,66.3610,14.3075,136
ENRG,2,20,2411,164,Gravel/Grass,0,0,,,,,
ENRI,10,28,2624,59,Asphalt,0,0,61.5460,10.0570,61.5448,10.0706,
ENRK,15,33,3543,59,Asphalt,1,0,,,,,
ENRM,04,22,2887,98,Asphalt,0,0,64.8343,11.1375,64.8397,11.1487,40
ENRO,13,31,5643,131,Asphalt,1,0,62.5847,11.3331,62.5736,11.3563,136
ENRS,02,20,3386,98,Asphalt,0,0,67.5225,12.0959,67.5306,12.1074,26
ENRV,16,34,2001,66,Gravel,0,0,,,,,
ENRY,12,30,8012,148,Asphalt,1,0,59.3837,10.7662,59.3739,10.8046,117
ENSB,09,27,7608,148,Asphalt,1,0,78.2488,15.4180,78.2433,15.5163,105
ENSD,08,26,3182,98,Asphalt,1,0,61.8298,6.1003,61.8305,6.1163,85
ENSG,06,24,3150,98,Asphalt,1,0,61.1535,7.1283,61.1577,7.1430,59
ENSH,36,18,3104,98,Asphalt,0,0,68.2390,14.6665,68.2462,14.6707,9
ENSI,01,19,1722,78,Grass,0,0,,,,,
ENSK,08,26,3031,98,Asphalt,0,0,68.5808,15.0112,68.5807,15.0315,86
ENSN,01,19,4596,105,Asphalt,1,0,59.1788,9.5652,59.1912,9.5689,9
ENSO,14,32,3937,98,Asphalt,1,0,59.7963,5.3347,59.7875,5.3470,145
ENSR,14,32,3015,98,Asphalt,1,0,69.7904,20.9545,69.7833,20.9644,154
ENSS,15,33,3707,98,Asphalt,1,0,70.3600,31.0408,70.3503,31.0494,163
ENST,02,20,4619,98,Asphalt,1,0,65.9524,12.4640,65.9639,12.4770,25
ENSU,10,28,2034,98,Grass,1,0,,,,,
ENTC,18,36,8041,148,Asphalt,1,0,69.6938,18.9259,69.6724,18.9116,193
ENTE,H1,H1,66,,Asphalt,0,0,,,,,
ENTO,17,35,9216,148,Asphalt,1,0,59.1990,10.2583,59.1737,10.2589,179
ENTS,15,33,2428,98,Gravel,0,0,,,,,
ENTY,05,23,3084,98,Grass,0,0,,,,,
ENUL,05,23,1903,82,Grass,0,0,,,,,
ENVA,09,27,9052,148,Asphalt,1,0,63.4577,10.8894,63.4576,10.9465,90
ENVA,13,31,1771,118,Asphalt,1,1,63.4656,10.9210,63.4566,10.9420,134
ENVA,14,32,1117,118,Asphalt,0,1,63.4649,10.9229,63.4590,10.9366,134
ENVD,07,25,3278,98,Asphalt,1,0,70.0650,29.8337,70.0655,29.8577,87
ENVE,1,19,2624,66,Asphalt,0,0,,,,,
ENVR,03,21,194,112,Asphalt,1,0,,,,,
ENZV,10,28,8035,148,Asphalt,1,0,58.8818,5.6048,58.8756,5.6456,106
ENZV,18,36,9369,197,Asphalt,1,0,58.8950,5.6373,58.8694,5.6381,179
EPAR,16,34,3914,115,Asphalt,0,0,49.6618,22.5114,49.6514,22.5151,167
EPBA,07,25,1476,328,Grass,0,1,,,,,74
EPBA,09,27,1673,328,Grass,0,0,,,,,93
EPBB,14,32,1968,164,Grass,0,0,,,,,145
EPBC,10L,28R,3280,492,Grass,0,0,,,,,98
EPBC,10R,28L,4265,295,Concrete,1,0,52.2705,20.8979,52.2679,20.9165,103
EPBK,01,19,2887,,,0,0,,,,,
EPBK,08,26,3116,,,0,0,,,,,
EPBY,08,26,8202,196,Concrete,1,0,53.0952,17.9592,53.0984,17.9962,82
EPCD,18L,36R,3346,98,Concrete,0,0,,,,,
EPCD,18R,36L,2625,164,Grass,0,0,,,,,
EPCE,07,25,8214,170,Asphalt,0,0,54.4134,17.7446,54.4187,17.7820,76
EPDE,12,30,8202,197,Asphalt,1,0,51.5569,21.8766,51.5454,21.9074,121
EPEL,08,26,2995,328,Grass,0,0,,,,,80
EPEL,10,28,2296,259,Grass,0,0,,,,,104
EPGD,11,29,9186,148,Asphalt,1,0,54.3811,18.4520,54.3713,18.4917,113
EPGI,13,31,3477,656,Grass,0,0,,,,,135
EPGL,08L,26R,2296,328,Grass,0,0,,,,,87
EPGL,08R,26L,2952,75,Ashpalt,1,0,,,,,87
EPGL,10,28,2231,328,Grass,0,0,,,,,103
EPIR,05,23,1312,98,Gravel,1,0,,,,,
EPKA,11L,29R,2952,656,grassy,0,0,,,,,
EPKA,11R,29L,3789,98,asphalt concrete,1,0,,,,,
EPKI,09,27,2400,,Grass,0,0,,,,,
EPKK,07,25,8366,196,Concrete,1,0,50.0754,19.7681,50.0802,19.8029,78
EPKM,05L,23R,3640,98,Concrete,0,0,50.2349,19.0282,50.2414,19.0401,49
EPKM,05R,23L,1968,196,Grass,0,1,,,,,
EPKM,07,25,1574,262,Grass,0,1,,,,,
EPKN,11,29,3937,197,Concrete,0,0,50.5332,18.0700,50.5252,18.0999,112
EPKP,09L,27R,2297,328,Grass,0,1,,,,,
EPKP,09R,27L,3281,328,Grass,0,0,,,,,
EPKP,12,30,3445,328,Grass,0,1,,,,,
EPKR,11L,29R,3395,328,Grass,0,0,,,,,
EPKR,11R,29L,3608,98,Asphalt,1,0,,,,,
EPKR,16,34,2395,328,Grass,0,0,,,,,16
EPKS,07,25,5850,185,Permeable,0,1,52.3284,16.9507,52.3325,16.9760,75
EPKS,12,30,8202,196,Concrete,1,0,52.3370,16.9502,52.3265,16.9827,118
EPKT,08,26,10499,148,Concrete,1,0,50.4761,19.0596,50.4760,19.1046,90
EPKW,13,31,3264,98,Asphalt,1,0,,,,,
EPLB,07,25,8268,148,Asphalt,1,0,51.2376,22.6958,51.2427,22.7311,72
EPLK,10,28,9843,197,Concrete,1,0,51.5550,19.1619,51.5470,19.2031,108
EPLL,07,25,8202,148,ASPH-CONC,1,0,51.7162,19.3722,51.7237,19.4063,71
EPLL,07R,25L,2296,574,Grass,0,1,51.7193,19.3967,51.7214,19.4062,71
EPLS,05L,23R,2296,164,,1,0,,,,,53
EPLS,05R,23L,4331,164,Grass,0,0,,,,,53
EPLS,18,36,3084,164,Grass,0,0,,,,,178
EPLU,11,29,2952,328,Grass,0,0,,,,,114
EPLU,13L,31R,3281,98,Asphalt,1,0,51.4259,16.1907,51.4201,16.2016,130
EPLU,31L,13R,2788,328,Grass,0,0,,,,,307
EPLY,10,28,8202,197,Asphalt,1,0,52.0077,19.1263,52.0023,19.1616,
EPMB,07,25,8202,164,Concrete,1,0,54.0244,19.1169,54.0287,19.1544,79
EPMI,12,30,8202,148,Concrete,1,0,53.4014,16.0674,53.3887,16.0981,125
EPML,08L,26R,1804,197,Grass,0,0,50.3222,21.4622,50.3222,21.4622,
EPML,08R,26L,8176,148,Concrete,1,0,50.3223,21.4441,50.3222,21.4791,90
EPML,17,35,2156,82,Concrete,0,0,50.3267,21.4531,50.3208,21.4530,180
EPMM,09,27,8245,140,Concrete,1,0,52.1955,21.6376,52.1954,21.6743,90
EPMO,08,26,8202,147,Asphalt,0,0,52.4495,20.6336,52.4527,20.6700,82
EPMR,09L,27R,1870,164,Grass,0,0,,,,,93
EPMR,09R,27L,1690,164,Grass,0,0,,,,,93
EPMR,17,35,2772,164,Grass,0,0,,,,,175
EPMY,15,33,3018,75,Grass,1,0,52.9450,15.0267,52.9375,15.0331,153
EPNL,04,22,2625,,,0,0,,,,,
EPNT,12,30,5512,262,,0,0,49.4662,20.0424,49.4582,20.0620,
EPOD,09L,27R,2789,,Asphalt,0,0,,,,,
EPOD,09R,27L,2789,,Grass,0,0,,,,,
EPOK,08,26,1890,100,Asphalt,0,0,54.5872,18.5214,54.5875,18.5303,87
EPOK,13,31,8190,195,Concrete,1,0,54.5878,18.5038,54.5716,18.5306,136
EPPI,03,21,7876,195,Permeable,1,0,53.1606,16.7003,53.1782,16.7210,35
EPPK,02,20,2296,984,Grass,0,1,,,,,
EPPK,07,25,2460,328,Grass,1,0,,,,,68
EPPO,02,20,2296,984,Grass,0,1,,,,,
EPPO,10,28,8215,164,Asphalt,1,0,52.4249,16.8061,52.4182,16.8410,108
EPPR,09,27,3825,148,Asphalt,0,0,54.2486,18.6657,54.2468,18.6833,
EPPT,03,21,3117,59,Concrete,0,0,,,,,
EPPW,10L,28R,8940,98,Concrete,1,0,52.3860,17.8285,52.3786,17.8667,107
EPPW,10R,28L,11565,197,Concrete,1,0,52.3838,17.8274,52.3744,17.8768,107
EPRA,07,25,8202,148,Asphalt,1,0,51.3865,21.1977,51.3923,21.2324,75
EPRJ,08L,26R,2447,164,Grass,0,0,,,,,
EPRJ,08R,26L,2953,98,Asphalt,1,0,,,,,89
EPRS,36,18,,,Grass,0,0,,,,,
EPRU,08,26,6562,197,Concrete,0,0,50.8836,19.1892,50.8858,19.2173,83
EPRZ,08L,26R,2448,164,Grass,0,0,,,,,
EPRZ,08R,26L,2953,99,CONC/ASPH,0,0,,,,,
EPRZ,09,27,10498,147,Concrete,1,0,50.1102,22.0015,50.1096,22.0463,91
EPRZ,09ES,27ES,6840,328,GRS Emergency Strip,0,0,50.1044,22.0426,50.1056,22.0540,81
EPSC,13,31,8202,197,Asphalt,1,0,53.5921,14.8879,53.5774,14.9165,131
EPSD,09,27L,3280,164,Grass,0,0,53.3910,14.6245,53.3904,14.6402,94
EPSD,09L,27R,,,,0,0,,,,,
EPSN,11,29,8200,190,Concrete,1,0,53.7947,15.8086,53.7866,15.8439,111
EPST,12,30,3051,,Grass,0,0,,,,,126
EPSU,08,26,4328,98,Asphalt,0,0,,,,,
EPSW,07,25,8268,148,Asphalt,1,0,,,,,72
EPSY,01,19,8202,147,Concrete,1,0,53.4712,20.9317,53.4883,20.9413,19
EPTM,11,29,6560,197,Asphalt,0,0,51.5884,20.0844,51.5807,20.1105,116
EPTO,02,20,3900,187,Concrete,0,1,,,,,
EPTO,02L,20R,,,,0,1,53.0271,18.5367,53.0380,18.5415,15
EPTO,10,28,4163,187,Concrete,0,0,53.0305,18.5378,53.0278,18.5548,104
EPTO,10L,28R,2791,328,Grass,0,0,53.0308,18.5444,53.0289,18.5567,105
EPVA,13,31,4445,66,Grass,0,0,,,,,
EPWA,11,29,9186,164,Asphalt,1,0,52.1715,20.9467,52.1610,20.9839,115
EPWA,15,33,12106,196,Asphalt,1,0,52.1786,20.9559,52.1494,20.9814,152
EPWK,08,26,3281,,,0,0,,,,,
EPWR,11,29,8212,147,CONC-ASPH,1,0,51.1088,16.8658,51.0990,16.8980,116
EPWS,14,32,2526,,Grass,0,0,,,,,
EPZA,12R,30L,2625,,,0,0,,,,,
EPZG,06,24,8202,197,Concrete,1,0,52.1337,15.7820,52.1433,15.8151,65
EPZP,06,24,2887,,,0,0,,,,,
ESCF,01,19,7265,115,Asphalt,1,0,58.3867,15.5160,58.4056,15.5279,18
ESCF,08,26,6135,121,Asphalt,1,0,58.4016,15.5156,58.4036,15.5474,83
ESCM,03,21,6250,131,Asphalt,1,0,59.8931,17.5833,59.9074,17.6019,33
ESCM,08,26,6594,131,Asphalt,1,0,59.8948,17.5700,59.8995,17.6046,75
ESDF,01,19,7648,148,Asphalt,1,0,56.2569,15.2625,56.2776,15.2682,9
ESEG,H1,H1,16,16,Asphalt,1,0,,,,,
ESEK,H1,H1,18,18,Asphalt,1,0,,,,,
ESEL,H1,H1,21,21,Asphalt,1,0,,,,,
ESES,H1,H1,25,25,Asphalt,1,0,,,,,
ESEY,H1,H1,35,35,Asphalt,1,0,,,,,
ESFA,04,22,2723,131,Grass,0,0,,,,,
ESFR,18,36,6517,110,Asphalt,1,0,58.5070,13.0546,58.4892,13.0519,185
ESFS,17,35,1967,66,Grass,0,0,,,,,
ESGA,06,24,2558,98,Grass,0,0,,,,,
ESGC,03,21,2230,98,Grass,0,0,,,,,30
ESGE,04L,22R,2625,60,Asphalt,1,0,,,,,
ESGE,04R,22L,2625,163,Gravel,0,0,,,,,
ESGF,09,27,2296,98,Grass,0,0,,,,,
ESGG,03,21,10823,148,Asphalt,1,0,57.6495,12.2677,57.6761,12.2919,26
ESGI,01,19,1970,100,Grass,0,0,,,,,
ESGJ,01,19,7228,148,Asphalt,1,0,57.7482,14.0630,57.7670,14.0745,18
ESGJ,11,29,1969,82,Gravel,0,0,57.7536,14.0689,57.7514,14.0781,114
ESGK,04,22,4318,98,Asphalt,1,0,58.1648,13.5819,58.1748,13.5938,32
ESGL,06,24,6529,148,Asphalt,1,0,58.4613,13.1593,58.4697,13.1895,62
ESGM,06,24,2230,115,Grass,0,0,,,,,
ESGN,12,30,1969,131,GRAS TURF,0,0,,,,,
ESGO,04,22,2952,92,Asphalt,0,0,,,,,
ESGP,01,19,3560,148,Asphalt,1,0,57.7659,11.8688,57.7841,11.8718,5
ESGP,04,22,2858,98,Asphalt,0,1,57.7759,11.8724,57.7815,11.8826,44
ESGR,01,19,5696,98,Asphalt,1,0,58.4489,13.9686,58.4639,13.9767,16
ESGS,03,21,2972,115,Grass,0,0,,,,,
ESGT,15,33,5610,98,Asphalt,1,0,58.3242,12.3366,58.3115,12.3529,146
ESGU,03,21,2148,98,Grass,0,0,,,,,
ESGV,12,30,1837,164,Grass,0,0,,,,,
ESHC,H1,H1,,,Asphalt,0,0,,,,,
ESHD,H1,H1,,,Asphalt,0,0,,,,,
ESHG,H1,H1,50,24,Asphalt,1,0,,,,,
ESHJ,H1,H1,20,20,Asphalt,1,0,,,,,
ESIA,06,24,7472,131,Asphalt,1,0,58.5092,14.4897,58.5185,14.5245,63
ESIB,01,19,7428,131,Asphalt,1,0,58.4182,12.7097,58.4384,12.7128,5
ESIB,11,29,6342,131,Asphalt,1,0,58.4331,12.6947,58.4266,12.7254,112
ESKA,05,23,5972,82,Asphalt,0,0,60.1274,18.0917,60.1323,18.1038,51
ESKC,03,21,2067,131,Grass,0,0,59.9177,17.5330,59.9226,17.5386,30
ESKC,08,26,1542,197,Grass,0,0,59.9230,17.5307,59.9241,17.5393,75
ESKC,14,32,1427,115,Grass,0,0,59.9232,17.5304,59.9200,17.5349,144
ESKD,03,21,2624,72,Asphalt,0,0,,,,,
ESKK,03,21,4919,98,Asphalt,1,0,59.3396,14.4910,59.3521,14.5008,22
ESKM,16,34,5951,148,Asphalt,1,0,60.9656,14.5060,60.9502,14.5168,161
ESKN,08,26,9442,148,Asphalt,1,0,58.7867,16.8804,58.7898,16.9298,83
ESKN,16,34,6690,131,Asphalt,1,0,58.8014,16.9041,58.7840,16.9151,162
ESKO,03,21,2296,131,Grass,0,0,,,,,
ESKS,15,33,8202,148,Asphalt,0,0,61.1741,12.8212,61.1554,12.8468,
ESKT,16,34,2788,114,Asphalt,0,0,,,,,
ESKT,16GRASS,34GRASS,1968,98,Grass,0,0,,,,,
ESKU,01,19,2526,328,Grass,0,0,,,,,
ESKV,01,19,3773,98,Asphalt,1,0,59.6707,12.6387,59.6810,12.6401,4
ESMB,03,21,2459,164,Grass,0,0,,,,,
ESMC,01,19,3281,98,Grass,0,0,,,,,
ESME,06,24,1969,98,Grass,0,0,,,,,
ESME,12,30,2621,66,Asphalt,0,0,,,,,
ESMF,17,35,1739,98,Grass,0,0,,,,,
ESMG,01,19,3780,98,Asphalt,1,0,56.9453,13.9188,56.9552,13.9243,17
ESMH,06,24,1673,164,Grass,0,0,,,,,
ESMH,14,32,2624,164,Grass,0,0,,,,,
ESMI,12,30,2625,164,Grass,1,0,,,,,
ESMJ,11,29,2625,115,Grass,0,0,,,,,
ESMK,01,19,7267,148,Asphalt,1,0,55.9118,14.0833,55.9316,14.0877,7
ESML,12L,30R,3445,295,Grass,0,0,55.9476,12.8637,55.9432,12.8786,118
ESML,12R,30L,3871,98,Asphalt,1,0,55.9470,12.8611,55.9419,12.8777,118
ESMO,01,19,4921,98,Asphalt,0,0,57.3421,16.4966,57.3556,16.4988,6
ESMP,04,22,3281,98,Asphalt,0,0,57.2604,13.5951,57.2679,13.6038,32
ESMQ,05,23,2179,131,Asphalt,0,0,56.6806,16.2776,56.6846,16.2857,48
ESMQ,16,34,6726,148,Asphalt,1,0,56.6968,16.2767,56.6805,16.2923,152
ESMS,11,29,2615,59,Asphalt,0,0,55.5231,13.3598,55.5213,13.3720,105
ESMS,17,35,9186,148,Asphalt,1,0,55.5481,13.3738,55.5231,13.3789,173
ESMT,01,19,7419,131,Asphalt,1,0,56.6810,12.8182,56.7012,12.8222,6
ESMU,03,21,1982,98,Grass,0,0,,,,,
ESMV,04,22,6726,131,Asphalt,1,0,57.2855,14.1256,57.2989,14.1488,43
ESMX,01,19,6900,148,Asphalt,1,0,56.9199,14.7241,56.9383,14.7319,13
ESMY,04,22,2625,49,Asphalt,0,0,,,,,
ESMZ,15,33,1969,75,Asphalt,0,0,,,,,
ESNA,14,32,3281,131,Asphalt,0,0,63.7418,15.4518,63.7349,15.4648,140
ESNB,14,32,2623,82,Asphalt,0,0,,,,,
ESNC,06,24,3281,115,Asphalt,0,0,62.4066,13.7389,62.4112,13.7556,59
ESND,09,27,5579,98,Asphalt,1,0,62.0473,14.4048,62.0481,14.4373,87
ESNG,12,30,5623,148,Asphalt,1,0,67.1360,20.7972,67.1288,20.8321,118
ESNJ,14,32,6562,82,Asphalt,1,0,66.5035,20.1341,66.4890,20.1603,144
ESNK,17,35,6565,148,Asphalt,1,0,63.0575,17.7659,63.0397,17.7718,172
ESNL,14,32,6564,98,Asphalt,1,0,64.5567,18.7015,64.5424,18.7266,143
ESNM,15,33,2460,131,Grass,0,0,63.1277,14.8052,63.1223,14.8140,143
ESNM,18,36,3282,59,Asphalt,1,0,63.1331,14.8028,63.1241,14.8028,180
ESNM,18R,36L,2884,98,Grass,0,0,63.1302,14.8065,63.1223,14.8076,176
ESNN,16,34,6857,148,Asphalt,1,0,62.5366,17.4373,62.5189,17.4511,160
ESNO,12,30,6607,148,Asphalt,1,0,63.4140,18.9711,63.4045,19.0054,122
ESNP,16,34,3281,82,Asphalt,1,0,65.4026,21.2578,65.3940,21.2639,164
ESNQ,03,21,8209,148,Asphalt,1,0,67.8127,20.3203,67.8313,20.3532,34
ESNR,03,21,3281,98,Asphalt,0,0,61.1860,14.7083,61.1940,14.7168,27
ESNR,15,33,2953,131,Grass,0,0,61.1946,14.7166,61.1874,14.7242,153
ESNS,10,28,8268,148,Asphalt,1,0,64.6274,21.0558,64.6221,21.0980,106
ESNU,14,32,7551,148,Asphalt,1,0,63.7985,20.2693,63.7831,20.3003,138
ESNV,10,28,4928,98,Asphalt,1,0,64.5806,16.8183,64.5775,16.8488,103
ESNX,12,30,8201,148,Asphalt,1,0,65.5986,19.2562,65.5847,19.2988,128
ESNY,03,21,2625,56,Asphalt,0,1,61.2576,17.0928,61.2638,17.1006,31
ESNY,12,30,8281,131,Asphalt,1,0,61.2687,17.0809,61.2543,17.1172,130
ESNZ,12,30,8202,148,Asphalt,1,0,63.1988,14.4794,63.1894,14.5246,115
ESNZ,12L,30R,4034,54,Asphalt,1,1,63.2007,14.4995,63.1948,14.5202,122
ESOE,01,19,10728,148,Asphalt,1,0,59.2110,15.0328,59.2339,15.0420,12
ESOH,18,36,4951,98,Asphalt,1,0,60.0268,13.5781,60.0133,13.5797,177
ESOK,03,21,8255,148,Asphalt,1,0,59.4345,13.3278,59.4549,13.3470,26
ESOK,03L,21R,1840,170,Gravel,0,0,59.4503,13.3375,59.4548,13.3419,26
ESOL,06,24,2026,59,Asphalt,0,0,,,,,
ESOW,01,19,8468,164,Asphalt,1,0,59.5785,16.6292,59.6012,16.6385,8
ESPA,14,32,10990,148,Asphalt,1,0,65.5548,22.0974,65.5327,22.1466,137
ESPE,11,29,7316,115,Asphalt,1,0,65.8798,20.1281,65.8708,20.1717,117
ESQO,15,33,6562,131,Asphalt,0,0,59.3941,15.9145,59.3790,15.9336,147
ESSA,01L,19R,10830,148,Asphalt,1,0,59.6373,17.9132,59.6664,17.9238,10
ESSA,01R,19L,8201,148,Asphalt,1,0,59.6264,17.9507,59.6485,17.9587,10
ESSA,08,26,8202,148,Asphalt,1,0,59.6584,17.9361,59.6639,17.9792,76
ESSB,12,30,5472,148,Asphalt,1,0,59.3587,17.9296,59.3501,17.9537,125
ESSC,05,23,2625,,Grass,0,0,,,,,
ESSD,14,32,7579,148,Asphalt,1,0,60.4291,15.4999,60.4151,15.5308,133
ESSE,03,21,2133,131,Grass,0,0,,,,,
ESSE,11,29,2853,131,Grass,0,0,,,,,
ESSF,12,30,6383,131,Concrete,1,0,57.5296,15.8094,57.5219,15.8385,116
ESSG,01,19,2687,98,Asphalt,1,0,,,,,
ESSH,03,21,2787,98,Asphalt,0,0,,,,,
ESSI,01,19,1968,82,Grass,0,0,,,,,
ESSI,15,33,2624,82,Grass,0,0,,,,,
ESSK,18,36,6562,148,Asphalt,1,0,60.6021,16.9515,60.5842,16.9509,181
ESSL,11,29,7004,148,Asphalt,1,0,58.4099,15.6634,58.4027,15.6971,112
ESSN,07,25,2624,59,Asphalt,1,0,,,,,
ESSP,09,27,7228,148,Asphalt,1,0,58.5861,16.2317,58.5858,16.2696,91
ESSP,11,29,1948,115,Grass,0,0,58.5902,16.2360,58.5879,16.2452,115
ESST,16,34,5219,95,Asphalt,1,0,60.1640,12.9860,60.1508,12.9969,158
ESSU,18,36,6187,115,Asphalt,1,0,59.3595,16.7078,59.3426,16.7090,178
ESSV,03,21,6562,148,Asphalt,1,0,57.6544,18.3402,57.6712,18.3522,21
ESSV,10,28,3611,131,Grass,0,0,57.6510,18.3297,57.6490,18.3477,101
ESSW,15,33,3934,98,Asphalt,1,0,,,,,146
ESSX,05,23,2788,72,Asphalt,1,0,,,,,
ESSZ,03,21,2526,98,Grass,0,0,,,,,
ESSZ,15,33,2296,98,Grass,1,0,,,,,
ESTA,04,22,613,131,Asphalt,0,1,56.2945,12.8448,56.3080,12.8659,41
ESTA,14,32,6381,131,Asphalt,1,0,56.2978,12.8442,56.2852,12.8659,136
ESTF,06,24,2624,98,Grass,0,0,,,,,
ESTL,11L,29R,6596,131,Asphalt,1,0,56.0885,13.1924,56.0815,13.2221,113
ESTL,11R,29L,7449,131,Asphalt,1,0,56.0873,13.1779,56.0793,13.2114,113
ESTL,12L,30R,2588,82,Asphalt,0,1,56.0859,13.2171,56.0831,13.2288,113
ESTL,12R,30L,2590,82,Asphalt,0,1,56.0845,13.2163,56.0817,13.2280,113
ESTT,03,21,2395,98,Grass,0,0,,,,,
ESUB,18,36,2296,98,Grass,0,0,61.5165,16.3717,61.5102,16.3734,173
ESUD,15,33,7490,131,Asphalt,1,0,64.9699,17.6851,64.9519,17.7083,151
ESUE,15,33,5100,98,Asphalt,1,0,,,,,
ESUG,17,35,3084,98,Grass,0,0,65.3077,17.9749,65.3006,17.9755,179
ESUH,10,28,2624,75,Gravel,0,0,,,,,
ESUI,09,27,2787,98,Grass,0,0,,,,,
ESUJ,14,32,2722,98,Grass,0,0,,,,,
ESUK,05,23,3017,131,Asphalt,0,0,67.7605,20.2523,67.7653,20.2700,54
ESUK,11,29,3014,131,Asphalt,0,0,67.7677,20.2493,67.7652,20.2700,107
ESUK,17,35,3949,131,Asphalt,0,0,67.7704,20.2486,67.7597,20.2531,171
ESUL,09,27,2131,98,Grass,0,0,,,,,
ESUM,12,30,2590,98,Asphalt,0,0,,,,,
ESUP,11,29,7552,148,Asphalt,1,0,67.2495,23.0512,67.2398,23.0982,118
ESUR,14,32,2427,98,Grass,0,0,63.4934,16.4790,63.4878,16.4872,147
ESUS,12,30,3937,,,0,0,,,,,
ESUT,15,33,5254,98,Asphalt,1,0,65.8120,15.0752,65.7993,15.0913,153
ESUV,04,22,2395,98,Grass,0,0,65.6434,21.0551,65.6474,21.0677,54
ESUY,11,29,2296,131,Grass,0,0,61.3873,15.8289,61.3858,15.8391,107
ESVB,09,27,2218,90,Asphalt,0,0,,,,,
ESVB,16,34,2218,90,Asphalt,0,0,,,,,
ESVK,15,33,2295,131,Grass,0,0,,,,,
ESVQ,06,24,2755,131,Grass,0,0,,,,,
ESVS,14,32,2750,65,Asphalt,0,0,,,,,
ETAD,05,23,10007,148,Asphalt,1,0,49.9668,6.6836,49.9863,6.7135,45
ETAR,08,26,10498,148,Asphalt,1,0,49.4326,7.5788,49.4364,7.6225,83
ETAR,09,27,9278,148,Asphalt,0,0,49.4361,7.5809,49.4377,7.6197,87
ETHA,09,27,2297,59,Asphalt,0,0,47.8355,10.8666,47.8355,10.8759,
ETHB,08,26,6010,148,Asphalt,1,0,52.2766,9.0691,52.2802,9.0953,78
ETHC,08,26,6007,148,Asphalt,1,0,52.5899,10.0088,52.5925,10.0355,81
ETHE,08,26,1673,98,Asphalt,1,0,52.2908,7.3833,52.2913,7.3907,84
ETHF,11,29,3413,98,Asphalt,1,0,51.1168,9.2794,51.1122,9.2925,119
ETHL,03,21,1968,164,Grass,0,0,48.2211,9.9041,48.2256,9.9086,34
ETHL,09,27,5400,98,Asphalt,1,0,48.2205,9.8991,48.2197,9.9213,93
ETHL,09G,27G,657,100,Grass,0,0,48.2196,9.9036,48.2195,9.9063,
ETHM,08,26,5342,117,Asphalt,1,0,50.3642,7.3043,50.3678,7.3264,76
ETHN,07,25,3320,98,Asphalt,1,0,49.3907,9.9515,49.3930,9.9648,75
ETHR,09,27,1755,98,Asphalt,1,0,49.2172,11.0963,49.2177,11.1038,84
ETHS,06,24,1312,148,Grass,0,0,52.9123,10.1914,52.9140,10.1972,64
ETHS,09,27,8005,95,Asphalt,1,0,52.9195,10.1657,52.9192,10.2020,91
ETHS,09L,27R,3281,164,Grass,0,0,52.9198,10.1786,52.9201,10.1938,88
ETIC,14,32,3300,73,Asphalt,1,0,49.7023,11.9360,49.6951,11.9443,143
ETIH,09,27,2187,72,Asphalt,1,0,49.2181,11.8317,49.2181,11.8406,90
ETIK,6H,24H,2800,100,Concrete,0,0,,,,,
ETIN,06,24,2625,100,Concrete,0,0,49.7415,10.1955,49.7446,10.2056,65
ETMN,08,26,8002,148,Concrete,1,0,53.7654,8.6404,53.7699,8.6766,78
ETND,08,26,4209,148,Asphalt,1,0,52.5850,8.3319,52.5860,8.3502,85
ETNG,09,27,10009,147,Concrete,1,0,50.9610,6.0200,50.9607,6.0635,91
ETNH,08,26,8005,98,Concrete,1,0,54.3102,9.5197,54.3142,9.5566,79
ETNL,09,27,8202,148,Concrete,1,0,53.9196,12.2603,53.9165,12.2983,98
ETNN,06,24,8003,148,Asphalt,1,0,50.8268,6.6422,50.8355,6.6740,67
ETNS,05,23,8003,98,Asphalt,1,0,54.4520,9.5025,54.4667,9.5303,48
ETNS,07,25,6554,148,Asphalt,0,0,54.4553,9.5025,54.4605,9.5320,74
ETNT,07,25,8005,98,Asphalt,1,0,53.5457,7.6493,53.5502,7.6853,78
ETNW,02,20,5573,157,Asphalt,1,0,52.4450,9.4270,52.4587,9.4383,26
ETNW,08,26,8199,148,Asphalt,1,0,52.4563,9.4162,52.4590,9.4457,81
ETNW,08R,26L,3569,132,Grass,0,0,52.4548,9.4163,52.4563,9.4322,81
ETOI,10,28,3500,80,Asphalt,1,0,49.6344,11.7603,49.6325,11.7744,102
ETOR,05,23,3004,75,Asphalt,1,0,49.5609,8.4586,49.5662,8.4682,49
ETOU,07,25,7065,120,Asphalt,1,0,50.0471,8.3110,50.0526,8.3398,73
ETSB,03,21,8225,148,Asphalt,1,0,50.1640,7.0547,50.1836,7.0719,29
ETSH,09,27,7936,98,Permeable,1,0,51.7685,13.1502,51.7672,13.1852,93
ETSI,06L,24R,8002,98,Concrete,1,0,48.7167,11.5155,48.7249,11.5462,68
ETSI,06R,24L,9646,197,Permeable,1,0,48.7045,11.5187,48.7143,11.5558,68
ETSL,03,21,8012,98,Concrete,1,0,48.1759,10.8532,48.1951,10.8691,29
ETSN,09,27,8005,98,Asphalt,1,0,48.7112,11.1950,48.7108,11.2282,91
ETWM,06,24,1968,197,Grass,0,0,,,,,56
EVAD,15L,33R,,,Grass,0,0,,,,,
EVAD,15R,33L,2130,,Asphalt,0,0,,,,,
EVAH,17,35,1250,50,Asphalt,0,0,,,,,
EVGA,18,36,8202,148,Asphalt,1,0,56.7902,24.8564,56.7679,24.8514,
EVKA,07,25,2361,131,Concrete,0,0,,,,,
EVLA,06,24,6568,131,Asphalt,1,0,56.5145,21.0818,56.5206,21.1124,70
EVRA,18,36,10499,148,Asphalt,1,0,56.9351,23.9731,56.9064,23.9683,185
EVRS,14,32,3281,75,Asphalt,0,0,,,,,148
EVTA,13,31,8197,131,Asphalt,0,0,,,,,
EVTE,03,21,1262,60,Asphalt,0,0,,,,,
EVVA,03,21,4259,105,Permeable,1,0,57.3531,21.5379,57.3625,21.5504,36
EYDR,03,21,2953,,Grass,0,0,,,,,
EYKA,08,26,10663,148,Asphalt,1,0,54.9627,24.0595,54.9652,24.1101,85
EYKD,16,34,6562,164,Asphalt,0,0,,,,,
EYKL,06,24,1935,138,Grass,0,0,,,,,
EYKL,07,25,1640,69,Asphalt,0,0,,,,,
EYKS,09L,27R,2756,197,,0,0,,,,,
EYKS,09R,27L,2756,197,Asphalt,0,0,,,,,94
EYMM,07,25,2625,,Grass,0,0,,,,,
EYMO,06,24,1280,60,Concrete,0,0,,,,,
EYNA,07,25,2953,,,0,0,,,,,
EYND,08,26,2650,110,Asphalt,0,0,,,,,
EYPA,01,19,7480,148,Asphalt,1,0,55.9644,21.0903,55.9818,21.0973,13
EYPI,12,30,1967,59,Asphalt,0,0,,,,,
EYPP,13,31,6562,131,Concrete,1,0,55.7361,24.4506,55.7228,24.4722,137
EYPR,04,22,2188,59,Concrete,0,0,,,,,
EYPR,09,27,2953,131,GRA,0,0,,,,,
EYPR,18,36,3609,131,GR,0,0,,,,,
EYRK,01,19,3609,,,0,0,,,,,
EYRO,09,27,2625,,,0,0,,,,,
EYSA,14L,32R,11483,148,Concrete,1,0,55.9069,23.3794,55.8808,23.4106,146
EYSA,14R,32L,10761,105,Concrete,0,0,55.9042,23.3780,55.8797,23.4073,146
EYSB,10,28,3281,98,Asphalt,0,0,56.0716,23.5503,56.0695,23.5658,104
EYSE,07,25,3281,,,0,0,,,,,
EYSI,09,27,1605,85,Asphalt,0,0,,,,,
EYSI,09G,27G,2459,,Grass,0,0,,,,,
EYTL,05L,23R,,,Asphalt,0,1,,,,,
EYTL,05R,23L,1903,197,Gravel,0,0,,,,,
EYTL,11,29,1509,328,Grass,0,0,,,,,
EYVI,01,19,8251,164,Asphalt,1,0,54.6237,25.2785,54.6446,25.2931,22
EYVK,13,31,1772,75,Asphalt,0,0,,,,,
EYVP,04,22,1968,328,Grass,0,0,,,,,36
EYVP,15H,33H,620,60,Paved,0,0,,,,,
EYVP,18,36,,,Grass,0,0,,,,,
FAAB,01,19,6063,151,Asphalt,1,0,-28.5829,16.5363,-28.5671,16.5303,347
FAAB,07,25,5499,118,Gravel,0,0,-28.5783,16.5247,-28.5670,16.5366,44
FAAB,11,29,4823,115,Gravel,0,0,-28.5684,16.5220,-28.5677,16.5370,88
FAAG,07,25,6824,66,Asphalt,1,0,-29.2880,18.8057,-29.2756,18.8221,49
FAAL,10,28,4757,100,Asphalt,0,0,-22.6797,29.0485,-22.6784,29.0625,84
FABA,03,21,,,paving,0,0,,,,,
FABA,09,27,,,Gravel,0,0,,,,,
FABB,18,36,5902,49,Asphalt,1,0,-26.2326,28.2991,-26.2447,28.3044,159
FABE,08,26,8202,197,Asphalt,1,0,-32.9034,27.2680,-32.8909,27.2903,57
FABL,02,20,8396,151,Asphalt,1,0,-29.1051,26.3023,-29.0820,26.3025,360
FABL,12,30,7202,151,Asphalt,1,0,-29.0896,26.2854,-29.0936,26.3075,102
FABM,11,29,3855,49,Asphalt,1,0,-28.2478,28.3301,-28.2490,28.3422,96
FABM,13,31,4301,150,Grass,0,0,-28.2448,28.3291,-28.2485,28.3416,108
FABO,07,25,4003,30,Asphalt,0,0,-27.3701,26.6243,-27.3635,26.6341,53
FABR,17,35,3300,50,Grass,1,0,,,,,
FACT,01,19,10502,200,Asphalt,1,0,-33.9877,18.6089,-33.9598,18.6000,346
FACT,16,34,5581,151,Asphalt,1,0,-33.9614,18.5975,-33.9723,18.6104,136
FACV,09,27,4101,49,Asphalt,0,0,-31.5025,19.7198,-31.4981,19.7320,67
FADA,03,21,5171,,,0,0,,,,,
FADA,11,29,4040,,,0,0,,,,,
FADA,15,33,3802,,,0,0,,,,,
FADA,18,36,4483,,,0,0,,,,,
FADD,18,36,3343,62,Asphalt,0,0,,,,,180
FADK,04,22,4003,151,Concrete,0,0,-28.3735,32.2458,-28.3633,32.2505,22
FADU,18,36,3215,40,Asphalt,0,0,-25.3570,30.1864,-25.3651,30.1888,164
FADX,20,02,2410,30,Asphalt,0,0,,,,,
FADY,12,30,7480,150,Asphalt,0,0,,,,,120
FAEC,01,19,4026,,,0,0,,,,,
FAEL,06,24,5200,150,Asphalt,1,0,-33.0420,27.8202,-33.0306,27.8303,37
FAEL,11,29,6362,150,Asphalt,1,0,-33.0373,27.8116,-33.0348,27.8324,82
FAEO,13,31,5085,33,Asphalt,0,0,-26.4929,29.9727,-26.4983,29.9868,113
FAFB,08,26,4593,49,Asphalt,1,0,-28.8263,27.9027,-28.8199,27.9151,60
FAGC,17,35,6004,75,Asphalt,1,0,-25.9790,28.1359,-25.9936,28.1442,153
FAGG,11,29,6562,148,Asphalt,1,0,-34.0059,22.3677,-34.0052,22.3893,89
FAGM,11,29,5617,50,Asphalt,1,0,-26.2427,28.1405,-26.2424,28.1577,89
FAGM,17,35,4898,50,Asphalt,1,0,-26.2354,28.1477,-26.2477,28.1536,158
FAGR,02,20,4921,75,Asphalt,0,0,-32.1975,24.5403,-32.1844,24.5445,15
FAGR,15,33,2801,98,Gravel,0,0,-32.1912,24.5354,-32.1963,24.5434,127
FAGT,04,22,3871,131,Grass,0,0,-33.2901,26.4944,-33.2802,26.4987,20
FAGT,12,30,2756,131,Grass,0,0,-33.2857,26.4909,-33.2870,26.4998,100
FAGT,16,34,3937,49,Asphalt,0,0,-33.2809,26.4937,-33.2887,26.5028,136
FAGY,06,24,5328,36,Asphalt,1,0,-29.1274,30.5812,-29.1166,30.5922,42
FAHA,08,26,3809,30,Asphalt,1,0,-28.0817,26.8555,-28.0763,26.8656,59
FAHA,15,33,2999,98,Gravel,0,0,-28.0746,26.8557,-28.0803,26.8634,130
FAHG,06,24,3923,52,Asphalt,1,0,,,,,
FAHG,16,34,2362,62,Grass,0,1,,,,,
FAHG,O6,24,2639,55,Grass,0,1,,,,,
FAHL,03,21,3963,,,0,0,,,,,
FAHR,15,33,3937,49,Asphalt,1,0,-28.2313,29.1018,-28.2388,29.1106,135
FAHS,09,27,6939,88,Asphalt,1,0,-24.3828,31.0354,-24.3785,31.0559,76
FAHS,18,36,13095,151,Asphalt,1,0,-24.3393,31.0463,-24.3740,31.0574,164
FAHT,09,27,6939,98,Asphalt,1,0,,,,,
FAHT,18,36,13094,148,Asphalt,1,0,,,,,
FAHV,10,28,4298,75,Asphalt,0,0,-30.5659,25.5205,-30.5638,25.5339,79
FAHV,15,33,3694,75,Asphalt,0,0,-30.5566,25.5246,-30.5623,25.5342,124
FAKD,05,23,2953,82,Gravel,0,0,-26.8693,26.7182,-26.8623,26.7229,31
FAKD,15,33,3281,82,Gravel,0,0,-26.8648,26.7168,-26.8711,26.7244,133
FAKD,18,36,4921,59,Asphalt,1,0,-26.8645,26.7162,-26.8776,26.7198,166
FAKM,02,20,9843,148,Asphalt,1,0,-28.8203,24.7652,-28.7931,24.7652,359
FAKM,10,28,8002,148,Asphalt,1,0,-28.8051,24.7510,-28.8011,24.7754,80
FAKN,05,23,10171,148,Asphalt,1,0,-25.3953,31.0965,-25.3721,31.1137,34
FAKP,11,29,4265,98,Asphalt,0,0,,,,,
FAKR,08,26,2684,30,Asphalt,1,0,-26.0826,27.7217,-26.0793,27.7290,63
FAKR,15,33,2260,104,Gravel,0,1,-26.0802,27.7254,-26.0849,27.7300,138
FAKS,03,21,2953,98,Grass,0,0,-27.6697,27.3195,-27.6617,27.3205,8
FAKS,07,25,5824,46,Asphalt,1,0,-27.6653,27.3085,-27.6559,27.3230,54
FAKS,12,30,3937,98,Grass,0,0,-27.6633,27.3115,-27.6660,27.3233,104
FAKT,01,19,2658,60,Asphalt,0,0,,,,,
FAKU,02,20,5578,49,Asphalt,1,0,-27.4643,23.4108,-27.4490,23.4120,4
FAKZ,02,20,4921,98,Asphalt,1,0,-29.6951,17.0934,-29.6817,17.0946,4
FALA,06L,24R,10000,75,Asphalt,1,1,-25.9478,27.9149,-25.9292,27.9373,47
FALA,07,25,9996,147,Asphalt,1,0,-25.9483,27.9154,-25.9300,27.9375,57
FALC,15,33,5249,49,Asphalt,1,0,-28.3557,23.4326,-28.3644,23.4455,127
FALD,18,36,3000,,,0,0,,,,,
FALE,06,24,12139,197,Asphalt,0,0,,,,,61
FALI,06,24,2592,66,Gravel,0,0,-26.1749,26.1845,-26.1703,26.1904,49
FALI,18,36,4154,49,Asphalt,0,0,-26.1701,26.1831,-26.1812,26.1861,166
FALL,04,22,4462,,,0,0,,,,,
FALM,10,28,13189,151,Asphalt,1,0,-23.1600,29.6770,-23.1598,29.7161,90
FALM,10L,28R,1640,49,Asphalt,0,0,-23.1425,29.6929,-23.1425,29.6979,90
FALO,10,28,3937,59,Asphalt,1,0,-23.0628,29.8589,-23.0611,29.8706,81
FALW,02L,20R,7680,150,Asphalt,1,0,-32.9796,18.1620,-32.9585,18.1625,1
FALW,02R,20L,7689,150,Asphalt,1,0,-32.9797,18.1660,-32.9589,18.1665,1
FALW,07,25,4935,150,Asphalt,0,0,-32.9683,18.1522,-32.9589,18.1638,46
FALW,16,34,6533,150,Asphalt,1,0,-32.9659,18.1538,-32.9789,18.1685,136
FALY,11,29,3937,49,Asphalt,0,0,-28.5817,29.7436,-28.5817,29.7559,90
FAMB,02,20,4413,82,Gravel,0,0,-25.6873,29.4419,-25.6751,29.4418,359
FAMB,14,32,5905,48,Asphalt,0,0,-25.6798,29.4330,-25.6898,29.4474,128
FAMD,16,34,4145,75,Asphalt,0,0,-24.8137,31.5406,-24.8225,31.5486,141
FAMG,05,23,4495,100,Asphalt,1,0,-30.8630,30.3403,-30.8518,30.3457,22
FAMI,06,24,3281,33,Asphalt,0,0,-24.9926,29.2798,-24.9857,29.2865,41
FAMJ,14,32,4921,49,Asphalt,1,0,-27.0756,29.7722,-27.0829,29.7849,123
FAMM,04,22,15157,148,Asphalt,1,0,-25.8176,25.5390,-25.7792,25.5570,23
FAMN,09,27,4101,,Asphalt,0,0,-25.4753,31.5599,-25.4721,31.5706,72
FAMO,10,28,3757,52,Tarmac,1,0,-34.1605,22.0499,-34.1570,22.0615,70
FAMS,03,21,5046,33,Asphalt,0,0,-25.7106,26.9070,-25.6983,26.9110,17
FAMU,17,35,6070,148,Asphalt,1,0,-27.6184,32.0406,-27.6337,32.0480,157
FANC,11,29,4921,75,Asphalt,1,0,-27.7705,29.9692,-27.7707,29.9845,90
FANG,15,33,3658,30,,0,0,,,,,
FANS,04,22,3419,,,0,0,,,,,
FANY,10,28,3970,56,Asphalt,1,0,-24.6865,28.4289,-24.6856,28.4409,85
FAOB,10,28,6926,131,Asphalt,1,0,-34.5595,20.2291,-34.5547,20.2513,75
FAOB,17,35,10220,151,Asphalt,1,0,-34.5544,20.2503,-34.5775,20.2695,145
FAOH,04,22,5577,98,Asphalt,1,0,-33.6144,22.1870,-33.5995,22.1910,13
FAOR,03L,21R,14495,200,Asphalt,1,0,-26.1463,28.2343,-26.1080,28.2463,14
FAOR,03R,21L,11155,197,Asphalt,1,0,-26.1647,28.2482,-26.1352,28.2573,14
FAPA,07,25,3608,98,Grass,0,0,,,,,
FAPA,10C,28C,4304,98,Grass,1,0,,,,,
FAPA,10L,28R,5996,98,Grass,1,0,,,,,
FAPA,10R,28L,3936,98,Grass,1,0,,,,,
FAPA,18,36,2624,98,Grass,0,0,,,,,
FAPE,08,26,7087,151,Asphalt,1,0,-33.9930,25.6016,-33.9835,25.6199,58
FAPE,17,35,5502,151,Asphalt,1,0,-33.9838,25.6164,-33.9963,25.6266,146
FAPF,15,33,4498,,,0,0,,,,,
FAPG,12,30,4003,66,Asphalt,0,0,-34.0893,23.3213,-34.0912,23.3343,100
FAPH,01,19,4491,60,Asphalt,1,0,-23.9424,31.1567,-23.9301,31.1553,354
FAPI,08,26,7218,82,Asphalt,1,0,-23.9311,29.4747,-23.9211,29.4941,61
FAPJ,09,27,3610,100,Asphalt,0,0,-31.6080,29.5146,-31.6037,29.5249,64
FAPL,16,34,2290,59,Asphalt,0,0,,,,,
FAPM,16,34,5043,98,Asphalt,1,0,-29.6435,30.3937,-29.6544,30.4036,142
FAPN,05,23,9022,98,Asphalt,1,0,-25.3437,27.1653,-25.3240,27.1818,37
FAPP,01,19,8400,148,Asphalt,0,0,-23.8604,29.4589,-23.8373,29.4585,359
FAPP,05,23,7612,148,Asphalt,1,0,-23.8588,29.4473,-23.8422,29.4613,38
FAPS,03,21,4885,98,Asphalt,1,0,-26.6775,27.0803,-26.6645,27.0835,13
FAPS,15,33,3281,98,Grass,0,0,-26.6669,27.0809,-26.6732,27.0880,135
FAPT,01,19,2559,65,,0,0,,,,,
FAPT,06,24,3600,98,Hard Gravel,0,0,,,,,
FAPT,12,30,2696,98,Hard Gravel,0,0,,,,,
FAPX,08,26,3281,,Compacted Gravel,0,0,,,,,
FAPY,06,24,4406,66,Asphalt,0,0,-26.8938,27.4988,-26.8849,27.5081,43
FAPY,11,29,2387,150,Gravel,0,0,-26.8864,27.5002,-26.8870,27.5074,96
FAQT,12,30,3937,66,,1,0,-31.9198,26.8759,-31.9206,26.8885,95
FARB,05,23,4265,69,Asphalt,1,0,-28.7459,32.0884,-28.7362,32.0958,34
FARD,14,32,,,,0,0,,,,,
FARG,16,34,4019,50,Asphalt,1,0,-25.6397,27.2675,-25.6489,27.2747,145
FARO,04,22,3728,,Grass,0,0,,,,,25
FARS,10,28,4921,49,Asphalt,0,0,-33.8124,19.9014,-33.8100,19.9180,80
FARS,14,32,2395,59,Grass,0,0,-33.8108,19.8988,-33.8133,19.9061,113
FASB,10,28,5213,66,Asphalt,0,0,-29.6913,17.9318,-29.6874,17.9474,74
FASC,11,29,3609,59,Asphalt,1,0,-26.5240,29.1647,-26.5241,29.1756,91
FASD,02,20,4665,82,Asphalt,1,0,-32.9705,17.9696,-32.9576,17.9690,358
FASE,17,35,4921,59,Asphalt,0,0,,,,,
FASH,01,19,2492,,Asphalt,1,0,,,,,
FASI,03,21,5249,59,Asphalt,1,0,-26.2555,28.3952,-26.2414,28.3998,16
FASI,04,22,,,,0,1,,,,,
FASI,14,32,1818,70,Gravel,0,0,-26.2481,28.3964,-26.2504,28.4013,118
FASK,02,20,6520,98,Asphalt,1,0,-25.8186,28.1636,-25.8008,28.1657,6
FASK,06,24,6589,147,Gravel,0,0,-25.8151,28.1613,-25.8035,28.1759,49
FASR,05,23,3845,,Grass,0,0,,,,,
FASR,10,28,3149,,Grass,0,0,,,,,
FASS,17,35,5709,75,Asphalt,1,0,-27.6413,22.9952,-27.6559,23.0034,153
FASX,06,24,1800,150,Gravel,0,0,-34.0513,20.4716,-34.0474,20.4754,40
FASX,15,33,3291,39,Laterite,0,0,-34.0444,20.4682,-34.0491,20.4760,126
FASZ,17,35,5085,98,Asphalt,0,0,-24.9546,31.5856,-24.9673,31.5919,156
FATA,11,29,3655,25,Tarmac,0,0,-26.3516,27.9628,-26.3525,27.9734,95
FATF,03,21,4920,33,Asphalt,1,0,-28.2668,22.9918,-28.2533,22.9945,10
FATF,07,25,3614,110,Gravel,0,0,-28.2632,22.9846,-28.2570,22.9934,51
FATF,16,34,4593,110,Gravel,0,0,-28.2562,22.9823,-28.2659,22.9910,141
FATP,01,19,4265,33,Asphalt,1,0,-29.0461,26.1604,-29.0345,26.1583,351
FATP,10,28,3937,49,Asphalt,1,0,-29.0314,26.1568,-29.0291,26.1689,78
FATT,04,22,4941,62,Asphalt,1,0,-26.7830,29.3363,-26.7701,29.3412,18
FATZ,06,24,4659,66,Asphalt,1,0,-23.8285,30.3238,-23.8204,30.3348,49
FAUL,02,20,3395,59,Asphalt,0,1,-28.3242,31.4162,-28.3147,31.4170,4
FAUL,05,23,5381,75,Asphalt,1,0,-28.3255,31.4127,-28.3132,31.4222,34
FAUP,01,19,7998,148,Asphalt,1,0,,,,,
FAUP,08,26,2736,98,Asphalt,1,0,-28.4049,21.2581,-28.4012,21.2654,59
FAUP,17,35,16076,197,Asphalt,1,0,-28.3799,21.2520,-28.4194,21.2744,153
FAUS,18,36,4440,56,Asphalt,0,0,,,,,
FAUT,09,27,4921,98,Gravel,0,0,-31.5471,28.6685,-31.5422,28.6835,69
FAUT,14,32,8530,148,Asphalt,1,0,-31.5416,28.6627,-31.5509,28.6879,113
FAVB,18,36,3937,66,Asphalt,0,0,-26.9772,24.7271,-26.9876,24.7304,164
FAVG,05,23,3035,72,Asphalt,1,0,-29.7743,31.0562,-29.7669,31.0606,28
FAVM,08,26,5085,49,Asphalt,0,0,-22.4504,29.3306,-22.4458,29.3449,71
FAVR,08,26,4265,59,Composite,0,0,-31.6442,18.5391,-31.6377,18.5505,57
FAVV,03,21,5266,72,Asphalt,1,0,-26.5773,27.9588,-26.5630,27.9613,9
FAVV,15,33,3724,52,Asphalt,0,0,-26.5633,27.9560,-26.5693,27.9653,125
FAWA,03,21,3937,75,Tarmac,0,0,,,,,
FAWB,06,24,4200,72,Asphalt,0,0,-25.6623,28.2156,-25.6540,28.2242,44
FAWB,11,29,5998,98,Asphalt,1,0,-25.6531,28.2128,-25.6538,28.2310,93
FAWI,04,22,4134,36,Asphalt,1,0,-25.8376,29.1899,-25.8270,29.1941,19
FAWI,09,27,1000,30,Dirt,0,0,,,,,
FAWI,17,35,2500,,Grass,0,0,,,,,
FAWK,01,19,11001,148,Asphalt,1,0,-25.8441,28.2246,-25.8141,28.2200,352
FAWK,06,24,6299,148,Asphalt,1,0,-25.8336,28.2187,-25.8213,28.2321,44
FAWM,07,25,6578,59,Asphalt,1,0,-28.0039,26.6618,-27.9921,26.6773,50
FAWN,05,23,2952,65,hard,0,0,,,,,
FAWN,14,32,2296,,Concrete,0,0,,,,,
FAWT,15,33,4921,98,"Soil, rough gravel",0,0,,,,,136
FAWV,6,24,2132,,Gravel,0,0,-25.3197,30.9708,-25.3157,30.9752,85
FAYP,02,20,5200,75,Asphalt,1,0,-33.9074,18.4989,-33.8931,18.4977,356
FAZR,04,22,6480,100,Asphalt,0,0,-25.6069,26.0379,-25.5910,26.0467,27
FBFT,11,29,7218,98,Asphalt,1,0,-21.1583,27.4639,-21.1611,27.4847,97
FBFT,13,31,9843,148,Asphalt,1,0,-21.1505,27.4533,-21.1645,27.4780,121
FBFT,16,34,4147,72,Gravel,0,1,-21.1615,27.4830,-21.1710,27.4898,147
FBGH,08,26,3148,59,Asphalt,0,0,-25.4359,25.4032,-25.4341,25.4140,
FBJW,08,26,5495,82,Asphalt,1,0,-24.6055,24.6835,-24.5992,24.6984,63
FBKD,09,27,3437,72,Dirt,0,0,,,,,
FBKE,08,26,6562,98,Asphalt,0,0,-17.8358,25.1535,-17.8299,25.1713,71
FBKI,15,33,2861,59,Gravel,0,0,-19.6128,23.0309,-19.6206,23.0357,
FBMN,08,26,6562,98,Asphalt,1,0,-19.9762,23.4224,-19.9689,23.4398,66
FBMU,05,23,4933,59,Asphalt,0,0,-22.2720,20.0259,-22.2633,20.0371,
FBNW,11,29,2007,66,Gravel,0,0,,,,,
FBNX,12,30,2562,59,Dirt,0,0,-18.6030,22.0696,-18.6070,22.0770,
FBSK,08,26,13123,148,Concrete,1,0,-24.5617,25.9052,-24.5488,25.9312,62
FBSN,11,29,5381,66,Asphalt,0,0,-20.5517,26.1081,-20.5550,26.1234,103
FBSP,12,30,5840,98,Asphalt,0,0,-22.0567,27.8203,-22.0600,27.8372,102
FBSV,04,22,7218,66,Dirt,0,0,,,,,
FBSW,09,27,6102,,Asphalt,0,0,-18.3739,21.8326,-18.3739,21.8326,
FBTL,12,30,4938,,Asphalt,0,0,,,,,
FBTP,08,26,9850,148,Asphalt,0,0,-24.2270,25.3340,-24.2152,25.3606,64
FBTP,08L,26R,6585,60,Asphalt,0,0,-24.2178,25.3321,-24.2099,25.3499,64
FCBB,05,23,10827,148,Asphalt,1,0,-4.2588,15.2417,-4.2396,15.2645,50
FCBD,04,22,6725,98,Asphalt,0,0,,,,,
FCOD,04,22,10827,150,Concrete,0,0,,,,,
FCOE,14,32,6726,95,Asphalt,0,0,,,,,
FCOM,07,25,5906,,,0,0,,,,,
FCOO,09,27,5905,98,Asphalt,0,0,-0.5328,15.9422,-0.5299,15.9580,79
FCOU,01,19,6726,98,Asphalt,1,0,1.6071,16.0356,1.6250,16.0402,14
FCPL,14,32,6725,95,Asphalt,0,0,,,,,
FCPP,17,35,8530,148,Asphalt,1,0,-4.8046,11.8838,-4.8274,11.8894,166
FDMS,07,25,8530,148,Asphalt,1,0,-26.5360,31.2970,-26.5220,31.3180,53
FDNS,03,21,3970,59,Gravel,0,0,-26.9925,31.9359,-26.9818,31.9384,12
FDSK,02,20,11811,197,Asphalt,1,0,,,,,
FEFF,16,34,8530,148,Asphalt,1,0,4.4098,18.5159,4.3871,18.5217,165
FEFN,17,35,4921,,,0,0,,,,,
FEFR,14,32,5906,,,0,0,,,,,
FEFT,17,35,5446,98,Asphalt,0,0,4.2291,15.7847,4.2141,15.7881,167
FEFY,08,26,3920,,Grass,0,0,,,,,
FGAB,05,23,6177,100,Concrete,0,0,,,,,
FGBT,03,21,10860,200,Asphalt,1,0,,,,,
FGBT,04,22,7001,148,Asphalt,0,1,1.8987,9.7998,1.9123,9.8116,41
FGMY,18,36,9843,197,Asphalt,1,0,1.6903,11.0241,1.6632,11.0257,177
FGSL,04,22,9647,151,Concrete,1,0,3.7454,8.6999,3.7651,8.7175,42
FHAW,13,31,10019,150,Asphalt,1,0,-7.9634,-14.4060,-7.9758,-14.3813,117
FHSH,01,19,6398,148,Asphalt,1,0,-15.9660,-5.6458,-15.9484,-5.6462,359
FIMP,14,32,11056,148,Asphalt,1,0,-20.4233,57.6692,-20.4371,57.6980,117
FIMR,12,30,4223,98,Asphalt,1,0,-19.7561,63.3551,-19.7592,63.3669,106
FJDG,13,31,12003,200,Concrete,1,0,-7.3046,72.3970,-7.3220,72.4252,122
FKKB,03,21,5906,,,0,0,,,,,
FKKC,05,23,4512,151,Asphalt,1,0,4.0847,9.3563,4.0937,9.3648,43
FKKD,12,30,9350,148,Asphalt,1,0,4.0119,9.7080,4.0002,9.7310,117
FKKF,08,26,4495,,,0,0,,,,,
FKKI,02,20,6234,,,0,0,,,,,
FKKL,13,31,6890,148,Asphalt,1,0,10.4574,14.2500,10.4454,14.2648,130
FKKM,04,22,6889,148,Asphalt,1,0,5.6294,10.7450,5.6444,10.7566,38
FKKN,02,20,8858,148,Asphalt,1,0,7.3460,13.5547,7.3680,13.5637,22
FKKR,09,27,11032,148,Asphalt,1,0,9.3349,13.3548,9.3369,13.3854,86
FKKU,15,33,8203,148,Asphalt,1,0,5.5464,10.3484,5.5274,10.3607,147
FKKV,17,35,8202,148,Asphalt,1,0,6.0504,10.1209,6.0281,10.1244,171
FKKY,03,21,6519,148,Asphalt,1,0,3.8278,11.5198,3.8442,11.5271,24
FKYS,01,19,11155,148,Asphalt,1,0,3.7074,11.5506,3.7377,11.5559,10
FLCP,18,36,4823,,,0,0,,,,,
FLIK,15,33,4400,,Dirt,0,0,,,,,150
FLJK,07,25,3232,92,,0,0,,,,,
FLKE,11,29,4698,75,Asphalt,1,0,-12.5712,27.8879,-12.5744,27.9007,104
FLKS,13,31,6148,,Gravel,0,0,,,,,
FLLC,08,26,6594,83,Asphalt,0,0,-15.4166,28.3217,-15.4110,28.3397,72
FLLI,10,28,9843,151,Asphalt,1,0,-17.8209,25.8097,-17.8223,25.8312,94
FLLI,15,33,4501,98,Dirt,0,0,-17.8121,25.8139,-17.8215,25.8224,140
FLLS,10,28,12998,150,Asphalt,1,0,-15.3292,28.4343,-15.3324,28.4709,95
FLLS,15,33,2700,100,Grass,0,0,-15.3234,28.4595,-15.3291,28.4644,141
FLMF,09,27,7349,148,Asphalt,1,0,-13.2602,31.9265,-13.2576,31.9466,83
FLMG,09,27,4800,69,BRI,0,0,-15.2551,23.1553,-15.2540,23.1693,85
FLND,10L,28R,8250,150,Concrete,1,0,-12.9973,28.6540,-12.9976,28.6773,91
FLND,10R,28L,4000,75,Concrete,0,0,-12.9987,28.6586,-12.9989,28.6698,90
FLRZ,08,26,5574,,,0,0,,,,,
FLSK,09,27,11483,148,Asphalt,1,0,-12.9619,28.5001,-12.9617,28.5324,
FLSO,11,29,6562,100,Asphalt,0,0,-12.8980,28.1409,-12.9029,28.1588,106
FLSW,08,26,8858,120,Asphalt,0,0,,,,,
FMBI,03,21,,,Asphalt,0,0,,,,,
FMCH,02,20,9514,148,Asphalt,1,0,-11.5466,43.2696,-11.5207,43.2741,10
FMCI,13,31,4265,98,Asphalt,0,0,-12.2949,43.7614,-12.3013,43.7714,123
FMCV,10,28,4429,92,Asphalt,0,0,-12.1310,44.4242,-12.1320,44.4365,95
FMCZ,16,34,6330,92,Asphalt,1,0,-12.8022,45.2779,-12.8167,45.2865,150
FMEE,12,30,10499,148,Asphalt,1,0,-20.8860,55.5046,-20.8921,55.5347,102
FMEE,14,32,8760,148,Asphalt,1,0,-20.8842,55.5042,-20.8950,55.5272,116
FMEP,15,33,7000,150,Asphalt,1,0,-21.3166,55.4193,-21.3252,55.4306,129
FMMA,12,30,8237,148,Asphalt,0,0,-19.0257,47.1604,-19.0323,47.1832,106
FMME,05,23,4921,150,Asphalt,0,0,,,,,
FMMI,11,29,10171,148,Asphalt,1,0,-18.7948,47.4643,-18.7991,47.4933,99
FMMN,16,34,3609,98,Asphalt,0,0,-19.5586,45.4481,-19.5670,45.4537,148
FMMS,01,19,3451,98,Asphalt,0,0,-17.0990,49.8167,-17.0895,49.8156,354
FMMT,01,19,7218,131,Asphalt,1,0,-18.1194,49.3937,-18.0996,49.3914,354
FMMV,10,28,4921,98,Asphalt,1,0,-20.2849,44.3148,-20.2843,44.3291,88
FMMV,14,32,4413,115,Asphalt,0,0,-20.2811,44.3117,-20.2878,44.3224,124
FMMZ,12,30,3937,,Grass,0,0,,,,,
FMNA,13,31,4921,98,Asphalt,1,0,-12.3456,49.2861,-12.3532,49.2974,124
FMNC,11,29,4101,82,Asphalt,0,0,-16.1633,49.7679,-16.1645,49.7796,98
FMND,02,20,4153,98,Asphalt,0,0,-14.6572,49.6200,-14.6458,49.6211,5
FMNE,11,29,4921,98,Asphalt,0,0,-13.1869,48.9813,-13.1900,48.9947,103
FMNH,18,36,3914,89,Asphalt,0,0,-14.9943,50.3186,-15.0046,50.3219,163
FMNL,11,29,3937,72,Composite,0,0,-14.6287,47.7583,-14.6307,47.7693,101
FMNM,14,32,7218,148,Asphalt,1,0,-15.6605,46.3442,-15.6738,46.3594,132
FMNN,05,23,7185,148,Asphalt,1,0,-13.3193,48.3079,-13.3048,48.3217,43
FMNQ,08,26,4046,66,Asphalt,0,0,-16.7435,44.4759,-16.7401,44.4869,72
FMNR,14,32,4265,98,Asphalt,0,0,-15.4342,49.6836,-15.4414,49.6931,128
FMNS,16,34,4577,98,Asphalt,1,0,-14.2739,50.1717,-14.2850,50.1778,152
FMNV,14,32,4236,82,Asphalt,0,0,-13.3719,49.9983,-13.3797,50.0072,132
FMNW,01,19,4921,98,Asphalt,0,0,-14.9055,47.9936,-14.8920,47.9942,2
FMNZ,15,33,4450,44,Asphalt,0,0,-13.4801,48.6287,-13.4895,48.6367,140
FMSD,08,26,5280,98,Asphalt,1,0,-25.0434,46.9505,-25.0351,46.9622,53
FMSF,08,26,4101,82,Asphalt,0,0,-21.4442,47.1064,-21.4389,47.1170,62
FMSG,13,31,3445,82,Asphalt,0,0,-22.8038,47.8157,-22.8067,47.8255,108
FMSJ,09,27,5249,,Dirt,0,0,,,,,
FMSK,05,23,3886,79,Asphalt,0,0,-22.1242,48.0186,-22.1153,48.0250,34
FMSM,04,22,4921,98,Asphalt,0,0,-21.2080,48.3556,-21.1955,48.3610,22
FMSR,04,22,4265,98,Asphalt,0,0,-21.7590,43.3725,-21.7487,43.3785,28
FMST,04,22,6562,98,Asphalt,0,0,-23.3916,43.7246,-23.3751,43.7323,23
FMST,11,29,2625,42,Asphalt,0,0,-23.3914,43.7249,-23.3912,43.7327,88
FMZJ,10,28,4265,,,0,0,,,,,
FNBC,16,34,5905,98,Asphalt,0,0,-6.2625,14.2436,-6.2773,14.2505,155
FNBG,14,32,5315,100,Asphalt,1,0,-12.6044,13.3981,-12.6137,13.4094,131
FNBJ,06L,24R,12467,197,Asphalt,1,0,,,,,
FNBJ,06R,24L,13123,197,Permeable,1,0,,,,,
FNCA,36,18,8202,98,Asphalt,1,0,-5.6083,12.1885,-5.5857,12.1882,360
FNCT,02,20,12139,145,Asphalt,0,0,,,,,
FNCX,XX,XX,5906,,,0,0,,,,,
FNDU,03,21,6468,80,Asphalt,0,0,-7.4077,20.8127,-7.3941,20.8243,40
FNGI,13,31,10640,95,Asphalt,0,0,-17.0373,15.6700,-17.0496,15.6976,115
FNHU,01,19,3281,,,0,0,,,,,
FNHU,11,29,8727,148,Asphalt,0,0,-12.8067,15.7485,-12.8111,15.7726,100
FNKU,08,26,8202,98,Asphalt,1,0,-12.4086,16.9366,-12.4007,16.9582,70
FNLB,16,34,4920,98,Asphalt,1,0,-12.3653,13.5331,-12.3772,13.5401,151
FNLU,05,23,12190,148,Asphalt,1,0,-8.8769,13.2139,-8.8540,13.2384,47
FNLU,07,25,8530,197,Asphalt,1,0,-8.8556,13.2257,-8.8470,13.2466,68
FNLZ,04,22,4915,66,Asphalt,0,0,-9.1218,18.0459,-9.1101,18.0528,31
FNMA,13,31,7283,98,Asphalt,0,0,-9.5196,16.3040,-9.5306,16.3208,123
FNME,13,31,11483,147,Asphalt,0,0,-14.6501,17.7055,-14.6650,17.7341,120
FNMO,08,26,8202,148,Asphalt,1,0,-15.2658,12.1361,-15.2567,12.1574,66
FNNG,16,34,7874,98,Asphalt,0,0,-7.7447,15.2832,-7.7643,15.2923,155
FNPA,07,25,3379,98,Asphalt,0,0,-10.7246,13.7618,-10.7193,13.7693,55
FNSA,13,31,11155,148,Asphalt,1,0,-9.6792,20.4200,-9.6989,20.4438,130
FNSO,06,24,5905,98,Asphalt,0,0,-6.1466,12.3638,-6.1357,12.3795,55
FNSU,05,23,3115,60,Asphalt,0,0,-11.1710,13.8445,-11.1648,13.8506,45
FNUA,17,35,5112,,,0,0,,,,,
FNUB,10,28,10335,148,Asphalt,1,0,-14.9251,13.5619,-14.9242,13.5912,87
FNUE,11,29,7875,130,Asphalt,0,0,-11.7654,19.8870,-11.7707,19.9084,104
FNUG,01,19,6562,55,Asphalt,1,0,-7.6120,15.0270,-7.5941,15.0286,6
FNXA,03,21,7400,97,Asphalt,0,0,-16.7649,14.9615,-16.7459,14.9692,21
FNZG,08,26,5906,68,Asphalt,0,0,-7.7190,21.3503,-7.7149,21.3661,75
FOGK,15,33,5841,148,Asphalt,1,0,-1.1776,12.4374,-1.1916,12.4452,151
FOGM,17,35,5891,100,Asphalt,0,0,-1.8372,11.0549,-1.8531,11.0584,168
FOGO,03,21,5906,98,Asphalt,0,0,1.5357,11.5780,1.5505,11.5847,25
FOGQ,08,26,4921,98,Asphalt,0,0,-0.6672,13.6667,-0.6632,13.6796,73
FOGR,04,22,7555,148,Laterite,1,0,-0.7121,10.2388,-0.6967,10.2527,42
FOGR,05,23,,,,0,0,,,,,
FOOB,13,31,5726,98,Laterite,0,0,2.0799,11.4866,2.0714,11.4998,123
FOOD,12,30,6234,92,Asphalt,0,0,,,,,
FOOD,14,32,5906,,,0,1,,,,,
FOOG,02,20,6234,148,Asphalt,1,0,-0.7197,8.7511,-0.7038,8.7576,22
FOOH,14,32,5285,98,Asphalt,0,0,-1.5696,9.2576,-1.5799,9.2678,135
FOOK,06,24,5892,148,Asphalt,0,0,0.5749,12.8840,0.5835,12.8978,58
FOOL,16,34,9844,148,Asphalt,1,0,0.4708,9.4064,0.4464,9.4181,154
FOON,15,33,10105,148,Asphalt,1,0,-1.6450,13.4298,-1.6674,13.4462,144
FOOT,15,33,5906,,,0,0,,,,,
FPPR,18,36,4331,98,Asphalt,1,0,1.6687,7.4105,1.6572,7.4130,168
FPST,11,29,7283,148,Asphalt,0,0,0.3805,6.7024,0.3758,6.7219,103
FQBR,06,24,3018,148,Asphalt,0,1,-19.7995,34.9065,-19.7936,34.9126,44
FQBR,12,30,7874,148,Asphalt,1,0,-19.7936,34.8965,-19.7992,34.9186,105
FQBR,17,35,5660,148,Asphalt,0,1,-19.7916,34.9066,-19.8063,34.9123,160
FQCH,01,19,7874,148,Asphalt,1,0,-19.1621,33.4280,-19.1404,33.4299,5
FQIN,06,24,2625,98,Sand,0,0,-23.8787,35.4050,-23.8738,35.4107,47
FQIN,16,34,4921,98,Asphalt,1,0,-23.8706,35.4048,-23.8822,35.4123,149
FQLC,08,26,8300,148,Asphalt,1,0,-13.2778,35.2553,-13.2702,35.2773,71
FQLU,01,19,4921,98,Asphalt,0,0,-15.0399,40.6717,-15.0263,40.6718,360
FQMA,05,23,12008,148,Asphalt,1,0,-25.9249,32.5701,-25.8959,32.5878,29
FQMA,10,28,5577,148,Asphalt,1,0,-25.9212,32.5664,-25.9202,32.5833,86
FQMD,16,34,7714,98,Asphalt,0,0,-11.6631,39.5591,-11.6828,39.5672,158
FQMP,03,21,6562,88,Asphalt,0,0,-11.3700,40.3510,-11.3536,40.3587,25
FQMR,15,33,5660,98,Asphalt,0,0,-13.2189,37.5473,-13.2312,37.5568,143
FQNC,01,19,10171,148,Asphalt,1,0,-14.5003,40.7113,-14.4725,40.7136,13
FQNP,05,23,6562,148,Asphalt,1,0,-15.1118,39.2751,-15.0994,39.2885,46
FQNP,13,31,5135,148,Gravel,0,0,-15.1035,39.2864,-15.1104,39.2991,119
FQPB,08,26,2625,98,Asphalt,0,1,-12.9880,40.5170,-12.9864,40.5242,78
FQPB,17,35,5905,148,Asphalt,1,0,-12.9856,40.5221,-13.0010,40.5276,161
FQQL,09,27,2980,98,Gravel,0,1,-17.8513,36.8657,-17.8505,36.8744,85
FQQL,18,36,5905,148,Asphalt,1,0,-17.8474,36.8683,-17.8636,36.8700,174
FQSG,16,34,2953,75,Asphalt,0,0,-15.5989,32.7717,-15.6065,32.7747,159
FQTT,01,19,8225,148,Asphalt,1,0,-16.1161,33.6399,-16.0935,33.6405,2
FQUG,16,34,5900,98,Asphalt,0,0,-14.6971,34.3493,-14.7122,34.3555,158
FQVL,10,28,2461,75,Asphalt,0,0,-22.0185,35.3106,-22.0184,35.3179,89
FQVL,17,35,4823,98,Asphalt,1,0,-22.0111,35.3098,-22.0232,35.3156,156
FQXA,02,20,5906,,Concrete,0,0,,,,,
FSAL,15,33,3983,75,Concrete,0,0,-7.0003,52.7231,-7.0093,52.7294,145
FSAS,16,34,1210,100,Concrete,1,0,,,,,
FSDR,12,30,4531,33,Concrete,0,0,-5.6946,53.6500,-5.6988,53.6617,110
FSFA,13,31,3035,75,Concrete,0,0,-10.1070,51.1728,-10.1122,51.1794,128
FSIA,13,31,9800,151,Concrete,1,0,-4.6666,55.5108,-4.6821,55.5329,125
FSPP,15,33,4318,104,Asphalt,1,0,-4.3138,55.6882,-4.3247,55.6947,149
FSSC,13,31,,,Concrete,1,0,,,,,
FTTA,04,22,5906,,,0,0,,,,,
FTTC,09,27,9186,98,Asphalt,0,0,13.8480,20.8303,13.8469,20.8562,93
FTTD,04,22,5906,115,Asphalt,0,0,8.6177,16.0668,8.6311,16.0761,35
FTTI,09,27,6025,90,Permeable,0,0,,,,,
FTTJ,05,23,9186,148,Asphalt,1,0,12.1249,15.0247,12.1425,15.0432,46
FTTY,06,24,9186,148,Asphalt,0,0,17.9104,19.0998,17.9237,19.1223,58
FVBU,02,20,4419,98,Asphalt,0,0,-20.0152,28.6182,-20.0031,28.6199,8
FVBU,13,31,8491,148,Asphalt,1,0,-20.0162,28.6152,-20.0262,28.6376,115
FVCN,09,27,3569,54,Asphalt,0,0,-16.7346,31.1169,-16.7336,31.1271,84
FVCP,06,24,3937,56,Asphalt,1,0,-17.7552,30.9195,-17.7489,30.9286,54
FVCP,14,32,3035,59,Asphalt,0,0,-17.7489,30.9215,-17.7544,30.9281,132
FVCZ,14,32,5785,98,Asphalt,0,0,-21.0030,31.5720,-21.0132,31.5851,130
FVDA,09,27,3000,80,,0,0,-17.0055,30.8917,-17.0043,30.9005,82
FVFA,12,30,13123,148,Asphalt,1,0,-18.0908,25.8181,-18.1032,25.8536,110
FVHA,05,23,15502,151,Asphalt,1,0,-17.9468,31.0771,-17.9167,31.1086,46
FVKB,09,27,5413,49,Asphalt,1,0,-16.5208,28.8773,-16.5188,28.8927,82
FVKK,13,31,3281,,Asphalt,0,0,,,,,
FVMA,14,32,2625,30,Asphalt,0,0,,,,,
FVMD,10,28,3650,59,Asphalt,0,0,-16.7685,31.5547,-16.7700,31.5650,98
FVMT,09,27,3609,59,Asphalt,0,0,-17.4324,32.1793,-17.4314,32.1897,84
FVMU,12,30,3117,60,Macadam,0,0,-18.9958,32.6231,-18.9992,32.6314,113
FVMV,10,28,3937,59,Grass,0,0,-20.0556,30.8512,-20.0552,30.8626,88
FVMV,17,35,5663,59,Asphalt,1,0,-20.0548,30.8589,-20.0696,30.8640,162
FVOT,11,29,3642,56,Asphalt,0,0,-16.9840,32.6676,-16.9857,32.6777,100
FVSH,16,34,3942,60,Macadam,0,0,-20.2851,30.0849,-20.2939,30.0916,144
FVTL,13L,31R,8766,100,Asphalt,1,0,-19.4312,29.8504,-19.4416,29.8734,116
FVTL,13R,31L,7826,93,Asphalt,0,1,-19.4327,29.8512,-19.4420,29.8717,116
FVWN,08,26,15091,98,Asphalt,0,0,-18.6376,27.0008,-18.6221,27.0413,68
FWCL,10,28,7628,98,Asphalt,1,0,-15.6773,34.9587,-15.6798,34.9802,97
FWCL,15,33,4501,98,Asphalt,0,0,-15.6712,34.9674,-15.6808,34.9755,141
FWCM,11,29,3800,,,0,0,,,,,
FWDW,14,32,3980,,,0,0,,,,,
FWKA,14,32,4200,59,Asphalt,0,0,-9.9493,33.8891,-9.9578,33.8970,138
FWKG,08,26,3937,57,Asphalt,0,0,-13.0161,33.4633,-13.0132,33.4739,74
FWKI,14,32,11614,148,Asphalt,1,0,-13.7791,33.7684,-13.7996,33.7936,131
FWLE,09,27,4462,98,Asphalt,0,0,-13.9670,33.6957,-13.9650,33.7080,80
FWLE,17,35,4615,134,Grass,0,1,-13.9635,33.6945,-13.9757,33.6980,164
FWSU,15,33,4100,75,Asphalt,1,0,-16.2644,34.8743,-16.2738,34.8806,
FWUU,17,35,4291,62,Asphalt,0,0,-11.4392,34.0098,-11.4504,34.0137,161
FWZA,09,27,4100,55,Asphalt,1,0,-15.3863,35.3788,-15.3844,35.3902,79
FXMM,04,22,10498,148,Asphalt,1,0,-29.4695,27.5502,-29.4417,27.5589,15
FXMM,11,29,3314,75,Asphalt,1,0,-29.4627,27.5466,-29.4620,27.5569,85
FXMU,04,22,4531,98,Asphalt,1,0,-29.3098,27.5009,-29.2983,27.5061,21
FXMU,11,29,1542,98,Gravel,0,0,-29.3062,27.5014,-29.3058,27.5063,85
FYAA,09,27,4260,33,Dirt,0,0,-27.9931,17.5910,-27.9931,17.6062,
FYAD,07,25,2952,49,Sand,0,0,,,,,
FYAK,14,32,7123,33,Gravel,0,0,-28.4500,17.4563,-28.4672,17.4727,
FYAR,10,28,6300,66,Asphalt,1,0,-22.4636,14.9708,-22.4609,14.9892,81
FYEN,09,27,5735,98,Asphalt,0,0,-17.4851,16.3140,-17.4810,16.3299,75
FYGF,08,26,11680,148,Asphalt,1,0,-19.6048,18.1158,-19.5926,18.1473,68
FYGF,17,35,3412,98,Asphalt,0,0,-19.5969,18.1204,-19.6057,18.1242,158
FYHV,06,24,5085,66,Earth,0,0,,,,,
FYKB,05,23,4930,,,0,0,,,,,
FYKB,17,35,2750,,,0,0,,,,,
FYKM,09,27,7520,128,Asphalt,0,0,-17.6362,24.1660,-17.6327,24.1873,80
FYKT,04,22,7598,148,Asphalt,1,0,-26.5498,18.1083,-26.5299,18.1146,16
FYKT,18,36,4705,98,Gravel,0,0,-26.5319,18.1091,-26.5436,18.1151,155
FYLS,11,29,4298,,,0,0,,,,,
FYLZ,04,22,6004,98,Asphalt,0,0,-26.6917,15.2414,-26.6758,15.2468,17
FYLZ,12,30,3830,98,Gravel,0,0,-26.6873,15.2420,-26.6890,15.2540,99
FYMG,02,20,4828,33,Gravel,0,0,-22.0248,17.3627,-22.0105,17.3683,
FYML,01,19,6562,82,Asphalt,0,0,-24.6121,17.9268,-24.5944,17.9231,350
FYML,12,30,4921,98,Gravel,0,0,-24.6040,17.9134,-24.6060,17.9278,98
FYOA,08,26,9800,98,Asphalt,1,0,-17.8838,15.9398,-17.8726,15.9654,65
FYOA,16,34,4423,98,Gravel,0,0,-17.8700,15.9406,-17.8804,15.9473,149
FYOG,02,20,5252,59,Asphalt,1,0,-28.5919,16.4467,-28.5775,16.4467,360
FYOG,07,25,3000,47,Gravel,0,1,-28.5905,16.4429,-28.5846,16.4496,48
FYOG,16,34,3500,60,Gravel,0,1,-28.5846,16.4415,-28.5917,16.4483,141
FYOS,17,35,4921,82,Asphalt,0,0,-17.7841,15.6922,-17.7959,15.6944,
FYRC,11,29,7122,98,Asphalt,0,0,-17.4206,14.3719,-17.4206,14.3923,90
FYRC,16,34,5403,98,Asphalt,0,0,-17.4196,14.3707,-17.4308,14.3809,139
FYRU,08,26,11004,98,Asphalt,0,0,-17.9612,19.7044,-17.9518,19.7345,72
FYRU,18,36,4806,98,Gravel,0,1,-17.9490,19.7222,-17.9617,19.7243,171
FYSA,17,35,5741,,,0,0,,,,,
FYSL,05,23,4600,23,Sand,0,0,,,,,43
FYSO,02,20,4593,56,Gravel,0,0,,,,,
FYTF,10,28,6550,82,Asphalt,0,0,-20.5429,14.3517,-20.5460,14.3706,
FYTM,12,30,4823,56,Asphalt,1,0,-19.2598,17.7256,-19.2640,17.7394,108
FYVF,01,19,5249,197,Sand,0,0,-23.4333,18.2690,-23.4200,18.2703,
FYVF,08,26,6562,295,Sand,0,0,-23.4341,18.2694,-23.4289,18.2870,
FYWB,09,27,11483,196,Asphalt,1,0,-22.9842,14.6312,-22.9746,14.6631,72
FYWE,01,19,7381,98,Asphalt,1,0,-22.6152,17.0807,-22.5952,17.0773,351
FYWE,09,27,3297,98,Gravel,0,0,-22.6135,17.0749,-22.6113,17.0842,76
FYWH,08,26,15010,148,Asphalt,1,0,-22.4898,17.4495,-22.4714,17.4894,64
FYWH,16,34,5000,98,Asphalt,1,0,-22.4777,17.4690,-22.4884,17.4783,141
FZAA,06,24,13123,197,Concrete,1,0,-4.3969,15.4271,-4.3774,15.4574,58
FZAB,08,26,5526,98,Asphalt,0,0,-4.3292,15.3204,-4.3242,15.3346,71
FZAG,04,22,4864,98,Asphalt,1,0,-5.9368,12.3486,-5.9250,12.3549,28
FZAJ,03,21,3346,,Gravel,0,0,,,,,
FZAM,01,19,5150,,Dirt,0,0,,,,,
FZAR,08,26,3700,100,Grass,0,0,-5.4227,14.8121,-5.4194,14.8217,71
FZBA,08,26,3937,,Dirt,0,0,,,,,
FZBI,11,29,4692,,Gravel,0,0,,,,,
FZBO,11,29,4528,98,Asphalt,0,0,-3.3096,17.3757,-3.3131,17.3876,106
FZCA,06,24,5151,95,Asphalt,0,0,-5.0407,18.7805,-5.0308,18.7908,46
FZCI,12,30,2100,,Grass,0,0,,,,,
FZEA,18,36,7223,148,Asphalt,1,0,0.0325,18.2876,0.0127,18.2899,173
FZEN,06,24,4856,,Dirt,0,0,,,,,
FZFD,07,25,10499,197,Asphalt,1,0,4.2489,20.9615,4.2575,20.9891,73
FZFE,07,25,4134,,Dirt,0,0,,,,,
FZFK,11,29,6550,148,Asphalt,1,0,3.2373,19.7625,3.2334,19.7800,102
FZFP,05,23,6626,134,Laterite,0,0,4.1518,21.6606,4.1635,21.6746,50
FZFU,11,29,5578,,,0,0,,,,,
FZGA,05,23,7200,164,Gravel,0,0,2.1640,21.4896,2.1773,21.5042,48
FZIA,10,28,7218,98,Asphalt,0,0,0.5187,25.1452,0.5163,25.1649,97
FZIC,13,31,11483,148,Asphalt,1,0,0.4907,25.3251,0.4726,25.3508,125
FZJF,07,25,3232,,Grass,0,0,,,,,
FZJH,13,31,8202,148,Asphalt,1,0,2.8349,27.5796,2.8203,27.5969,130
FZKA,09,27,8202,148,Asphalt,0,0,1.5667,30.2124,1.5648,30.2290,93
FZKJ,07,25,6890,98,Asphalt,1,0,2.8156,24.7847,2.8211,24.8027,73
FZKN,05,23,2952,,Grass,0,0,,,,,
FZMA,17,35,6562,148,Asphalt,0,0,-2.3003,28.8064,-2.3176,28.8112,164
FZNA,17,35,9695,148,Asphalt,1,0,-1.6529,29.2367,-1.6794,29.2393,174
FZNI,03,21,3600,,Grass,0,0,,,,,
FZNP,11,29,6600,,ASP/GVL,0,0,,,,,
FZOA,18,36,7218,148,Asphalt,1,0,-2.9092,25.9147,-2.9291,25.9161,176
FZOK,13,31,291,,Grass,0,0,,,,,
FZQA,07,25,10623,164,Asphalt,1,0,-11.5971,27.5173,-11.5854,27.5445,66
FZQG,01,19,4265,,Dirt,0,0,,,,,
FZQM,11,29,5741,98,Asphalt,0,0,-10.7644,25.4979,-10.7674,25.5136,101
FZRF,06,24,5741,98,Asphalt,0,0,-5.8797,29.2426,-5.8713,29.2560,58
FZRQ,11,29,6234,,,0,0,,,,,
FZSA,13L,31R,8858,148,Asphalt,1,0,-8.6335,25.2563,-8.6461,25.2774,121
FZSA,13R,31L,8858,148,Asphalt,0,0,-8.6380,25.2284,-8.6506,25.2495,121
FZSB,10,28,4823,,Dirt,0,0,,,,,
FZSK,02,20,4035,,Grass,0,0,,,,,
FZUA,11,29,7218,148,Asphalt,1,0,-5.8970,22.4597,-5.9030,22.4786,108
FZUK,16,34,5249,,Gravel,0,0,,,,,
FZVA,09,27,5249,,Turf,0,0,,,,,
FZVO,11,29,6582,,ASP/GVL,0,0,,,,,
FZVR,08,26,3937,,Grass,0,0,,,,,
FZVS,07,25,4117,,Grass,0,0,,,,,
FZWA,16,34,6558,148,Asphalt,1,0,-6.1127,23.5661,-6.1298,23.5719,161
FZWB,07,25,2051,,Dirt,0,0,,,,,
GABS,06,24,10498,148,Asphalt,1,0,12.5268,-7.9604,12.5403,-7.9395,57
GAGM,05,23,4921,,,0,0,,,,,
GAGO,07,25,8202,148,Asphalt,1,0,16.2432,-0.0158,16.2537,0.0049,62
GAKL,09,27,6234,131,Turf,0,0,18.4352,1.4153,18.4349,1.4293,
GAKY,09,27,8858,148,Asphalt,1,0,14.4801,-11.4118,14.4824,-11.3970,81
GAMB,05,23,8340,94,Asphalt,1,0,14.5050,-4.0882,14.5205,-4.0709,47
GANK,03,21,1299,98,Brown clay gravel,0,0,,,,,
GANR,08,26,4921,,,0,0,,,,,
GASK,08,26,9350,75,Dirt,0,0,11.3254,-5.6973,11.3315,-5.6847,76
GASO,08,26,5255,100,Asphalt,1,0,11.5956,-5.8066,11.6004,-5.7928,71
GATB,07,25,6923,98,Asphalt,1,0,16.7269,-3.0168,16.7340,-2.9984,68
GATS,05,23,,,,0,0,,,,,
GATS,05L,23R,8201,98,Asphalt,0,0,20.2351,0.9688,20.2509,0.9859,46
GATS,05R,23L,4912,154,Gravel,0,1,20.2388,0.9750,20.2477,0.9857,49
GATS,15,33,3924,154,Gravel,0,0,20.2496,0.9790,20.2400,0.9841,153
GATS,16,34,,,,0,0,,,,,
GBYD,14,32,11811,148,Asphalt,1,0,13.3486,-16.6648,13.3274,-16.6396,131
GCFV,01,19,11220,148,Asphalt,1,0,28.4329,-13.8644,28.4636,-13.8634,2
GCGM,09,27,4921,98,Asphalt,1,0,28.0286,-17.2221,28.0307,-17.2071,81
GCHI,16,34,4101,98,Asphalt,1,0,27.8198,-17.8900,27.8098,-17.8841,153
GCLA,36,18,7218,148,Asphalt,1,0,28.6166,-17.7554,28.6364,-17.7558,359
GCLP,03L,21R,10171,148,Asphalt,1,0,27.9189,-15.3923,27.9449,-15.3808,22
GCLP,03R,21L,10171,148,Asphalt,1,0,27.9182,-15.3904,27.9442,-15.3788,22
GCRR,03,21,7874,148,Asphalt,1,0,28.9358,-13.6108,28.9551,-13.5996,27
GCTS,07,25,10499,148,Asphalt,1,0,28.0392,-16.5876,28.0497,-16.5573,69
GCXM,11H,29H,932,72,Asphalt,0,0,28.4844,-16.3529,28.4835,-16.3502,
GCXO,12,30,10404,148,Asphalt,1,0,28.4878,-16.3569,28.4777,-16.3266,111
GECE,07,25,787,115,Asphalt,1,0,35.8922,-5.3075,35.8932,-5.3051,67
GEML,15,33,4701,148,Asphalt,1,0,35.2859,-2.9612,35.2749,-2.9522,146
GFBO,04,22,4003,66,Dirt,0,0,,,,,
GFKE,04,22,3770,,Turf,0,0,,,,,
GFLL,12,30,10498,150,Asphalt,1,0,8.6207,-13.2094,8.6122,-13.1816,107
GFYE,15,33,3000,,Turf,0,0,,,,,
GGCF,06,24,6231,74,Asphalt,0,0,11.2824,-15.1872,11.2934,-15.1738,50
GGOV,03,21,10499,148,Asphalt,1,0,11.8812,-15.6584,11.9085,-15.6490,19
GLMR,05,23,6000,100,Asphalt,1,0,6.2825,-10.7639,6.2952,-10.7533,40
GLRB,04,22,11000,150,Asphalt,1,0,6.2208,-10.3701,6.2467,-10.3545,31
GMAA,10,28,9547,148,Asphalt,0,0,30.3831,-9.5614,30.3796,-9.5312,98
GMAD,09,27,10499,148,Asphalt,1,0,30.3230,-9.4282,30.3222,-9.3949,91
GMAT,03,21,6562,98,Asphalt,1,0,28.4402,-11.1661,28.4562,-11.1566,28
GMFB,09,27,10499,148,Asphalt,0,0,32.5143,-1.9996,32.5143,-1.9656,
GMFF,09,27,10499,148,Asphalt,1,0,33.9274,-4.9952,33.9273,-4.9607,90
GMFI,03,21,6920,115,Asphalt,0,0,33.4967,-5.1578,33.5139,-5.1480,25
GMFK,13,31,10499,148,Asphalt,1,0,31.9566,-4.4149,31.9399,-4.3870,125
GMFM,08,26,6420,164,Asphalt,0,0,33.8823,-5.5303,33.8859,-5.5094,77
GMFM,09,27,9252,164,Asphalt,1,0,33.8722,-5.5254,33.8750,-5.4950,83
GMFO,06,24,9843,148,Asphalt,1,0,34.7799,-1.9378,34.7944,-1.9101,58
GMFO,13,31,9843,148,Asphalt,1,0,34.8098,-1.9522,34.7922,-1.9275,132
GMMA,16,34,9843,100,Asphalt,1,0,26.7436,-11.6919,26.7199,-11.6775,152
GMMB,14,32,10085,150,Asphalt,0,0,33.6662,-7.2318,33.6446,-7.2111,141
GMMD,05,23,8169,148,Asphalt,1,0,32.3940,-6.3254,32.4097,-6.3066,
GMME,03,21,11483,148,Asphalt,1,0,34.0380,-6.7614,34.0649,-6.7417,33
GMMH,03,21,9842,148,Asphalt,1,0,23.7058,-15.9377,23.7308,-15.9263,23
GMMI,16,34,8553,148,Asphalt,1,0,31.4101,-9.6880,31.3882,-9.6780,159
GMML,02,20,8861,148,Asphalt,1,0,27.1302,-13.2354,27.1536,-13.2276,16
GMML,04,22,8202,148,Asphalt,1,0,27.1358,-13.2259,27.1550,-13.2126,32
GMMN,17L,35R,12205,148,Asphalt,1,0,33.3840,-7.5935,33.3518,-7.5825,164
GMMN,17R,35L,12205,148,Asphalt,1,0,33.3831,-7.5974,33.3509,-7.5864,164
GMMT,18,36,3687,50,Asphalt,0,0,,,,,
GMMW,08,26,9842,148,Asphalt,1,0,34.9860,-3.0443,34.9916,-3.0121,78
GMMX,10,28,10170,148,Asphalt,1,0,31.6084,-8.0525,31.6055,-8.0200,96
GMMY,03,21,6035,150,Asphalt,0,0,34.2887,-6.5948,34.3043,-6.5883,19
GMMY,07,25,7995,150,Concrete,1,0,34.2964,-6.6120,34.3065,-6.5884,63
GMMZ,12,30,9842,148,Asphalt,1,0,30.9452,-6.9234,30.9330,-6.8955,117
GMSL,07,25,11302,140,Asphalt,1,0,34.2250,-6.0676,34.2363,-6.0328,72
GMTA,17,35,10511,148,Asphalt,1,0,35.1885,-3.8413,35.1661,-3.8378,173
GMTN,06,24,7546,148,Concrete,1,1,35.5883,-5.3304,35.6004,-5.3097,54
GMTN,07,25,10784,148,Concrete,0,0,35.5894,-5.3287,35.6022,-5.2960,
GMTT,07,25,6562,98,Asphalt,0,1,35.7191,-5.9231,35.7253,-5.9023,69
GMTT,10,28,11483,148,Asphalt,1,0,35.7333,-5.9403,35.7300,-5.9018,96
GOBD,01,19,11483,197,Asphalt,1,0,14.6552,-17.0727,14.6868,-17.0730,359
GODK,02,20,4927,50,Asphalt,0,0,12.8925,-14.9713,12.9045,-14.9649,28
GOGG,10,28,5069,98,Asphalt,1,0,12.5554,-16.2889,12.5559,-16.2747,88
GOGS,14,32,6573,98,Asphalt,1,0,12.4018,-16.7545,12.3889,-16.7415,136
GOOK,06,24,5249,98,Asphalt,0,0,14.1423,-16.0570,14.1514,-16.0456,50
GOOY,03,21,4866,98,Asphalt,0,1,14.7317,-17.5043,14.7442,-17.4990,23
GOOY,18,36,11450,148,Asphalt,1,0,14.7571,-17.4809,14.7258,-17.4767,173
GOSM,13,31,6299,,Gravel,0,0,,,,,
GOSR,08,26,5085,,,0,0,,,,,
GOSS,01,19,4300,125,Gravel,0,1,16.0399,-16.4566,16.0518,-16.4557,4
GOSS,18,36,6230,100,Asphalt,1,0,16.0588,-16.4623,16.0418,-16.4600,173
GOTB,07,25,5741,98,Macadam,1,0,14.8433,-12.4753,14.8512,-12.4612,59
GOTK,11,29,5906,148,Asphalt,1,0,12.5742,-12.2284,12.5704,-12.2123,103
GOTT,06,24,6562,98,Asphalt,1,0,13.7309,-13.6601,13.7427,-13.6461,49
GQNA,04,22,5245,100,Asphalt,0,0,16.7052,-9.6419,16.7174,-9.6339,32
GQND,07,25,5249,96,Asphalt,0,0,18.5669,-11.4303,18.5733,-11.4168,64
GQNF,07,25,8202,95,Asphalt,0,0,16.5866,-11.4127,16.5934,-11.3997,61
GQNI,09,27,6890,100,Asphalt,1,0,16.6211,-7.3264,16.6229,-7.3067,84
GQNK,07,25,8202,148,Asphalt,0,0,16.1538,-13.5177,16.1653,-13.4975,60
GQNO,06,24,7875,148,Concrete,1,0,18.2948,-15.9924,18.3088,-15.9751,50
GQNO,16,34,11155,197,Concrete,1,0,18.3163,-15.9736,18.2898,-15.9573,150
GQNS,07,25,5249,98,Macadam,0,0,15.1757,-12.2135,15.1837,-12.2011,56
GQPA,04,22,9855,98,Asphalt,1,0,20.4950,-13.0503,20.5186,-13.0361,30
GQPP,02,20,7961,148,Asphalt,1,0,20.9223,-17.0328,20.9435,-17.0270,14
GQPT,01,19,7515,70,Asphalt,0,0,25.2263,-11.5883,25.2470,-11.5891,358
GQPZ,09,27,8202,148,Asphalt,0,0,,,,,
GUBE,15,33,6000,,Asphalt,0,0,,,,,
GUCY,06,24,10826,148,Asphalt,1,0,9.5672,-13.6233,9.5866,-13.6005,49
GUFA,06,24,5249,131,Asphalt,0,0,10.3456,-13.5748,10.3553,-13.5638,48
GUFH,09,27,7595,148,Asphalt,0,0,10.0342,-10.7806,10.0368,-10.7591,84
GUGO,11,29,5249,,Dirt,0,0,,,,,
GUKR,07,25,5118,,Asphalt,0,0,,,,,
GUKU,01,19,5922,,Dirt,0,0,,,,,
GULB,06,24,9843,148,Dirt,0,0,11.3203,-12.2939,11.3318,-12.2798,51
GUMA,07,25,4921,,Grass,0,0,,,,,
GUNZ,18,36,4921,,Dirt,0,0,,,,,
GUOK,02,20,5052,,Dirt,0,0,,,,,
GUSA,04,22,3773,,Dirt,0,0,,,,,
GUSB,12,30,4921,,Dirt,0,0,,,,,
GUSI,11,29,4905,,Gravel,0,0,,,,,
GUXN,NE,SW,,,,0,1,,,,,
GVAC,01,19,10760,148,Asphalt,1,0,16.7215,-22.9488,16.7511,-22.9491,358
GVAC,07,25,4921,148,Asphalt,0,1,16.7367,-22.9580,16.7438,-22.9462,58
GVAN,14,32,1476,98,Asphalt,0,0,,,,,
GVBA,03,21,6890,148,Asphalt,0,0,16.1282,-22.8914,16.1465,-22.8858,16
GVMA,01,19,3937,,Asphalt,0,0,,,,,
GVNP,03,21,6890,148,Asphalt,0,0,14.9324,-23.4883,14.9499,-23.4811,22
GVNP,03L,21R,4209,98,Asphalt,1,1,14.9192,-23.4957,14.9298,-23.4913,22
GVNP,03R,21L,6876,148,Asphalt,1,1,14.9319,-23.4885,14.9495,-23.4812,22
GVSF,14,32,3937,,,0,0,,,,,
GVSN,01,19,4593,98,Asphalt,0,0,16.5819,-24.2837,16.5945,-24.2844,356
GVSV,07,25,6561,98,Asphalt,1,0,16.8284,-25.0622,16.8391,-25.0471,54
GXUD,10,28,9843,144,ASP/GVL,0,0,10.4487,-9.2397,10.4481,-9.2123,91
HAAB,07L,25R,12139,148,Asphalt,1,0,8.9740,38.7824,8.9834,38.8147,74
HAAB,07R,25L,12467,148,Asphalt,1,0,8.9723,38.7835,8.9819,38.8167,74
HAAL,12,30,3839,64,Asphalt,0,0,9.0064,38.7215,9.0010,38.7306,121
HAAM,03,21,9170,153,Asphalt,1,0,6.0287,37.5837,6.0501,37.5972,32
HAAX,16,34,7874,148,Asphalt,1,0,14.1569,38.7693,14.1365,38.7764,160
HABD,04,22,9842,148,Permeable,1,0,11.5986,37.3120,11.6176,37.3313,45
HADD,15,33,6168,100,Asphalt,0,0,8.5591,34.8542,8.5452,34.8639,145
HADR,15,33,8791,148,Asphalt,1,0,9.6358,41.8485,9.6143,41.8598,152
HAGM,18,36,8248,148,Concrete,0,0,8.1400,34.5632,8.1173,34.5634,180
HAGN,17,35,9072,145,Asphalt,1,0,12.5322,37.4318,12.5076,37.4363,170
HAGO,04,22,7505,115,Permeable,0,0,5.9265,43.5717,5.9427,43.5846,39
HAHM,16,34,5940,,Asphalt,0,0,,,,,
HAJJ,3,21,8202,,Asphalt,0,0,,,,,
HAJK,12,30,8612,148,Asphalt,1,0,,,,,
HAJM,13,31,10236,150,Asphalt,1,0,7.6693,36.8084,7.6533,36.8315,125
HAKD,08,26,8202,,Concrete,0,0,,,,,
HALA,01,19,9843,148,Asphalt,0,0,7.0880,38.3943,7.1146,38.3988,
HALL,10,28,7990,175,Asphalt,1,0,11.9762,38.9689,11.9738,38.9911,96
HAMK,11,29,11811,148,Asphalt,1,0,13.4734,39.5180,13.4613,39.5489,112
HASM,13,31,8202,,Concrete,0,0,11.7971,40.9821,11.7810,40.9981,
HASO,11,29,8218,148,Asphalt,0,0,10.0222,34.5782,10.0149,34.5943,115
HBBA,02,20,,,,0,0,,,,,
HBBA,17,35,11811,148,Asphalt,1,0,-3.3080,29.3160,-3.3400,29.3210,172
HBBE,12,30,3248,66,Dirt,0,0,,,,,
HBBO,12,30,3281,,Grass,0,0,,,,,
HCMC,04,22,3610,215,,0,0,11.4908,49.9055,11.4982,49.9122,41
HCMD,15,33,4017,,Sand,0,0,,,,,
HCME,06,24,3445,164,Graded earth,0,0,8.1016,49.8160,8.1067,49.8240,57
HCMF,01,19,3550,115,Sand,0,0,,,,,
HCMF,09,27,7874,148,Asphalt,0,0,,,,,
HCMH,06,24,12139,148,Asphalt,1,0,9.5054,44.0711,9.5244,44.0989,55
HCMI,05,23,13582,164,Asphalt,0,0,10.3764,44.9273,10.4020,44.9549,47
HCMK,4,22,12139,147,Asphalt,0,0,-0.3896,42.4479,-0.3651,42.4706,43
HCMM,05,23,10446,148,Asphalt,0,0,2.0048,45.2930,2.0232,45.3150,
HCMN,04,22,7218,,Gravel,0,0,,,,,
HCMR,05L,23R,9859,,Asphalt,0,0,,,,,
HCMR,05R,23L,9859,,Turf,0,0,,,,,
HCMV,04,22,7875,,Dirt,0,0,,,,,
HCMW,06,24,6562,,Asphalt,0,0,,,,,
HDAM,09,27,10335,148,Permeable,1,0,11.5475,43.1451,11.5471,43.1739,91
HDCH,10,28,7795,98,Asphalt,0,0,,,,,
HDDK,11,29,5770,,Asphalt,0,0,,,,,
HEAL,13,31,11479,148,Asphalt,1,0,30.9347,28.4476,30.9141,28.4753,130
HEAR,16L,34R,9905,148,Asphalt,1,0,31.0858,33.8297,31.0607,33.8420,157
HEAR,16R,34L,9905,148,Asphalt,1,0,,,,,157
HEAT,13,31,9905,148,Asphalt,1,0,27.0552,31.0003,27.0378,31.0237,130
HEAZ,05,23,3917,164,Asphalt,0,0,30.0883,31.3558,30.0958,31.3647,47
HEAZ,18,36,6726,148,Asphalt,1,0,30.1019,31.3600,30.0835,31.3601,181
HEBA,14L,32R,11156,148,Asphalt,1,0,30.9304,29.6851,30.9059,29.7066,143
HEBA,14R,32L,11155,148,Asphalt,1,0,30.9291,29.6832,30.9047,29.7047,143
HEBA,XX,,,,,0,1,,,,,
HEBL,15,33,9843,148,Asphalt,1,0,22.3877,31.6044,22.3642,31.6190,150
HEBS,01,19,11565,152,Asphalt,0,0,29.1820,31.0163,29.2136,31.0217,9
HEBS,06,24,9843,131,Asphalt,0,0,29.2113,31.0015,29.2264,31.0268,56
HECA,05C,23C,13123,197,Asphalt,1,0,30.0997,31.3982,30.1233,31.4296,45
HECA,05L,23R,10827,197,Asphalt,1,0,30.1197,31.3802,30.1391,31.4063,49
HECA,05R,23L,13124,197,Asphalt,1,0,30.0972,31.4190,30.1207,31.4505,49
HECP,01L,19R,11980,197,Asphalt,1,0,30.0565,31.8283,30.0882,31.8382,15
HECP,01R,19L,10531,131,Asphalt,1,0,30.0357,31.8337,30.0636,31.8424,20
HECP,02,20,10922,131,Asphalt,1,0,30.0354,31.8351,30.0636,31.8469,
HECW,10,28,9125,147,Asphalt,1,0,30.1182,30.9084,30.1112,30.9362,107
HECW,16L,34R,11939,196,Asphalt,1,0,30.1323,30.9109,30.1059,30.9187,165
HEDK,15,33,8166,148,Asphalt,0,0,25.4212,28.9967,25.4019,29.0093,149
HEGN,16L,34R,13171,148,Asphalt,1,0,27.1961,33.7958,27.1611,33.8061,165
HEGN,16R,34L,13168,197,Asphalt,1,0,27.1939,33.7865,27.1590,33.7969,165
HEGO,16,34,5249,98,Asphalt,1,0,27.3738,33.6658,27.3599,33.6705,163
HEGR,08,26,7874,98,Asphalt,0,0,31.0705,34.1371,31.0759,34.1615,76
HEGR,17,35,7874,148,Asphalt,0,1,31.0948,34.1210,31.0739,34.1273,165
HEGS,11,29,9460,145,Asphalt,1,0,30.8222,30.1761,30.8122,30.2039,113
HEGS,12,30,9473,145,Asphalt,1,0,30.8297,30.1799,30.8151,30.2050,124
HEIS,13,31,10555,148,Asphalt,0,0,30.6079,32.2216,30.5898,32.2477,129
HEKG,18,36,11483,148,Asphalt,1,0,25.4894,30.5907,25.4578,30.5907,180
HELX,02,20,9843,148,Asphalt,1,0,25.6586,32.7007,25.6836,32.7121,23
HEMA,15,33,11253,148,Asphalt,1,0,25.5688,34.5762,25.5454,34.5912,150
HEMM,06,24,9843,148,Asphalt,0,0,31.3220,27.2149,31.3355,27.2422,60
HEMM,15,33,9843,148,Asphalt,0,0,31.3371,27.2137,31.3137,27.2296,150
HEOC,01,19,6562,115,Asphalt,0,0,29.8032,30.8216,29.8210,30.8251,10
HEOW,36L,18R,11483,148,Asphalt,0,0,,,,,
HEOW,36R,18L,11483,148,Asphalt,0,0,22.5700,28.7141,22.6013,28.7192,9
HEPS,10,28,7707,148,Asphalt,1,0,31.2823,32.2282,31.2765,32.2519,106
HESC,17,35,6939,118,Asphalt,0,0,28.6946,34.0610,28.6757,34.0642,172
HESG,15,33,9843,148,Asphalt,0,0,,,,,
HESH,04L,22R,10108,148,Asphalt,1,0,27.9685,34.3826,27.9889,34.4039,43
HESH,04R,22L,10108,148,Asphalt,1,0,27.9657,34.3860,27.9861,34.4073,43
HESN,17,35,11161,148,Asphalt,1,0,23.9795,32.8173,23.9492,32.8226,171
HESW,16,34,5905,147,Asphalt,0,0,29.3532,25.5037,29.3379,25.5097,161
HESX,16R,34L,11975,197,Permeable,1,0,30.1241,30.8911,30.0923,30.9004,165
HETB,04,22,,,,0,0,,,,,
HETB,04L,22R,13123,148,Asphalt,1,0,29.5754,34.7632,29.6023,34.7907,42
HETB,04R,22L,13123,148,Asphalt,1,1,29.5744,34.7644,29.6014,34.7919,42
HETR,10,28,9843,148,Asphalt,1,0,28.2123,33.6307,28.2057,33.6603,104
HHAS,07,25,9842,148,Asphalt,1,0,15.2841,38.8941,15.2914,38.9210,74
HHAS,12,30,5951,148,Asphalt,0,0,15.3000,38.9064,15.2919,38.9211,120
HHMS,07,25,11483,148,Asphalt,1,0,15.6660,39.3545,15.6740,39.3858,75
HHSB,12,30,11531,148,Permeable,1,0,13.0798,42.6310,13.0638,42.6590,120
HJJJ,13,31,10171,148,Asphalt,1,0,4.8790,31.5929,4.8650,31.6094,130
HKAM,08,26,3284,,Asphalt,0,0,,,,,
HKEL,08,26,11480,147,Asphalt,1,0,0.4009,35.2213,0.4071,35.2521,79
HKEM,14,32,5246,65,Asphalt,0,0,,,,,140
HKGA,17,35,3556,61,Asphalt,0,0,,,,,
HKJK,06,24,13507,148,Asphalt,1,0,-1.3276,36.9164,-1.3057,36.9463,54
HKKG,07,25,3420,49,Asphalt,0,0,0.2705,34.7827,0.2722,34.7919,79
HKKI,06,24,10823,148,Asphalt,1,0,-0.0957,34.7108,-0.0816,34.7369,62
HKKT,04,22,4757,75,Asphalt,0,0,0.9669,34.9544,0.9771,34.9627,40
HKKU,05,23,3116,65,Asphalt,0,0,-1.3753,37.9747,-1.3702,37.9815,53
HKLK,09,27,6195,62,Asphalt,0,0,4.2043,34.3397,4.2039,34.3567,92
HKLO,09,27,,,,0,0,,,,,
HKLO,09L,27R,1645,64,Gravel,0,0,3.1218,35.6046,3.1224,35.6091,83
HKLO,09R,27L,3281,64,Asphalt,0,0,3.1214,35.6042,3.1225,35.6132,83
HKLU,08,26,3054,46,Gravel,0,0,-2.2531,40.9108,-2.2508,40.9188,74
HKLU,15,33,6561,105,Asphalt,0,0,-2.2463,40.9100,-2.2544,40.9141,152
HKLU,XX,XX,,,,0,1,,,,,
HKMA,05,23,3609,,,0,0,,,,,
HKMK,01,19,3281,,Asphalt partial,0,0,,,,,
HKML,08,26,3701,,,0,0,,,,,
HKML,17,35,4600,,,0,0,,,,,
HKMO,03,21,10991,151,Asphalt,1,0,-4.0395,39.5917,-4.0131,39.6064,29
HKMO,15,33,4473,118,Asphalt,0,0,-4.0298,39.5914,-4.0405,39.5975,150
HKMS,09,27,3450,,,0,0,,,,,
HKMY,14,32,4265,,,0,0,,,,,
HKNK,14,32,5607,,Asphalt,0,0,,,,,
HKNL,03,21,3900,,Asphalt,0,0,,,,,
HKNV,18,36,3616,55,Asphalt,0,0,-0.7830,36.4341,-0.7929,36.4329,185
HKNW,07,25,4798,72,Asphalt,1,0,-1.3248,36.8063,-1.3203,36.8187,70
HKNW,14,32,5052,76,Asphalt,0,0,-1.3189,36.8119,-1.3285,36.8219,134
HKRE,06,24,7998,151,Asphalt,1,0,-1.2832,36.8531,-1.2713,36.8716,57
HKSB,12,30,2650,,,0,0,,,,,
HKUK,01,19,3851,,,0,0,,,,,
HKWJ,15,33,9193,104,Asphalt,0,0,1.7437,40.0846,1.7227,40.0986,146
HLAM,08,26,3452,82,Asphalt,0,0,29.4776,21.1145,29.4781,21.1253,87
HLAM,13,31,5700,95,Asphalt,0,0,29.4847,21.1158,29.4743,21.1291,132
HLAM,14,32,3324,79,Sand,0,0,29.4782,21.1202,29.4711,21.1267,141
HLBD,17,35,7495,155,Asphalt,0,0,28.5135,19.0012,28.4931,19.0044,172
HLFL,16,34,7051,148,Asphalt,1,0,28.8047,22.0781,28.7860,22.0838,165
HLGD,13,31,11807,148,Asphalt,0,0,31.0678,16.5898,31.0451,16.6169,134
HLGD,18,36,11807,148,Asphalt,0,0,31.0751,16.5949,31.0427,16.5953,180
HLGL,09,27,3302,73,Asphalt,0,0,28.6385,21.4380,28.6385,21.4483,90
HLGL,18,36,6575,100,Asphalt,1,0,28.6393,21.4378,28.6212,21.4379,180
HLGT,06,24,6643,98,Asphalt,0,0,25.1436,10.1388,25.1525,10.1562,61
HLGT,17,35,11811,148,Asphalt,1,0,25.1516,10.1417,25.1194,10.1470,172
HLKF,02L,20R,12007,100,Asphalt,1,0,24.1632,23.3082,24.1950,23.3176,15
HLKF,02R,20L,12007,148,Asphalt,1,0,24.1626,23.3104,24.1944,23.3198,15
HLLB,15L,33R,11732,148,Asphalt,1,0,32.1116,20.2615,32.0835,20.2802,151
HLLB,15R,33L,11731,148,Asphalt,1,0,32.1102,20.2587,32.0821,20.2774,151
HLLM,03,21,6000,148,Asphalt,0,1,32.8919,13.2731,32.9061,13.2828,30
HLLM,10,28,11155,148,Asphalt,1,0,32.8958,13.2704,32.8878,13.3049,103
HLLQ,03,21,6214,190,Asphalt,0,0,32.7806,21.9589,32.7954,21.9688,30
HLLQ,10,28,11824,148,Asphalt,0,0,32.7945,21.9341,32.7873,21.9716,103
HLLS,06,24,5596,98,Asphalt,0,1,26.9809,14.4603,26.9884,14.4753,61
HLLS,13,31,11778,148,Asphalt,1,0,27.0045,14.4514,26.9825,14.4780,133
HLMB,15,33,7220,100,Asphalt,0,0,30.3865,19.5701,30.3698,19.5828,146
HLMS,15,33,11155,148,Asphalt,0,0,32.3380,15.0508,32.3127,15.0712,144
HLNF,12,30,4985,110,Composite,0,0,30.5049,18.5171,30.4982,18.5309,120
HLNF,18,36,6295,98,Asphalt,0,0,30.5119,18.5273,30.4946,18.5276,179
HLNR,15,33,9910,148,Asphalt,0,0,29.2245,21.5837,29.2018,21.6010,146
HLON,13,31,5905,98,Asphalt,0,0,29.1154,15.9587,29.1048,15.9725,132
HLRA,12,30,6880,100,Asphalt,0,0,29.4783,17.9263,29.4668,17.9435,127
HLSA,16,34,7220,160,Asphalt,0,0,27.6721,22.5061,27.6527,22.5111,167
HLTD,01,19,6516,131,Asphalt,0,0,30.1359,9.7124,30.1536,9.7154,8
HLTD,06,24,11811,148,Asphalt,0,0,30.1386,9.6873,30.1536,9.7205,62
HLTQ,02,20,9895,150,Asphalt,0,0,31.8493,23.8938,31.8749,23.9047,20
HLTQ,09,27,9835,150,Asphalt,0,0,31.8546,23.8904,31.8553,23.9221,89
HLTQ,15,33,9865,150,Asphalt,0,0,31.8736,23.9036,31.8504,23.9199,149
HLWA,17,35,3815,54,Asphalt,0,0,28.3229,19.9268,28.3126,19.9290,169
HLWA,18,36,6918,94,Asphalt,0,0,28.3319,19.9299,28.3129,19.9302,179
HLZA,05,23,4505,65,Gravel,0,0,28.5878,17.2988,28.5962,17.3091,48
HLZA,12,30,7050,95,Asphalt,0,0,28.5945,17.2842,28.5853,17.3035,118
HLZG,15,33,5940,100,Asphalt,0,0,29.0130,20.7809,28.9994,20.7913,146
HLZU,06,24,5496,98,Asphalt,0,0,30.8649,20.0665,30.8734,20.0810,56
HLZU,17,35,5725,98,Asphalt,0,0,30.8806,20.0730,30.8652,20.0767,169
HLZW,06,24,5906,148,Asphalt,0,0,32.9482,12.0071,32.9564,12.0238,60
HRYG,01,19,3330,75,Asphalt,0,0,-1.6817,29.2581,-1.6727,29.2596,10
HRYI,09,27,4000,50,Asphalt,0,0,,,,,70
HRYR,10,28,11483,148,Asphalt,1,0,-1.9659,30.1239,-1.9713,30.1550,100
HRYU,14,32,4000,100,Grass,0,0,,,,,140
HRZA,02,20,4921,148,Asphalt,0,0,-2.4688,28.9060,-2.4557,28.9099,17
HSAK,17,35,3500,,,0,0,,,,,176
HSAT,01,19,8465,148,Asphalt,1,0,,,,,
HSCG,06,24,3281,,Sand,0,0,,,,,
HSCG,10,28,5561,,Sand,0,0,,,,,
HSDB,18,36,4595,100,graded earth,0,0,18.0204,30.9597,18.0078,30.9594,181
HSDL,18,36,6316,157,Dirt,0,0,,,,,
HSDN,17,35,9843,148,Asphalt,1,0,19.1674,30.4288,19.1404,30.4314,173
HSDZ,17,35,9020,148,Asphalt,1,0,11.7970,34.3347,11.7748,34.3386,170
HSFA,01,19,8202,147,Asphalt,0,0,,,,,
HSFS,05,23,9744,148,Asphalt,1,0,13.6067,25.3140,13.6234,25.3356,52
HSFS,18,36,5010,148,Gravel,0,0,13.6227,25.3355,13.6090,25.3346,184
HSGN,04,22,5305,,,0,0,,,,,
HSGN,11,29,6194,,,0,0,,,,,
HSKA,02,20,8202,148,Asphalt,1,0,15.3754,36.3238,15.3964,36.3325,22
HSLI,06,24,8375,175,Asphalt,0,0,11.1327,29.6907,11.1433,29.7115,63
HSMN,02,20,13186,197,Asphalt,1,0,18.4264,31.8361,18.4598,31.8512,
HSMR,02,20,4921,,,0,0,,,,,
HSNN,04,22,9880,148,Asphalt,1,0,12.0432,24.9470,12.0637,24.9653,41
HSOB,01,19,9843,148,Asphalt,1,0,13.1398,30.2307,13.1665,30.2348,8
HSPN,16,34,8202,148,Asphalt,1,0,19.4446,37.2315,19.4226,37.2367,165
HSSG,04,22,9829,148,Asphalt,0,0,,,,,
HSSK,18,36,9751,148,Asphalt,1,0,15.6030,32.5530,15.5760,32.5533,177
HSSM,04,22,6562,125,Asphalt,0,0,9.5525,31.6459,9.5654,31.6586,44
HSSW,06,24,6562,,Gravel,0,0,,,,,
HSWW,09,27,8202,148,Asphalt,0,0,,,,,
HTAR,09,27,5377,105,Asphalt,0,0,-3.3663,36.6183,-3.3670,36.6333,93
HTBU,13,31,4535,93,Asphalt,1,0,-1.3268,31.8140,-1.3340,31.8242,
HTDA,05,23,9843,151,Asphalt,1,0,-6.8829,39.1978,-6.8637,39.2170,45
HTDA,14,32,3280,98,Asphalt,0,0,-6.8736,39.1979,-6.8800,39.2043,135
HTDO,10,28,6700,98,Asphalt,0,0,-6.1702,35.7437,-6.1707,35.7614,91
HTGW,09,27,10925,148,Asphalt,0,0,,,,,
HTIR,02,20,5508,98,Asphalt,0,0,-7.6759,35.7504,-7.6613,35.7538,13
HTKA,16,34,5797,,,0,0,,,,,
HTKI,17,35,5906,,Grass,0,0,,,,,
HTKJ,09,27,11811,148,Asphalt,1,0,-3.4302,37.0583,-3.4288,37.0907,87
HTLI,03,21,5292,,Grass,0,0,,,,,
HTLI,10,28,4475,,Grass,0,0,,,,,
HTLI,16,34,5735,,Grass,0,0,,,,,
HTLM,12,30,4003,66,Asphalt,0,0,-3.3736,35.8134,-3.3790,35.8231,119
HTMA,15,33,5348,,Asphalt,0,0,,,,,
HTMB,13,31,4921,,,0,0,,,,,
HTMT,01,19,7410,98,Asphalt,0,0,-10.3492,40.1811,-10.3289,40.1825,4
HTMT,08,26,3815,98,Gravel,0,0,-10.3369,40.1773,-10.3351,40.1878,80
HTMU,18,36,5249,108,Hard,0,0,,,,,
HTMW,12,30,10212,148,Asphalt,1,0,-2.4382,32.9201,-2.4507,32.9452,116
HTPE,02,20,5003,98,Asphalt,1,0,-5.2636,39.8088,-5.2509,39.8140,22
HTSN,13,31,7480,,Gravel,0,0,,,,,
HTSU,07,25,,,,0,0,,,,,
HTSY,11,29,6785,,Gravel,0,0,,,,,
HTTB,08,26,4921,,Gravel,0,0,,,,,
HTTB,13,31,6234,,Asphalt,0,0,,,,,
HTTG,06,24,4160,102,Asphalt,1,0,-5.0951,39.0661,-5.0896,39.0762,62
HTZA,18,36,9915,148,Asphalt,1,0,-6.2110,39.2238,-6.2331,39.2260,174
HUAJ,09,27,3710,65,Gravel,0,0,3.3394,31.7596,3.3391,31.7698,92
HUAR,18,36,5600,,Unpaved,0,0,,,,,
HUEN,12,30,7900,150,Asphalt,0,0,0.0512,32.4391,0.0398,32.4579,121
HUEN,17,35,12000,150,Asphalt,1,0,0.0556,32.4359,0.0229,32.4411,171
HUGG,05,23,5055,,Gravel,0,0,,,,,
HUGU,17,35,10314,98,Asphalt,0,0,2.8190,32.2671,2.7921,32.2765,160
HUKJ,14,32,3630,81,Dirt,0,0,,,,,
HUKS,01,19,5151,,,0,0,,,,,
HUMA,11,29,5446,100,Gravel,0,0,-0.5537,30.5932,-0.5568,30.6052,104
HUPA,07,25,5774,98,Murram,0,0,,,,,
HUSO,05,23,6100,98,Asphalt,0,0,1.7224,33.6163,1.7329,33.6293,51
HUSO,09,27,2525,98,Gravel,0,1,1.7272,33.6140,1.7272,33.6212,91
KAAA,03,21,4000,70,Asphalt,1,0,40.1533,-89.3400,40.1623,-89.3317,35
KAAA,14,32,3021,135,Grass,0,0,40.1633,-89.3371,40.1566,-89.3308,144
KAAF,06,24,5271,150,Concrete,1,0,29.7225,-85.0372,29.7294,-85.0233,60
KAAF,14,32,5425,150,Concrete,1,0,29.7329,-85.0349,29.7225,-85.0230,135
KAAF,18,36,5251,150,Concrete,0,0,29.7364,-85.0231,29.7220,-85.0232,180
KAAO,18,36,6101,100,Concrete,1,0,37.7559,-97.2199,37.7393,-97.2224,187
KAAS,05,23,5004,75,Asphalt,1,0,37.3538,-85.3160,37.3627,-85.3028,50
KAAT,03,21,2506,60,Asphalt,1,0,41.4805,-120.5690,41.4861,-120.5610,46
KAAT,13,31,4228,50,Asphalt,1,0,41.4878,-120.5700,41.4778,-120.5620,148
KABE,06,24,7599,150,Asphalt,1,0,40.6470,-75.4506,40.6600,-75.4293,51
KABE,13,31,5800,150,Asphalt,1,0,40.6552,-75.4498,40.6465,-75.4322,123
KABI,04,22,3678,100,Asphalt,1,0,32.4196,-99.6948,32.4258,-99.6854,52
KABI,17L,35R,7198,150,Asphalt,1,0,32.4085,-99.6748,32.3887,-99.6747,180
KABI,17R,35L,7208,150,Asphalt,1,0,32.4281,-99.6849,32.4083,-99.6848,180
KABQ,03,21,10000,150,Concrete,0,0,35.0222,-106.6310,35.0417,-106.6070,45
KABQ,08,26,13793,150,Concrete,0,0,35.0443,-106.6220,35.0441,-106.5760,90
KABQ,12,30,6000,150,Concrete,0,0,35.0435,-106.6210,35.0332,-106.6050,129
KABQ,17,35,10000,150,ASPH-CONC-F,0,1,35.0577,-106.6110,35.0303,-106.6130,183
KABR,13,31,6901,100,Concrete,1,0,45.4552,-98.4280,45.4418,-98.4090,135
KABR,17,35,5500,100,Asphalt,1,0,45.4556,-98.4274,45.4405,-98.4273,180
KABY,05,23,6601,150,Asphalt,1,0,31.5296,-84.1997,31.5431,-84.1855,42
KABY,17,35,5200,150,Asphalt,1,0,31.5413,-84.1994,31.5277,-84.1942,162
KACB,02,20,5003,100,Asphalt,1,0,44.9820,-85.2012,44.9951,-85.1955,17
KACJ,05,23,6011,100,Asphalt,1,0,32.1044,-84.1955,32.1159,-84.1816,46
KACJ,10,28,3786,75,Asphalt,0,0,32.1119,-84.1955,32.1118,-84.1832,91
KACK,06,24,6303,150,Asphalt,1,0,41.2469,-70.0725,41.2592,-70.0563,45
KACK,12,30,2696,50,Asphalt,0,1,41.2528,-70.0622,41.2506,-70.0528,107
KACK,15,33,4500,100,Asphalt,1,0,41.2580,-70.0608,41.2502,-70.0505,135
KACP,18,36,5000,75,Asphalt,1,0,30.7574,-92.6884,30.7436,-92.6856,170
KACQ,15,33,3399,75,Asphalt,1,0,44.0777,-93.5558,44.0693,-93.5501,154
KACT,01,19,7107,150,Asphalt,1,0,31.6035,-97.2300,31.6211,-97.2247,14
KACT,14,32,5103,150,Asphalt,1,0,31.6171,-97.2389,31.6032,-97.2292,149
KACV,01,19,4501,150,Asphalt,1,0,40.9725,-124.1130,40.9832,-124.1050,30
KACV,14,32,6046,150,Asphalt,1,0,40.9857,-124.1130,40.9710,-124.1030,153
KACY,04,22,6145,150,Permeable,1,0,39.4497,-74.5852,39.4646,-74.5749,28
KACY,13,31,10001,150,Asphalt,1,0,39.4643,-74.5910,39.4514,-74.5597,118
KACZ,09,27,4153,75,Asphalt,1,0,34.7174,-78.0103,34.7184,-77.9970,85
KADC,16,34,4007,75,Asphalt,1,0,46.4555,-95.2133,46.4450,-95.2086,164
KADG,05,23,5001,100,Asphalt,1,0,41.8616,-84.0847,41.8709,-84.0712,47
KADG,11,29,1779,150,Grass,0,0,41.8723,-84.0786,41.8708,-84.0723,107
KADH,13,31,2717,50,Asphalt,0,0,34.8065,-96.6735,34.8005,-96.6662,135
KADH,18,36,6203,100,Asphalt,1,0,34.8133,-96.6720,34.7962,-96.6720,180
KADM,04,22,6761,150,Concrete,0,1,34.2933,-97.0234,34.3063,-97.0075,46
KADM,08,26,7225,150,Concrete,0,1,34.3060,-97.0232,34.3078,-96.9994,85
KADM,13,31,9002,150,Concrete,1,0,34.3113,-97.0251,34.2971,-97.0083,135
KADM,17,35,5404,100,Asphalt,0,0,34.3088,-97.0235,34.2950,-97.0236,180
KADS,16,34,7203,100,Asphalt,1,0,32.9778,-96.8405,32.9593,-96.8324,160
KADT,04,22,2400,100,Grass,0,0,39.8358,-101.0430,39.8408,-101.0370,41
KADT,17,35,5000,75,Asphalt,1,0,39.8482,-101.0440,39.8346,-101.0420,173
KADT,17CL,35CL,5000,75,Grass,0,1,39.8422,-101.0430,39.8356,-101.0420,174
KADU,14,32,3641,60,Concrete,1,0,41.7054,-94.9238,41.6972,-94.9169,148
KADW,01L,19R,11301,200,Concrete,1,0,38.7977,-76.8706,38.8233,-76.8707,360
KADW,01R,19L,9756,150,Permeable,1,0,38.7977,-76.8636,38.8245,-76.8637,360
KAEG,04,22,7398,100,Asphalt,1,0,35.1387,-106.8090,35.1528,-106.7910,46
KAEG,17,35,5983,100,Asphalt,1,0,35.1526,-106.7890,35.1361,-106.7890,180
KAEJ,15,33,8303,75,Asphalt,1,0,38.8250,-106.1250,38.8033,-106.1160,162
KAEL,05,23,2898,75,Asphalt,0,0,43.6791,-93.3714,43.6845,-93.3634,47
KAEL,17,35,5000,100,Asphalt,1,0,43.6874,-93.3689,43.6753,-93.3654,168
KAEX,14,32,9352,150,Concrete,1,0,31.3379,-92.5592,31.3171,-92.5416,144
KAEX,18,36,8503,150,Asphalt,1,0,31.3367,-92.5443,31.3177,-92.5478,189
KAFF,09,27,2493,75,Asphalt,0,0,38.9750,-104.8250,38.9744,-104.8170,95
KAFF,16C,34C,4501,75,Asphalt,0,0,38.9778,-104.8260,38.9656,-104.8230,170
KAFF,16L,34R,3513,75,Asphalt,0,0,38.9783,-104.8220,38.9689,-104.8200,171
KAFF,16R,34L,4500,40,Asphalt,0,0,38.9781,-104.8270,38.9658,-104.8240,170
KAFJ,09,27,5004,100,Asphalt,1,0,40.1359,-80.2991,40.1371,-80.2813,85
KAFK,05,23,2550,151,Grass,0,0,40.6033,-95.8715,40.6080,-95.8647,48
KAFK,15,33,4501,76,Concrete,1,0,40.6123,-95.8696,40.6015,-95.8618,152
KAFN,16,34,2982,134,Asphalt,1,0,42.8085,-72.0064,42.8016,-72.0006,148
KAFO,16,34,7025,75,Asphalt,1,0,42.7184,-110.9420,42.6991,-110.9420,180
KAFP,16,34,5498,100,Asphalt,1,0,35.0275,-80.0811,35.0138,-80.0732,155
KAFW,16L,34R,11000,150,CONC-GRVD,1,0,33.0016,-97.3207,32.9756,-97.3154,170
KAFW,16R,34L,11125,150,CONC-GRVD,1,0,32.9978,-97.3219,32.9754,-97.3174,170
KAGC,10,28,6501,150,Concrete,1,0,40.3543,-79.9411,40.3543,-79.9178,90
KAGC,13,31,3825,100,Concrete,1,0,40.3573,-79.9343,40.3521,-79.9224,120
KAGC,H1,H1,47,45,Concrete,0,0,,,,,
KAGO,18,36,5007,100,Asphalt,1,0,33.2343,-93.2167,33.2217,-93.2172,181
KAGR,05,23,8000,150,Asphalt,1,0,27.6409,-81.3515,27.6550,-81.3325,50
KAGR,14,32,5384,150,Asphalt,0,1,27.6611,-81.3508,27.6506,-81.3392,135
KAGS,08,26,6001,75,Asphalt,1,0,33.3660,-81.9692,33.3694,-81.9500,78
KAGS,17,35,8001,150,Asphalt,1,0,33.3824,-81.9708,33.3609,-81.9655,168
KAGZ,09,27,3500,60,Asphalt,1,0,43.0636,-98.3036,43.0631,-98.2906,93
KAGZ,14,32,2252,150,Grass,0,0,43.0639,-98.2969,43.0589,-98.2922,145
KAGZ,17,35,1912,100,Grass,0,1,43.0642,-98.2953,43.0589,-98.2953,180
KAHC,09,27,10000,150,Asphalt,1,0,40.2677,-120.1650,40.2646,-120.1400,99
KAHH,18,36,4002,75,Asphalt,1,0,45.2866,-92.3756,45.2757,-92.3752,178
KAHN,02,20,3995,100,Asphalt,1,0,33.9427,-83.3249,33.9530,-83.3202,21
KAHN,09,27,6122,100,Asphalt,1,0,33.9489,-83.3382,33.9494,-83.3200,88
KAHQ,02,20,4100,75,Concrete,1,0,41.2362,-96.5970,41.2465,-96.5910,24
KAHQ,13,31,3281,150,Grass,1,0,41.2428,-96.5991,41.2356,-96.5917,142
KAIA,08,26,6190,75,Asphalt,1,0,42.0587,-102.8200,42.0589,-102.7970,89
KAIA,12,30,9203,150,Asphalt,1,0,42.0600,-102.8190,42.0424,-102.7940,134
KAIA,17,35,6311,75,Asphalt,0,0,42.0594,-102.7950,42.0421,-102.7950,179
KAIB,05,23,5212,75,Asphalt,1,0,38.2355,-108.5710,38.2421,-108.5570,59
KAIB,11,29,4000,80,Gravel,0,0,38.2418,-108.5680,38.2356,-108.5570,124
KAID,12,30,5400,100,Asphalt,1,0,40.1119,-85.6229,40.1057,-85.6055,115
KAID,18,36,3399,75,Asphalt,1,0,40.1130,-85.6111,40.1036,-85.6111,180
KAIG,09,27,3400,75,Asphalt,1,0,45.1534,-89.1200,45.1546,-89.1070,83
KAIG,17,35,4010,75,Asphalt,1,0,45.1596,-89.1105,45.1491,-89.1061,164
KAIK,01,19,3800,75,Asphalt,0,0,33.6435,-81.6809,33.6540,-81.6808,0
KAIK,07,25,5500,100,Asphalt,0,0,33.6461,-81.6958,33.6536,-81.6801,60
KAIO,02,20,5000,75,CONC-E,0,0,41.3952,-95.0541,41.4079,-95.0473,22
KAIO,12,30,3132,75,Asphalt,1,0,41.4110,-95.0528,41.4052,-95.0409,123
KAIO,17,35,1895,185,Grass,0,1,41.4098,-95.0486,41.4046,-95.0486,180
KAIT,08,26,3123,140,Grass,0,0,46.5452,-93.6876,46.5455,-93.6741,88
KAIT,16,34,4000,75,Asphalt,1,0,46.5560,-93.6765,46.5454,-93.6722,164
KAIV,06,24,5001,80,Asphalt,1,0,33.1032,-88.2049,33.1097,-88.1907,62
KAIZ,04,22,6497,100,Asphalt,1,0,38.0889,-92.5563,38.1031,-92.5427,37
KAJG,04,22,4000,100,Asphalt,1,0,38.6020,-87.7299,38.6104,-87.7208,41
KAJG,13,31,4500,75,Asphalt,1,0,38.6109,-87.7339,38.6028,-87.7220,131
KAJO,07,25,3200,60,Asphalt,1,0,33.8979,-117.6080,33.8977,-117.5970,91
KAJR,06,24,5503,100,Asphalt,1,0,34.4958,-83.5644,34.5040,-83.5490,57
KAJZ,03,21,5598,75,Asphalt,1,0,38.7807,-108.0700,38.7921,-108.0570,42
KAKH,03,21,3769,100,Asphalt,1,0,35.1981,-81.1529,35.2072,-81.1469,28
KAKO,11,29,7001,100,Asphalt,1,0,40.1803,-103.2330,40.1709,-103.2110,119
KAKQ,03,21,4337,75,Asphalt,1,0,36.9815,-77.0033,36.9929,-76.9990,17
KAKR,01,19,2336,100,Asphalt,1,1,41.0345,-81.4649,41.0410,-81.4648,1
KAKR,07,25,6336,150,Asphalt,1,0,41.0333,-81.4778,41.0415,-81.4576,62
KALB,01,19,8500,150,Asphalt,1,0,42.7372,-73.8043,42.7569,-73.8051,358
KALB,10,28,7200,150,Asphalt,1,0,42.7492,-73.8121,42.7498,-73.7853,88
KALI,08,26,4171,130,Asphalt,0,1,27.7449,-98.0331,27.7450,-98.0202,89
KALI,13,31,5997,100,Asphalt,1,0,27.7453,-98.0339,27.7338,-98.0207,134
KALI,17,35,4490,100,Asphalt,1,0,27.7451,-98.0268,27.7328,-98.0267,179
KALM,04,22,9207,150,Asphalt,1,0,32.8332,-105.9990,32.8467,-105.9820,46
KALM,16,34,3512,200,Gravel,0,1,32.8486,-105.9860,32.8389,-105.9850,173
KALN,11,29,8099,150,Asphalt,1,0,38.8952,-90.0550,38.8864,-90.0288,113
KALN,17,35,6500,100,Asphalt,1,0,38.8985,-90.0525,38.8807,-90.0499,173
KALO,06,24,5403,129,Asphalt,0,1,42.5506,-92.4078,42.5562,-92.3892,68
KALO,12,30,8399,150,Asphalt,1,0,42.5660,-92.4120,42.5519,-92.3873,128
KALO,18,36,6003,150,Asphalt,1,0,42.5659,-92.4015,42.5496,-92.4045,188
KALS,02,20,8521,100,Asphalt,1,0,37.4252,-105.8760,37.4451,-105.8600,32
KALS,06,24,3200,100,Gravel,0,1,37.4334,-105.8680,37.4355,-105.8580,76
KALW,02,20,6527,150,Asphalt,1,0,46.0853,-118.2920,46.0998,-118.2770,36
KALW,07,25,4486,150,Permeable,0,1,46.0990,-118.2970,46.0991,-118.2800,90
KALW,16,34,5948,150,Permeable,0,1,46.1022,-118.2950,46.0859,-118.2950,180
KALX,18,36,5422,96,Asphalt,1,0,32.9222,-85.9633,32.9073,-85.9626,178
KAMA,04,22,13502,200,Concrete,1,0,35.2051,-101.7330,35.2309,-101.7000,46
KAMA,13,31,7901,150,Concrete,1,0,35.2297,-101.6970,35.2137,-101.6790,138
KAMG,15,33,5000,100,Asphalt,1,0,31.5421,-82.5105,31.5301,-82.5026,151
KAMN,09,27,5004,75,Asphalt,1,0,43.3230,-84.6960,43.3230,-84.6772,90
KAMN,18,36,3198,75,Asphalt,1,0,43.3252,-84.6900,43.3164,-84.6900,180
KAMT,05,23,3558,65,Asphalt,1,0,38.8478,-83.5709,38.8551,-83.5616,45
KAMW,01,19,5701,100,Asphalt,1,0,41.9827,-93.6248,41.9977,-93.6188,17
KAMW,13,31,3491,75,Asphalt,1,0,41.9985,-93.6264,41.9916,-93.6175,136
KANB,05,23,7002,150,Asphalt,1,0,33.5818,-85.8667,33.5945,-85.8495,48
KAND,05,23,6002,149,Asphalt,1,0,34.4886,-82.7159,34.5001,-82.7016,46
KAND,17,35,4996,149,Asphalt,0,0,34.5015,-82.7121,34.4882,-82.7081,166
KANE,09,27,5000,100,Asphalt,1,0,45.1448,-93.2201,45.1447,-93.2046,92
KANE,18,36,4855,100,Asphalt,1,0,45.1517,-93.2099,45.1384,-93.2101,182
KANJ,14,32,5234,100,Asphalt,1,0,46.4844,-84.3756,46.4741,-84.3612,136
KANK,06,24,7351,75,Asphalt,1,0,38.5349,-106.0610,38.5416,-106.0370,71
KANP,12,30,2505,48,Asphalt,1,0,38.9439,-76.5726,38.9418,-76.5642,108
KANQ,05,23,4540,75,Asphalt,1,0,41.6355,-85.0895,41.6439,-85.0774,47
KANW,13,31,5501,75,Asphalt,0,0,42.5875,-99.9959,42.5770,-99.9813,134
KANW,17,35,6824,110,Asphalt,1,0,42.5861,-99.9967,42.5674,-99.9964,179
KANY,10,28,2212,60,Grass,0,0,37.1589,-98.0843,37.1574,-98.0769,104
KANY,17,35,3598,70,Asphalt,1,0,37.1637,-98.0790,37.1538,-98.0791,180
KAOC,6,24,4801,75,Asphalt,1,0,43.6005,-113.3460,43.6066,-113.3230,70
KAOH,10,28,6000,150,Asphalt,1,0,40.7069,-84.0359,40.7069,-84.0174,90
KAOH,14,32,3994,150,Composite,0,1,40.7141,-84.0313,40.7063,-84.0212,135
KAOO,03,21,5465,100,Asphalt,1,0,40.2887,-78.3231,40.3031,-78.3177,16
KAOO,12,30,3668,75,Asphalt,1,0,40.2986,-78.3256,40.2954,-78.3132,108
KAOV,13,31,3634,50,Asphalt,1,0,36.9756,-92.6862,36.9682,-92.6777,137
KAPA,10,28,4800,75,Asphalt,1,0,39.5729,-104.8480,39.5682,-104.8320,111
KAPA,17L,35R,10001,100,Asphalt,1,0,39.5841,-104.8510,39.5567,-104.8500,178
KAPA,17R,35L,7001,75,Asphalt,1,0,39.5790,-104.8540,39.5598,-104.8530,178
KAPC,01L,19R,5930,150,Asphalt,1,0,38.2080,-122.2853,38.2232,-122.2780,6
KAPC,01R,19L,2510,75,Asphalt,0,0,38.2121,-122.2814,38.2185,-122.2783,6
KAPC,6,24,5008,150,Concrete,1,0,38.2077,-122.2885,38.2109,-122.2715,77
KAPF,05,23,6600,150,Asphalt,1,0,26.1472,-81.7814,26.1576,-81.7701,44
KAPF,14,32,5001,100,Asphalt,1,0,26.1576,-81.7803,26.1480,-81.7693,134
KAPF,NE,SW,1850,100,Turf,0,0,26.1486,-81.7805,26.1523,-81.7766,44
KAPG,04,22,7998,200,Asphalt,1,0,39.4558,-76.1750,39.4751,-76.1615,28
KAPG,08,26,4849,149,Asphalt,0,1,39.4681,-76.1741,39.4723,-76.1578,71
KAPG,17,35,5004,149,Asphalt,0,1,39.4701,-76.1752,39.4571,-76.1696,161
KAPH,05,23,2202,100,Grass,0,0,38.0667,-77.3216,38.0711,-77.3164,43
KAPN,01,19,9001,150,Concrete,1,0,45.0649,-83.5614,45.0896,-83.5615,360
KAPN,07,25,5028,100,Concrete,1,0,45.0760,-83.5667,45.0830,-83.5499,60
KAPT,04,22,3498,75,Asphalt,1,0,35.0569,-85.5889,35.0645,-85.5817,38
KAPV,08,26,4100,60,Asphalt,1,0,34.5696,-117.1940,34.5696,-117.1800,90
KAPV,18,36,6498,150,Asphalt,1,0,34.5875,-117.1830,34.5704,-117.1890,196
KAPY,12,30,5000,60,Asphalt,1,0,26.9732,-99.2548,26.9644,-99.2430,129
KAQO,13,31,3209,150,Grass,0,0,30.7888,-98.6614,30.7822,-98.6545,138
KAQO,17,35,4202,75,Asphalt,1,0,30.7895,-98.6621,30.7780,-98.6619,179
KAQP,04,22,2770,157,Grass,0,0,45.2253,-96.0089,45.2306,-96.0016,44
KAQP,13,31,3500,75,Asphalt,1,0,45.2303,-96.0086,45.2234,-95.9990,136
KAQR,18,36,3015,60,Asphalt,1,0,34.4025,-96.1480,34.3942,-96.1482,181
KAQW,11,29,4300,100,Asphalt,1,0,42.6978,-73.1778,42.6939,-73.1628,109
KAQX,17,35,4990,75,Asphalt,1,0,33.0017,-81.2727,32.9886,-81.2677,162
KARA,16,34,8002,200,Concrete,1,0,30.0485,-91.8866,30.0270,-91.8812,168
KARA,16W,34W,5000,150,Water,0,0,,,,,
KARB,06,24,3505,75,Concrete,1,0,42.2202,-83.7501,42.2258,-83.7396,55
KARB,12,30,2750,110,Grass,0,1,42.2250,-83.7509,42.2209,-83.7422,122
KARG,04,22,6001,150,Concrete,1,0,36.1136,-90.9337,36.1252,-90.9193,45
KARG,13,31,5003,150,Concrete,0,0,36.1346,-90.9313,36.1249,-90.9193,135
KARG,18,36,5001,150,Concrete,1,0,36.1327,-90.9233,36.1190,-90.9233,180
KARM,14,32,5004,75,Asphalt,1,0,29.2603,-96.1582,29.2483,-96.1506,151
KARR,09,27,6501,100,Concrete,1,0,41.7702,-88.4854,41.7704,-88.4615,89
KARR,15,33,5503,100,Concrete,1,0,41.7800,-88.4862,41.7674,-88.4751,147
KARR,18,36,3198,75,Asphalt,1,0,41.7766,-88.4716,41.7678,-88.4716,180
KART,07,25,4999,150,Asphalt,1,0,43.9878,-76.0299,43.9960,-76.0147,53
KART,10,28,7001,150,Asphalt,1,0,43.9923,-76.0307,43.9916,-76.0117,93
KARV,10,28,3602,75,Asphalt,1,0,45.9249,-89.7352,45.9231,-89.7213,101
KARV,18,36,5150,100,Asphalt,1,0,45.9377,-89.7330,45.9236,-89.7327,179
KARW,07,25,3434,75,Asphalt,1,0,32.4098,-80.6392,32.4145,-80.6295,60
KASD,18,36,5002,100,Asphalt,1,0,30.3506,-89.8208,30.3395,-89.8207,180
KASE,15,33,8006,100,Asphalt,1,0,39.2322,-106.8732,39.2116,-106.8633,160
KASG,18,36,5302,76,Asphalt,1,0,36.1836,-94.1181,36.1692,-94.1204,187
KASH,14,32,6000,100,Asphalt,1,0,42.7858,-71.5234,42.7777,-71.5061,123
KASJ,01,19,4501,75,Asphalt,1,0,36.2913,-77.1709,36.3037,-77.1706,1
KASL,02,20,3299,60,Asphalt,0,0,32.5177,-94.3098,32.5261,-94.3058,22
KASL,15,33,5002,100,Asphalt,1,0,32.5259,-94.3110,32.5133,-94.3046,157
KASN,04,22,6032,100,Asphalt,1,0,33.5632,-86.0566,33.5766,-86.0452,35
KAST,08,26,5794,100,Asphalt,1,0,46.1598,-123.8900,46.1583,-123.8670,95
KAST,14,32,4467,100,Asphalt,1,0,46.1629,-123.8830,46.1506,-123.8750,154
KASW,09,27,6001,100,Asphalt,1,0,41.2724,-85.8462,41.2727,-85.8244,89
KASW,18,36,4021,75,Asphalt,1,0,41.2834,-85.8473,41.2724,-85.8471,179
KASX,02,20,5197,100,Asphalt,1,0,46.5406,-90.9247,46.5539,-90.9173,21
KASX,13,31,3498,75,Asphalt,1,0,46.5536,-90.9213,46.5474,-90.9107,131
KASY,08,26,2825,150,Grass,0,1,46.0267,-99.3552,46.0267,-99.3441,90
KASY,15,33,4364,60,Asphalt,1,0,46.0284,-99.3570,46.0181,-99.3487,151
KATA,05,23,3800,60,Asphalt,1,0,33.0996,-94.1997,33.1060,-94.1899,52
KATA,15,33,2264,75,Grass,0,0,33.1049,-94.1970,33.0987,-94.1937,156
KATL,08L,26R,9000,150,Concrete,1,0,33.6495,-84.4390,33.6495,-84.4095,90
KATL,08R,26L,9999,150,Concrete,1,0,33.6468,-84.4384,33.6468,-84.4055,90
KATL,09L,27R,12390,150,Concrete,1,0,33.6347,-84.4480,33.6347,-84.4089,90
KATL,09R,27L,9000,150,Concrete,1,0,33.6318,-84.4480,33.6318,-84.4184,90
KATL,10,28,9000,150,Concrete,1,0,33.6203,-84.4479,33.6203,-84.4183,90
KATS,04,22,6800,150,Asphalt,1,0,32.8460,-104.4750,32.8583,-104.4610,45
KATS,13,31,6132,100,Asphalt,1,0,32.8582,-104.4740,32.8477,-104.4610,135
KATW,03,21,8003,150,Concrete,1,0,44.2489,-88.5262,44.2686,-88.5127,26
KATW,12,30,6502,150,Concrete,1,0,44.2612,-88.5297,44.2533,-88.5074,116
KATY,12,30,6898,100,Asphalt,1,0,44.9222,-97.1693,44.9115,-97.1474,125
KATY,17,35,6893,100,Asphalt,1,0,44.9206,-97.1510,44.9017,-97.1512,180
KAUG,08,26,2613,75,Asphalt,1,0,44.3173,-69.7981,44.3207,-69.7890,62
KAUG,17,35,5002,100,Asphalt,1,0,44.3277,-69.8037,44.3154,-69.7950,153
KAUH,16,34,4301,75,Asphalt,1,0,40.8999,-97.9961,40.8883,-97.9930,169
KAUM,17,35,5800,100,Concrete,0,0,43.6705,-92.9344,43.6548,-92.9314,172
KAUN,07,25,3700,75,Asphalt,1,0,38.9543,-121.0880,38.9553,-121.0750,84
KAUO,11,29,4000,75,Asphalt,1,0,32.6196,-85.4373,32.6163,-85.4249,107
KAUO,18,36,5264,100,Asphalt,1,0,32.6202,-85.4360,32.6057,-85.4363,181
KAUS,18L,36R,9000,150,Concrete,1,0,30.2038,-97.6579,30.1791,-97.6572,179
KAUS,18R,36L,12250,150,Concrete,1,0,30.2136,-97.6794,30.1799,-97.6785,179
KAUW,04,22,3085,100,Asphalt,1,0,44.9227,-89.6246,44.9288,-89.6163,43
KAUW,12,30,4950,100,Asphalt,1,0,44.9302,-89.6384,44.9224,-89.6227,125
KAUW,12W,30W,8000,300,Water,0,0,,,,,
KAVC,01,19,5002,75,Asphalt,1,0,36.6814,-78.0541,36.6951,-78.0548,358
KAVK,09,27,1390,170,Gravel,0,0,36.7694,-98.6750,36.7694,-98.6686,90
KAVK,18,36,5001,75,Asphalt,1,0,36.7807,-98.6690,36.7691,-98.6691,180
KAVL,17,35,8002,150,Asphalt,1,0,35.4465,-82.5464,35.4259,-82.5372,160
KAVO,05,23,5374,100,Asphalt,1,0,27.5845,-81.5351,27.5949,-81.5233,45
KAVO,10,28,3844,75,Asphalt,0,0,27.5936,-81.5345,27.5935,-81.5227,90
KAVP,04,22,7502,150,Asphalt,1,0,41.3287,-75.7315,41.3460,-75.7168,33
KAVP,10,28,4300,150,Asphalt,1,0,41.3406,-75.7299,41.3403,-75.7142,92
KAVQ,03,21,3892,75,Asphalt,1,0,32.4034,-111.2230,32.4109,-111.2140,46
KAVQ,12,30,6901,100,Asphalt,1,0,32.4177,-111.2260,32.4041,-111.2110,136
KAVX,04,22,3000,75,Asphalt,1,0,33.4024,-118.4200,33.4073,-118.4120,54
KAWG,13,31,3401,60,Concrete,1,0,41.2794,-91.6778,41.2729,-91.6691,135
KAWG,18,36,4000,75,Concrete,1,0,41.2796,-91.6763,41.2686,-91.6771,183
KAWM,17,35,6003,100,Concrete,1,0,35.1433,-90.2344,35.1268,-90.2345,181
KAWO,11,29,3498,75,Asphalt,1,0,48.1617,-122.1690,48.1559,-122.1570,127
KAWO,16,34,5332,100,Asphalt,1,0,48.1693,-122.1570,48.1547,-122.1560,179
KAXA,12,30,3960,75,Concrete,1,0,43.0815,-94.2784,43.0743,-94.2673,132
KAXA,18,36,2895,160,Grass,0,0,43.0822,-94.2700,43.0744,-94.2714,188
KAXH,09,27,5002,100,Asphalt,1,0,29.5066,-95.4848,29.5056,-95.4691,94
KAXN,04,22,4098,75,Asphalt,1,0,45.8626,-95.3997,45.8699,-95.3875,49
KAXN,13,31,5099,100,Asphalt,1,0,45.8716,-95.4021,45.8610,-95.3890,139
KAXQ,06,24,5003,75,Asphalt,1,0,41.2218,-79.4463,41.2298,-79.4358,45
KAXS,17,35,5501,75,Concrete,1,0,34.7063,-99.3381,34.6912,-99.3381,180
KAXV,08,26,5500,100,Asphalt,1,0,40.4918,-84.3077,40.4950,-84.2902,77
KAXV,18,36,2685,80,Grass,0,1,40.4959,-84.3030,40.4887,-84.3030,180
KAXX,17,35,8900,100,Asphalt,1,0,36.4342,-105.2890,36.4098,-105.2900,182
KAYS,01,19,5992,100,Asphalt,1,0,31.2390,-82.3981,31.2554,-82.3984,359
KAYS,05,23,5044,100,Asphalt,0,0,31.2432,-82.3998,31.2535,-82.3889,42
KAYS,13,31,3554,75,Asphalt,0,0,31.2535,-82.3964,31.2475,-82.3876,128
KAYX,03,21,6000,150,Asphalt,1,0,35.3854,-86.0909,35.3997,-86.0808,30
KAZC,02,20,5099,60,Asphalt,0,0,36.9536,-113.0170,36.9660,-113.0090,28
KAZC,11,29,6300,75,Asphalt,1,0,36.9647,-113.0240,36.9554,-113.0060,123
KAZE,14,32,4508,75,Asphalt,1,0,31.8895,-82.6520,31.8799,-82.6428,141
KAZO,05,23,3438,100,Asphalt,1,0,42.2348,-85.5581,42.2415,-85.5491,45
KAZO,09,27,2800,60,Asphalt,1,0,42.2339,-85.5581,42.2339,-85.5478,90
KAZO,17,35,6502,150,Asphalt,1,0,42.2425,-85.5520,42.2248,-85.5483,171
KBAB,15,33,12001,300,Concrete,1,0,39.1517,-121.4430,39.1205,-121.4300,161
KBAD,15,33,11758,299,Permeable,1,0,32.5161,-93.6718,32.4878,-93.6535,151
KBAF,02,20,9000,150,Asphalt,1,0,42.1453,-72.7188,42.1696,-72.7129,10
KBAF,15,33,5000,75,Asphalt,1,0,42.1635,-72.7211,42.1529,-72.7093,140
KBAK,05,23,6401,150,Asphalt,1,0,39.2552,-85.9049,39.2677,-85.8889,45
KBAK,14,32,5000,100,Asphalt,1,0,39.2674,-85.9019,39.2577,-85.8894,135
KBAM,04,22,7300,150,Asphalt,1,0,40.5938,-116.8850,40.6070,-116.8650,49
KBAM,13,31,7299,100,Asphalt,1,0,40.6053,-116.8820,40.5901,-116.8650,139
KBAX,04,22,3495,75,Asphalt,1,0,43.7786,-82.9891,43.7871,-82.9828,28
KBAX,17,35,5000,75,Asphalt,1,0,43.7850,-82.9876,43.7718,-82.9826,165
KBAZ,13,31,6503,100,Asphalt,1,0,29.7121,-98.0466,29.7016,-98.0348,136
KBAZ,17,35,5364,100,Asphalt,1,0,29.7095,-98.0436,29.6948,-98.0438,181
KBBB,14,32,4000,75,Asphalt,1,0,45.3363,-95.6552,45.3275,-95.6459,144
KBBD,08,26,3520,110,Grass,0,1,31.1800,-99.3286,31.1798,-99.3174,91
KBBD,17,35,4605,75,Asphalt,1,0,31.1853,-99.3246,31.1726,-99.3247,180
KBBG,14,32,7140,150,Concrete,1,0,36.5401,-93.2075,36.5240,-93.1936,145
KBBP,07,25,5003,74,Asphalt,1,0,34.6180,-79.7413,34.6255,-79.7274,57
KBBW,14,32,4203,75,Concrete,1,0,41.4414,-99.6462,41.4315,-99.6382,149
KBCB,08,26,2850,150,Asphalt,0,1,37.2049,-80.4149,37.2075,-80.4061,71
KBCB,13,31,5501,100,Asphalt,1,0,37.2105,-80.4148,37.2048,-80.4009,117
KBCE,03,21,7395,75,Asphalt,1,0,37.6994,-112.1550,37.7134,-112.1360,47
KBCK,08,26,4601,75,Asphalt,1,0,44.2497,-90.8639,44.2518,-90.8466,80
KBCT,05,23,6276,150,Asphalt,1,0,26.3723,-80.1144,26.3847,-80.1010,44
KBDE,12,30,5498,100,Asphalt,1,0,48.7323,-94.6220,48.7246,-94.6024,121
KBDE,13W,31W,6000,120,Water,0,0,,,,,
KBDG,17,35,5781,75,Asphalt,1,0,37.5913,-109.4830,37.5754,-109.4830,180
KBDH,03,21,2980,250,Turf,0,0,45.1124,-95.1272,45.1191,-95.1205,35
KBDH,13,31,5500,100,Asphalt,1,0,45.1225,-95.1405,45.1129,-95.1241,130
KBDJ,05,23,3821,165,Turf,0,0,46.1322,-89.6549,46.1394,-89.6441,
KBDJ,16,34,3214,160,Turf,0,0,46.1416,-89.6472,46.1333,-89.6432,
KBDL,06,24,9510,200,Asphalt,1,0,41.9320,-72.6966,41.9507,-72.6721,44
KBDL,1,19,5145,100,Asphalt,0,1,41.9313,-72.6796,41.9454,-72.6799,359
KBDL,15,33,6847,150,Asphalt,1,0,41.9424,-72.6933,41.9293,-72.6753,135
KBDN,17,35,5201,75,Asphalt,0,0,44.1017,-121.2000,44.0874,-121.2000,180
KBDQ,09,27,3998,75,Asphalt,1,0,35.1334,-92.7201,35.1334,-92.7069,90
KBDR,06,24,4677,100,Asphalt,1,0,41.1570,-73.1320,41.1661,-73.1199,45
KBDR,11,29,4759,150,Asphalt,1,0,41.1662,-73.1350,41.1645,-73.1178,98
KBDR,17,35,3200,150,Asphalt,0,1,41.1706,-73.1281,41.1617,-73.1244,163
KBDU,08,26,4100,75,Asphalt,0,0,40.0391,-105.2330,40.0391,-105.2190,
KBDU,08G,26G,4100,20,ASPH-TURF-F,0,0,,,,,
KBEA,12,30,4553,75,Asphalt,1,0,28.3660,-97.7964,28.3578,-97.7857,131
KBEA,18,36,2251,60,Grass,0,0,28.3721,-97.7929,28.3653,-97.7942,189
KBEC,01,19,8001,100,Concrete,1,0,37.6837,-97.2175,37.7053,-97.2125,11
KBED,05,23,5107,150,Asphalt,1,0,42.4634,-71.2969,42.4746,-71.2854,37
KBED,11,29,7011,150,Asphalt,1,0,42.4718,-71.3004,42.4694,-71.2746,98
KBEH,10,28,6006,100,Asphalt,1,0,42.1279,-86.4368,42.1278,-86.4180,90
KBEH,14,32,3205,60,Asphalt,1,0,42.1327,-86.4338,42.1260,-86.4237,132
KBEH,18,36,2498,100,Asphalt,1,1,42.1327,-86.4303,42.1258,-86.4303,180
KBFA,17,35,5187,100,Asphalt,1,0,45.1728,-84.9259,45.1588,-84.9222,169
KBFD,05,23,4499,100,Asphalt,1,0,41.7980,-78.6450,41.8069,-78.6335,44
KBFD,14,32,6307,150,Asphalt,1,0,41.8093,-78.6488,41.7973,-78.6321,134
KBFE,02,20,5218,75,Asphalt,1,0,33.1658,-102.1970,33.1787,-102.1890,26
KBFE,13,31,2765,75,Asphalt,0,0,33.1776,-102.1960,33.1722,-102.1890,135
KBFF,05,23,8002,150,Asphalt,1,0,41.8698,-103.6110,41.8780,-103.5830,68
KBFF,12,30,8279,150,Asphalt,1,0,41.8823,-103.6050,41.8661,-103.5840,136
KBFI,14L,32R,3709,100,Asphalt,1,0,47.5380,-122.3075,47.5292,-122.3000,140
KBFI,14R,32L,10007,200,Asphalt,1,0,47.5405,-122.3114,47.5167,-122.2913,140
KBFK,17,35,4000,60,Asphalt,1,0,36.8692,-99.6186,36.8581,-99.6186,180
KBFL,12L,30R,10849,150,Asphalt,1,0,35.4463,-119.0710,35.4251,-119.0460,135
KBFL,12R,30L,7700,100,Asphalt,1,0,35.4309,-119.0560,35.4237,-119.0470,136
KBFM,14,32,9618,150,Permeable,1,0,30.6331,-88.0799,30.6132,-88.0598,139
KBFM,18,36,7800,150,Permeable,1,0,30.6420,-88.0659,30.6206,-88.0659,180
KBFR,06,24,3089,70,Asphalt,0,0,38.8354,-86.4481,38.8399,-86.4390,58
KBFR,13,31,4501,100,Asphalt,1,0,38.8456,-86.4527,38.8378,-86.4405,129
KBGD,03,21,3897,100,Asphalt,1,0,35.6960,-101.3980,35.7042,-101.3900,40
KBGD,17,35,6299,100,Asphalt,1,0,35.7100,-101.3940,35.6927,-101.3930,178
KBGE,05L,23R,5000,150,Asphalt,0,1,,,,,50
KBGE,05R,23L,4500,150,Asphalt,0,1,,,,,50
KBGE,09,27,5502,149,Asphalt,1,0,30.9728,-84.6433,30.9729,-84.6257,90
KBGE,09R,27L,5100,150,Asphalt,0,1,,,,,90
KBGE,14,32,5003,100,Asphalt,0,0,30.9754,-84.6449,30.9651,-84.6343,139
KBGF,18,36,5003,75,Asphalt,1,0,35.1844,-86.0659,35.1707,-86.0664,182
KBGM,10,28,5001,150,Asphalt,1,0,42.2051,-75.9889,42.2059,-75.9705,87
KBGM,16,34,7305,150,Asphalt,1,0,42.2192,-75.9868,42.2027,-75.9731,148
KBGR,15,33,11440,200,Asphalt,1,0,44.8184,-68.8439,44.7965,-68.8123,134
KBHB,04,22,5200,100,Asphalt,1,0,44.4439,-68.3673,44.4568,-68.3590,25
KBHB,11,29,3599,150,Grass,0,1,44.4464,-68.3694,44.4468,-68.3557,88
KBHB,17,35,3363,75,Asphalt,0,0,44.4527,-68.3625,44.4447,-68.3562,151
KBHC,08,26,5003,75,Asphalt,1,0,31.7120,-82.4016,31.7156,-82.3860,75
KBHK,13,31,5904,75,Asphalt,1,0,46.3526,-104.2660,46.3427,-104.2530,138
KBHM,06,24,12007,150,Asphalt,1,0,33.5548,-86.7716,33.5704,-86.7445,55
KBHM,18,36,7099,150,Asphalt,1,0,33.5732,-86.7472,33.5537,-86.7472,180
KBID,10,28,2502,100,Asphalt,0,0,41.1677,-71.5824,41.1685,-71.5733,84
KBIE,14,32,4401,75,Asphalt,1,0,40.3050,-96.7595,40.2954,-96.7501,143
KBIE,18,36,5602,100,Permeable,1,0,40.3098,-96.7536,40.2944,-96.7535,180
KBIF,04,22,13554,150,Permeable,1,0,31.8361,-106.3950,31.8630,-106.3650,44
KBIH,08,26,5567,100,Asphalt,1,0,37.3736,-118.3740,37.3735,-118.3550,90
KBIH,12,30,7498,100,Asphalt,1,0,37.3801,-118.3730,37.3655,-118.3550,136
KBIH,17,35,5600,100,Asphalt,1,0,37.3807,-118.3620,37.3654,-118.3620,181
KBIJ,05,23,5494,98,Asphalt,1,0,31.3926,-84.9015,31.4024,-84.8881,50
KBIL,07,25,5501,75,Asphalt,1,0,45.8077,-108.5580,45.8093,-108.5370,84
KBIL,10L,28R,10518,150,Asphalt,1,0,45.8127,-108.5550,45.8021,-108.5170,112
KBIL,10R,28L,3800,75,Asphalt,1,0,45.8092,-108.5630,45.8053,-108.5490,112
KBIS,03,21,6600,100,Asphalt,1,0,46.7626,-100.7480,46.7767,-100.7320,39
KBIS,13,31,8794,150,Asphalt,1,0,46.7840,-100.7620,46.7662,-100.7380,138
KBIV,08,26,6002,100,Asphalt,1,0,42.7413,-86.1188,42.7444,-86.0959,80
KBIX,04,22,7630,150,Permeable,1,0,30.4019,-88.9314,30.4190,-88.9174,35
KBJC,03,21,3600,75,Asphalt,1,0,39.9059,-105.1180,39.9140,-105.1110,34
KBJC,12L,30R,9000,100,Asphalt,1,0,39.9153,-105.1280,39.9014,-105.1020,124
KBJC,12R,30L,7002,75,Asphalt,1,0,39.9142,-105.1320,39.9034,-105.1110,124
KBJI,07,25,5700,150,Asphalt,1,0,47.5069,-94.9451,47.5112,-94.9229,74
KBJI,13,31,7004,150,Asphalt,1,0,47.5160,-94.9430,47.5034,-94.9238,134
KBJJ,10,28,5190,100,Asphalt,1,0,40.8748,-81.8976,40.8748,-81.8789,90
KBKD,04,22,2398,50,Asphalt,0,0,32.7167,-98.8946,32.7214,-98.8891,45
KBKD,13,31,2401,50,Asphalt,0,0,32.7206,-98.8955,32.7160,-98.8899,135
KBKD,17,35,5002,100,Asphalt,1,0,32.7246,-98.8910,32.7109,-98.8909,180
KBKE,08,26,3670,140,Asphalt,0,0,44.8370,-117.8150,44.8357,-117.7990,97
KBKE,13,31,5084,100,Asphalt,1,0,44.8423,-117.8130,44.8313,-117.8010,142
KBKE,17,35,4359,75,Asphalt,0,0,44.8448,-117.8130,44.8329,-117.8130,181
KBKF,14,32,11006,150,Permeable,1,0,39.7150,-104.7610,39.6885,-104.7430,151
KBKL,06L,24R,6604,150,Asphalt,1,0,41.5139,-81.6927,41.5229,-81.6735,58
KBKL,06R,24L,5197,100,Asphalt,1,0,41.5127,-81.6917,41.5203,-81.6756,58
KBKN,17,35,3501,60,Asphalt,1,0,36.7499,-97.3496,36.7403,-97.3496,180
KBKS,14,32,3018,60,Asphalt,0,0,27.2090,-98.1253,27.2017,-98.1205,150
KBKS,17,35,6006,75,Asphalt,1,0,27.2146,-98.1201,27.2009,-98.1201,180
KBKT,01,19,4032,75,Concrete,1,1,37.0700,-77.9630,37.0810,-77.9628,1
KBKT,04,22,5333,150,Concrete,1,0,37.0687,-77.9570,37.0792,-77.9480,35
KBKV,03,21,4200,150,Concrete,1,0,28.4641,-82.4529,28.4765,-82.4460,26
KBKV,09,27,7001,150,Concrete,1,0,28.4759,-82.4706,28.4760,-82.4488,90
KBKW,01,19,6750,150,Asphalt,1,0,37.7821,-81.1258,37.8004,-81.1227,8
KBKW,10,28,5001,100,Asphalt,1,0,37.7821,-81.1326,37.7811,-81.1155,94
KBKX,12,30,6000,100,Asphalt,1,0,44.3097,-96.8217,44.3007,-96.8062,129
KBKX,17,35,3600,60,Asphalt,1,0,44.3092,-96.8217,44.2993,-96.8209,177
KBLF,05,23,4743,100,Asphalt,1,0,37.2909,-81.2131,37.3006,-81.2022,42
KBLH,08,26,6543,150,Asphalt,1,0,33.6166,-114.7280,33.6165,-114.7060,90
KBLH,17,35,5800,100,Asphalt,1,0,33.6300,-114.7170,33.6141,-114.7170,180
KBLI,16,34,6700,150,Asphalt,1,0,48.8019,-122.5380,48.7835,-122.5370,180
KBLM,03,21,3508,50,Asphalt,0,0,40.1804,-74.1251,40.1898,-74.1202,22
KBLM,14,32,7345,85,Asphalt,1,0,40.1946,-74.1357,40.1811,-74.1164,132
KBLU,15,33,3300,50,Asphalt,1,0,39.2794,-120.7110,39.2705,-120.7090,168
KBLV,14L,32R,10000,150,Concrete,1,0,38.5562,-89.8335,38.5363,-89.8095,137
KBLV,14R,32L,8006,150,Permeable,1,0,38.5518,-89.8619,38.5359,-89.8427,137
KBMC,17,35,8900,100,Asphalt,1,0,41.5627,-112.0620,41.5421,-112.0620,180
KBMG,06,24,3798,100,Asphalt,1,0,39.1378,-86.6230,39.1428,-86.6111,62
KBMG,17,35,6500,150,Asphalt,1,0,39.1582,-86.6181,39.1405,-86.6148,171
KBMI,02,20,8000,150,Concrete,1,0,40.4641,-88.9160,40.4849,-88.9072,18
KBMI,03,21,3723,100,Asphalt,0,1,40.4768,-88.9325,40.4850,-88.9245,36
KBMI,11,29,6525,150,Permeable,1,0,40.4831,-88.9323,40.4776,-88.9100,108
KBML,18,36,5200,100,Asphalt,1,0,44.5813,-71.1791,44.5675,-71.1737,164
KBMQ,01,19,5001,75,Asphalt,1,0,30.7323,-98.2408,30.7455,-98.2364,16
KBMT,13,31,4001,75,Asphalt,1,0,30.0744,-94.2205,30.0671,-94.2112,132
KBMT,16,34,2300,100,Grass,0,1,30.0736,-94.2146,30.0664,-94.2130,169
KBNA,02C,20C,8001,150,Concrete,1,0,36.1033,-86.6880,36.1242,-86.6796,18
KBNA,02L,20R,7704,150,Concrete,1,0,36.1177,-86.6865,36.1378,-86.6786,18
KBNA,02R,20L,8001,150,Concrete,1,0,36.1127,-86.6676,36.1336,-86.6593,18
KBNA,13,31,11030,150,Asphalt,1,0,36.1413,-86.6954,36.1205,-86.6682,133
KBNG,08,26,4955,100,Asphalt,1,0,33.9226,-116.8592,33.9225,-116.8428,91
KBNL,05,23,4526,70,Asphalt,0,0,33.2526,-81.3983,33.2627,-81.3861,45
KBNL,17,35,5119,100,Asphalt,1,0,33.2646,-81.3872,33.2513,-81.3816,160
KBNO,03,21,4600,60,Concrete,1,0,43.5885,-118.9580,43.5969,-118.9460,48
KBNO,12,30,5101,75,Asphalt,1,0,43.5970,-118.9640,43.5872,-118.9500,135
KBNW,02,20,3248,146,Gravel,0,0,42.0468,-93.8521,42.0550,-93.8469,25
KBNW,15,33,4808,75,Permeable,1,0,42.0543,-93.8508,42.0430,-93.8418,149
KBOI,09,27,5000,75,Asphalt,0,1,43.5418,-116.2080,43.5382,-116.1900,105
KBOI,10L,28R,10000,150,Asphalt,1,0,43.5702,-116.2370,43.5586,-116.2030,115
KBOI,10R,28L,9763,150,Asphalt,1,0,43.5700,-116.2430,43.5587,-116.2090,115
KBOK,12,30,2901,60,Asphalt,1,0,,,,,
KBOS,04L,22R,7864,150,Asphalt,1,0,42.3580,-71.0143,42.3783,-71.0045,20
KBOS,04R,22L,10006,150,Asphalt,1,0,42.3511,-71.0118,42.3769,-70.9993,20
KBOS,09,27,7001,150,Asphalt,1,0,42.3558,-71.0129,42.3602,-70.9877,77
KBOS,14,32,5000,100,Asphalt,0,0,42.3566,-71.0233,42.3486,-71.0082,125
KBOS,15L,33R,2557,100,Asphalt,1,0,42.3736,-71.0091,42.3686,-71.0025,135
KBOS,15R,33L,10083,150,Asphalt,1,0,42.3743,-71.0179,42.3546,-70.9916,135
KBOW,05,23,5001,100,Asphalt,1,0,27.9381,-81.7894,27.9477,-81.7782,46
KBOW,09L,27R,5000,150,Asphalt,1,0,27.9446,-81.7906,27.9452,-81.7751,87
KBOW,09R,27L,4416,150,Asphalt,0,0,27.9418,-81.7904,27.9424,-81.7768,87
KBOW,14,32,5000,150,Asphalt,0,1,27.9486,-81.7894,27.9383,-81.7792,139
KBPG,06,24,4601,75,Asphalt,1,0,32.2061,-101.5290,32.2111,-101.5150,67
KBPG,17,35,8803,100,Permeable,1,0,32.2268,-101.5210,32.2026,-101.5220,182
KBPI,08,26,3301,60,Grass,0,0,42.5767,-110.1100,42.5763,-110.0980,93
KBPI,13,31,6803,75,Asphalt,1,0,42.5930,-110.1180,42.5772,-110.1040,148
KBPK,05,23,5000,75,Asphalt,1,0,36.3647,-92.4772,36.3732,-92.4639,52
KBPT,12,30,6751,150,Concrete,1,0,29.9553,-94.0278,29.9458,-94.0095,121
KBPT,16,34,5071,150,Permeable,1,0,29.9580,-94.0254,29.9445,-94.0215,166
KBQK,07,25,8001,150,Permeable,1,0,31.2542,-81.4781,31.2634,-81.4549,65
KBQP,16,34,4002,100,Asphalt,1,0,32.7614,-91.8824,32.7508,-91.8787,164
KBQR,09,27,3199,75,Asphalt,1,0,42.9214,-78.6181,42.9232,-78.6064,78
KBRD,01,19,2800,75,Asphalt,0,1,46.3924,-94.1352,46.3999,-94.1328,13
KBRD,05,23,6512,150,Asphalt,1,0,46.3946,-94.1463,46.4052,-94.1256,53
KBRD,12,30,4080,75,Asphalt,1,0,46.3990,-94.1481,46.3925,-94.1349,126
KBRD,16,34,7100,150,CONC-E,0,0,46.4159,-94.1353,46.3989,-94.1276,163
KBRL,12,30,5351,100,Concrete,1,0,40.7914,-91.1360,40.7842,-91.1192,120
KBRL,18,36,6102,100,Permeable,1,0,40.7888,-91.1239,40.7704,-91.1238,180
KBRO,13,31,7399,150,Asphalt,1,0,25.9128,-97.4313,25.8983,-97.4155,135
KBRO,13L,31R,3000,75,Asphalt,0,1,25.9129,-97.4284,25.9070,-97.4220,135
KBRO,18,36,6000,150,Asphalt,1,0,25.9151,-97.4288,25.8986,-97.4295,182
KBRY,03,21,5003,75,Asphalt,1,0,37.8079,-85.5028,37.8207,-85.4965,22
KBST,10,28,3000,150,Asphalt,0,1,44.4069,-69.0194,44.4081,-69.0081,82
KBST,15,33,4000,100,Asphalt,1,0,44.4132,-69.0174,44.4056,-69.0063,134
KBTA,13,31,4201,100,Concrete,1,0,41.4190,-96.1142,41.4106,-96.1038,137
KBTF,17,35,4634,70,Asphalt,1,0,40.8756,-111.9270,40.8628,-111.9270,180
KBTL,05L,23R,10004,150,Asphalt,1,0,42.2957,-85.2660,42.3159,-85.2410,43
KBTL,05R,23L,4100,75,Asphalt,1,0,,,,,43
KBTL,09,27,4018,150,Asphalt,0,1,42.3079,-85.2566,42.3082,-85.2417,89
KBTL,13,31,4837,100,Asphalt,1,0,42.3142,-85.2546,42.3064,-85.2402,126
KBTM,02,20,5545,75,Asphalt,0,1,45.9449,-112.5020,45.9568,-112.4880,38
KBTM,12,30,5100,75,Asphalt,1,0,45.9590,-112.5060,45.9502,-112.4900,129
KBTM,15,33,9000,150,Asphalt,1,0,45.9669,-112.5010,45.9429,-112.4930,167
KBTN,01,19,2034,120,Grass,0,0,45.8136,-97.7466,45.8192,-97.7427,26
KBTN,13,31,4210,75,Asphalt,1,0,45.8186,-97.7482,45.8105,-97.7365,135
KBTP,08,26,4801,100,Asphalt,1,0,40.7752,-79.9566,40.7786,-79.9428,72
KBTR,04L,22R,7500,150,Concrete,1,0,30.5257,-91.1561,30.5395,-91.1410,43
KBTR,04R,22L,3799,75,Asphalt,1,0,30.5286,-91.1499,30.5362,-91.1416,43
KBTR,13,31,7005,150,Asphalt,1,0,30.5407,-91.1609,30.5275,-91.1448,133
KBTV,01,19,4112,75,Asphalt,1,0,44.4638,-73.1510,44.4736,-73.1531,351
KBTV,15,33,8319,150,Asphalt,1,0,44.4807,-73.1659,44.4658,-73.1418,131
KBTY,16,34,5615,60,Asphalt,1,0,36.8684,-116.7870,36.8531,-116.7870,178
KBUB,15,33,3900,60,Asphalt,1,0,41.7808,-99.1518,41.7726,-99.1476,159
KBUF,05,23,8829,150,Asphalt,1,0,42.9312,-78.7417,42.9472,-78.7207,44
KBUF,14,32,7161,150,Asphalt,1,0,42.9469,-78.7417,42.9352,-78.7202,127
KBUM,18,36,3999,75,Asphalt,1,0,38.2953,-94.3399,38.2843,-94.3404,182
KBUR,08,26,5802,150,Asphalt,1,0,34.1979,-118.3692,34.1977,-118.3500,91
KBUR,15,33,6886,150,Asphalt,1,0,34.2123,-118.3605,34.1939,-118.3554,167
KBUU,01,19,2410,130,Grass,0,0,42.6858,-88.3046,42.6925,-88.3027,12
KBUU,11,29,4300,75,Asphalt,1,0,42.6935,-88.3128,42.6897,-88.2976,109
KBUY,06,24,6406,100,Asphalt,1,0,36.0443,-79.4816,36.0528,-79.4682,52
KBVI,10,28,4501,100,Asphalt,1,0,40.7729,-80.3995,40.7721,-80.3833,94
KBVN,15,33,3700,60,Concrete,1,0,41.7331,-98.0588,41.7240,-98.0528,154
KBVO,17,35,6850,100,Permeable,1,0,36.7710,-96.0114,36.7539,-96.0109,179
KBVS,04,22,3000,60,Asphalt,1,0,48.4641,-122.4240,48.4686,-122.4140,56
KBVS,11,29,5480,100,Asphalt,1,0,48.4778,-122.4310,48.4689,-122.4130,126
KBVX,08,26,6002,150,Asphalt,1,0,35.7231,-91.6611,35.7260,-91.6412,80
KBVX,18,36,2804,60,Asphalt,0,0,35.7337,-91.6394,35.7252,-91.6396,181
KBVY,09,27,4755,100,Asphalt,1,0,42.5797,-70.9255,42.5834,-70.9076,74
KBVY,16,34,5001,100,Asphalt,1,0,42.5919,-70.9219,42.5821,-70.9110,141
KBWC,08,26,4166,60,Asphalt,1,0,32.9929,-115.5240,32.9930,-115.5100,90
KBWD,13,31,4608,101,Asphalt,1,0,31.7973,-98.9636,31.7885,-98.9530,134
KBWD,17,35,5599,100,Asphalt,1,0,31.8019,-98.9551,31.7865,-98.9549,179
KBWG,03,21,6501,150,Asphalt,1,0,36.9587,-86.4250,36.9742,-86.4139,30
KBWG,12,30,3956,150,Asphalt,1,0,36.9641,-86.4258,36.9587,-86.4141,120
KBWI,04,22,6000,150,Asphalt,1,1,39.1669,-76.6714,39.1807,-76.6598,33
KBWI,10,28,10503,150,Asphalt,1,0,39.1747,-76.6896,39.1726,-76.6527,94
KBWI,15L,33R,5000,100,Asphalt,1,0,39.1874,-76.6635,39.1762,-76.6532,144
KBWI,15R,33L,9501,150,Asphalt,1,0,39.1854,-76.6820,39.1642,-76.6624,144
KBWP,03,21,3254,150,Grass,0,0,46.2404,-96.6118,46.2475,-96.6039,38
KBWP,15,33,5100,75,Asphalt,1,0,46.2506,-96.6108,46.2378,-96.6030,157
KBXA,18,36,5002,100,Asphalt,1,0,30.8189,-89.8647,30.8085,-89.8652,183
KBXG,08,26,5003,75,Asphalt,1,0,33.0395,-82.0089,33.0431,-81.9965,71
KBXK,05,23,3310,300,Asphalt,0,1,33.4203,-112.6900,33.4247,-112.6810,61
KBXK,11,29,3400,270,Asphalt,0,1,33.4203,-112.6900,33.4156,-112.6810,120
KBXK,17,35,5500,75,Asphalt,1,0,33.4301,-112.6860,33.4150,-112.6870,182
KBXM,01L,19R,8000,200,Asphalt,1,1,43.8812,-69.9387,43.9031,-69.9415,355
KBXM,01R,19L,8000,200,Asphalt,1,0,43.8814,-69.9361,43.9033,-69.9388,355
KBXM,09,27,6000,100,Asphalt,0,1,,,,,
KBYG,13,31,6143,75,Asphalt,1,0,44.3873,-106.7300,44.3748,-106.7140,138
KBYH,18,36,11602,150,Permeable,1,0,35.9803,-89.9440,35.9484,-89.9440,180
KBYI,02,20,4092,80,Asphalt,1,0,42.5377,-113.7740,42.5466,-113.7650,37
KBYI,06,24,4072,75,Asphalt,1,0,42.5420,-113.7810,42.5442,-113.7660,79
KBYS,04,22,9631,175,Gravel,1,0,35.2748,-116.6430,35.2917,-116.6170,52
KBYS,13,31,6124,175,Gravel,0,0,35.2851,-116.6340,35.2729,-116.6220,140
KBYY,13,31,5107,75,Asphalt,1,0,28.9781,-95.8692,28.9684,-95.8577,134
KBZN,03,21,2650,75,Asphalt,0,0,45.7688,-111.1526,45.7739,-111.1451,46
KBZN,11,29,5050,75,Asphalt,1,0,45.7815,-111.1522,45.7716,-111.1384,136
KBZN,11G,29G,2802,80,Grass,0,0,45.7803,-111.1519,45.7748,-111.1442,136
KBZN,12,30,8994,150,Asphalt,1,0,45.7881,-111.1665,45.7704,-111.1419,136
KCAD,07,25,5001,100,Asphalt,1,0,44.2729,-85.4308,44.2784,-85.4134,66
KCAD,18,36,1986,150,Grass,0,0,44.2774,-85.4110,44.2719,-85.4110,179
KCAE,05,23,8001,150,Permeable,1,0,33.9285,-81.1240,33.9442,-81.1054,45
KCAE,11,29,8601,150,Asphalt,1,0,33.9441,-81.1378,33.9382,-81.1103,105
KCAG,07,25,5606,100,Asphalt,1,0,40.4943,-107.5320,40.4962,-107.5120,83
KCAK,01,19,7601,150,Asphalt,1,0,40.9072,-81.4414,40.9280,-81.4402,2
KCAK,05,23,8204,150,Asphalt,1,0,40.9075,-81.4537,40.9216,-81.4335,47
KCAK,14,32,5599,150,Asphalt,0,1,40.9210,-81.4498,40.9097,-81.4361,137
KCAO,02,20,6307,75,Asphalt,1,0,36.4388,-103.1580,36.4537,-103.1470,30
KCAO,12,30,4105,60,Asphalt,1,0,36.4496,-103.1510,36.4424,-103.1410,130
KCAR,01,19,4003,100,Asphalt,1,0,46.8682,-68.0149,46.8789,-68.0185,347
KCAR,11,29,3016,75,Asphalt,1,0,46.8688,-68.0262,46.8692,-68.0141,86
KCAV,08,26,1380,110,Grass,0,1,42.7444,-93.7601,42.7444,-93.7549,90
KCAV,14,32,3455,60,Concrete,1,0,42.7445,-93.7628,42.7366,-93.7554,146
KCBE,05,23,5047,150,Asphalt,1,0,39.6111,-78.7648,39.6218,-78.7535,39
KCBE,11,29,3000,150,Asphalt,1,0,39.6137,-78.7688,39.6129,-78.7602,97
KCBF,14,32,3650,60,Concrete,1,0,41.2635,-95.7653,41.2548,-95.7559,141
KCBF,18,36,5500,100,Concrete,1,0,41.2686,-95.7574,41.2576,-95.7578,182
KCBG,16,34,4001,75,Asphalt,1,0,45.5627,-93.2665,45.5523,-93.2618,163
KCBK,04,22,2600,80,Grass,0,0,39.4254,-101.0480,39.4304,-101.0410,46
KCBK,12,30,2660,90,Grass,0,0,39.4280,-101.0480,39.4229,-101.0410,136
KCBK,17,35,5110,75,Concrete,1,0,39.4353,-101.0480,39.4212,-101.0480,180
KCBM,13C,31C,12004,300,Permeable,1,0,33.6554,-88.4609,33.6325,-88.4325,134
KCBM,13L,31R,8001,150,Permeable,1,0,33.6554,-88.4514,33.6398,-88.4325,135
KCBM,13R,31L,6320,175,Concrete,1,0,33.6507,-88.4598,33.6390,-88.4453,134
KCCA,13,31,4007,60,Asphalt,0,0,35.6015,-92.4566,35.5941,-92.4466,132
KCCB,06,24,3863,75,Asphalt,1,0,34.1097,-117.6934,34.1135,-117.6814,69
KCCO,15,33,5500,100,Asphalt,1,0,33.3173,-84.7756,33.3058,-84.7639,142
KCCR,01L,19R,5001,150,Permeable,1,0,37.9820,-122.0610,37.9945,-122.0540,24
KCCR,01R,19L,2770,75,Asphalt,1,0,37.9839,-122.0580,37.9909,-122.0550,24
KCCR,14L,32R,4602,150,Permeable,1,0,37.9965,-122.0590,37.9852,-122.0520,154
KCCR,14R,32L,2798,75,Asphalt,0,0,37.9959,-122.0600,37.9890,-122.0560,154
KCCY,04,22,2536,160,Grass,0,0,43.0693,-92.6122,43.0742,-92.6055,45
KCCY,12,30,4000,75,Concrete,1,0,43.0771,-92.6176,43.0707,-92.6054,125
KCCY,17,35,1780,170,Grass,0,0,43.0732,-92.6121,43.0686,-92.6121,180
KCDA,02,20,3302,60,Asphalt,1,0,44.5646,-72.0194,44.5735,-72.0175,8
KCDC,02,20,8653,150,Asphalt,1,0,37.6906,-113.1080,37.7102,-113.0910,34
KCDC,08,26,4822,60,Asphalt,1,0,37.7027,-113.1060,37.7012,-113.0900,97
KCDH,01,19,6501,100,Asphalt,1,0,33.6140,-92.7651,33.6316,-92.7617,9
KCDI,04,22,4298,75,Asphalt,1,0,39.9701,-81.5818,39.9800,-81.5734,33
KCDK,05,23,2302,100,Asphalt,1,0,29.1321,-83.0532,29.1364,-83.0477,
KCDN,06,24,5000,100,Asphalt,1,0,34.2792,-80.5714,34.2877,-80.5584,52
KCDN,14,32,2998,100,Asphalt,0,0,34.2867,-80.5683,34.2809,-80.5613,135
KCDR,03,21,5998,100,Concrete,1,0,42.8330,-103.1000,42.8465,-103.0870,35
KCDR,12,30,4400,75,Concrete,1,0,42.8381,-103.1040,42.8312,-103.0910,125
KCDS,04,22,4425,60,Asphalt,0,0,34.4319,-100.2960,34.4402,-100.2860,47
KCDS,13,31,4196,150,Asphalt,0,1,34.4319,-100.2960,34.4239,-100.2860,134
KCDS,17,35,5949,75,Asphalt,1,0,34.4403,-100.2860,34.4239,-100.2860,182
KCDW,04,22,4552,80,Asphalt,1,0,40.8678,-74.2863,40.8786,-74.2782,30
KCDW,10,28,3719,75,Asphalt,0,0,40.8771,-74.2869,40.8783,-74.2735,83
KCEA,17,35,3873,40,Asphalt,0,0,37.6539,-97.2506,37.6433,-97.2506,180
KCEC,11,29,5002,150,Asphalt,1,0,41.7850,-124.2420,41.7756,-124.2280,133
KCEC,17,35,5002,150,Asphalt,1,0,41.7867,-124.2360,41.7733,-124.2400,193
KCEF,05,23,11597,300,Asphalt,1,0,42.1775,-72.5480,42.2038,-72.5240,34
KCEF,15,33,7085,147,Asphalt,1,0,42.2062,-72.5421,42.1927,-72.5235,134
KCEK,13,31,3370,150,Grass,0,0,40.6228,-96.9309,40.6164,-96.9221,134
KCEK,17,35,4201,75,Concrete,1,0,40.6237,-96.9248,40.6121,-96.9249,180
KCEU,07,25,5000,100,Asphalt,1,0,34.6696,-82.8936,34.6742,-82.8800,68
KCEV,04,22,2601,100,Grass,0,0,39.6938,-85.1353,39.7001,-85.1293,36
KCEV,18,36,6503,100,Asphalt,1,0,39.7074,-85.1307,39.6896,-85.1305,179
KCEW,17,35,8006,150,Asphalt,1,0,30.7897,-86.5241,30.7680,-86.5201,171
KCEY,05,23,6202,100,Asphalt,1,0,36.6591,-88.3809,36.6701,-88.3647,50
KCEZ,03,21,7205,100,Asphalt,1,0,37.2956,-108.6360,37.3104,-108.6200,42
KCFD,15,33,4000,75,Asphalt,1,0,30.7205,-96.3344,30.7108,-96.3283,152
KCFD,17,35,1330,40,Grass,0,0,30.7184,-96.3339,30.7148,-96.3339,180
KCFE,18,36,3200,75,Asphalt,1,0,45.1626,-93.8432,45.1555,-93.8434,181
KCFJ,04,22,5506,75,Asphalt,1,0,39.9711,-86.9253,39.9802,-86.9144,43
KCFS,06,24,4302,75,Asphalt,1,0,43.4540,-83.4537,43.4613,-83.4410,52
KCFS,13,31,2277,110,Grass,0,0,43.4626,-83.4457,43.4594,-83.4382,120
KCFT,07,25,4978,75,Asphalt,1,0,32.9519,-109.2180,32.9539,-109.2020,82
KCFV,04,22,4005,75,Asphalt,0,0,37.0885,-95.5729,37.0962,-95.5637,44
KCFV,17,35,5868,100,Asphalt,1,0,37.1032,-95.5744,37.0871,-95.5743,180
KCGC,09,27,4557,75,Asphalt,1,0,28.8673,-82.5784,28.8672,-82.5642,91
KCGC,18,36,2666,100,Grass,0,0,28.8728,-82.5790,28.8644,-82.5790,180
KCGE,16,34,4477,75,Asphalt,1,0,38.5443,-76.0350,38.5344,-76.0258,144
KCGF,06,24,5502,100,Asphalt,1,0,41.5606,-81.4934,41.5697,-81.4793,50
KCGI,02,20,3997,100,Permeable,1,0,37.2208,-89.5728,37.2310,-89.5679,21
KCGI,10,28,6500,150,Concrete,1,0,37.2274,-89.5817,37.2225,-89.5603,106
KCGS,15,33,2980,60,Asphalt,1,0,38.9833,-76.9253,38.9779,-76.9192,138
KCGZ,05,23,5200,100,Asphalt,1,0,32.9513,-111.7740,32.9585,-111.7590,60
KCHA,02,20,7400,150,Asphalt,1,0,35.0227,-85.2075,35.0421,-85.2004,17
KCHA,15,33,5575,150,Asphalt,1,0,35.0452,-85.2083,35.0339,-85.1988,146
KCHD,04L,22R,4401,75,Asphalt,1,0,33.2641,-111.8200,33.2719,-111.8090,50
KCHD,04R,22L,4870,75,Asphalt,1,0,33.2657,-111.8140,33.2744,-111.8020,50
KCHK,01,19,2232,100,Turf,0,0,,,,,360
KCHK,03,21,2404,100,Turf,0,0,35.0940,-97.9679,35.0998,-97.9633,33
KCHK,18,36,5101,100,Concrete,1,0,35.1034,-97.9669,35.0955,-97.9669,180
KCHN,18,36,4005,75,Asphalt,1,0,27.5204,-81.8805,27.5094,-81.8805,180
KCHO,03,21,6801,150,Asphalt,1,0,38.1310,-78.4568,38.1463,-78.4489,22
KCHQ,18,36,3196,60,Asphalt,1,0,36.8465,-89.3596,36.8378,-89.3597,180
KCHS,03,21,7000,150,Asphalt,1,0,32.8848,-80.0456,32.9023,-80.0362,24
KCHS,15,33,9001,150,Concrete,1,0,32.9130,-80.0481,32.8922,-80.0323,147
KCHT,02,20,3503,110,Gravel,0,0,39.7777,-93.4994,39.7861,-93.4941,26
KCHT,14,32,3899,75,Asphalt,1,0,39.7864,-93.4998,39.7779,-93.4915,143
KCHU,13,31,3499,77,Asphalt,1,0,43.5998,-91.5086,43.5930,-91.4993,135
KCIC,13L,31R,6724,150,Asphalt,1,0,39.8034,-121.8640,39.7878,-121.8510,147
KCIC,13R,31L,3000,60,Asphalt,0,0,39.7984,-121.8630,39.7914,-121.8570,148
KCID,09,27,8600,150,Permeable,1,0,41.8847,-91.7292,41.8843,-91.6976,91
KCID,13,31,6200,150,Permeable,1,0,41.8911,-91.7151,41.8789,-91.6993,136
KCII,05,23,3699,60,Asphalt,1,0,47.8233,-112.1730,47.8274,-112.1590,67
KCII,15,33,5000,75,Asphalt,1,0,47.8370,-112.1740,47.8241,-112.1670,160
KCIN,03,21,3301,60,Grass,0,0,42.0433,-94.7925,42.0492,-94.7869,35
KCIN,13,31,5506,100,Concrete,1,0,42.0517,-94.7956,42.0407,-94.7817,137
KCIR,02,20,3200,60,Asphalt,1,0,37.0596,-89.2192,37.0678,-89.2152,21
KCIR,14,32,4001,100,Asphalt,1,0,37.0688,-89.2260,37.0602,-89.2171,141
KCIU,09,27,5000,75,Asphalt,1,0,46.2550,-84.4843,46.2550,-84.4646,90
KCIU,16,34,7203,150,Concrete,1,0,46.2564,-84.4781,46.2393,-84.4639,150
KCJR,04,22,5000,100,Asphalt,1,0,38.5194,-77.8638,38.5315,-77.8555,28
KCKA,13,31,5500,150,Concrete,0,1,36.7536,-98.1250,36.7420,-98.1129,140
KCKA,17,35,7800,150,Concrete,0,0,36.7548,-98.1227,36.7330,-98.1236,182
KCKB,03,21,7800,150,Asphalt,1,0,39.2878,-80.2329,39.3055,-80.2233,23
KCKC,10,28,5002,100,Asphalt,1,0,47.8390,-90.3947,47.8379,-90.3744,95
KCKF,06,24,5008,100,Asphalt,0,0,31.9860,-83.7806,31.9949,-83.7683,50
KCKF,10,28,5001,150,Asphalt,1,0,31.9881,-83.7813,31.9863,-83.7654,97
KCKF,14,32,5040,150,Asphalt,0,1,31.9940,-83.7780,31.9842,-83.7665,135
KCKI,14,32,5000,75,Asphalt,1,0,33.7218,-79.8631,33.7126,-79.8509,132
KCKM,18,36,5404,100,Asphalt,1,0,34.3071,-90.5119,34.2923,-90.5127,183
KCKN,06,24,2089,202,Grass,0,1,47.8435,-96.6231,47.8454,-96.6151,71
KCKN,13,31,4300,75,Asphalt,1,0,47.8441,-96.6287,47.8361,-96.6159,133
KCKN,17,35,2977,200,Grass,0,0,47.8459,-96.6220,47.8377,-96.6223,181
KCKP,01,19,1941,120,Grass,0,0,42.7307,-95.5572,42.7361,-95.5558,11
KCKP,18,36,4001,75,Concrete,1,0,42.7363,-95.5553,42.7254,-95.5560,183
KCKV,05,23,4004,100,Asphalt,0,0,36.6191,-87.4200,36.6258,-87.4093,52
KCKV,17,35,5999,100,Asphalt,1,0,36.6295,-87.4176,36.6135,-87.4127,166
KCKZ,08,26,4211,100,Asphalt,1,0,40.3872,-75.2976,40.3912,-75.2834,70
KCLE,06C,24C,7096,150,Concrete,1,1,41.4046,-81.8615,41.4171,-81.8417,50
KCLE,10,28,6018,150,Concrete,1,0,41.4170,-81.8542,41.4161,-81.8324,93
KCLE,6L,24R,9000,150,Concrete,1,0,41.3999,-81.8735,41.4158,-81.8484,50
KCLE,6R,24L,9953,150,Concrete,1,0,41.4012,-81.8644,41.4153,-81.8421,50
KCLI,04,22,3812,75,Asphalt,1,0,44.6109,-88.7340,44.6176,-88.7254,43
KCLI,09,27,2002,170,Grass,0,0,44.6113,-88.7326,44.6114,-88.7249,88
KCLI,14,32,4599,75,Asphalt,1,0,44.6180,-88.7383,44.6088,-88.7262,137
KCLK,13,31,1348,245,Grass,0,0,35.5431,-98.9362,35.5403,-98.9329,136
KCLK,17,35,4305,72,Asphalt,1,0,35.5430,-98.9322,35.5312,-98.9320,179
KCLL,04,22,5149,150,Concrete,0,1,30.5853,-96.3731,30.5944,-96.3606,50
KCLL,11,29,5158,150,Asphalt,1,0,30.5915,-96.3728,30.5869,-96.3573,109
KCLL,17,35,7000,146,Permeable,1,0,30.5966,-96.3629,30.5778,-96.3586,169
KCLM,09,27,6347,150,Asphalt,1,0,48.1210,-123.5120,48.1167,-123.4860,105
KCLM,13,31,3255,50,Asphalt,1,0,48.1266,-123.5050,48.1191,-123.4980,148
KCLR,08,26,3423,50,Asphalt,0,0,33.1314,-115.5270,33.1313,-115.5160,91
KCLS,16,34,5000,140,Concrete,1,0,46.6839,-122.9830,46.6702,-122.9820,178
KCLT,05,23,7502,150,Permeable,1,1,35.2091,-80.9497,35.2225,-80.9314,49
KCLT,18C,36C,10000,150,Concrete,0,0,35.2271,-80.9531,35.2003,-80.9508,176
KCLT,18L,36R,8676,150,Permeable,1,0,35.2244,-80.9361,35.2012,-80.9341,176
KCLT,18R,36L,9000,150,Concrete,1,0,35.2250,-80.9674,35.2009,-80.9653,176
KCLW,16,34,4108,75,Asphalt,1,0,27.9808,-82.7609,27.9726,-82.7565,155
KCMA,07,25,1700,20,Asphalt,0,0,34.2106,-119.1017,34.2105,-119.0960,
KCMA,08,26,6013,150,Permeable,1,0,34.2138,-119.1040,34.2137,-119.0840,91
KCMD,02,20,5500,100,Asphalt,1,0,34.2615,-86.8606,34.2759,-86.8555,17
KCMH,10L,28R,8000,150,Asphalt,1,0,40.0032,-82.9076,40.0016,-82.8792,94
KCMH,10R,28L,10114,150,Asphalt,1,0,39.9956,-82.9089,39.9935,-82.8729,94
KCMI,04,22,6502,150,Concrete,1,0,40.0318,-88.2854,40.0453,-88.2701,40
KCMI,14L,32R,8101,150,Concrete,1,0,40.0474,-88.2857,40.0315,-88.2655,136
KCMI,14R,32L,3816,75,Asphalt,1,0,,,,,60
KCMI,18,36,5299,150,Concrete,1,1,40.0471,-88.2823,40.0325,-88.2821,179
KCMR,18,36,6003,100,Asphalt,1,0,35.3103,-112.1920,35.2942,-112.1960,192
KCMX,07,25,5201,100,Asphalt,1,0,47.1643,-88.4988,47.1699,-88.4795,67
KCMX,14,32,6501,150,Asphalt,1,0,47.1753,-88.4989,47.1637,-88.4791,131
KCMY,01,19,3032,95,Asphalt,1,0,43.9511,-90.7402,43.9625,-90.7359,15
KCMY,11,29,4697,100,Asphalt,1,0,43.9620,-90.7451,43.9573,-90.7294,112
KCNB,12,30,4648,75,Asphalt,1,0,44.7328,-96.2736,44.7262,-96.2584,121
KCNC,10,28,4000,75,Concrete,1,0,41.0208,-93.3635,41.0185,-93.3493,102
KCNC,17,35,2800,75,Concrete,1,0,41.0234,-93.3644,41.0157,-93.3644,180
KCNH,05,23,2010,100,Asphalt,0,1,43.3689,-72.3699,43.3735,-72.3657,34
KCNH,11,29,3098,75,Asphalt,1,0,43.3707,-72.3745,43.3702,-72.3629,93
KCNK,03,21,1665,260,Grass,0,1,39.5464,-97.6522,39.5499,-97.6487,38
KCNK,12,30,2040,60,Grass,0,0,39.5524,-97.6551,39.5482,-97.6492,132
KCNK,18,36,4000,75,Concrete,1,0,39.5540,-97.6533,39.5441,-97.6532,180
KCNM,03,21,7854,150,Asphalt,1,0,32.3227,-104.2740,32.3381,-104.2570,44
KCNM,08,26,5334,75,Asphalt,1,0,32.3423,-104.2710,32.3423,-104.2530,90
KCNM,14L,32R,4616,150,Asphalt,0,0,32.3518,-104.2600,32.3402,-104.2540,156
KCNM,14R,32L,5837,100,Asphalt,1,0,32.3429,-104.2710,32.3285,-104.2630,154
KCNO,03,21,4919,150,Asphalt,1,0,33.9706,-117.6418,33.9803,-117.6304,44
KCNO,08L,26R,4858,150,Asphalt,1,0,33.9757,-117.6468,33.9758,-117.6307,89
KCNO,08R,26L,7000,150,Asphalt,1,0,33.9735,-117.6468,33.9737,-117.6237,89
KCNP,12,30,4000,55,Asphalt,1,0,41.0810,-102.4700,41.0739,-102.4580,130
KCNU,08,26,2200,135,Grass,0,1,37.6689,-95.4875,37.6689,-95.4800,90
KCNU,18,36,4254,75,Asphalt,1,0,37.6737,-95.4859,37.6621,-95.4876,187
KCNW,17L,35R,8600,150,Asphalt,1,0,31.6516,-97.0738,31.6280,-97.0726,178
KCNW,17R,35L,6291,75,Concrete,0,0,31.6438,-97.0758,31.6265,-97.0750,178
KCNY,03,21,7360,100,Asphalt,1,0,38.7475,-109.7630,38.7624,-109.7470,40
KCOD,04,22,8268,100,Asphalt,1,0,44.5133,-109.0360,44.5271,-109.0110,52
KCOE,02,20,5400,75,Asphalt,1,0,47.7666,-116.8210,47.7791,-116.8090,32
KCOE,06,24,7400,100,Asphalt,1,0,47.7719,-116.8370,47.7788,-116.8090,70
KCOF,03,21,9008,200,Asphalt,1,0,28.2211,-80.6150,28.2445,-80.6055,20
KCOF,11,29,3993,200,Asphalt,1,0,28.2414,-80.6153,28.2383,-80.6034,106
KCOI,11,29,3601,75,Asphalt,1,0,28.3432,-80.6908,28.3400,-80.6802,109
KCOM,15,33,4506,75,Asphalt,1,0,31.8468,-99.4067,31.8355,-99.4006,155
KCON,03,21,3999,150,Asphalt,0,1,43.1998,-71.5029,43.2104,-71.4990,15
KCON,12,30,3200,75,Asphalt,1,0,43.2077,-71.5069,43.2054,-71.4953,105
KCON,17,35,6005,100,Asphalt,1,0,43.2082,-71.5077,43.1932,-71.4982,155
KCOQ,07,25,3100,75,Asphalt,1,0,46.7011,-92.5070,46.7036,-92.4952,73
KCOQ,17,35,4003,75,Asphalt,1,0,46.7057,-92.5056,46.6947,-92.5054,179
KCOS,12,30,8272,150,Asphalt,1,0,38.8232,-104.7150,38.8071,-104.6950,135
KCOS,17L,35R,13500,150,Concrete,1,0,38.8161,-104.6860,38.7790,-104.6860,180
KCOS,17R,35L,11022,150,Asphalt,1,0,38.8241,-104.7160,38.7938,-104.7160,180
KCOT,13,31,6005,75,Asphalt,1,0,28.4615,-99.2239,28.4519,-99.2128,135
KCOU,02,20,7401,150,Concrete,1,0,38.8052,-92.2237,38.8218,-92.2154,21
KCOU,13,31,5500,100,Concrete,1,0,38.8289,-92.2250,38.8203,-92.2142,135
KCPC,06,24,5500,75,Asphalt,1,0,34.2673,-78.7211,34.2785,-78.7089,42
KCPK,05,23,5500,100,Asphalt,1,0,36.6596,-76.3263,36.6717,-76.3150,37
KCPM,07L,25R,3323,60,Asphalt,0,0,33.8902,-118.2493,33.8902,-118.2384,90
KCPM,07R,25L,3322,60,Asphalt,1,0,33.8896,-118.2493,33.8897,-118.2383,90
KCPR,03,21,10165,150,Asphalt,1,0,42.8934,-106.4750,42.9135,-106.4490,44
KCPR,08,26,8679,150,Asphalt,0,1,42.9085,-106.4820,42.9089,-106.4500,89
KCPR,12,30,6484,60,Asphalt,0,1,42.9200,-106.4700,42.9076,-106.4530,134
KCPR,17,35,7696,60,Asphalt,0,0,42.9201,-106.4700,42.8990,-106.4690,179
KCPS,05,23,2799,75,Asphalt,0,0,38.5724,-90.1685,38.5776,-90.1614,47
KCPS,12L,30R,5301,75,Concrete,1,0,38.5738,-90.1582,38.5682,-90.1470,122
KCPS,12R,30L,7002,150,Asphalt,1,0,38.5740,-90.1651,38.5638,-90.1443,122
KCPT,15,33,5697,100,Asphalt,1,0,32.3611,-97.4370,32.3464,-97.4305,159
KCPU,13,31,3602,60,Asphalt,1,0,38.1502,-120.6520,38.1420,-120.6450,146
KCQA,08,26,4400,75,Asphalt,1,0,40.4834,-84.5669,40.4847,-84.5533,83
KCQB,17,35,4000,60,Asphalt,1,0,35.7296,-96.8203,35.7186,-96.8203,180
KCQM,07,25,1570,120,Turf,0,1,47.8208,-92.6961,47.8224,-92.6902,67
KCQM,13,31,4000,75,Asphalt,1,0,47.8251,-92.6939,47.8187,-92.6850,137
KCQW,08,26,5000,75,Asphalt,1,0,34.7105,-79.9648,34.7152,-79.9492,70
KCQX,06,24,3001,100,Asphalt,1,0,41.6854,-69.9933,41.6914,-69.9857,44
KCRE,05,23,5997,100,Asphalt,1,0,33.8060,-78.7310,33.8175,-78.7168,46
KCRG,05,23,4004,100,Asphalt,1,0,30.3289,-81.5189,30.3367,-81.5100,45
KCRG,14,32,4008,100,Asphalt,1,0,30.3438,-81.5189,30.3360,-81.5100,135
KCRP,13,31,7510,150,Asphalt,1,0,27.7770,-97.5134,27.7622,-97.4972,136
KCRP,17,35,6080,150,Asphalt,1,0,27.7796,-97.4963,27.7629,-97.4960,179
KCRQ,06,24,4897,150,Asphalt,1,0,33.1270,-117.2880,33.1295,-117.2720,79
KCRS,02,20,3200,75,Grass,0,0,32.0249,-96.4065,32.0331,-96.4026,22
KCRS,14,32,5004,75,Asphalt,1,0,32.0331,-96.4027,32.0219,-96.3934,145
KCRT,05,23,5010,75,Asphalt,1,0,33.1742,-91.8867,33.1827,-91.8739,52
KCRW,05,23,6715,150,Asphalt,1,0,38.3696,-81.6017,38.3814,-81.5856,47
KCRW,15,33,4751,150,Asphalt,1,1,38.3752,-81.5978,38.3650,-81.5874,141
KCRX,18,36,6500,100,Asphalt,0,0,34.9238,-88.6047,34.9061,-88.6023,174
KCRZ,18,36,2684,50,Concrete,1,0,40.9978,-94.7549,40.9904,-94.7551,181
KCSB,15,33,4098,60,Concrete,1,0,40.3117,-100.1650,40.3015,-100.1590,155
KCSG,06,24,6997,150,Asphalt,1,0,32.5112,-84.9453,32.5225,-84.9270,54
KCSG,13,31,3997,75,Asphalt,1,0,32.5187,-84.9488,32.5121,-84.9384,127
KCSM,17L,35R,5193,75,Concrete,0,0,35.3437,-99.1980,35.3294,-99.1980,180
KCSM,17R,35L,13503,200,Concrete,1,0,35.3597,-99.2014,35.3226,-99.2015,180
KCSQ,04,22,1692,100,Grass,0,0,41.0207,-94.3640,41.0240,-94.3597,45
KCSQ,16,34,4901,75,Asphalt,1,0,41.0276,-94.3661,41.0146,-94.3615,165
KCSV,08,26,5423,100,Asphalt,1,0,35.9492,-85.0938,35.9534,-85.0762,74
KCTB,05,23,5300,75,Asphalt,1,0,48.6065,-112.3850,48.6129,-112.3660,64
KCTB,14,32,5300,75,Asphalt,1,0,48.6134,-112.3820,48.6006,-112.3720,152
KCTJ,17,35,5503,100,Asphalt,1,0,33.6394,-85.1549,33.6244,-85.1497,164
KCTK,09,27,3294,60,Asphalt,1,0,40.5707,-90.0817,40.5707,-90.0699,90
KCTK,18,36,3899,75,Asphalt,1,0,40.5731,-90.0739,40.5624,-90.0742,181
KCTY,04,22,5005,75,Asphalt,1,0,29.6340,-83.1079,29.6440,-83.0970,44
KCTY,13,31,5001,100,Asphalt,1,0,29.6368,-83.1127,29.6273,-83.1013,134
KCTZ,06,24,5008,75,Asphalt,1,0,34.9720,-78.3701,34.9793,-78.3591,51
KCUB,13,31,5011,75,Asphalt,1,0,33.9746,-81.0018,33.9663,-80.9886,127
KCUH,02,20,2650,60,Gravel,0,0,35.9473,-96.7747,35.9540,-96.7703,29
KCUH,08,26,2700,40,Gravel,0,0,35.9506,-96.7817,35.9506,-96.7725,90
KCUH,11,29,2500,50,Gravel,0,0,35.9509,-96.7811,35.9471,-96.7738,122
KCUH,18,36,5201,100,Concrete,1,0,35.9573,-96.7693,35.9430,-96.7691,180
KCUL,18,36,4000,75,Asphalt,1,0,38.0950,-88.1230,38.0840,-88.1231,180
KCUT,08,26,5500,60,Asphalt,1,0,43.7323,-103.6300,43.7339,-103.6090,84
KCVB,16,34,5001,75,Asphalt,1,0,29.3605,-98.8538,29.3359,-98.8487,161
KCVG,09,27,12001,150,Permeable,1,0,39.0464,-84.6951,39.0463,-84.6528,90
KCVG,18C,36C,11000,150,Permeable,1,0,39.0647,-84.6686,39.0345,-84.6687,180
KCVG,18L,36R,10000,150,Concrete,1,0,39.0559,-84.6467,39.0284,-84.6468,180
KCVG,18R,36L,8000,150,Concrete,1,0,39.0709,-84.6837,39.0489,-84.6838,180
KCVH,06,24,3149,100,Asphalt,1,0,36.8897,-121.4130,36.8924,-121.4030,72
KCVH,13,31,6350,100,Asphalt,1,0,36.9013,-121.4180,36.8876,-121.4050,142
KCVK,04,22,5158,75,Asphalt,1,0,36.2595,-91.5684,36.2702,-91.5569,41
KCVN,04,22,7200,150,Asphalt,1,0,34.4206,-103.0860,34.4325,-103.0710,46
KCVN,08,26,2442,75,Gravel,0,0,34.4196,-103.0860,34.4196,-103.0770,90
KCVN,12,30,5697,100,Asphalt,1,0,34.4316,-103.0850,34.4214,-103.0710,131
KCVO,10,28,3100,75,Asphalt,1,0,44.5012,-123.2893,44.4983,-123.2791,112
KCVO,17,35,5900,150,Asphalt,1,0,44.5035,-123.2910,44.4874,-123.2940,187
KCVS,04,22,10003,150,Concrete,1,0,34.3767,-103.3320,34.3962,-103.3080,45
KCVS,13,31,8196,150,Permeable,1,0,34.3863,-103.3340,34.3703,-103.3150,135
KCVX,04,22,1280,200,Grass,0,0,45.3036,-85.2712,45.3061,-85.2676,46
KCVX,09,27,4549,75,Asphalt,1,0,45.3042,-85.2858,45.3053,-85.2682,85
KCWA,08,26,7723,150,Concrete,1,0,44.7799,-89.6755,44.7845,-89.6468,77
KCWA,17,35,6501,150,Concrete,1,0,44.7810,-89.6755,44.7635,-89.6712,170
KCWC,17,35,4450,75,Asphalt,1,0,33.8667,-98.4904,33.8545,-98.4904,180
KCWF,15,33,10702,200,Concrete,1,0,30.2239,-93.1505,30.1973,-93.1359,155
KCWI,03,21,5204,100,Asphalt,1,0,41.8263,-90.3330,41.8387,-90.3236,30
KCWI,14,32,4201,75,Asphalt,1,0,41.8332,-90.3342,41.8249,-90.3264,144
KCWV,09,27,5002,75,Asphalt,1,0,32.1949,-81.8776,32.1952,-81.8615,89
KCXE,18,36,3400,50,Asphalt,1,0,36.7930,-78.5021,36.7837,-78.5010,175
KCXL,08,26,4683,75,Asphalt,1,0,32.6676,-115.5250,32.6673,-115.5100,91
KCXO,01,19,5000,100,Asphalt,1,0,30.3456,-95.4195,30.3561,-95.4158,17
KCXO,14,32,7501,150,Asphalt,1,0,30.3593,-95.4178,30.3457,-95.4070,146
KCXP,09,27,6101,75,Asphalt,1,0,39.1945,-119.7440,39.1899,-119.7240,107
KCXU,08,26,5004,100,Asphalt,1,0,31.2119,-84.2431,31.2140,-84.2305,79
KCXW,04,22,6005,100,Concrete,1,0,,,,,
KCXY,08,26,5000,150,Asphalt,1,0,40.2156,-76.8585,40.2200,-76.8416,71
KCXY,12,30,3778,100,Asphalt,1,0,40.2187,-76.8595,40.2139,-76.8470,117
KCYO,01,19,4346,75,Asphalt,1,0,39.5100,-82.9826,39.5220,-82.9817,3
KCYS,09,27,9270,150,Concrete,1,0,41.1568,-104.8210,41.1544,-104.7880,95
KCYS,13,31,6690,150,Asphalt,1,0,41.1622,-104.8270,41.1492,-104.8100,135
KCYW,17,35,4197,75,Asphalt,1,0,39.3929,-97.1570,39.3814,-97.1574,181
KCZD,13,31,5000,75,Concrete,1,0,40.8733,-100.0090,40.8649,-99.9991,138
KCZD,18,36,3000,300,Gravel,0,0,40.8734,-100.0010,40.8653,-100.0030,190
KCZG,03,21,3900,75,Asphalt,1,0,42.0736,-76.0992,42.0834,-76.0934,24
KCZK,06,24,1800,30,Asphalt,0,0,,,,,
KCZL,17,35,6034,100,Asphalt,1,0,34.4635,-84.9413,34.4474,-84.9371,168
KCZT,13,31,5003,75,Asphalt,1,0,28.5270,-99.8292,28.5175,-99.8180,134
KDAA,14,32,5421,75,Asphalt,1,0,38.7204,-77.1883,38.7098,-77.1740,133
KDAB,07L,25R,10500,150,Asphalt,1,0,29.1726,-81.0778,29.1847,-81.0479,65
KDAB,07R,25L,3195,100,Asphalt,1,0,29.1760,-81.0568,29.1797,-81.0478,65
KDAB,16,34,6001,150,Asphalt,1,0,29.1909,-81.0563,29.1757,-81.0490,157
KDAF,18,36,2721,60,Asphalt,0,0,44.0371,-90.0852,44.0297,-90.0851,179
KDAG,04,22,5123,100,Asphalt,1,0,34.8520,-116.7930,34.8610,-116.7800,50
KDAG,08,26,6402,150,Asphalt,1,0,34.8515,-116.7980,34.8515,-116.7760,90
KDAL,13L,31R,7752,150,Concrete,1,0,32.8573,-96.8568,32.8420,-96.8391,136
KDAL,13R,31L,8800,150,Concrete,1,0,32.8513,-96.8635,32.8340,-96.8434,136
KDAL,18,36,6147,150,Asphalt,0,1,32.8587,-96.8532,32.8418,-96.8551,186
KDAN,02,20,5900,100,Asphalt,1,0,36.5629,-79.3415,36.5801,-79.3353,16
KDAN,13,31,3910,100,Asphalt,1,0,36.5782,-79.3381,36.5719,-79.3268,125
KDAW,15,33,4201,75,Asphalt,1,0,43.2877,-70.9349,43.2805,-70.9236,132
KDAY,06L,24R,10901,150,Permeable,1,0,39.8951,-84.2460,39.9121,-84.2141,55
KDAY,06R,24L,7285,150,Permeable,1,0,39.8910,-84.2224,39.9019,-84.2019,55
KDAY,18,36,8502,150,Permeable,1,0,39.9173,-84.2121,39.8940,-84.2113,179
KDBN,02,20,6501,150,Asphalt,1,0,32.5573,-82.9849,32.5731,-82.9794,16
KDBN,14,32,5171,100,Asphalt,0,0,32.5684,-82.9946,32.5585,-82.9834,136
KDBQ,13,31,6502,100,Concrete,1,0,42.4093,-90.7155,42.3967,-90.6985,135
KDBQ,18,36,6327,150,Concrete,1,0,42.4096,-90.7120,42.3923,-90.7120,180
KDCA,01,19,7169,150,Asphalt,1,0,38.8424,-77.0368,38.8612,-77.0387,356
KDCA,04,22,5000,150,Asphalt,1,0,38.8423,-77.0408,38.8544,-77.0333,26
KDCA,15,33,5204,150,Asphalt,1,0,38.8617,-77.0438,38.8503,-77.0327,143
KDCM,05,23,4998,100,Asphalt,0,0,34.7844,-81.1997,34.7924,-81.1861,55
KDCM,11,29,4982,100,Asphalt,0,1,,,,,107
KDCM,17,35,5000,100,Asphalt,1,0,34.7970,-81.2004,34.7835,-81.1969,168
KDCU,18,36,6107,100,Asphalt,1,0,34.6624,-86.9452,34.6457,-86.9452,180
KDCY,18,36,5002,75,Asphalt,1,0,38.7068,-87.1297,38.6941,-87.1297,180
KDDC,02,20,4649,100,Asphalt,1,0,37.7554,-99.9678,37.7662,-99.9591,32
KDDC,14,32,6899,100,Asphalt,1,0,37.7732,-99.9720,37.7562,-99.9615,154
KDDH,13,31,3704,75,Asphalt,1,0,42.8937,-73.2525,42.8889,-73.2403,119
KDEC,06,24,8496,150,Permeable,1,0,39.8271,-88.8745,39.8391,-88.8486,59
KDEC,12,30,6799,150,Permeable,1,0,39.8413,-88.8748,39.8322,-88.8536,119
KDEC,18,36,5298,150,Asphalt,1,0,39.8415,-88.8744,39.8269,-88.8741,179
KDED,05,23,4301,75,Asphalt,1,0,29.0609,-81.2881,29.0687,-81.2780,49
KDED,08,26,3600,200,Asphalt,0,1,29.0661,-81.2906,29.0672,-81.2794,83
KDED,12,30,6001,100,Asphalt,1,0,29.0724,-81.2926,29.0649,-81.2759,117
KDED,18,36,5999,200,Asphalt,0,1,29.0767,-81.2869,29.0602,-81.2869,180
KDEH,11,29,4001,75,Concrete,1,0,43.2778,-91.7462,43.2732,-91.7325,115
KDEN,07,25,12000,150,Concrete,1,0,39.8409,-104.7270,39.8407,-104.6840,91
KDEN,08,26,12000,150,Concrete,1,0,39.8776,-104.6620,39.8772,-104.6190,91
KDEN,16L,34R,12000,150,Concrete,1,0,39.8970,-104.6870,39.8641,-104.6870,181
KDEN,16R,34L,16000,200,Concrete,1,0,39.8958,-104.6960,39.8519,-104.6970,181
KDEN,17L,35R,12000,150,Concrete,1,0,39.8650,-104.6410,39.8320,-104.6420,181
KDEN,17R,35L,12000,150,Concrete,1,0,39.8612,-104.6600,39.8283,-104.6610,181
KDEQ,08,26,5001,75,Asphalt,1,0,34.0462,-94.4076,34.0478,-94.3912,83
KDET,07,25,4025,100,Asphalt,1,1,42.4029,-83.0157,42.4070,-83.0024,68
KDET,15,33,5092,100,Asphalt,1,0,42.4180,-83.0162,42.4068,-83.0050,143
KDEW,04,22,3200,60,Asphalt,0,0,47.9621,-117.4290,47.9664,-117.4180,61
KDEW,16,34,6101,75,Asphalt,1,0,47.9769,-117.4310,47.9602,-117.4310,180
KDFI,12,30,4199,72,Asphalt,1,0,41.3399,-84.4357,41.3351,-84.4219,115
KDFW,13L,31R,9000,200,Concrete,1,0,32.9126,-97.0215,32.8950,-97.0008,135
KDFW,13R,31L,9300,150,Concrete,1,0,32.9096,-97.0831,32.8903,-97.0633,139
KDFW,17C,35C,13400,150,Concrete,1,0,32.9157,-97.0260,32.8789,-97.0262,180
KDFW,17L,35R,8500,150,Concrete,1,0,32.8983,-97.0098,32.8750,-97.0099,180
KDFW,17R,35L,13400,200,Concrete,1,0,32.9157,-97.0299,32.8789,-97.0301,180
KDFW,18L,36R,13401,200,Concrete,1,0,32.9158,-97.0507,32.8790,-97.0509,180
KDFW,18R,36L,13400,150,Concrete,1,0,32.9158,-97.0546,32.8790,-97.0548,180
KDGL,03,21,5760,75,Asphalt,1,0,31.3349,-109.5090,31.3478,-109.4980,36
KDGL,18,36,4095,100,Gravel,0,0,31.3469,-109.5060,31.3358,-109.5080,191
KDGW,05,23,4760,75,Asphalt,1,0,42.7981,-105.3990,42.8032,-105.3820,67
KDGW,11,29,6534,100,Asphalt,1,0,42.7988,-105.3930,42.7904,-105.3720,118
KDHN,14,32,8500,150,Asphalt,1,0,31.3306,-85.4616,31.3141,-85.4424,135
KDHN,18,36,5501,102,Asphalt,1,0,31.3265,-85.4456,31.3128,-85.4456,180
KDHT,03,21,5440,75,Asphalt,1,0,36.0173,-102.5550,36.0284,-102.5420,45
KDHT,17,35,6400,75,Asphalt,1,0,36.0311,-102.5460,36.0135,-102.5460,180
KDIJ,04,22,7301,100,Asphalt,1,0,43.7358,-111.1080,43.7491,-111.0870,48
KDIK,07,25,4700,75,Asphalt,1,0,46.7962,-102.8120,46.7985,-102.7930,80
KDIK,14,32,7301,150,Asphalt,1,0,46.8049,-102.8080,46.7897,-102.7950,150
KDKB,02,20,7026,100,Asphalt,1,0,41.9271,-88.7070,41.9458,-88.6982,20
KDKB,09,27,4201,75,Asphalt,1,0,41.9290,-88.7188,41.9290,-88.7033,90
KDKK,06,24,6000,100,Asphalt,1,0,42.4901,-79.2773,42.4989,-79.2631,50
KDKK,15,33,4000,100,Asphalt,1,0,42.4976,-79.2770,42.4893,-79.2673,139
KDKR,02,20,4000,75,Asphalt,1,0,31.3018,-95.4062,31.3121,-95.4015,21
KDKX,08,26,3499,75,Asphalt,1,0,35.9626,-83.8794,35.9651,-83.8680,75
KDLC,07,25,3000,60,Asphalt,1,0,34.4472,-79.3731,34.4509,-79.3641,64
KDLF,13C,31C,8852,150,Permeable,1,0,29.3675,-100.7880,29.3501,-100.7680,135
KDLF,13L,31R,8316,150,Permeable,1,0,29.3682,-100.7840,29.3519,-100.7660,135
KDLF,13R,31L,6571,150,Asphalt,1,0,29.3658,-100.7880,29.3536,-100.7750,135
KDLH,03,21,5719,150,Asphalt,1,0,46.8358,-92.1882,46.8491,-92.1763,32
KDLH,09,27,10591,150,Concrete,1,0,46.8425,-92.2203,46.8414,-92.1798,92
KDLL,01,19,5010,100,Asphalt,1,0,43.5162,-89.7716,43.5292,-89.7689,9
KDLL,14,32,2725,100,Grass,0,0,43.5233,-89.7757,43.5180,-89.7685,135
KDLN,04,22,3600,60,Asphalt,1,0,45.2488,-112.5580,45.2552,-112.5480,50
KDLN,17,35,6501,75,Asphalt,1,0,45.2661,-112.5520,45.2483,-112.5520,179
KDLO,15,33,5659,75,Asphalt,1,0,35.7528,-119.2400,35.7384,-119.2330,159
KDLS,07,25,4647,100,Asphalt,0,0,45.6208,-121.1780,45.6213,-121.1600,88
KDLS,13,31,5097,100,Asphalt,1,0,45.6235,-121.1730,45.6121,-121.1620,145
KDLZ,10,28,5800,100,Asphalt,1,0,40.2807,-83.1237,40.2787,-83.1059,98
KDMA,12,30,13643,200,Permeable,1,0,32.1803,-110.8980,32.1526,-110.8680,138
KDMN,04,22,5675,60,Asphalt,1,0,32.2566,-107.7310,32.2663,-107.7170,52
KDMN,08,26,8018,75,Asphalt,1,0,32.2630,-107.7280,32.2631,-107.7070,90
KDMO,05,23,3519,50,Asphalt,0,0,38.7017,-93.1860,38.7073,-93.1760,54
KDMO,18,36,5500,100,Concrete,1,0,38.7155,-93.1724,38.7004,-93.1730,182
KDMW,16,34,5100,100,Asphalt,1,0,39.6142,-77.0125,39.6023,-77.0029,148
KDNL,05,23,4002,100,Asphalt,1,0,33.4608,-82.0436,33.4686,-82.0343,45
KDNL,11,29,3733,100,Asphalt,1,0,33.4697,-82.0458,33.4672,-82.0339,104
KDNN,14,32,5496,100,Asphalt,1,0,34.7285,-84.8765,34.7174,-84.8640,137
KDNS,06,24,1780,175,Grass,0,1,41.9864,-95.3872,41.9889,-95.3808,62
KDNS,12,30,5000,75,Concrete,1,0,41.9896,-95.3871,41.9819,-95.3719,124
KDNS,18,36,3200,60,Grass,0,0,41.9900,-95.3808,41.9842,-95.3807,179
KDNV,03,21,6006,100,Asphalt,1,0,40.1938,-87.5996,40.2082,-87.5891,29
KDNV,12,30,2500,150,Grass,0,1,40.2022,-87.5981,40.1987,-87.5903,120
KDNV,16,34,3999,100,Asphalt,1,0,40.2031,-87.5992,40.1925,-87.5953,164
KDOV,01,19,9602,150,Permeable,1,0,39.1172,-75.4646,39.1435,-75.4627,3
KDOV,14,32,12903,150,Permeable,1,0,39.1393,-75.4861,39.1186,-75.4492,126
KDPA,02L,20R,7571,150,Concrete,1,0,41.8940,-88.2535,41.9142,-88.2468,14
KDPA,02R,20L,6451,100,Concrete,1,0,41.8934,-88.2499,41.9105,-88.2442,14
KDPA,10,28,4750,75,Asphalt,1,0,41.9135,-88.2585,41.9121,-88.2411,96
KDPA,15,33,3399,100,Asphalt,1,0,41.9192,-88.2457,41.9114,-88.2390,148
KDPG,12,30,10999,150,Asphalt,1,0,40.1997,-112.9390,40.1861,-112.9220,135
KDPG,12L,30R,13125,200,Asphalt,0,1,40.2121,-112.9540,40.1867,-112.9210,135
KDPL,05,23,6003,100,Asphalt,1,0,34.9934,-77.9876,35.0067,-77.9758,36
KDQH,04,22,6000,100,Asphalt,1,0,31.4701,-82.8663,31.4833,-82.8547,37
KDRA,02,20,7515,100,Asphalt,1,0,36.6112,-116.0390,36.6282,-116.0250,34
KDRI,04,22,4500,150,Asphalt,0,1,30.8289,-93.3450,30.8375,-93.3347,46
KDRI,09,27,4501,150,Asphalt,0,1,30.8381,-93.3475,30.8381,-93.3333,90
KDRI,14,32,4218,60,Asphalt,0,0,30.8375,-93.3476,30.8293,-93.3380,135
KDRI,18,36,5494,100,Permeable,1,0,30.8380,-93.3378,30.8229,-93.3376,179
KDRM,01,19,2500,150,Grass,0,0,46.0069,-83.7397,46.0139,-83.7411,358
KDRM,08,26,4000,75,Asphalt,1,0,46.0070,-83.7539,46.0103,-83.7389,72
KDRO,03,21,9201,150,Asphalt,0,0,37.1415,-107.7630,37.1616,-107.7440,37
KDRT,13,31,6300,100,Asphalt,1,0,29.3809,-100.9330,29.3675,-100.9210,140
KDSM,13,31,9001,150,Asphalt,1,0,41.5456,-93.6745,41.5290,-93.6502,132
KDSM,5,23,9004,150,Concrete-Grooved,1,0,41.5234,-93.6771,41.5379,-93.6506,54
KDSV,14,32,3500,100,Asphalt,1,0,42.5734,-77.7182,42.5677,-77.7084,128
KDSV,18,36,2443,100,Asphalt,1,1,42.5742,-77.7134,42.5676,-77.7117,169
KDTA,12,30,5935,85,Asphalt,0,0,39.3834,-112.5210,39.3724,-112.5050,132
KDTA,17,35,6065,75,Asphalt,1,0,39.3912,-112.5020,39.3760,-112.5020,180
KDTL,14,32,5201,100,Asphalt,1,0,46.8296,-95.8896,46.8201,-95.8781,140
KDTL,17,35,1880,250,Grass,0,0,46.8285,-95.8898,46.8234,-95.8898,180
KDTN,05,23,4198,75,Asphalt,1,0,32.5370,-93.7490,32.5420,-93.7404,55
KDTN,14,32,5016,150,Asphalt,1,0,32.5460,-93.7504,32.5353,-93.7400,140
KDTO,18L,36R,7002,150,Asphalt,1,0,33.2090,-97.1978,33.1925,-97.1982,181
KDTO,18R,36L,5003,75,Asphalt,0,0,,,,,
KDTS,14,32,5001,100,Asphalt,1,0,30.4055,-86.4763,30.3946,-86.4666,142
KDTW,03L,21R,8501,150,Permeable,1,0,42.2078,-83.3512,42.2283,-83.3361,29
KDTW,03R,21L,10001,150,Concrete,1,0,42.1956,-83.3518,42.2197,-83.3341,29
KDTW,04L,22R,10000,150,Concrete,1,0,42.2022,-83.3840,42.2262,-83.3663,29
KDTW,04R,22L,12003,200,Concrete,1,0,42.2023,-83.3713,42.2312,-83.3500,29
KDTW,09L,27R,8708,150,Permeable,1,0,42.2170,-83.3632,42.2175,-83.3310,89
KDTW,09R,27L,8500,150,Concrete,1,0,42.1990,-83.3617,42.1995,-83.3304,89
KDUA,04,22,3900,150,,0,1,33.9380,-96.3996,33.9452,-96.3900,48
KDUA,12,30,3000,75,Asphalt,0,1,33.9452,-96.3973,33.9396,-96.3901,133
KDUA,17,35,6800,100,Asphalt,1,0,33.9490,-96.3950,33.9304,-96.3951,180
KDUC,17,35,6650,100,Concrete,1,0,34.4800,-97.9600,34.4617,-97.9597,180
KDUG,03,21,7158,150,Asphalt,0,1,31.4644,-109.6090,31.4783,-109.5930,45
KDUG,08,26,4966,60,Asphalt,1,0,31.4741,-109.6110,31.4740,-109.5950,90
KDUG,12,30,7503,150,Asphalt,0,1,31.4689,-109.6140,31.4542,-109.5970,136
KDUG,17,35,6430,100,Asphalt,1,0,31.4743,-109.6040,31.4542,-109.6040,180
KDUH,09,27,4807,50,Asphalt,1,0,41.7355,-83.6646,41.7363,-83.6462,87
KDUJ,07,25,5503,100,Asphalt,1,0,41.1748,-78.9076,41.1818,-78.8898,62
KDUX,01,19,6001,100,Asphalt,1,0,35.8501,-102.0170,35.8640,-102.0100,23
KDUX,14,32,3100,60,Asphalt,1,0,35.8632,-102.0150,35.8557,-102.0100,152
KDVK,01,19,1956,75,Asphalt,0,0,37.5782,-84.7745,37.5846,-84.7734,8
KDVK,13,31,5000,75,Asphalt,1,0,37.5798,-84.7751,37.5727,-84.7604,122
KDVL,03,21,4314,75,Asphalt,1,0,48.1096,-98.9167,48.1180,-98.9043,45
KDVL,13,31,6400,100,Asphalt,1,0,48.1204,-98.9148,48.1092,-98.8997,138
KDVN,03,21,4001,100,Concrete,1,0,41.6075,-90.5920,41.6170,-90.5847,30
KDVN,15,33,5511,100,Concrete,1,0,41.6154,-90.5934,41.6023,-90.5832,150
KDVO,13,31,3303,75,Asphalt,1,0,38.1475,-122.5590,38.1397,-122.5530,148
KDVP,17,35,3005,60,Asphalt,1,0,43.9903,-95.7819,43.9827,-95.7825,183
KDVT,07L,25R,4500,75,Asphalt,1,0,33.6892,-112.0890,33.6900,-112.0750,86
KDVT,07R,25L,8196,100,Asphalt,1,0,33.6868,-112.0960,33.6884,-112.0690,86
KDWA,16,34,6000,100,Asphalt,1,0,38.5872,-121.8570,38.5708,-121.8570,180
KDWH,17L,35R,3500,35,Asphalt,0,0,30.0639,-95.5524,30.0530,-95.5508,173
KDWH,17R,35L,7009,100,Asphalt,1,0,30.0733,-95.5548,30.0542,-95.5520,173
KDWH,17W,35W,2530,100,Water,0,0,,,,,
KDWU,10,28,5402,100,Asphalt,1,0,38.5556,-82.7477,38.5534,-82.7283,94
KDXE,18,36,5000,100,Asphalt,1,0,36.7837,-89.9409,36.7713,-89.9414,182
KDXR,08,26,4421,150,Asphalt,1,0,41.3687,-73.4908,41.3729,-73.4756,70
KDXR,17,35,3135,100,Asphalt,0,0,41.3764,-73.4833,41.3687,-73.4782,153
KDXX,09,27,3003,135,Grass,0,0,44.9859,-96.1823,44.9859,-96.1706,90
KDXX,14,32,3300,75,Asphalt,1,0,44.9900,-96.1831,44.9830,-96.1749,140
KDYA,04,22,5002,100,Asphalt,1,0,32.4588,-87.9596,32.4689,-87.9486,43
KDYB,06,24,5000,75,Asphalt,1,0,33.0601,-80.2839,33.0668,-80.2748,49
KDYL,05,23,3004,60,Asphalt,1,0,40.3298,-75.1256,40.3366,-75.1191,36
KDYR,04,22,5698,98,Asphalt,1,0,35.9904,-89.4139,36.0023,-89.4014,41
KDYR,16,34,4001,74,Asphalt,1,0,36.0055,-89.4072,35.9950,-89.4030,162
KDYS,16,34,13500,300,Permeable,1,0,32.4390,-99.8588,32.4026,-99.8504,169
KDYS,161,341,3500,60,Gravel,0,0,32.4214,-99.8595,32.4118,-99.8573,161
KDYS,162,342,3500,60,Asphalt,0,0,,,,,
KDYT,09W,27W,5000,1500,Water,0,0,,,,,
KDYT,13W,31W,10000,2000,Water,0,0,,,,,
KDYT,14,32,2602,75,Asphalt,1,0,46.7250,-92.0475,46.7187,-92.0394,138
KDZB,17,35,5977,100,Asphalt,1,0,30.5353,-98.3586,30.5188,-98.3589,181
KDZJ,08,26,5004,100,Asphalt,1,0,34.8535,-84.0029,34.8567,-83.9908,72
KEAG,01,19,2389,120,Grass,0,0,42.7062,-93.9169,42.7125,-93.9141,18
KEAG,13,31,3500,60,Concrete,1,0,42.7136,-93.9211,42.7066,-93.9121,136
KEAN,08,26,5900,75,Asphalt,1,0,42.0554,-104.9390,42.0556,-104.9180,89
KEAR,13,31,4498,75,Concrete,1,0,40.7323,-99.0087,40.7227,-98.9986,141
KEAR,18,36,7094,100,Asphalt,1,0,40.7364,-99.0071,40.7171,-99.0104,187
KEAT,07,25,4460,150,Asphalt,0,1,47.3986,-120.2150,47.3986,-120.1970,90
KEAT,12,30,7000,150,Asphalt,1,0,47.4032,-120.2140,47.3922,-120.1970,135
KEAU,04,22,8101,150,Concrete,1,0,44.8593,-91.4927,44.8750,-91.4706,45
KEAU,14,32,5000,100,Concrete,1,0,44.8688,-91.4948,44.8585,-91.4821,139
KEBG,13,31,3200,150,Asphalt,0,1,26.4458,-98.1358,26.4389,-98.1303,145
KEBG,14,32,5000,75,Asphalt,1,0,26.4472,-98.1267,26.4361,-98.1177,144
KEBS,05,23,2663,90,Grass,0,0,42.4350,-93.8722,42.4400,-93.8648,48
KEBS,14,32,3851,75,Concrete,1,0,42.4405,-93.8733,42.4316,-93.8645,144
KECG,01,19,4518,150,Permeable,1,1,36.2538,-76.1791,36.2662,-76.1784,3
KECG,10,28,7219,150,Concrete,1,0,36.2613,-76.1842,36.2605,-76.1597,92
KECP,16,34,10000,150,Concrete,1,0,,,,,
KECS,05,23,2220,50,Grass,0,1,43.8844,-104.3250,43.8875,-104.3180,60
KECS,14,32,5310,75,Asphalt,1,0,43.8912,-104.3220,43.8795,-104.3100,144
KECS,17,35,2666,40,Grass,0,1,43.8889,-104.3190,43.8816,-104.3190,180
KECU,14,32,4050,50,Asphalt,1,0,29.9515,-100.1780,29.9423,-100.1700,145
KEDC,13,31,6025,100,Asphalt,1,0,30.4036,-97.5735,30.3926,-97.5591,131
KEDC,16,34,1550,25,Asphalt,0,0,30.3971,-97.5674,30.3930,-97.5662,166
KEDE,01,19,6001,100,Asphalt,1,0,36.0204,-76.5698,36.0368,-76.5698,360
KEDE,05,23,3757,100,Asphalt,0,1,36.0227,-76.5673,36.0300,-76.5583,45
KEDG,01,19,1704,85,Asphalt,1,0,39.3853,-76.2904,39.3979,-76.2917,355
KEDJ,07,25,5000,100,Asphalt,1,0,40.3699,-83.8274,40.3747,-83.8106,69
KEDN,05,23,5080,100,Asphalt,1,0,31.2954,-85.9063,31.3040,-85.8934,52
KEDU,17,35,3176,60,Asphalt,0,0,38.5358,-121.7860,38.5271,-121.7870,180
KEDW,05L,23R,12000,200,Asphalt,0,0,34.9027,-117.9048,34.9201,-117.8708,
KEDW,05R,23L,16798,300,Concrete,1,0,34.8946,-117.9050,34.9189,-117.8574,58
KEDW,07,25,8000,50,Concrete,0,0,34.8947,-117.8820,34.8995,-117.8560,77
KEED,02,20,4235,100,Asphalt,1,0,34.7644,-114.6230,34.7745,-114.6160,29
KEED,11,29,5005,100,Asphalt,1,0,34.7671,-114.6340,34.7604,-114.6190,119
KEEN,02,20,6201,100,Asphalt,1,0,42.8873,-72.2709,42.9043,-72.2696,3
KEEN,14,32,4001,150,Asphalt,1,0,42.9057,-72.2776,42.8991,-72.2657,127
KEEO,03,21,6503,100,Asphalt,1,0,40.0419,-107.8930,40.0557,-107.8790,40
KEET,16,34,5000,75,Asphalt,0,0,33.1841,-86.7864,33.1714,-86.7801,157
KEFC,14,32,4501,60,Asphalt,1,0,44.7397,-103.8660,44.7287,-103.8580,152
KEFC,18,36,3639,120,Grass,0,0,44.7397,-103.8600,44.7300,-103.8630,193
KEFD,04,22,8001,150,Concrete,1,1,29.5982,-95.1630,29.6140,-95.1455,44
KEFD,17L,35R,4609,80,Concrete,0,0,29.6185,-95.1562,29.6058,-95.1559,179
KEFD,17R,35L,9001,150,Concrete,1,0,29.6183,-95.1644,29.5936,-95.1638,179
KEFK,05,23,3996,100,Asphalt,0,0,44.8847,-72.2349,44.8943,-72.2273,29
KEFK,18,36,5301,100,Asphalt,1,0,44.8932,-72.2300,44.8830,-72.2246,160
KEFT,02,20,3000,75,Asphalt,1,0,42.6103,-89.5955,42.6180,-89.5913,22
KEFT,12,30,5000,75,Asphalt,1,0,42.6188,-89.5968,42.6116,-89.5810,122
KEFW,14,32,4100,75,Concrete,1,0,42.0138,-94.3469,42.0068,-94.3398,143
KEFW,18,36,1696,150,Grass,0,0,42.0127,-94.3399,42.0080,-94.3411,191
KEGE,07,25,9000,150,Asphalt,1,0,39.6410,-106.9320,39.6441,-106.9040,82
KEGE,08,26,5013,60,Asphalt,0,1,39.6447,-106.9230,39.6447,-106.9060,90
KEGI,18,36,8025,150,Asphalt,1,0,30.6613,-86.5227,30.6394,-86.5231,181
KEGI,180,360,3500,60,Asphalt,0,1,,,,,
KEGQ,04,22,2537,120,Grass,0,0,43.0979,-94.7072,43.1027,-94.7007,45
KEGQ,13,31,3401,60,Concrete,1,0,43.1071,-94.7117,43.1004,-94.7029,137
KEGQ,17,35,2157,150,Grass,0,0,43.1040,-94.7019,43.0980,-94.7019,180
KEGT,18,36,5201,100,Concrete,1,0,37.3294,-97.3884,37.3179,-97.3883,179
KEGV,04,22,5000,76,Asphalt,1,0,45.9270,-89.2761,45.9366,-89.2621,45
KEGV,13,31,3400,60,Asphalt,1,0,45.9363,-89.2721,45.9300,-89.2622,132
KEHA,04,22,4900,60,Asphalt,1,0,36.9951,-101.8840,37.0041,-101.8720,48
KEHA,17,35,4907,75,Asphalt,1,0,37.0086,-101.8820,36.9952,-101.8820,179
KEHO,05,23,5001,100,Asphalt,1,0,35.2502,-81.6073,35.2600,-81.5946,47
KEHR,09,27,7095,100,Asphalt,1,0,37.8076,-87.6952,37.8081,-87.6762,88
KEIK,09,27,2250,50,Asphalt,0,1,40.0110,-105.0520,40.0094,-105.0440,105
KEIK,16,34,4700,60,Concrete,1,0,40.0165,-105.0500,40.0039,-105.0460,167
KEIW,18,36,3200,60,Asphalt,1,0,36.5397,-89.5997,36.5309,-89.5997,180
KEKA,07,25,2028,50,Asphalt,0,1,40.8052,-124.1220,40.8063,-124.1150,78
KEKA,12,30,3011,75,Asphalt,1,0,40.8063,-124.1170,40.8005,-124.1090,135
KEKM,08,26,2480,250,Gravel,0,0,,,,,75
KEKM,09,27,6500,120,Asphalt,1,0,41.7209,-86.0194,41.7209,-85.9956,90
KEKM,18,36,3999,75,Asphalt,1,0,41.7223,-85.9933,41.7114,-85.9912,172
KEKN,05,23,4501,75,Asphalt,1,0,38.8850,-79.8628,38.8946,-79.8529,39
KEKN,14,32,4544,140,Asphalt,0,0,38.8930,-79.8626,38.8852,-79.8502,129
KEKO,06,24,7214,150,Asphalt,1,0,40.8191,-115.8056,40.8265,-115.7806,69
KEKO,12,30,3015,60,Asphalt,0,0,40.8334,-115.7909,40.8278,-115.7835,134
KEKQ,03,21,4000,75,Asphalt,1,0,36.8508,-84.8601,36.8597,-84.8521,36
KEKS,16,34,7600,100,Asphalt,1,0,45.2782,-111.6490,45.2653,-111.6480,177
KEKX,05,23,6001,100,Asphalt,1,0,37.6804,-85.9326,37.6917,-85.9175,47
KEKY,05,23,6007,100,Asphalt,1,0,33.3078,-86.9330,33.3179,-86.9188,50
KELA,17,35,4280,60,Asphalt,1,0,29.6058,-96.3230,29.5955,-96.3212,171
KELD,04,22,6601,150,Asphalt,1,0,33.2139,-92.8188,33.2266,-92.8033,46
KELD,13,31,5100,100,Concrete,0,1,33.2276,-92.8185,33.2175,-92.8069,136
KELD,17,35,3733,75,Concrete,0,1,33.2253,-92.8180,33.2150,-92.8182,181
KELK,17,35,5399,75,Concrete,1,0,35.4382,-99.3942,35.4234,-99.3943,180
KELM,05,23,2016,150,Grass,0,0,42.1604,-76.8904,42.1639,-76.8846,50
KELM,06,24,8001,150,Asphalt,1,0,42.1547,-76.9016,42.1669,-76.8818,50
KELM,10,28,5404,150,Asphalt,1,0,42.1578,-76.9029,42.1580,-76.8830,89
KELN,07,25,5590,150,Asphalt,0,1,47.0314,-120.5430,47.0319,-120.5210,88
KELN,11,29,4300,150,Concrete,1,0,47.0389,-120.5350,47.0308,-120.5230,133
KELO,12,30,5596,100,Asphalt,1,0,47.8284,-91.8406,47.8207,-91.8208,120
KELP,04,22,12020,150,Asphalt,1,0,31.8015,-106.4000,31.8228,-106.3700,50
KELP,08L,26R,5499,75,Asphalt,1,0,31.8057,-106.3700,31.8062,-106.3520,88
KELP,08R,26L,9025,150,Asphalt,1,0,31.8022,-106.3920,31.8008,-106.3630,93
KELY,12,30,4825,60,Asphalt,1,0,39.3034,-114.8520,39.2929,-114.8410,141
KELY,18,36,6017,150,Asphalt,1,0,39.3088,-114.8360,39.2928,-114.8410,194
KELZ,10,28,5300,100,Asphalt,1,0,42.1094,-77.9997,42.1096,-77.9802,90
KEMM,04,22,2671,60,Concrete,1,0,41.8230,-110.5610,41.8276,-110.5530,54
KEMM,10,28,3271,60,Gravel,0,0,41.8306,-110.5610,41.8261,-110.5510,121
KEMM,16,34,8203,75,Asphalt,1,0,41.8331,-110.5590,41.8108,-110.5560,174
KEMP,01,19,5005,100,Asphalt,1,0,38.3254,-96.1930,38.3388,-96.1894,12
KEMP,06,24,3881,300,Grass,0,0,38.3261,-96.1946,38.3310,-96.1821,64
KEMT,01,19,3995,75,Asphalt,1,0,34.0810,-118.0377,34.0910,-118.0320,25
KEMV,16,34,5010,100,Asphalt,1,0,36.6926,-77.4877,36.6811,-77.4782,147
KEND,13,31,4971,150,Permeable,0,1,36.3425,-97.9231,36.3329,-97.9112,135
KEND,17C,35C,9217,150,Permeable,1,0,36.3555,-97.9146,36.3303,-97.9147,180
KEND,17L,35R,5024,150,Concrete,1,0,36.3470,-97.9110,36.3331,-97.9110,180
KEND,17R,35L,9217,150,Permeable,1,0,36.3492,-97.9232,36.3239,-97.9232,180
KENL,09,27,3300,60,Asphalt,1,0,38.5152,-89.0960,38.5157,-89.0845,87
KENL,18,36,5001,75,Asphalt,1,0,38.5217,-89.0916,38.5080,-89.0918,181
KENV,08,26,10002,150,Asphalt,1,0,40.7189,-114.0430,40.7190,-114.0150,90
KENV,12,30,8002,100,Asphalt,1,0,40.7262,-114.0430,40.7107,-114.0230,135
KENW,07L,25R,6600,100,Concrete,1,0,42.5930,-87.9417,42.5997,-87.9234,64
KENW,07R,25L,3302,75,ASPH-CONC-F,1,0,42.5909,-87.9281,42.5949,-87.9171,64
KENW,15,33,4440,100,Concrete,1,0,42.6019,-87.9307,42.5921,-87.9209,144
KEOE,04,22,4001,75,Asphalt,1,0,34.3054,-81.6432,34.3131,-81.6362,37
KEOK,08,26,5500,100,Concrete,1,0,40.4596,-91.4361,40.4607,-91.4164,86
KEOK,14,32,3576,100,Concrete,1,0,40.4633,-91.4360,40.4556,-91.4281,142
KEOP,07,25,4899,75,Asphalt,1,0,39.1638,-82.9358,39.1701,-82.9205,62
KEOS,01,19,5001,100,Asphalt,1,0,36.8041,-94.3935,36.8175,-94.3899,12
KEPH,03,21,5500,75,Asphalt,0,0,47.3059,-119.5220,47.3169,-119.5070,43
KEPH,04,22,3467,150,Asphalt,0,0,47.3067,-119.5250,47.3137,-119.5150,42
KEPH,11,29,3843,60,Concrete,1,0,47.3046,-119.5240,47.2982,-119.5120,128
KEPH,16,34,6630,150,Asphalt,0,1,47.3164,-119.5110,47.2983,-119.5110,180
KEPM,14,32,4002,75,Asphalt,1,0,44.9134,-67.0189,44.9069,-67.0065,127
KEQA,04,22,4204,75,Asphalt,1,0,37.7702,-96.8231,37.7786,-96.8131,43
KEQA,15,33,4200,75,Concrete,1,0,37.7792,-96.8198,37.7684,-96.8145,159
KEQY,05,23,7001,100,Asphalt,1,0,35.0137,-80.6269,35.0240,-80.6135,47
KERI,02,20,3508,150,Asphalt,1,0,42.0776,-80.1802,42.0871,-80.1780,10
KERI,06,24,8420,150,Asphalt,1,0,42.0766,-80.1844,42.0870,-80.1649,54
KERR,15,33,3600,60,Gravel,0,0,,,,,
KERV,03,21,3597,58,Asphalt,1,0,29.9774,-99.0906,29.9867,-99.0837,33
KERV,12,30,6004,100,Asphalt,1,0,29.9785,-99.0919,29.9678,-99.0775,131
KERY,04,22,2856,150,Grass,0,0,46.3042,-85.4568,46.3108,-85.4504,34
KERY,11,29,4304,75,Asphalt,1,0,46.3157,-85.4678,46.3116,-85.4519,110
KESC,01,19,5016,100,Asphalt,1,0,45.7184,-87.0867,45.7321,-87.0864,1
KESC,10,28,6498,150,Asphalt,1,0,45.7208,-87.1120,45.7205,-87.0865,91
KESF,09,27,5998,150,Asphalt,1,0,31.3944,-92.3060,31.3942,-92.2868,91
KESF,14,32,5600,150,Asphalt,1,0,31.4018,-92.3003,31.3892,-92.2900,145
KESN,04,22,5500,100,Asphalt,1,0,38.7974,-76.0720,38.8104,-76.0622,31
KESN,15,33,4003,100,Asphalt,1,0,38.8086,-76.0764,38.8005,-76.0669,138
KEST,06,24,2989,90,Gravel,0,0,43.4048,-94.7517,43.4072,-94.7410,73
KEST,16,34,4797,75,Concrete,1,0,43.4147,-94.7483,43.4018,-94.7450,170
KESW,09,27,2640,100,Turf,0,0,47.2559,-121.1900,47.2525,-121.1810,
KETB,06,24,3898,75,Asphalt,1,0,43.4200,-88.1342,43.4255,-88.1217,59
KETB,13,31,4494,75,Asphalt,1,0,43.4254,-88.1347,43.4180,-88.1211,127
KETC,09,27,3999,60,Asphalt,1,0,35.9367,-77.5532,35.9379,-77.5398,84
KETH,04,22,1919,175,Grass,0,0,45.7800,-96.5481,45.7826,-96.5416,60
KETH,16,34,3298,75,Asphalt,1,0,45.7843,-96.5445,45.7756,-96.5410,164
KETN,17,35,5000,60,Asphalt,1,0,32.4191,-98.8095,32.4080,-98.8100,182
KEUF,18,36,5000,100,Asphalt,1,0,31.9582,-85.1284,31.9445,-85.1294,184
KEUG,03,21,5228,150,Asphalt,0,1,44.1165,-123.2250,44.1263,-123.2110,47
KEUG,16L,34R,6000,150,Asphalt,1,0,44.1330,-123.2030,44.1165,-123.2020,179
KEUG,16R,34L,8009,150,Asphalt,1,0,44.1354,-123.2190,44.1135,-123.2190,179
KEUL,12,30,5500,100,Asphalt,1,0,43.6472,-116.6430,43.6365,-116.6280,135
KEVB,02,20,4000,100,Asphalt,0,0,29.0490,-80.9497,29.0595,-80.9462,17
KEVB,07,25,5000,75,Asphalt,0,0,29.0549,-80.9580,29.0614,-80.9442,62
KEVB,11,29,4319,75,Asphalt,1,0,29.0559,-80.9537,29.0525,-80.9408,107
KEVM,05,23,2685,110,Grass,0,0,47.4219,-92.5019,47.4267,-92.4933,51
KEVM,09,27,4000,75,Asphalt,1,0,47.4240,-92.5044,47.4231,-92.4875,94
KEVM,14,32,2050,100,Asphalt,1,0,47.4285,-92.5025,47.4233,-92.4959,139
KEVU,14,32,4600,75,Concrete,1,0,40.3587,-94.9210,40.3493,-94.9134,148
KEVV,04,22,8021,150,Asphalt,1,0,38.0306,-87.5359,38.0480,-87.5187,38
KEVV,09,27,3497,75,Asphalt,1,0,38.0383,-87.5388,38.0381,-87.5267,91
KEVV,18,36,6286,150,Asphalt,1,0,38.0460,-87.5341,38.0288,-87.5345,181
KEVW,05,23,7300,100,Asphalt,1,0,41.2708,-111.0470,41.2787,-111.0220,67
KEVW,05R,23L,7300,100,Asphalt,0,1,41.2710,-111.0440,41.2789,-111.0200,67
KEVY,11,29,3601,200,Gravel,1,0,39.5225,-75.7340,39.5212,-75.7214,98
KEVY,17,35,4488,65,Asphalt,1,0,39.5263,-75.7225,39.5144,-75.7184,165
KEWB,05,23,5400,150,Asphalt,1,0,41.6717,-70.9645,41.6824,-70.9531,38
KEWB,14,32,5002,75,Asphalt,1,0,41.6803,-70.9639,41.6718,-70.9496,129
KEWK,08,26,3501,60,Asphalt,1,0,38.0608,-97.2790,38.0606,-97.2668,91
KEWK,17,35,7003,100,Asphalt,1,0,38.0649,-97.2764,38.0457,-97.2764,180
KEWN,04,22,6452,150,Asphalt,1,0,35.0654,-77.0483,35.0796,-77.0380,31
KEWN,14,32,4001,150,Asphalt,0,0,35.0770,-77.0479,35.0703,-77.0373,128
KEWR,11,29,6725,150,Asphalt,1,0,40.7028,-74.1807,40.7012,-74.1565,95
KEWR,4L,22R,11000,150,Asphalt,1,0,40.6754,-74.1795,40.7026,-74.1622,26
KEWR,4R,22L,9999,150,Asphalt,1,0,40.6776,-74.1743,40.7023,-74.1585,26
KEXX,06,24,5004,100,Asphalt,1,0,35.7774,-80.3200,35.7819,-80.3041,71
KEYE,03,21,4200,75,Asphalt,1,0,39.8255,-86.2976,39.8359,-86.2912,25
KEYF,15,33,5006,75,Asphalt,1,0,34.6074,-78.5841,34.5962,-78.5744,144
KEYW,09,27,5076,100,Asphalt,1,0,24.5561,-81.7668,24.5562,-81.7523,89
KEZF,06,24,2902,100,Asphalt,1,0,38.2638,-77.4521,38.2689,-77.4455,45
KEZF,15,33,1300,100,Gravel,0,0,38.2700,-77.4519,38.2671,-77.4493,145
KEZI,01,19,3200,60,Asphalt,1,0,41.2026,-89.9625,41.2112,-89.9602,11
KEZI,09,27,4500,75,Asphalt,1,0,41.2041,-89.9738,41.2039,-89.9575,91
KEZM,02,20,6506,100,Asphalt,1,0,32.2078,-83.1315,32.2250,-83.1259,15
KEZS,12,30,3901,75,Asphalt,1,0,44.7894,-88.5667,44.7853,-88.5529,113
KEZS,17,35,2225,60,Asphalt,0,0,44.7902,-88.5615,44.7843,-88.5592,165
KEZS,ALL,WAY,12000,1000,Water,0,0,,,,,
KEZZ,17,35,4000,75,Concrete,1,0,39.7330,-94.2768,39.7221,-94.2754,175
KFAF,14,32,3025,75,Asphalt,1,0,37.1350,-76.6133,37.1299,-76.6046,128
KFAM,02,20,4323,75,Concrete,1,0,37.7559,-90.4314,37.7666,-90.4256,24
KFAR,09,27,6302,100,Concrete,1,0,46.9271,-96.8273,46.9270,-96.8021,90
KFAR,13,31,3801,75,Permeable,1,0,46.9141,-96.8215,46.9065,-96.8112,137
KFAR,18,36,9001,150,Concrete,1,0,46.9329,-96.8161,46.9082,-96.8164,180
KFAT,11L,29R,9539,150,Asphalt,1,0,36.7835,-119.7290,36.7688,-119.7040,125
KFAT,11R,29L,8008,150,Asphalt,1,0,36.7820,-119.7300,36.7705,-119.7100,125
KFAY,04,22,7709,150,Asphalt,1,0,34.9843,-78.8870,35.0025,-78.8737,31
KFAY,10,28,4801,150,Asphalt,1,0,34.9878,-78.8882,34.9876,-78.8721,91
KFBG,10,28,4121,100,Asphalt,1,0,35.1314,-78.9443,35.1323,-78.9288,86
KFBL,12,30,4257,75,Asphalt,1,0,44.3315,-93.3181,44.3244,-93.3051,127
KFBR,04,22,6404,75,Asphalt,1,0,41.3868,-110.4160,41.3970,-110.3970,54
KFBR,07,25,3520,50,Gravel,0,0,41.3947,-110.4110,41.3969,-110.3970,78
KFBY,11,29,2487,150,Gravel,0,0,40.1822,-97.1693,40.1789,-97.1617,120
KFBY,17,35,3700,75,Concrete,1,0,40.1880,-97.1692,40.1779,-97.1693,180
KFCH,12,30,3627,75,Asphalt,1,0,36.7350,-119.8254,36.7292,-119.8153,125
KFCH,12L,30R,3006,75,Asphalt,0,1,36.7350,-119.8230,36.7301,-119.8150,126
KFCH,12R,30L,3202,75,Asphalt,1,1,36.7347,-119.8250,36.7296,-119.8160,126
KFCI,15,33,5500,100,Asphalt,1,0,37.4123,-77.5308,37.4006,-77.5189,141
KFCM,10L,28R,3901,75,Asphalt,1,0,44.8295,-93.4639,44.8276,-93.4503,101
KFCM,10R,28L,5001,100,Asphalt,1,0,44.8284,-93.4661,44.8264,-93.4513,101
KFCM,18,36,2690,75,Asphalt,1,0,44.8289,-93.4544,44.8216,-93.4554,186
KFCS,13,31,4500,75,Asphalt,1,0,38.6830,-104.7620,38.6738,-104.7510,137
KFCT,5H,23H,1602,50,Asphalt,1,0,46.6658,-120.4580,46.6681,-120.4510,65
KFCY,18,36,3014,50,Asphalt,1,0,34.9461,-90.7749,34.9379,-90.7751,181
KFDK,05,23,5819,100,Asphalt,1,0,39.4096,-77.3804,39.4205,-77.3684,40
KFDK,12,30,3599,75,Asphalt,1,0,39.4234,-77.3798,39.4191,-77.3684,116
KFDR,03,21,4812,60,Concrete,0,0,34.3463,-98.9881,34.3557,-98.9772,44
KFDR,08,26,4319,150,Concrete,0,1,34.3438,-98.9893,34.3438,-98.9750,90
KFDR,12,30,4578,75,Concrete,0,0,34.3583,-98.9878,34.3494,-98.9772,135
KFDR,17,35,6099,150,Asphalt,0,0,34.3606,-98.9893,34.3438,-98.9893,180
KFDR,17L,35R,3180,50,Concrete,0,0,34.3553,-98.9772,34.3466,-98.9772,180
KFDR,17R,35L,6000,150,Asphalt,1,1,34.3603,-98.9893,34.3438,-98.9893,180
KFDW,04,22,5243,100,Asphalt,1,0,34.3101,-81.1139,34.3209,-81.1037,38
KFDY,07,25,5883,100,Asphalt,1,0,41.0114,-83.6812,41.0173,-83.6613,69
KFDY,18,36,6499,100,Asphalt,1,0,41.0188,-83.6661,41.0010,-83.6663,180
KFEP,06,24,5504,100,Asphalt,1,0,42.2399,-89.5901,42.2491,-89.5736,53
KFEP,13,31,2285,150,Grass,0,0,42.2508,-89.5846,42.2471,-89.5778,126
KFEP,18,36,2404,150,Grass,0,0,42.2510,-89.5831,42.2442,-89.5829,179
KFET,01,19,2444,50,Asphalt,0,1,41.4441,-96.5162,41.4507,-96.5145,11
KFET,14,32,6353,100,ASPH-CONC-G,0,0,41.4558,-96.5287,41.4441,-96.5161,141
KFFA,03,21,3000,60,Asphalt,0,0,36.0146,-75.6735,36.0221,-75.6693,24
KFFC,13,31,5768,100,Asphalt,1,0,33.3617,-84.5785,33.3528,-84.5651,128
KFFL,08,26,2505,140,Gravel,0,0,41.0533,-91.9869,41.0538,-91.9780,86
KFFL,18,36,5503,100,Asphalt,1,0,41.0590,-91.9816,41.0480,-91.9815,180
KFFM,13,31,5639,100,Asphalt,1,0,46.2893,-96.1623,46.2787,-96.1460,133
KFFM,17,35,3299,75,Asphalt,1,0,46.2896,-96.1611,46.2805,-96.1610,179
KFFO,05L,23R,12600,300,Permeable,1,0,39.8149,-84.0651,39.8376,-84.0313,49
KFFO,05R,23L,7000,150,Asphalt,1,0,39.8191,-84.0517,39.8318,-84.0329,49
KFFT,07,25,5006,100,Asphalt,1,0,38.1795,-84.9125,38.1855,-84.8969,64
KFFX,01,19,6501,100,Asphalt,1,0,43.4280,-85.9964,43.4458,-85.9966,360
KFFX,10,28,3502,75,Asphalt,1,0,43.4439,-85.9984,43.4437,-85.9852,91
KFFZ,04L,22R,3799,75,Asphalt,1,0,33.4583,-111.7342,33.4648,-111.7245,51
KFFZ,04R,22L,5100,100,Asphalt,1,0,33.4559,-111.7340,33.4647,-111.7210,51
KFGU,03,21,4986,75,Asphalt,1,0,35.0400,-85.0198,35.0513,-85.0120,30
KFGX,07,25,5002,100,Asphalt,1,0,38.5392,-83.7514,38.5445,-83.7353,67
KFHR,16,34,3402,75,Asphalt,1,0,48.5266,-123.0250,48.5173,-123.0240,177
KFHU,03,21,4285,75,Permeable,1,0,31.5862,-110.3490,31.5956,-110.3410,37
KFHU,08,26,12001,150,Concrete,1,0,31.5876,-110.3670,31.5876,-110.3290,90
KFHU,12,30,5366,100,Permeable,1,0,31.5929,-110.3430,31.5841,-110.3290,127
KFIG,12,30,4499,75,Asphalt,1,0,41.0506,-78.4208,41.0466,-78.4054,109
KFIT,02,20,3504,75,Asphalt,0,1,42.5497,-71.7600,42.5592,-71.7581,8
KFIT,14,32,5001,100,Asphalt,1,0,42.5577,-71.7654,42.5500,-71.7523,129
KFKA,11,29,4001,75,Asphalt,1,0,43.6783,-92.1871,43.6750,-92.1727,108
KFKL,03,21,5200,150,Asphalt,1,0,41.3701,-79.8633,41.3837,-79.8577,17
KFKL,12,30,3593,100,Asphalt,1,0,41.3806,-79.8666,41.3779,-79.8537,106
KFKN,09,27,4977,100,Asphalt,1,0,36.6992,-76.9105,36.7014,-76.8940,81
KFKN,14,32,4098,100,Concrete,0,1,36.6996,-76.9105,36.6912,-76.9012,138
KFKR,04,22,2527,70,Asphalt,1,0,40.2720,-86.5691,40.2778,-86.5640,34
KFKR,09,27,5000,75,Asphalt,1,0,40.2727,-86.5689,40.2727,-86.5510,90
KFKS,15,33,4050,75,Asphalt,1,0,44.6294,-86.2059,44.6210,-86.1958,139
KFLD,09,27,3604,75,Asphalt,1,0,43.7716,-88.4989,43.7713,-88.4853,92
KFLD,18,36,5941,100,Asphalt,1,0,43.7791,-88.4862,43.7628,-88.4862,180
KFLG,03,21,8800,150,Asphalt,1,0,35.1312,-111.6790,35.1457,-111.6640,41
KFLL,10L,28R,9000,150,Asphalt,1,0,26.0769,-80.1665,26.0768,-80.1391,90
KFLL,10R,28L,8000,150,Asphalt,1,0,26.0659,-80.1583,26.0657,-80.1340,90
KFLO,01,19,6000,150,Asphalt,1,0,34.1761,-79.7248,34.1925,-79.7243,2
KFLO,09,27,6502,150,Asphalt,1,0,34.1853,-79.7339,34.1874,-79.7126,84
KFLP,04,22,5001,75,Asphalt,1,0,36.2866,-92.5969,36.2952,-92.5836,51
KFLR,XX,XX,1460,67,Concrete,0,1,,,,,41
KFLV,16,34,5318,102,Permeable,1,0,39.3759,-94.9184,39.3607,-94.9110,159
KFLX,03,21,5705,75,Asphalt,1,0,39.4944,-118.7570,39.5047,-118.7410,49
KFLX,13,31,3581,60,Gravel,0,0,39.5032,-118.7530,39.4937,-118.7440,146
KFME,10,28,3000,75,Asphalt,1,0,39.0855,-76.7648,39.0850,-76.7543,94
KFMH,05,23,8000,150,Permeable,1,0,41.6500,-70.5306,41.6671,-70.5122,38
KFMH,14,32,9501,150,Permeable,1,0,41.6673,-70.5388,41.6515,-70.5112,127
KFMM,08,26,2468,100,Gravel,0,0,40.3328,-103.8100,40.3328,-103.8010,90
KFMM,14,32,5731,75,Concrete,1,0,40.3410,-103.8100,40.3284,-103.8010,152
KFMM,17,35,5216,80,Gravel,0,0,40.3389,-103.8010,40.3285,-103.8010,181
KFMN,05,23,6501,150,Asphalt,1,0,36.7373,-108.2410,36.7450,-108.2210,65
KFMN,07,25,6704,100,Asphalt,1,0,36.7411,-108.2400,36.7416,-108.2170,88
KFMY,05,23,6406,150,Asphalt,1,0,26.5800,-81.8711,26.5918,-81.8566,48
KFMY,13,31,4910,150,Asphalt,1,0,26.5919,-81.8682,26.5831,-81.8568,130
KFMZ,12,30,3021,60,Concrete,0,0,40.5854,-97.5799,40.5796,-97.5722,135
KFMZ,17,35,4317,75,Asphalt,1,0,40.5945,-97.5711,40.5827,-97.5711,180
KFNB,15,33,4000,75,Concrete,1,0,40.0835,-95.5957,40.0741,-95.5883,149
KFNL,06,24,2189,40,Asphalt,0,0,40.4528,-105.0120,40.4549,-105.0040,71
KFNL,15,33,8500,100,Asphalt,1,0,40.4623,-105.0170,40.4403,-105.0070,160
KFNT,09,27,7201,150,Asphalt,1,0,42.9690,-83.7598,42.9696,-83.7329,88
KFNT,18,36,7852,150,Asphalt,1,0,42.9727,-83.7435,42.9512,-83.7430,179
KFOA,03,21,5003,75,Asphalt,1,0,38.6583,-88.4571,38.6702,-88.4484,30
KFOA,15,33,2715,100,Gravel,0,0,38.6693,-88.4560,38.6631,-88.4509,147
KFOD,06,24,6547,150,Asphalt,1,0,42.5476,-94.2057,42.5552,-94.1837,65
KFOD,12,30,5301,100,Asphalt,1,0,42.5553,-94.1961,42.5466,-94.1804,127
KFOE,03,21,7002,150,Concrete,1,0,38.9404,-95.6731,38.9551,-95.6574,40
KFOE,13,31,12803,150,Concrete,1,0,38.9656,-95.6780,38.9398,-95.6474,137
KFOK,01,19,5100,150,Permeable,0,0,40.8349,-72.6370,40.8486,-72.6378,358
KFOK,06,24,9002,150,Permeable,1,0,40.8362,-72.6390,40.8545,-72.6170,42
KFOK,15,33,5002,150,Asphalt,1,0,40.8472,-72.6396,40.8379,-72.6263,133
KFOM,04,22,5040,75,Asphalt,1,0,38.9542,-112.3700,38.9624,-112.3560,53
KFOT,11,29,4004,100,Asphalt,1,0,40.5573,-124.1380,40.5506,-124.1270,127
KFOZ,15,33,3998,75,Asphalt,1,0,47.7866,-93.6533,47.7791,-93.6471,151
KFPK,03,21,3510,75,Concrete,1,0,42.5700,-84.8137,42.5790,-84.8091,21
KFPK,15,33,2298,95,Grass,0,0,42.5759,-84.8158,42.5710,-84.8103,145
KFPR,10R,28L,6492,150,Asphalt,1,0,27.4973,-80.3794,27.4971,-80.3594,90
KFPR,14,32,4755,100,Asphalt,1,0,27.4968,-80.3719,27.4875,-80.3616,135
KFQD,01,19,5000,100,Asphalt,1,0,35.4214,-81.9372,35.4347,-81.9328,15
KFRG,01,19,5517,150,Asphalt,1,0,40.7218,-73.4143,40.7369,-73.4146,359
KFRG,14,32,6833,150,Asphalt,1,0,40.7346,-73.4217,40.7220,-73.4035,132
KFRH,08,26,5500,100,Asphalt,1,0,38.5044,-86.6463,38.5081,-86.6276,76
KFRI,04,22,4503,100,Concrete,1,0,39.0487,-96.7707,39.0566,-96.7584,50
KFRI,18,36,4500,150,Concrete,0,1,39.0614,-96.7637,39.0491,-96.7652,185
KFRM,02,20,3301,75,Asphalt,1,0,43.6397,-94.4151,43.6477,-94.4093,28
KFRM,13,31,5505,100,Asphalt,1,0,43.6493,-94.4251,43.6388,-94.4102,134
KFRR,10,28,3008,75,Asphalt,1,0,38.9173,-78.2587,38.9177,-78.2481,87
KFSD,03,21,9000,150,Concrete,1,0,43.5726,-96.7537,43.5929,-96.7343,35
KFSD,09,27,3151,75,Concrete,1,0,43.5780,-96.7475,43.5760,-96.7360,103
KFSD,15,33,8000,150,Asphalt,1,0,43.5931,-96.7461,43.5732,-96.7333,155
KFSE,16,34,3502,75,Asphalt,1,0,47.5975,-95.7750,47.5881,-95.7719,168
KFSI,18,36,5002,150,Concrete,1,0,34.6567,-98.4022,34.6429,-98.4022,180
KFSK,18,36,4403,75,Asphalt,1,0,37.8044,-94.7694,37.7923,-94.7694,180
KFSM,01,19,5002,150,Asphalt,1,1,35.3323,-94.3693,35.3451,-94.3633,21
KFSM,07,25,8000,150,Asphalt,1,0,35.3336,-94.3814,35.3370,-94.3549,81
KFSO,01,19,3001,60,Asphalt,1,0,44.9362,-73.0969,44.9444,-73.0980,354
KFST,03,21,4400,60,Asphalt,1,0,30.9137,-102.9190,30.9234,-102.9100,37
KFST,07,25,4961,150,Grass,0,0,30.9152,-102.9170,30.9174,-102.9000,81
KFST,11,29,3348,100,Grass,0,0,30.9152,-102.9170,30.9086,-102.9070,128
KFST,12,30,7508,100,Asphalt,1,0,30.9201,-102.9270,30.9078,-102.9080,127
KFST,16,34,3981,150,Turf,0,0,30.9208,-102.9100,30.9100,-102.9080,171
KFSU,03,21,5800,75,Asphalt,1,0,34.4833,-104.2170,34.4944,-104.2040,45
KFSU,08,26,5250,60,Asphalt,1,0,34.4833,-104.2260,34.4833,-104.2080,90
KFSW,17,35,4000,75,Concrete,1,0,40.6645,-91.3294,40.6538,-91.3261,167
KFTG,08,26,8002,100,Asphalt,1,0,39.7940,-104.5650,39.7936,-104.5370,91
KFTG,17,35,8000,100,Asphalt,1,0,39.7856,-104.5240,39.7636,-104.5240,180
KFTG,18,36,4000,60,Asphalt,0,1,39.7954,-104.5680,39.7845,-104.5680,180
KFTK,05,23,1900,90,Asphalt,0,0,37.9068,-85.9709,37.9104,-85.9663,46
KFTK,09,27,4999,150,Permeable,0,1,37.9086,-85.9798,37.9070,-85.9626,97
KFTK,15,33,4853,75,Asphalt,1,0,37.9117,-85.9781,37.9003,-85.9692,148
KFTK,18,36,5184,150,Asphalt,1,0,37.9142,-85.9703,37.9000,-85.9693,177
KFTT,06,24,3203,60,Asphalt,0,0,38.8377,-92.0082,38.8424,-91.9988,57
KFTT,12,30,2488,100,Gravel,0,0,38.8416,-92.0090,38.8380,-92.0017,122
KFTT,18,36,4001,75,Concrete,1,0,38.8410,-91.9999,38.8300,-92.0003,182
KFTW,09,27,3677,100,Asphalt,0,1,32.8188,-97.3652,32.8171,-97.3534,100
KFTW,16,34,7502,150,Concrete,1,0,32.8302,-97.3625,32.8098,-97.3590,172
KFTW,17,35,4005,75,Asphalt,1,0,32.8248,-97.3665,32.8139,-97.3647,172
KFTY,08,26,5797,100,Asphalt,1,0,33.7787,-84.5301,33.7815,-84.5113,80
KFTY,09,27,2801,60,Asphalt,0,1,33.7809,-84.5227,33.7823,-84.5137,80
KFTY,14,32,4157,100,Asphalt,1,1,33.7804,-84.5289,33.7718,-84.5199,139
KFUL,06,24,3121,75,Asphalt,1,0,33.8711,-117.9848,33.8730,-117.9748,77
KFVE,14,32,4600,75,Asphalt,1,0,47.2882,-68.3211,47.2828,-68.3044,116
KFVX,03,21,4400,75,Asphalt,1,0,37.3517,-78.4407,37.3632,-78.4357,20
KFWA,05,23,11981,150,Permeable,1,0,40.9627,-85.2127,40.9863,-85.1824,44
KFWA,09,27,4001,75,Permeable,0,0,40.9759,-85.1988,40.9759,-85.1843,90
KFWA,14,32,8002,150,Permeable,1,0,40.9935,-85.2037,40.9781,-85.1831,135
KFWC,09,27,4000,75,Asphalt,1,0,38.3780,-88.4222,38.3779,-88.4082,90
KFWC,18,36,1999,60,Asphalt,1,0,38.3827,-88.4075,38.3773,-88.4076,181
KFWN,03,21,3506,75,Asphalt,1,0,41.1956,-74.6248,41.2048,-74.6213,16
KFWQ,08,26,4002,75,Asphalt,1,0,40.2076,-79.8381,40.2118,-79.8248,67
KFWS,18L,36R,3660,60,Grass,0,0,32.5725,-97.3064,32.5615,-97.3064,180
KFWS,18R,36L,6002,100,Asphalt,1,0,32.5725,-97.3097,32.5560,-97.3097,180
KFXE,09,27,6002,100,Asphalt,1,0,26.1976,-80.1809,26.1994,-80.1627,84
KFXE,13,31,4000,100,Asphalt,1,0,26.1989,-80.1739,26.1920,-80.1644,129
KFXY,09,27,2707,60,Asphalt,1,0,43.2379,-93.6330,43.2373,-93.6229,95
KFXY,15,33,5796,100,Asphalt,1,0,43.2406,-93.6269,43.2262,-93.6177,155
KFYE,01,19,5000,75,Asphalt,1,0,35.2009,-89.3956,35.2145,-89.3933,8
KFYJ,10,28,5000,75,Asphalt,0,0,37.5209,-76.7713,37.5218,-76.7541,86
KFYM,02,20,5900,100,Asphalt,1,0,35.0518,-86.5664,35.0676,-86.5617,14
KFYV,16,34,6005,100,Asphalt,1,0,36.0132,-94.1720,35.9970,-94.1681,169
KFZG,02,20,5000,100,Asphalt,1,0,31.6765,-83.2746,31.6900,-83.2713,12
KFZG,15,33,2984,300,Grass,0,0,31.6882,-83.2704,31.6810,-83.2635,141
KFZI,09,27,5005,100,Asphalt,1,0,41.1908,-83.4022,41.1908,-83.3869,90
KFZY,06,24,3997,100,Asphalt,1,0,43.3465,-76.3936,43.3540,-76.3826,47
KFZY,15,33,5196,100,Asphalt,1,0,43.3564,-76.3947,43.3460,-76.3814,137
KGAB,09,27,5950,65,Dirt,0,0,,,,,
KGAB,16,34,2650,75,Dirt,0,0,,,,,
KGAD,06,24,6802,150,Asphalt,1,0,33.9658,-86.1011,33.9750,-86.0815,61
KGAD,18,36,4806,150,Asphalt,1,1,33.9824,-86.0859,33.9692,-86.0860,180
KGAF,08,26,4074,115,Grass,0,0,48.4058,-97.3836,48.4058,-97.3658,90
KGAF,17,35,3898,74,Asphalt,1,0,48.4108,-97.3656,48.4000,-97.3656,180
KGAG,17,35,5033,75,Asphalt,1,0,36.3030,-99.7764,36.2881,-99.7765,180
KGAI,14,32,4202,75,Asphalt,1,0,39.1718,-77.1719,39.1648,-77.1601,127
KGAO,18,36,6500,100,Asphalt,1,0,29.4500,-90.2611,29.4396,-90.2612,181
KGAS,05,23,3999,75,Asphalt,1,0,38.8304,-82.1686,38.8378,-82.1582,48
KGBD,11,29,4706,75,Asphalt,1,0,38.3427,-98.8695,38.3363,-98.8553,120
KGBD,17,35,7852,100,Asphalt,1,0,38.3579,-98.8574,38.3363,-98.8572,180
KGBG,03,21,5792,150,Asphalt,1,0,40.9309,-90.4365,40.9449,-90.4266,28
KGBG,10,28,3600,100,Asphalt,1,0,40.9391,-90.4369,40.9372,-90.4241,101
KGBN,05,23,5200,150,Asphalt,0,1,32.8872,-112.7350,32.8942,-112.7200,61
KGBN,11,29,5200,150,Asphalt,0,1,32.8911,-112.7350,32.8839,-112.7200,120
KGBN,17,35,8503,150,Asphalt,1,0,32.8992,-112.7200,32.8758,-112.7200,181
KGBR,11,29,2579,50,Asphalt,1,0,42.1845,-73.4084,42.1837,-73.3990,97
KGCC,03,21,5804,75,Concrete,1,0,44.3452,-105.5440,44.3577,-105.5300,38
KGCC,16,34,7501,150,Concrete,1,0,44.3570,-105.5440,44.3368,-105.5390,170
KGCD,09,27,4100,60,Asphalt,0,0,44.4040,-118.9810,44.3998,-118.9640,110
KGCD,17,35,5224,60,Asphalt,0,0,44.4109,-118.9640,44.3966,-118.9640,182
KGCK,12,30,5700,100,Concrete,1,0,37.9309,-100.7330,37.9197,-100.7190,135
KGCK,17,35,7299,100,Permeable,1,0,37.9392,-100.7230,37.9192,-100.7230,180
KGCM,18,36,5200,75,Asphalt,1,0,36.2999,-95.4796,36.2856,-95.4796,180
KGCN,03,21,8999,150,Asphalt,1,0,35.9430,-112.1570,35.9617,-112.1370,41
KGCT,18,36,3400,60,Concrete,1,0,41.6917,-94.4351,41.6823,-94.4351,180
KGCY,05,23,6300,100,Asphalt,1,0,36.1871,-82.8229,36.1988,-82.8072,47
KGDB,15,33,4357,75,Asphalt,1,0,44.7580,-95.5588,44.7486,-95.5532,157
KGDJ,01,19,5201,75,Asphalt,1,0,32.4353,-97.8269,32.4490,-97.8220,17
KGDJ,14,32,3603,60,Asphalt,1,1,,,,,150
KGDM,18,36,3001,60,Asphalt,1,0,42.5538,-72.0175,42.5459,-72.0146,165
KGDV,02,20,3002,60,Asphalt,1,0,47.1373,-104.8140,47.1439,-104.8070,36
KGDV,12,30,5704,100,Asphalt,1,0,47.1434,-104.8140,47.1321,-104.7980,136
KGDW,09,27,4699,75,Asphalt,1,0,43.9717,-84.4829,43.9723,-84.4650,88
KGDW,15,33,2580,150,Grass,0,0,43.9714,-84.4786,43.9649,-84.4756,162
KGED,04,22,5500,150,Asphalt,1,0,38.6841,-75.3649,38.6956,-75.3553,33
KGED,10,28,3109,75,Asphalt,1,0,38.6848,-75.3625,38.6848,-75.3516,90
KGEG,03,21,11002,150,Asphalt,1,0,47.6139,-117.5440,47.6312,-117.5180,45
KGEG,08,26,8199,150,Asphalt,1,0,47.6170,-117.5530,47.6168,-117.5200,90
KGEO,18,36,3530,65,Asphalt,1,0,38.8867,-83.8838,38.8772,-83.8817,170
KGEU,01,19,7150,100,Asphalt,1,0,33.5181,-112.3000,33.5356,-112.2900,26
KGEV,10,28,5002,75,Asphalt,1,0,36.4323,-81.4270,36.4326,-81.4124,89
KGEY,16,34,7003,150,Asphalt,1,0,44.5268,-108.0820,44.5098,-108.0780,169
KGEY,8,26,6953,75,Asphalt,0,0,44.5140,-108.0950,44.5145,-108.0810,86
KGEZ,01,19,5000,100,Asphalt,1,0,39.5711,-85.8044,39.5848,-85.8024,6
KGEZ,09,27,2671,190,Grass,0,0,39.5771,-85.8111,39.5769,-85.8017,92
KGFA,H1,,100,100,Asphalt,0,0,,,,,
KGFA,H2,,100,100,Concrete,0,0,,,,,
KGFD,18,36,2165,150,Turf,1,0,39.7944,-85.7353,39.7889,-85.7353,
KGFK,09L,27R,6701,100,Concrete,0,0,47.9524,-97.1849,47.9524,-97.1678,90
KGFK,09R,27L,3300,60,Concrete,1,0,47.9380,-97.1696,47.9380,-97.1561,90
KGFK,17L,35R,3901,75,Concrete,1,0,47.9514,-97.1662,47.9407,-97.1662,180
KGFK,17R,35L,7351,150,Asphalt,1,0,47.9593,-97.1812,47.9391,-97.1812,180
KGFL,01,19,5000,150,Asphalt,1,0,43.3357,-73.6087,43.3494,-73.6092,358
KGFL,12,30,3999,100,Asphalt,1,0,43.3415,-73.6191,43.3376,-73.6050,111
KGFZ,07,25,3400,60,Concrete,1,0,41.3267,-94.4661,41.3292,-94.4544,74
KGFZ,14,32,2500,50,Concrete,1,0,41.3297,-94.4506,41.3242,-94.4450,142
KGGE,05,23,6005,100,Asphalt,1,0,33.3096,-79.3262,33.3199,-79.3154,41
KGGE,11,29,4539,150,Asphalt,1,0,33.3096,-79.3255,33.3071,-79.3109,101
KGGE,16,34,4986,150,Asphalt,0,1,33.3195,-79.3157,33.3066,-79.3092,160
KGGF,15,33,4797,60,Concrete,1,0,40.8752,-101.7370,40.8638,-101.7290,150
KGGG,13,31,10000,150,Asphalt,1,0,32.3925,-94.7201,32.3735,-94.6967,134
KGGG,18,36,6110,150,Asphalt,0,0,32.3940,-94.7167,32.3772,-94.7163,179
KGGI,13,31,5200,75,Concrete,1,0,41.7150,-92.7425,41.7049,-92.7290,135
KGGP,09,27,5001,75,Asphalt,1,0,40.7112,-86.3830,40.7113,-86.3668,89
KGGW,08,26,5000,75,Asphalt,1,0,48.2128,-106.6000,48.2128,-106.5790,90
KGGW,12,30,5002,100,Asphalt,1,0,48.2164,-106.6220,48.2069,-106.6070,134
KGHG,06,24,3900,100,Asphalt,1,0,42.0954,-70.6761,42.1011,-70.6681,46
KGHM,02,20,4002,75,Asphalt,1,0,35.8322,-87.4475,35.8426,-87.4433,18
KGHW,05,23,2778,196,Grass,0,0,45.6444,-95.3253,45.6486,-95.3161,58
KGHW,15,33,4500,75,Asphalt,1,0,45.6481,-95.3229,45.6364,-95.3176,161
KGIC,07,25,5100,75,Asphalt,1,0,45.9426,-116.1330,45.9425,-116.1130,91
KGIF,05,23,5005,100,Asphalt,1,0,28.0585,-81.7579,28.0683,-81.7469,45
KGIF,11,29,4001,60,Asphalt,0,0,28.0636,-81.7605,28.0611,-81.7484,103
KGJT,04,22,5501,75,Asphalt,1,0,39.1099,-108.5300,39.1187,-108.5140,54
KGJT,11,29,9339,150,Asphalt,1,0,39.1350,-108.5440,39.1184,-108.5140,116
KGKJ,07,25,5001,75,Asphalt,1,0,41.6232,-80.2227,41.6298,-80.2067,61
KGKT,10,28,5506,75,Asphalt,1,0,35.8589,-83.5379,35.8566,-83.5195,99
KGKY,16,34,6080,100,Concrete,1,0,32.6720,-97.0963,32.6557,-97.0922,168
KGLD,05,23,4001,75,Asphalt,1,0,39.3685,-101.7050,39.3729,-101.6940,63
KGLD,12,30,5499,100,Concrete,1,0,39.3747,-101.7050,39.3642,-101.6910,134
KGLD,17,35,1754,40,Grass,0,0,39.3765,-101.7000,39.3716,-101.7000,180
KGLE,04,22,4691,150,Asphalt,0,1,33.6446,-97.1990,33.6530,-97.1874,49
KGLE,08,26,3920,150,Asphalt,0,1,33.6449,-97.1997,33.6447,-97.1868,91
KGLE,13,31,4307,75,Asphalt,0,0,33.6551,-97.1991,33.6471,-97.1887,133
KGLE,18,36,6000,100,Asphalt,1,0,33.6612,-97.1995,33.6448,-97.1999,181
KGLH,18L,36R,8001,150,Asphalt,1,0,33.4969,-90.9821,33.4749,-90.9821,180
KGLH,18R,36L,7019,150,Permeable,1,0,33.4942,-90.9872,33.4749,-90.9872,180
KGLR,09,27,6579,150,Asphalt,1,0,45.0145,-84.7170,45.0145,-84.6916,90
KGLR,18,36,4200,75,Asphalt,1,0,45.0156,-84.7020,45.0074,-84.7020,174
KGLS,07,25,3774,150,Concrete,0,1,29.2708,-94.8700,29.2733,-94.8583,76
KGLS,14,32,6000,150,Permeable,1,0,29.2717,-94.8676,29.2591,-94.8556,140
KGLS,18,36,6001,150,Concrete,1,0,29.2735,-94.8591,29.2570,-94.8594,181
KGLW,07,25,5301,100,Asphalt,1,0,37.0295,-85.9624,37.0341,-85.9451,71
KGLY,04,22,4001,60,Asphalt,1,0,38.3527,-93.6891,38.3605,-93.6793,45
KGMJ,18,36,5250,75,Asphalt,1,0,36.6139,-94.7386,36.5995,-94.7386,180
KGMU,01,19,5393,100,Asphalt,1,0,34.8405,-82.3486,34.8553,-82.3482,5
KGMU,10,28,4000,80,Asphalt,1,0,34.8481,-82.3588,34.8478,-82.3455,92
KGNB,09,27,5001,75,Asphalt,1,0,40.0910,-105.9260,40.0884,-105.9080,101
KGNC,08,26,5381,75,Asphalt,1,0,32.6785,-102.6650,32.6786,-102.6480,90
KGNC,17,35,5002,75,Asphalt,1,0,32.6787,-102.6490,32.6650,-102.6480,179
KGNF,04,22,4998,99,Asphalt,0,0,33.8246,-89.8022,33.8331,-89.7892,52
KGNF,13,31,7000,150,Asphalt,1,0,33.8414,-89.8085,33.8286,-89.7914,132
KGNG,07,25,5371,75,Asphalt,1,0,42.9165,-114.7740,42.9178,-114.7560,84
KGNT,08,26,2350,40,Gravel,0,1,35.1612,-107.9020,35.1610,-107.8940,92
KGNT,13,31,7172,75,Asphalt,1,0,35.1774,-107.9100,35.1612,-107.8960,145
KGNV,07,25,4158,100,Asphalt,1,0,29.6903,-82.2824,29.6958,-82.2709,61
KGNV,11,29,7504,150,Asphalt,1,0,29.6906,-82.2806,29.6862,-82.2575,102
KGOK,16,34,5201,75,Concrete,1,0,35.8552,-97.4174,35.8444,-97.4138,165
KGON,05,23,5000,150,Asphalt,1,0,41.3250,-72.0480,41.3364,-72.0378,34
KGON,15,33,4000,96,Asphalt,1,0,41.3331,-72.0530,41.3253,-72.0427,135
KGOO,07,25,4657,75,Asphalt,1,0,39.2238,-121.0108,39.2244,-120.9943,87
KGOP,17,35,3400,60,Asphalt,0,0,,,,,
KGOV,05,23,5000,150,Concrete,0,0,44.6792,-84.7348,44.6887,-84.7210,46
KGOV,14,32,5005,150,Asphalt,1,0,44.6817,-84.7364,44.6718,-84.7230,136
KGPH,18,36,5502,100,Asphalt,1,0,39.3400,-94.3084,39.3250,-94.3109,187
KGPI,02,20,9007,150,Asphalt,1,0,48.2988,-114.2680,48.3191,-114.2470,35
KGPI,07,25,3043,150,Asphalt,0,1,48.3125,-114.2640,48.3125,-114.2520,90
KGPI,12,30,3510,75,Asphalt,1,0,48.3179,-114.2580,48.3110,-114.2480,136
KGPM,18,36,4001,75,Concrete,1,0,32.7043,-97.0469,32.6933,-97.0470,180
KGPT,04,22,7000,150,Asphalt,0,1,,,,,40
KGPT,14,32,9002,150,Permeable,1,0,30.4150,-89.0823,30.3975,-89.0621,135
KGPT,18,36,4935,150,Asphalt,1,0,30.4160,-89.0663,30.4024,-89.0662,180
KGPZ,05,23,3000,60,Asphalt,1,0,47.2110,-93.5137,47.2164,-93.5048,47
KGPZ,10,28,1450,150,Grass,0,1,47.2162,-93.5123,47.2152,-93.5066,104
KGPZ,16,34,5756,100,Asphalt,1,0,47.2147,-93.5132,47.1994,-93.5074,166
KGQQ,05,23,3504,75,Asphalt,1,0,40.7501,-82.7284,40.7566,-82.7191,47
KGRB,06,24,7700,150,Concrete,1,0,44.4824,-88.1380,44.4930,-88.1125,60
KGRB,12,30,3198,75,Asphalt,0,1,44.4922,-88.1341,44.4878,-88.1235,118
KGRB,18,36,8700,150,Concrete,1,0,44.4938,-88.1337,44.4713,-88.1336,180
KGRD,09,27,5001,100,Asphalt,1,0,34.2482,-82.1673,34.2493,-82.1508,85
KGRE,09,27,2822,250,Grass,0,0,38.8367,-89.3865,38.8367,-89.3754,90
KGRE,18,36,4002,75,Asphalt,1,0,38.8412,-89.3765,38.8302,-89.3764,180
KGRF,15,33,6124,150,Asphalt,1,0,47.0874,-122.5840,47.0710,-122.5780,167
KGRI,13,31,6608,100,Concrete,1,0,40.9784,-98.3117,40.9655,-98.2949,135
KGRI,17,35,7002,150,Asphalt,1,0,40.9772,-98.3148,40.9580,-98.3149,180
KGRK,15,33,9997,200,Permeable,1,0,31.0799,-97.8351,31.0546,-97.8228,157
KGRN,04,22,5196,75,Asphalt,1,0,42.8020,-102.1810,42.8114,-102.1670,49
KGRN,11,29,2283,50,Asphalt,1,0,42.8060,-102.1820,42.8026,-102.1750,123
KGRR,08L,26R,5001,100,Concrete,1,0,42.8888,-85.5402,42.8909,-85.5218,81
KGRR,08R,26L,10001,150,Concrete,1,0,42.8766,-85.5422,42.8808,-85.5053,81
KGRR,17,35,8501,150,Concrete,1,0,42.8895,-85.5193,42.8665,-85.5145,171
KGSB,08,26,11760,300,Permeable,1,0,35.3347,-77.9795,35.3441,-77.9417,73
KGSH,05,23,2267,175,Grass,0,0,41.5259,-85.7968,41.5310,-85.7902,44
KGSH,09,27,6008,100,Asphalt,1,0,41.5253,-85.8017,41.5254,-85.7834,89
KGSO,05L,23R,9000,150,Asphalt,1,0,36.0993,-79.9591,36.1164,-79.9371,46
KGSO,05R,23L,10001,150,Permeable,1,0,36.0911,-79.9447,36.1101,-79.9203,46
KGSO,14,32,6380,150,Asphalt,1,0,36.0995,-79.9524,36.0871,-79.9372,135
KGSP,04,22,11001,150,Permeable,1,0,34.8829,-82.2286,34.9085,-82.2091,32
KGTB,03,21,10000,150,Concrete,1,0,44.0455,-75.7258,44.0718,-75.7153,16
KGTB,08,26,4501,150,Concrete,1,0,44.0452,-75.7287,44.0493,-75.7126,70
KGTB,15,33,5002,144,Concrete,1,0,44.0618,-75.7247,44.0523,-75.7110,134
KGTE,03,21,2599,50,Concrete,1,0,40.9235,-100.1510,40.9291,-100.1450,38
KGTE,14,32,3300,150,Grass,1,0,40.9288,-100.1480,40.9210,-100.1420,149
KGTF,03,21,10502,150,Asphalt,1,0,47.4693,-111.3840,47.4897,-111.3540,45
KGTF,07,25,4294,75,Asphalt,1,0,47.4838,-111.3810,47.4838,-111.3630,90
KGTF,17,35,6030,150,Asphalt,1,0,47.4936,-111.3730,47.4762,-111.3730,180
KGTG,05,23,3280,120,Grass,0,0,45.7968,-92.6683,45.8018,-92.6575,56
KGTG,12,30,2999,60,Asphalt,1,0,45.8002,-92.6694,45.7960,-92.6593,121
KGTR,18,36,8003,150,Asphalt,1,0,33.4593,-88.5913,33.4414,-88.5915,180
KGTU,11,29,4099,75,Asphalt,1,0,30.6814,-97.6862,30.6757,-97.6750,121
KGTU,18,36,5004,100,Asphalt,1,0,30.6859,-97.6779,30.6722,-97.6789,184
KGUC,17,35,2981,150,Gravel,0,0,38.5325,-106.9390,38.5243,-106.9390,180
KGUC,7,25,9400,150,Asphalt,1,0,38.5324,-106.9450,38.5397,-106.9140,74
KGUP,06,24,7312,100,Asphalt,1,0,35.5083,-108.8010,35.5138,-108.7770,74
KGUS,05,23,12501,200,Asphalt,1,0,40.6358,-86.1679,40.6603,-86.1364,44
KGUY,06,24,1795,200,Grass,0,0,36.6806,-101.5080,36.6824,-101.5020,69
KGUY,18,36,5904,100,Asphalt,1,0,36.6931,-101.5070,36.6770,-101.5090,186
KGVE,05,23,2300,50,Asphalt,1,0,38.1535,-78.1682,38.1585,-78.1633,38
KGVL,05,23,5496,100,Asphalt,0,0,34.2671,-83.8379,34.2785,-83.8260,41
KGVL,11,29,4003,100,Asphalt,0,0,34.2741,-83.8342,34.2708,-83.8215,108
KGVQ,10,28,5499,100,Asphalt,1,0,43.0319,-78.1799,43.0317,-78.1594,91
KGVT,13,31,5000,150,Concrete,0,1,33.0744,-96.0675,33.0647,-96.0558,135
KGVT,17,35,8030,150,Asphalt,1,0,33.0789,-96.0652,33.0568,-96.0655,181
KGWB,09,27,7106,100,Asphalt,1,0,41.3071,-85.0734,41.3072,-85.0553,89
KGWO,05,23,5011,150,Asphalt,1,0,33.4932,-90.0911,33.5015,-90.0781,52
KGWO,09,27,2689,60,Asphalt,0,0,33.4988,-90.0807,33.4991,-90.0719,87
KGWO,18,36,6501,150,Asphalt,1,0,33.4991,-90.0880,33.4813,-90.0885,181
KGWR,06,24,2991,100,Grass,0,0,46.2189,-97.6501,46.2228,-97.6395,62
KGWR,16,34,5000,75,Asphalt,1,0,46.2244,-97.6454,46.2111,-97.6398,164
KGWS,15,33,3309,50,Asphalt,0,0,39.5122,-107.3140,39.5039,-107.3090,153
KGWW,05,23,5501,100,Asphalt,1,0,35.4551,-77.9713,35.4660,-77.9586,43
KGXY,10,28,5801,100,Asphalt,1,0,40.4307,-104.6460,40.4265,-104.6260,105
KGXY,17,35,10000,100,Asphalt,1,0,40.4562,-104.6320,40.4288,-104.6310,178
KGXY,18,36,3599,75,Asphalt,0,1,40.4338,-104.6270,40.4239,-104.6280,181
KGYB,17,35,4000,75,Asphalt,1,0,30.1747,-96.9807,30.1638,-96.9794,174
KGYH,05,23,8000,150,Concrete,1,0,34.7499,-82.3850,34.7667,-82.3679,40
KGYI,13,31,2300,150,Asphalt,0,1,33.7172,-96.6785,33.7123,-96.6740,143
KGYI,18L,36R,9000,150,Permeable,1,0,33.7263,-96.6726,33.7016,-96.6735,182
KGYI,18R,36L,4008,100,Asphalt,0,0,,,,,182
KGYL,13,31,3300,75,Asphalt,1,0,44.7590,-94.0860,44.7531,-94.0764,131
KGYR,03,21,8500,150,Asphalt,1,0,33.4136,-112.3850,33.4319,-112.3680,38
KGYY,02,20,3604,100,Asphalt,1,0,41.6123,-87.4184,41.6215,-87.4137,21
KGYY,12,30,8859,150,Asphalt,1,0,41.6213,-87.4217,41.6106,-87.4005,124
KGZH,01,19,5005,150,Asphalt,1,0,31.4093,-87.0475,31.4202,-87.0463,5
KGZH,10,28,5004,150,Asphalt,1,0,31.4178,-87.0476,31.4159,-87.0350,100
KGZS,16,34,5310,75,Asphalt,1,0,35.1598,-87.0606,35.1476,-87.0530,153
KHAB,18,36,5495,100,Asphalt,1,0,34.1245,-87.9979,34.1094,-87.9985,182
KHAE,17,35,4400,100,Concrete,1,0,39.7311,-91.4452,39.7192,-91.4425,170
KHAF,12,30,5000,150,Asphalt,1,0,37.5185,-122.5070,37.5084,-122.4950,137
KHAI,05,23,2719,60,Asphalt,1,0,41.9560,-85.5954,41.9613,-85.5884,45
KHAI,09,27,4000,75,Asphalt,1,0,41.9604,-85.6012,41.9605,-85.5865,90
KHAO,12,30,5500,100,Asphalt,1,0,39.3664,-84.5311,39.3611,-84.5128,120
KHBC,13,31,3599,75,Asphalt,1,0,48.7716,-101.5410,48.7651,-101.5330,140
KHBG,13,31,6094,150,Asphalt,1,0,31.2705,-89.2603,31.2595,-89.2455,131
KHBI,03,21,5501,100,Asphalt,1,0,35.6475,-79.8981,35.6616,-79.8913,22
KHBR,03,21,2975,60,Asphalt,0,0,34.9828,-99.0561,34.9931,-99.0436,45
KHBR,12,30,5293,150,Asphalt,0,1,34.9998,-99.0560,34.9895,-99.0436,135
KHBR,17,35,5507,100,Asphalt,1,0,34.9989,-99.0544,34.9837,-99.0545,180
KHBV,13,31,5003,75,Asphalt,1,0,27.3544,-98.7425,27.3448,-98.7314,134
KHBZ,06,24,4002,75,Asphalt,1,0,35.5089,-92.0188,35.5145,-92.0072,60
KHCD,15,33,4000,75,Asphalt,1,0,44.8647,-94.3861,44.8550,-94.3789,152
KHCO,13,31,4007,75,Asphalt,1,0,48.7569,-96.9484,48.7485,-96.9377,140
KHCR,04,22,6898,75,Asphalt,1,0,40.4757,-111.4380,40.4879,-111.4190,50
KHDC,13,31,6502,100,Permeable,1,0,30.5280,-90.4256,30.5152,-90.4112,136
KHDC,18,36,5001,150,Concrete,1,0,30.5286,-90.4192,30.5148,-90.4191,180
KHDE,11,29,2429,300,Gravel,0,0,40.4519,-99.3368,40.4491,-99.3316,126
KHDE,18,36,4701,75,Permeable,1,0,40.4590,-99.3359,40.4463,-99.3387,190
KHDN,10,28,10000,150,Asphalt,1,0,40.4867,-107.2340,40.4757,-107.2010,114
KHDO,04,22,5400,150,Concrete,0,0,29.3555,-99.1834,29.3660,-99.1714,45
KHDO,08,26,3451,75,Concrete,0,0,29.3640,-99.1851,29.3640,-99.1661,90
KHDO,13,31,5545,150,Concrete,0,0,29.3617,-99.1850,29.3500,-99.1715,135
KHDO,17L,35R,6002,100,Concrete,1,0,29.3664,-99.1720,29.3498,-99.1720,180
KHDO,17R,35L,3224,140,Asphalt,0,0,29.3630,-99.1833,29.3541,-99.1833,180
KHEE,09,27,3011,60,Asphalt,1,0,34.5723,-90.6779,34.5723,-90.6679,90
KHEE,18,36,5001,100,Asphalt,1,0,34.5859,-90.6776,34.5721,-90.6777,180
KHEF,16L,34R,6200,100,Asphalt,1,0,38.7277,-77.5188,38.7141,-77.5090,151
KHEF,16R,34L,3715,75,Asphalt,1,0,38.7267,-77.5211,38.7178,-77.5147,151
KHEG,02,20,4000,150,Asphalt,0,1,30.2668,-81.8121,30.2771,-81.8078,20
KHEG,07,25,4001,100,Asphalt,1,0,30.2764,-81.8149,30.2811,-81.8034,65
KHEG,11,29,3500,100,Asphalt,1,0,30.2784,-81.8075,30.2751,-81.7970,110
KHEG,16,34,4000,150,Asphalt,0,1,30.2766,-81.8090,30.2666,-81.8036,155
KHEI,12,30,4652,75,Asphalt,1,0,46.0200,-102.6610,46.0111,-102.6490,135
KHEI,17,35,2020,110,Grass,0,0,,,,,179
KHEQ,14,32,5000,75,Asphalt,1,0,40.5753,-102.2770,40.5636,-102.2680,149
KHEZ,14,32,6500,150,Asphalt,1,0,31.6206,-91.3059,31.6077,-91.2915,136
KHEZ,18,36,5000,150,Asphalt,1,0,31.6199,-91.2955,31.6062,-91.2957,181
KHFD,02,20,4417,150,Asphalt,1,0,41.7316,-72.6498,41.7436,-72.6473,9
KHFD,11,29,2314,71,Asphalt,1,0,41.7342,-72.6576,41.7332,-72.6492,99
KHFD,NE,SW,2323,150,Turf,0,0,41.7348,-72.6478,41.7411,-72.6465,
KHFF,04,22,4996,150,Asphalt,0,0,35.0343,-79.5063,35.0455,-79.4967,35
KHFF,11,29,4740,150,Concrete,1,0,35.0336,-79.5055,35.0293,-79.4906,109
KHFF,16,34,5529,150,Concrete,0,0,35.0447,-79.4950,35.0319,-79.4903,163
KHFJ,18,36,6001,100,Concrete,1,0,36.9131,-94.0129,36.8993,-94.0126,179
KHFY,01,19,5102,75,Asphalt,1,0,39.6226,-86.0889,39.6343,-86.0869,8
KHGR,02,20,3165,100,Asphalt,1,0,39.7042,-77.7288,39.7126,-77.7259,15
KHGR,09,27,7000,150,Asphalt,1,0,39.7067,-77.7403,39.7092,-77.7212,81
KHHF,04,22,5004,75,Asphalt,1,0,35.8901,-100.4100,35.9000,-100.3980,44
KHHF,18,36,3001,60,Asphalt,0,0,35.8993,-100.4030,35.8911,-100.4030,185
KHHG,09,27,5001,75,Asphalt,1,0,40.8532,-85.4661,40.8527,-85.4480,92
KHHR,07,25,4884,100,Concrete,1,0,33.9225,-118.3430,33.9232,-118.3270,87
KHHW,17,35,4007,75,Asphalt,1,0,34.0406,-95.5419,34.0313,-95.5419,180
KHIB,04,22,3075,75,Asphalt,0,0,47.3863,-92.8466,47.3918,-92.8372,49
KHIB,13,31,6758,150,Asphalt,1,0,47.3917,-92.8478,47.3792,-92.8276,132
KHIE,10,28,4001,75,Asphalt,1,0,44.3673,-71.5535,44.3678,-71.5382,87
KHIF,14,32,13500,200,Permeable,1,0,41.1404,-111.9840,41.1075,-111.9620,153
KHIG,16,34,4400,75,Asphalt,1,0,39.0783,-93.6793,39.0666,-93.6754,165
KHII,14,32,8000,100,Asphalt,1,0,34.5806,-114.3650,34.5616,-114.3520,150
KHII,1AZ,LH2,2000,200,Concrete,0,1,,,,,
KHII,KI5,2AZ,1800,150,Dirt,0,1,,,,,
KHIO,02,20,3820,75,Asphalt,1,0,45.5336,-122.9530,45.5421,-122.9420,40
KHIO,13L,31R,3600,60,Asphalt,1,0,,,,,144
KHIO,13R,31L,6600,150,Asphalt,1,0,45.5496,-122.9600,45.5350,-122.9440,144
KHJH,03,21,2513,150,Gravel,0,0,40.1489,-97.5840,40.1541,-97.5780,42
KHJH,12,30,3600,60,Concrete,1,0,40.1553,-97.5920,40.1492,-97.5819,129
KHJO,14,32,5179,75,Asphalt,1,0,36.3230,-119.6320,36.3105,-119.6230,152
KHKA,18,36,5002,75,Asphalt,1,0,35.9473,-89.8310,35.9335,-89.8306,179
KHKS,11,29,3431,150,Concrete,1,0,32.3355,-90.2277,32.3300,-90.2135,115
KHKS,16,34,5387,150,Asphalt,1,0,32.3429,-90.2267,32.3291,-90.2204,159
KHKY,01,19,4400,150,Asphalt,1,1,35.7369,-81.3922,35.7488,-81.3901,8
KHKY,06,24,6401,150,Asphalt,1,0,35.7350,-81.3973,35.7450,-81.3796,55
KHLB,18,36,5933,100,Asphalt,1,0,39.3513,-85.2584,39.3377,-85.2584,180
KHLC,18,36,5001,75,Concrete,1,0,39.3871,-99.8313,39.3733,-99.8316,181
KHLG,03,21,5002,150,Asphalt,1,0,40.1686,-80.6513,40.1809,-80.6435,26
KHLG,16,34,4499,150,Asphalt,1,0,40.1807,-80.6489,40.1699,-80.6411,151
KHLN,05,23,4644,75,Asphalt,1,0,46.6056,-111.9970,46.6107,-111.9810,66
KHLN,09,27,9000,150,Asphalt,1,0,46.6084,-111.9980,46.6030,-111.9630,103
KHLN,16,34,2989,75,Asphalt,1,0,46.6122,-111.9810,46.6040,-111.9810,179
KHLR,16H,34H,3803,144,Asphalt,1,0,31.1436,-97.7161,31.1335,-97.7127,164
KHLX,01,19,4151,75,Asphalt,1,0,36.7604,-80.8248,36.7718,-80.8223,10
KHMN,04,22,10578,300,Permeable,1,0,32.8468,-106.1330,32.8663,-106.1070,48
KHMN,07,25,12922,150,Permeable,1,0,32.8462,-106.1250,32.8527,-106.0830,80
KHMN,16,34,12134,150,Permeable,1,0,32.8666,-106.1080,32.8340,-106.0990,168
KHMT,04,22,2014,25,Asphalt,0,0,33.7340,-117.0241,33.7365,-117.0182,64
KHMT,05,23,4315,100,Asphalt,1,0,33.7307,-117.0292,33.7362,-117.0165,63
KHMY,18,36,2005,75,Asphalt,1,0,35.0291,-97.2316,35.0236,-97.2317,176
KHMZ,14,32,5006,75,Asphalt,1,0,40.0903,-78.5206,40.0819,-78.5064,128
KHNB,09,27,5501,100,Asphalt,1,0,38.2491,-86.9624,38.2490,-86.9450,91
KHND,17L,35R,5001,75,Asphalt,1,0,35.9808,-115.1330,35.9672,-115.1330,180
KHND,17R,35L,6501,100,Asphalt,1,0,35.9808,-115.1350,35.9631,-115.1360,181
KHNR,03,21,1693,120,Grass,0,0,41.5818,-95.3404,41.5855,-95.3367,37
KHNR,15,33,4100,75,Asphalt,1,0,41.5900,-95.3428,41.5797,-95.3368,156
KHNZ,06,24,5501,100,Asphalt,1,0,36.3573,-78.5358,36.3659,-78.5226,51
KHOB,04,22,8000,150,Asphalt,1,0,32.6787,-103.2260,32.6930,-103.2090,45
KHOB,13,31,6002,150,Asphalt,1,0,32.6939,-103.2210,32.6822,-103.2080,135
KHOB,17,35,4370,100,Asphalt,0,0,32.6962,-103.2210,32.6824,-103.2210,180
KHOC,05,23,3520,75,Asphalt,1,0,39.1856,-83.5435,39.1919,-83.5341,49
KHOE,14,32,4999,75,Asphalt,1,0,31.0598,-82.7786,31.0520,-82.7697,135
KHON,12,30,7201,100,Concrete,1,0,44.3924,-98.2414,44.3802,-98.2197,128
KHON,18,36,5000,75,Concrete,1,0,44.3904,-98.2257,44.3767,-98.2255,180
KHOP,05,23,10926,150,Asphalt,1,0,36.6612,-87.5051,36.6845,-87.4770,44
KHOP,18,36,4500,100,Asphalt,0,0,36.6772,-87.4964,36.6648,-87.4961,179
KHOT,05,23,6595,150,Asphalt,1,0,34.4730,-93.1063,34.4836,-93.0885,54
KHOT,13,31,4098,100,Asphalt,1,0,34.4815,-93.0992,34.4737,-93.0895,134
KHOU,04,22,7602,150,Concrete,1,0,29.6391,-95.2853,29.6542,-95.2687,44
KHOU,13L,31R,5148,100,Concrete,1,0,29.6526,-95.2839,29.6428,-95.2722,134
KHOU,13R,31L,7602,150,Asphalt,1,0,29.6509,-95.2855,29.6364,-95.2683,134
KHOU,17,35,6000,150,Permeable,1,1,29.6524,-95.2847,29.6359,-95.2843,179
KHPN,11,29,4451,150,Asphalt,1,0,41.0671,-73.7158,41.0644,-73.7000,102
KHPN,16,34,6549,150,Asphalt,1,0,41.0756,-73.7133,41.0600,-73.7014,150
KHPT,17,35,4020,75,Concrete,1,0,42.7292,-93.2263,42.7182,-93.2264,180
KHPY,14,32,4334,60,Asphalt,1,0,29.7908,-94.9568,29.7813,-94.9485,143
KHQG,02,20,5000,75,Concrete,1,0,37.1555,-101.3750,37.1680,-101.3670,25
KHQG,13,31,3039,60,Asphalt,0,0,37.1681,-101.3730,37.1630,-101.3670,135
KHQM,06,24,5000,150,Asphalt,1,0,46.9700,-123.9460,46.9724,-123.9270,80
KHQU,10,28,5514,100,Asphalt,1,0,33.5300,-82.5250,33.5294,-82.5079,93
KHQZ,17,35,5999,100,Concrete,1,0,32.7552,-96.5303,32.7387,-96.5306,181
KHRI,05,23,4501,75,Asphalt,1,0,45.8254,-119.2670,45.8311,-119.2510,62
KHRJ,05,23,5005,75,Asphalt,1,0,35.3749,-78.7376,35.3839,-78.7284,40
KHRL,13,31,7257,150,Asphalt,1,0,26.2332,-97.6640,26.2189,-97.6485,136
KHRL,18L,36R,5950,150,Asphalt,1,0,26.2340,-97.6487,26.2176,-97.6489,181
KHRL,18R,36L,9400,150,Asphalt,1,0,26.2404,-97.6586,26.2176,-97.6589,181
KHRO,18,36,6161,150,Asphalt,1,0,36.2699,-93.1537,36.2531,-93.1557,186
KHRT,18,36,9600,150,Concrete,1,0,30.4421,-86.6899,30.4158,-86.6877,176
KHRU,17,35,4184,75,Asphalt,1,0,38.6890,-96.8080,38.6775,-96.8080,180
KHRX,02,20,6100,100,Concrete,1,0,34.8550,-102.3290,34.8701,-102.3190,29
KHRX,14,32,3807,135,Grass,0,0,34.8620,-102.3310,34.8528,-102.3250,151
KHSA,18,36,8498,150,Asphalt,1,0,30.3795,-89.4546,30.3561,-89.4547,180
KHSB,06,24,5013,75,Asphalt,1,0,37.8090,-88.5595,37.8152,-88.5439,63
KHSB,14,32,2764,75,Asphalt,1,0,37.8127,-88.5506,37.8068,-88.5446,141
KHSD,17,35,5000,100,Concrete,1,0,35.6087,-97.7065,35.5950,-97.7059,178
KHSE,07,25,3002,75,Asphalt,0,0,35.2305,-75.6220,35.2351,-75.6136,57
KHSG,05,23,6370,75,Asphalt,1,0,,,,,
KHSI,04,22,4501,75,Concrete,1,0,40.5989,-98.4338,40.6074,-98.4220,47
KHSI,14,32,6451,100,Concrete,1,0,40.6144,-98.4337,40.5990,-98.4221,150
KHSP,07,25,5600,100,Asphalt,1,0,37.9475,-79.8422,37.9554,-79.8256,59
KHSR,01,19,4506,100,Asphalt,1,0,43.3634,-103.3920,43.3749,-103.3860,22
KHSR,06,24,3926,235,Grass,0,0,43.3659,-103.3940,43.3685,-103.3800,76
KHST,05,23,11201,300,Concrete,1,0,25.4785,-80.3964,25.4986,-80.3707,49
KHST,32,14,6523,148,Asphault,0,1,,,,,
KHSV,18L,36R,10001,150,Asphalt,1,0,34.6531,-86.7655,34.6256,-86.7660,181
KHSV,18R,36L,12600,150,Asphalt,1,0,34.6528,-86.7821,34.6182,-86.7828,181
KHTH,10,28,6000,100,Asphalt,1,0,38.5476,-118.6430,38.5403,-118.6240,116
KHTH,15,33,3250,130,Gravel,0,0,38.5515,-118.6320,38.5423,-118.6290,164
KHTL,09,27,4000,75,Asphalt,1,0,44.3612,-84.6762,44.3614,-84.6610,89
KHTL,18,36,2200,100,Grass,0,0,44.3603,-84.6778,44.3542,-84.6778,180
KHTO,10,28,4255,100,Asphalt,1,0,40.9589,-72.2603,40.9591,-72.2449,89
KHTO,16,34,2060,75,Asphalt,0,0,40.9629,-72.2517,40.9576,-72.2476,149
KHTS,03,21,3007,60,Asphalt,1,1,38.3594,-82.5567,38.3671,-82.5527,22
KHTS,12,30,7017,150,Asphalt,1,0,38.3717,-82.5701,38.3648,-82.5490,112
KHTW,08,26,2998,70,Asphalt,1,0,38.4184,-82.5009,38.4198,-82.4899,81
KHUA,17,35,7300,150,Asphalt,1,0,34.6885,-86.6870,34.6688,-86.6826,169
KHUF,05,23,9021,150,Asphalt,1,0,39.4405,-87.3232,39.4573,-87.2997,47
KHUF,14,32,7200,150,Permeable,1,0,39.4597,-87.3104,39.4458,-87.2924,135
KHUF,18,36,4001,150,Permeable,1,1,39.4604,-87.3099,39.4494,-87.3099,180
KHUL,01,19,2700,60,Asphalt,0,0,46.1175,-67.7915,46.1311,-67.7942,352
KHUL,05,23,5015,100,Asphalt,1,0,46.1172,-67.7972,46.1289,-67.7869,31
KHUM,12,30,4999,185,Concrete,1,0,29.5709,-90.6669,29.5629,-90.6541,126
KHUM,18,36,6509,150,Concrete,1,0,29.5750,-90.6603,29.5571,-90.6604,179
KHUT,04,22,4405,100,Permeable,1,0,38.0585,-97.8637,38.0707,-97.8496,42
KHUT,13,31,7003,100,Asphalt,1,0,38.0742,-97.8711,38.0599,-97.8549,138
KHUT,17,35,4012,75,Asphalt,1,0,38.0701,-97.8628,38.0584,-97.8621,177
KHVC,08,26,5505,100,Asphalt,1,0,36.8554,-87.4643,36.8586,-87.4459,78
KHVE,09,27,5001,75,Asphalt,1,0,38.4186,-110.7160,38.4178,-110.6960,93
KHVE,17,35,4841,120,Grass,0,0,38.4317,-110.7030,38.4181,-110.7040,185
KHVN,02,20,5600,150,Asphalt,1,0,41.2561,-72.8882,41.2714,-72.8872,3
KHVN,14,32,3626,100,Asphalt,1,1,41.2671,-72.8903,41.2605,-72.8804,130
KHVR,03,21,3699,60,Asphalt,1,0,48.5379,-109.7680,48.5451,-109.7570,45
KHVR,08,26,5205,100,Asphalt,1,0,48.5440,-109.7730,48.5440,-109.7510,90
KHVS,03,21,5000,75,Asphalt,1,0,34.3967,-80.1224,34.4094,-80.1161,22
KHWD,10L,28R,3108,75,Asphalt,1,0,37.6625,-122.1270,37.6582,-122.1180,120
KHWD,10R,28L,5694,150,Asphalt,1,0,37.6620,-122.1300,37.6543,-122.1130,120
KHWO,10L,28R,3241,100,Asphalt,0,0,26.0023,-80.2448,26.0022,-80.2349,100
KHWO,10R,28L,3463,100,Asphalt,1,0,25.9982,-80.2442,25.9982,-80.2343,100
KHWO,19L,01R,3260,100,Asphalt,1,0,26.0065,-80.2396,25.9975,-80.2397,190
KHWO,19R,01L,3000,100,Asphalt,1,0,26.0070,-80.2440,25.9978,-80.2441,190
KHWQ,09,27,4200,60,Asphalt,1,0,46.4547,-109.8630,46.4536,-109.8470,96
KHWV,06,24,4201,100,Asphalt,1,0,40.8216,-72.8729,40.8298,-72.8622,45
KHWV,15,33,4222,150,Permeable,1,0,40.8223,-72.8717,40.8142,-72.8609,135
KHWY,15,33,5000,100,Asphalt,0,0,38.5914,-77.7164,38.5811,-77.7049,139
KHXD,03,21,5000,100,Asphalt,1,0,32.2191,-80.7005,32.2297,-80.6944,26
KHXF,09,27,3401,75,Asphalt,1,0,43.3507,-88.3960,43.3505,-88.3833,91
KHXF,18,36,2231,196,Grass,0,0,43.3525,-88.3904,43.3464,-88.3912,178
KHYA,06,24,5425,150,Asphalt,1,0,41.6646,-70.2828,41.6742,-70.2676,50
KHYA,15,33,5255,150,Asphalt,1,0,41.6748,-70.2919,41.6638,-70.2795,140
KHYI,08,26,6330,100,Asphalt,1,0,29.8918,-97.8771,29.8925,-97.8571,88
KHYI,13,31,5601,100,Asphalt,1,0,29.8970,-97.8700,29.8866,-97.8571,133
KHYI,17,35,5214,100,Asphalt,1,0,29.9017,-97.8577,29.8874,-97.8571,178
KHYR,03,21,5003,100,Asphalt,1,0,46.0196,-91.4484,46.0321,-91.4401,25
KHYR,16,34,1088,120,Grass,0,0,46.0254,-91.4452,46.0222,-91.4436,160
KHYS,04,22,4501,75,Concrete,1,0,38.8353,-99.2781,38.8436,-99.2664,48
KHYS,16,34,6501,100,Asphalt,1,0,38.8528,-99.2763,38.8354,-99.2713,167
KHYW,04,22,4401,75,Asphalt,1,0,33.8233,-79.1260,33.8336,-79.1184,32
KHYX,05,23,2952,60,Asphalt,1,0,43.4296,-83.8659,43.4353,-83.8583,44
KHYX,10,28,5002,100,Asphalt,1,0,43.4339,-83.8719,43.4339,-83.8531,90
KHZD,01,19,5507,100,Asphalt,1,0,36.0832,-88.4649,36.0980,-88.4610,12
KHZE,15,33,4999,75,Asphalt,1,0,47.2958,-101.5850,47.2836,-101.5760,152
KHZL,10,28,5001,100,Asphalt,1,0,40.9873,-76.0037,40.9863,-75.9860,94
KHZR,18,36,5003,75,Asphalt,1,0,30.7252,-91.4781,30.7115,-91.4793,184
KHZX,14,32,3400,75,Asphalt,1,0,46.6224,-93.3142,46.6152,-93.3055,140
KHZY,09,27,5900,100,Asphalt,1,0,41.7766,-80.7048,41.7794,-80.6862,79
KIAB,01L,19R,12000,150,Concrete,1,0,37.6073,-97.2735,37.6395,-97.2645,13
KIAB,01R,19L,12007,150,Permeable,1,0,37.6068,-97.2707,37.6390,-97.2618,13
KIAD,01C,19C,11500,150,Concrete,1,0,38.9391,-77.4598,38.9706,-77.4593,1
KIAD,01L,19R,9400,150,Concrete,1,0,38.9450,-77.4748,38.9708,-77.4745,1
KIAD,01R,19L,11500,150,Concrete,1,0,38.9238,-77.4364,38.9553,-77.4360,1
KIAD,12,30,10501,150,Concrete,1,0,38.9438,-77.4904,38.9336,-77.4559,111
KIAG,06,24,5188,150,Asphalt,1,0,43.1010,-78.9469,43.1101,-78.9320,50
KIAG,10,28,9826,150,Permeable,1,0,43.1095,-78.9688,43.1095,-78.9320,90
KIAG,10R,28L,3973,75,Asphalt,1,1,43.1043,-78.9520,43.1043,-78.9371,89
KIAH,08L,26R,9000,150,Concrete,1,0,30.0072,-95.3588,30.0072,-95.3304,90
KIAH,08R,26L,9402,150,Concrete,1,0,29.9934,-95.3550,29.9934,-95.3253,90
KIAH,09,27,10000,150,Asphalt,1,0,29.9776,-95.3341,29.9776,-95.3025,90
KIAH,15L,33R,12001,150,Concrete,1,0,29.9879,-95.3579,29.9588,-95.3400,152
KIAH,15R,33L,10000,150,Concrete,1,0,29.9878,-95.3614,29.9635,-95.3465,152
KIBM,10,28,6199,75,Concrete,1,0,41.1902,-103.6880,41.1859,-103.6660,105
KICL,02,20,5002,75,Concrete,1,0,40.7151,-95.0306,40.7276,-95.0232,24
KICL,13,31,2729,280,Grass,0,0,40.7252,-95.0282,40.7200,-95.0228,141
KICR,03,21,2751,150,Grass,0,0,43.3879,-99.8467,43.3941,-99.8399,38
KICR,13,31,5500,75,Concrete,1,0,43.3941,-99.8473,43.3854,-99.8353,135
KICT,01L,19R,10302,150,Concrete,1,0,37.6350,-97.4460,37.6616,-97.4338,20
KICT,01R,19L,7302,150,Concrete,1,0,37.6428,-97.4263,37.6616,-97.4177,20
KICT,14,32,6301,150,Concrete,1,0,37.6575,-97.4401,37.6426,-97.4292,150
KIDA,02,20,9002,150,Asphalt,1,0,43.5025,-112.0850,43.5220,-112.0640,38
KIDA,17,35,3964,75,Asphalt,1,0,43.5226,-112.0620,43.5115,-112.0620,182
KIDG,12,30,3172,50,Asphalt,1,0,42.3349,-95.4499,42.3303,-95.4399,122
KIDI,11,29,5502,100,Asphalt,1,0,40.6328,-79.1127,40.6316,-79.0984,96
KIDL,04,22,4500,75,Concrete,0,1,33.4789,-90.6841,33.4877,-90.6736,45
KIDL,13,31,4500,75,Concrete,0,1,33.4877,-90.6841,33.4789,-90.6736,135
KIDL,18,36,7004,150,Concrete,1,0,33.4954,-90.6789,33.4761,-90.6788,180
KIDP,04,22,3402,60,Asphalt,1,0,37.1570,-95.7854,37.1636,-95.7771,45
KIDP,17,35,5501,100,Asphalt,1,0,37.1647,-95.7766,37.1496,-95.7766,180
KIEN,06,24,3003,50,Asphalt,0,1,43.0236,-102.5240,43.0255,-102.5130,77
KIEN,12,30,5000,75,Asphalt,1,0,43.0256,-102.5140,43.0170,-102.4990,129
KIER,07,25,4000,60,Asphalt,1,0,31.7378,-93.1074,31.7404,-93.0949,76
KIER,17,35,5003,150,Asphalt,1,0,31.7397,-93.0995,31.7263,-93.0957,167
KIFA,13,31,4602,75,Asphalt,1,0,42.4747,-93.2752,42.4669,-93.2647,135
KIFP,16,34,8501,150,Asphalt,1,0,35.1677,-114.5600,35.1471,-114.5590,177
KIGM,03,21,6827,150,Asphalt,1,0,35.2515,-113.9480,35.2647,-113.9320,45
KIGM,08,26,6725,150,Asphalt,0,1,35.2514,-113.9590,35.2514,-113.9360,90
KIGM,17,35,6725,75,Asphalt,1,0,35.2701,-113.9360,35.2516,-113.9360,180
KIGQ,09,27,3395,75,Asphalt,1,0,41.5399,-87.5379,41.5399,-87.5255,90
KIGQ,18,36,4002,75,Asphalt,1,0,41.5362,-87.5277,41.5252,-87.5277,180
KIIB,18,36,5500,100,Concrete,1,0,42.4591,-91.9477,42.4481,-91.9475,179
KIIY,13,31,5020,75,Asphalt,1,0,33.7826,-82.8212,33.7761,-82.8105,126
KIJD,04,22,4050,150,Asphalt,0,1,41.7378,-72.1833,41.7472,-72.1756,32
KIJD,09,27,4271,100,Asphalt,1,0,41.7434,-72.1852,41.7466,-72.1701,74
KIJD,18,36,2799,75,Asphalt,0,0,41.7463,-72.1857,41.7389,-72.1827,165
KIJX,04,22,4001,75,Asphalt,1,0,39.7709,-90.2431,39.7787,-90.2330,45
KIJX,13,31,5000,75,Asphalt,1,0,39.7793,-90.2447,39.7696,-90.2322,135
KIKG,13,31,6000,75,Asphalt,1,0,27.5572,-98.0369,27.5445,-98.0250,140
KIKK,04,22,5981,100,Asphalt,1,0,41.0658,-87.8548,41.0787,-87.8414,38
KIKK,16,34,4398,75,Asphalt,1,0,41.0760,-87.8463,41.0646,-87.8411,161
KIKV,04,22,4200,75,Concrete,1,0,41.6889,-93.5725,41.6970,-93.5616,45
KIKV,18,36,5500,100,Concrete,1,0,41.6977,-93.5658,41.6826,-93.5658,180
KILE,01,19,5495,100,Asphalt,1,0,31.0786,-97.6890,31.0931,-97.6840,17
KILG,01,19,7012,150,Asphalt,1,0,39.6693,-75.6038,39.6884,-75.6016,5
KILG,09,27,7275,150,Asphalt,1,0,39.6781,-75.6201,39.6823,-75.5953,78
KILG,14,32,4602,150,Asphalt,1,0,39.6802,-75.6167,39.6720,-75.6043,131
KILM,06,24,8016,150,Concrete,1,0,34.2619,-77.9103,34.2765,-77.8905,48
KILM,17,35,7754,150,Asphalt,1,0,34.2812,-77.9091,34.2632,-77.9009,159
KILN,04L,22R,10701,150,Concrete,1,0,39.4194,-83.8093,39.4427,-83.7863,37
KILN,04R,22L,9000,150,Concrete,1,0,39.4144,-83.7950,39.4340,-83.7757,37
KIML,03,21,2756,280,Gravel,0,0,40.5093,-101.6230,40.5152,-101.6150,45
KIML,13,31,5022,100,Concrete,1,0,40.5148,-101.6260,40.5037,-101.6150,144
KIMM,04,22,5001,150,Asphalt,0,1,26.4263,-81.4049,26.4374,-81.3958,36
KIMM,09,27,5000,100,Asphalt,1,0,26.4370,-81.4054,26.4375,-81.3902,88
KIMM,18,36,4550,150,Asphalt,1,0,26.4372,-81.4052,26.4235,-81.4047,178
KIMS,03,21,5000,75,Asphalt,1,0,38.7547,-85.4688,38.7650,-85.4607,32
KIMT,01,19,6502,150,Asphalt,1,0,45.8105,-88.1151,45.8282,-88.1117,8
KIMT,13,31,3810,75,Asphalt,1,0,45.8202,-88.1220,45.8132,-88.1109,132
KIND,05L,23R,11200,150,Concrete,1,0,39.7064,-86.3208,39.7283,-86.2929,45
KIND,05R,23L,10000,150,Concrete,1,0,39.7002,-86.3044,39.7198,-86.2795,45
KIND,14,32,7278,150,Asphalt,1,0,39.7342,-86.2888,39.7196,-86.2696,135
KINF,01,19,5000,75,Asphalt,1,0,28.7968,-82.3191,28.8104,-82.3175,101
KINJ,16,34,3998,75,Asphalt,1,0,32.0888,-97.0989,32.0782,-97.0955,165
KINK,04,22,3514,100,Asphalt,1,0,31.7797,-103.2050,31.7858,-103.1960,51
KINK,13,31,5003,100,Asphalt,1,0,31.7830,-103.2080,31.7724,-103.1980,141
KINL,04,22,2999,75,Asphalt,0,0,48.5626,-93.4067,48.5687,-93.3984,42
KINL,13,31,7400,150,Asphalt,1,0,48.5728,-93.4127,48.5600,-93.3940,136
KINS,08,26,9002,150,Permeable,1,0,36.5845,-115.6960,36.5835,-115.6650,92
KINS,13,31,5476,100,Asphalt,0,0,36.5949,-115.6780,36.5839,-115.6680,145
KINT,04,22,3938,150,Asphalt,1,0,36.1331,-80.2291,36.1424,-80.2223,31
KINT,15,33,6655,150,Asphalt,1,0,36.1388,-80.2263,36.1239,-80.2132,145
KINW,04,22,7499,150,Asphalt,1,0,35.0143,-110.7380,35.0250,-110.7170,59
KINW,11,29,7100,150,Asphalt,1,0,35.0291,-110.7280,35.0195,-110.7070,120
KINW,17,35,6068,150,Asphalt,0,1,35.0292,-110.7280,35.0125,-110.7300,185
KIOB,03,21,5000,75,Asphalt,1,0,38.0520,-83.9835,38.0642,-83.9756,27
KIOW,07,25,5002,100,Concrete,1,0,41.6389,-91.5550,41.6429,-91.5400,71
KIOW,12,30,4200,75,Concrete,1,0,41.6419,-91.5527,41.6358,-91.5410,125
KIPJ,05,23,5700,100,Asphalt,1,0,35.4782,-81.1680,35.4885,-81.1544,47
KIPL,08,26,4501,75,Asphalt,1,0,32.8321,-115.5900,32.8321,-115.5750,90
KIPL,14,32,5308,100,Asphalt,1,0,32.8425,-115.5790,32.8296,-115.5710,153
KIPT,09,27,6825,150,Asphalt,1,0,41.2387,-76.9344,41.2427,-76.9115,77
KIPT,12,30,4273,150,Asphalt,1,0,41.2450,-76.9265,41.2418,-76.9115,106
KIRK,09,27,1370,100,Gravel,0,0,40.0978,-92.5501,40.0978,-92.5451,91
KIRK,18,36,6005,100,Concrete,1,0,40.1007,-92.5442,40.0843,-92.5444,180
KIRS,01,19,5201,100,Asphalt,1,0,41.8060,-85.4408,41.8202,-85.4409,360
KIRS,06,24,3601,75,Asphalt,1,0,41.8112,-85.4414,41.8161,-85.4307,59
KISB,17,35,3000,50,Concrete,1,0,43.3736,-95.7598,43.3654,-95.7598,180
KISM,06,24,5001,100,Asphalt,1,0,28.2868,-81.4441,28.2941,-81.4309,58
KISM,15,33,6001,100,Asphalt,1,0,28.2962,-81.4417,28.2822,-81.4318,148
KISO,05,23,11498,150,Asphalt,1,0,35.3195,-77.6215,35.3433,-77.5962,41
KISP,06,24,7006,150,Asphalt,1,0,40.7886,-73.1124,40.8022,-73.0946,45
KISP,10,28,5034,150,Asphalt,1,1,40.7925,-73.1080,40.7925,-73.0898,90
KISP,15L,33R,3175,75,Asphalt,0,0,40.7990,-73.0984,40.7929,-73.0903,135
KISP,15R,33L,5186,150,Asphalt,1,0,40.8022,-73.1073,40.7922,-73.0941,135
KISQ,01,19,2501,50,Asphalt,0,0,45.9706,-86.1706,45.9774,-86.1707,359
KISQ,10,28,5001,100,Asphalt,1,0,45.9750,-86.1823,45.9749,-86.1626,90
KISW,02,20,5500,100,Asphalt,1,0,44.3534,-89.8418,44.3675,-89.8347,20
KISW,11,29,3640,50,Asphalt,1,0,44.3631,-89.8442,44.3588,-89.8317,116
KISW,18,36,2072,50,Gravel,0,0,44.3614,-89.8425,44.3556,-89.8419,176
KITH,14,32,6977,150,Asphalt,1,0,42.4973,-76.4673,42.4847,-76.4496,134
KITH,15,33,2018,50,Grass,0,0,,,,,138
KITR,15,33,5199,75,Concrete,1,0,39.2492,-102.2890,39.2358,-102.2820,160
KIWA,12C,30C,10201,150,Permeable,1,0,33.3176,-111.6660,33.2976,-111.6430,136
KIWA,12L,30R,9300,150,Concrete,1,0,33.3176,-111.6610,33.2993,-111.6400,136
KIWA,12R,30L,10401,150,Concrete,1,0,33.3177,-111.6730,33.2973,-111.6490,136
KIWD,09,27,6502,100,Asphalt,1,0,46.5276,-90.1443,46.5275,-90.1184,90
KIWH,09,27,4401,75,Asphalt,1,0,40.7610,-85.8079,40.7612,-85.7920,89
KIWH,18,36,1940,60,Asphalt,1,0,40.7666,-85.7960,40.7613,-85.7958,179
KIWI,07,25,3397,75,Asphalt,1,0,43.9585,-69.7176,43.9643,-69.7075,51
KIWS,15,33,3953,75,Asphalt,1,0,29.8231,-95.6753,29.8133,-95.6699,155
KIXA,02,20,5500,100,Asphalt,0,0,36.3223,-77.6367,36.3373,-77.6338,
KIXD,04,22,5132,100,Asphalt,1,0,38.8282,-94.8951,38.8378,-94.8819,47
KIXD,18,36,7339,150,Asphalt,1,0,38.8395,-94.8916,38.8194,-94.8916,180
KIYK,02,20,6275,75,Asphalt,1,0,35.6483,-117.8330,35.6624,-117.8230,31
KIYK,10,28,4150,75,Asphalt,1,0,35.6679,-117.8350,35.6631,-117.8220,116
KIYK,15,33,7100,75,Asphalt,1,0,35.6669,-117.8340,35.6477,-117.8280,166
KIZA,08,26,2803,75,Asphalt,1,0,34.6074,-120.0800,34.6063,-120.0710,98
KIZG,14,32,4200,75,Asphalt,1,0,43.9944,-70.9549,43.9877,-70.9419,127
KJAC,01,19,6300,150,Asphalt,1,0,43.5992,-110.7420,43.6155,-110.7340,20
KJAN,16L,34R,8500,150,Asphalt,1,0,32.3282,-90.0777,32.3065,-90.0674,158
KJAN,16R,34L,8500,150,Asphalt,1,0,32.3158,-90.0844,32.2942,-90.0741,158
KJAS,18,36,5500,70,Asphalt,1,0,30.8933,-94.0348,30.8781,-94.0351,181
KJAU,05,23,4000,75,Asphalt,1,0,36.3302,-84.1678,36.3379,-84.1581,46
KJAX,08,26,10000,150,Concrete,1,0,30.4962,-81.7000,30.5054,-81.6700,71
KJAX,14,32,7701,150,Concrete,1,0,30.4922,-81.7008,30.4784,-81.6823,131
KJBR,05,23,6200,150,Asphalt,1,0,35.8288,-90.6512,35.8397,-90.6352,50
KJBR,13,31,4099,150,Asphalt,1,0,35.8318,-90.6562,35.8239,-90.6464,135
KJCT,08,26,2255,130,Grass,0,0,30.5120,-99.7637,30.5117,-99.7566,93
KJCT,17,35,5004,75,Asphalt,1,0,30.5172,-99.7644,30.5034,-99.7645,180
KJDD,18,36,4002,60,Asphalt,1,0,32.7477,-95.4962,32.7367,-95.4967,182
KJDN,10,28,4300,75,Asphalt,1,0,47.3358,-106.9420,47.3308,-106.9260,115
KJEF,09,27,3401,75,Concrete,1,0,38.5910,-92.1641,38.5909,-92.1522,91
KJEF,12,30,6000,100,Asphalt,1,0,38.5957,-92.1638,38.5869,-92.1461,123
KJER,09,27,5002,75,Asphalt,1,0,42.7279,-114.4660,42.7255,-114.4470,100
KJES,11,29,5500,100,Asphalt,0,0,31.5552,-81.8912,31.5527,-81.8738,99
KJFK,04L,22R,12079,200,Permeable,1,0,40.6220,-73.7856,40.6488,-73.7647,31
KJFK,04R,22L,8400,200,Asphalt,1,0,40.6254,-73.7703,40.6452,-73.7549,31
KJFK,13L,31R,10000,200,Permeable,1,0,40.6578,-73.7902,40.6437,-73.7593,121
KJFK,13R,31L,14511,200,Permeable,1,0,40.6484,-73.8167,40.6279,-73.7716,121
KJFX,09,27,5004,100,Asphalt,1,0,33.9023,-87.3220,33.9018,-87.3056,92
KJFZ,07,25,4299,75,Asphalt,1,0,37.0613,-81.8050,37.0662,-81.7916,66
KJGG,13,31,3204,60,Asphalt,1,0,37.2414,-76.7208,37.2369,-76.7113,121
KJHW,07,25,5300,100,Asphalt,1,0,42.1482,-79.2681,42.1557,-79.2514,59
KJHW,13,31,4499,100,Asphalt,1,0,42.1581,-79.2633,42.1522,-79.2487,119
KJKA,09,27,6962,100,Asphalt,1,0,30.2903,-87.6802,30.2903,-87.6582,90
KJKA,17,35,3596,75,Asphalt,1,0,30.2933,-87.6772,30.2834,-87.6763,175
KJKJ,12,30,4300,75,Asphalt,1,0,46.8419,-96.6714,46.8367,-96.6561,116
KJKL,01,19,4400,75,Asphalt,1,0,37.5879,-83.3183,37.5998,-83.3162,8
KJLN,05,23,3604,75,Asphalt,1,1,37.1437,-94.5011,37.1501,-94.4916,50
KJLN,13,31,6501,150,Asphalt,1,0,37.1578,-94.5073,37.1445,-94.4924,138
KJLN,18,36,6502,100,Asphalt,1,0,37.1641,-94.4974,37.1462,-94.4982,182
KJMR,11,29,3152,80,Gravel,0,0,45.8843,-93.2774,45.8813,-93.2688,117
KJMR,17,35,4794,75,Asphalt,1,0,45.8935,-93.2721,45.8827,-93.2698,172
KJMS,04,22,5750,75,Asphalt,1,0,46.9245,-98.6867,46.9357,-98.6705,45
KJMS,13,31,6502,100,Asphalt,1,0,46.9357,-98.6871,46.9231,-98.6686,135
KJNX,03,21,5500,100,Asphalt,1,0,35.5343,-78.3949,35.5474,-78.3857,30
KJOT,04,22,2552,150,Grass,0,0,41.5149,-88.1798,41.5212,-88.1715,44
KJOT,13,31,2821,100,Asphalt,1,0,41.5199,-88.1797,41.5151,-88.1711,127
KJQF,02,20,7402,100,Asphalt,1,0,35.3778,-80.7114,35.3978,-80.7069,11
KJSD,H1,,1500,100,Asphalt,1,0,,,,,
KJSD,H2,,1300,100,Asphalt,0,0,,,,,
KJSO,14,32,5006,75,Asphalt,1,0,31.8746,-95.2226,31.8640,-95.2122,140
KJST,05,23,4387,100,Asphalt,1,0,40.3104,-78.8393,40.3197,-78.8294,39
KJST,10,28,3700,100,Asphalt,0,1,40.3175,-78.8385,40.3180,-78.8253,87
KJST,15,33,7004,150,Asphalt,1,0,40.3237,-78.8422,40.3081,-78.8275,144
KJSV,17,35,4006,75,Asphalt,1,0,35.4437,-94.8028,35.4327,-94.8029,180
KJVL,04,22,6701,150,Asphalt,1,0,42.6118,-89.0498,42.6256,-89.0333,41
KJVL,14,32,7302,150,Concrete,1,0,42.6281,-89.0552,42.6143,-89.0355,134
KJVL,18,36,5004,75,Asphalt,1,0,42.6278,-89.0362,42.6141,-89.0360,179
KJVY,14,32,3899,75,Asphalt,1,0,38.3708,-85.7432,38.3628,-85.7341,138
KJVY,18,36,7000,100,Asphalt,1,0,38.3720,-85.7379,38.3569,-85.7379,180
KJWG,17,35,4001,60,Asphalt,1,0,35.8702,-98.4208,35.8592,-98.4208,180
KJWN,02,20,6001,100,Asphalt,1,0,36.1750,-86.8891,36.1897,-86.8843,15
KJWY,18,36,6500,100,Asphalt,1,0,32.4630,-96.9118,32.4492,-96.9130,184
KJXI,18,36,3998,60,Asphalt,1,0,32.7035,-94.9488,32.6925,-94.9489,180
KJXN,07,25,5351,100,Asphalt,1,0,42.2561,-84.4667,42.2653,-84.4513,51
KJXN,14,32,4000,100,Asphalt,1,0,42.2616,-84.4646,42.2551,-84.4552,133
KJYG,15,33,3999,75,Asphalt,1,0,43.9910,-94.5618,43.9816,-94.5540,150
KJYL,05,23,5501,100,Asphalt,1,0,32.6400,-81.6006,32.6493,-81.5887,48
KJYL,10,28,4125,150,Asphalt,0,1,,,,,100
KJYL,15,33,3787,75,Asphalt,0,0,32.6505,-81.6038,32.6419,-81.5968,146
KJYM,10,28,5000,100,Asphalt,1,0,41.9216,-84.5931,41.9209,-84.5784,94
KJYO,17,35,5500,100,Asphalt,1,0,39.0851,-77.5606,39.0708,-77.5544,161
KJYR,05,23,4481,150,Grass,0,0,40.8922,-97.6326,40.8998,-97.6189,54
KJYR,17,35,5900,100,Concrete,1,0,40.9048,-97.6238,40.8887,-97.6218,174
KJZI,04,22,4313,150,Concrete,1,0,32.6911,-80.0058,32.7011,-79.9984,32
KJZI,09,27,5350,100,Concrete,1,0,32.7049,-80.0118,32.7050,-79.9955,89
KJZP,16,34,5000,100,Asphalt,1,0,34.4598,-84.4603,34.4469,-84.4544,159
KKIC,11,29,4479,100,Asphalt,1,0,36.2322,-121.1280,36.2239,-121.1160,133
KKLS,12,30,4391,100,Asphalt,1,0,46.1226,-122.9040,46.1134,-122.8930,140
KKNB,01,19,6200,75,Asphalt,1,0,37.0026,-112.5350,37.0185,-112.5280,21
KLAA,08,26,5001,60,Asphalt,1,0,38.0739,-102.6940,38.0740,-102.6760,90
KLAA,18,36,6304,100,Concrete,1,0,38.0749,-102.6900,38.0578,-102.6930,190
KLAF,05,23,4225,100,Asphalt,1,0,40.4082,-86.9390,40.4157,-86.9275,47
KLAF,10,28,6600,150,Asphalt,1,0,40.4140,-86.9509,40.4111,-86.9275,100
KLAL,05,23,5000,150,Asphalt,1,0,27.9834,-82.0204,27.9932,-82.0094,45
KLAL,10,28,8500,150,Asphalt,1,0,27.9892,-82.0339,27.9893,-82.0075,90
KLAM,09,27,6000,120,Asphalt,1,0,35.8814,-106.2790,35.8782,-106.2600,102
KLAN,06,24,5003,120,Permeable,1,0,42.7732,-84.6010,42.7814,-84.5862,53
KLAN,10L,28R,3601,75,Asphalt,1,0,42.7819,-84.5850,42.7818,-84.5716,91
KLAN,10R,28L,8506,150,Asphalt,1,0,42.7782,-84.6011,42.7780,-84.5741,91
KLAR,03,21,8503,150,Asphalt,1,0,41.3027,-105.6870,41.3190,-105.6650,46
KLAR,12,30,6301,100,Asphalt,1,0,41.3197,-105.6810,41.3076,-105.6650,135
KLAS,01L,19R,9770,150,Concrete,1,0,36.0753,-115.1700,36.0977,-115.1580,25
KLAS,01R,19L,9769,150,Asphalt,1,0,36.0742,-115.1675,36.0985,-115.1535,25
KLAS,08L,26R,14835,150,Asphalt,1,0,36.0763,-115.1713,36.0763,-115.1210,90
KLAS,08R,26L,10526,150,Asphalt,1,0,36.0736,-115.1610,36.0737,-115.1260,90
KLAW,17,35,8599,150,Concrete,1,0,34.5786,-98.4172,34.5550,-98.4156,177
KLAX,6L,24R,8926,150,Concrete,1,0,33.9491,-118.4312,33.9521,-118.4020,83
KLAX,6R,24L,10859,150,Concrete,1,0,33.9468,-118.4347,33.9505,-118.3991,83
KLAX,7L,25R,12894,150,Concrete,1,0,33.9356,-118.4221,33.9399,-118.3798,83
KLAX,7R,25L,11095,200,Concrete,1,0,33.9337,-118.4191,33.9374,-118.3827,83
KLBB,08,26,8003,150,Concrete,1,0,33.6622,-101.8290,33.6623,-101.8030,90
KLBB,17L,35R,2891,74,Asphalt,0,0,33.6598,-101.8170,33.6519,-101.8170,180
KLBB,17R,35L,11500,150,Concrete,1,0,33.6824,-101.8290,33.6508,-101.8290,180
KLBE,06,24,8222,150,Asphalt,1,0,40.2681,-79.4170,40.2816,-79.3990,46
KLBE,3,21,3596,75,Asphalt,1,1,40.2734,-79.4008,40.2827,-79.3964,20
KLBF,12,30,8001,150,Concrete,1,0,41.1322,-100.6900,41.1194,-100.6670,126
KLBF,17,35,4436,100,Asphalt,1,0,41.1330,-100.6930,41.1209,-100.6930,181
KLBL,04,22,5000,75,Concrete,0,0,37.0387,-100.9710,37.0498,-100.9570,45
KLBL,17,35,7105,100,Asphalt,1,0,37.0539,-100.9560,37.0344,-100.9560,180
KLBO,09,27,2300,50,Asphalt,0,1,37.6448,-92.6606,37.6447,-92.6527,91
KLBO,18,36,5000,75,Asphalt,1,0,37.6552,-92.6522,37.6415,-92.6527,182
KLBR,17,35,3000,50,Asphalt,1,0,33.5973,-95.0641,33.5891,-95.0630,174
KLBT,01,19,4974,150,Asphalt,0,1,34.6050,-79.0561,34.6186,-79.0560,0
KLBT,05,23,5505,150,Asphalt,1,0,34.6043,-79.0673,34.6149,-79.0544,45
KLBT,13,31,5007,75,Asphalt,0,0,34.6140,-79.0649,34.6061,-79.0513,125
KLBX,17,35,7000,100,Asphalt,1,0,29.1183,-95.4621,29.0990,-95.4621,180
KLCG,05,23,3406,60,Asphalt,1,0,42.2375,-96.9879,42.2430,-96.9777,54
KLCG,13,31,2070,120,Grass,0,0,42.2419,-96.9872,42.2379,-96.9820,136
KLCG,18,36,4201,75,Asphalt,1,0,42.2490,-96.9801,42.2375,-96.9805,181
KLCH,05,23,5200,100,Asphalt,1,0,30.1285,-93.2297,30.1373,-93.2168,52
KLCH,15,33,6500,150,Concrete,1,0,30.1287,-93.2279,30.1126,-93.2191,155
KLCI,08,26,5890,100,Asphalt,1,0,43.5700,-71.4281,43.5755,-71.4097,68
KLCK,05L,23R,11902,150,Asphalt,1,0,39.8033,-82.9441,39.8264,-82.9139,45
KLCK,05R,23L,12103,200,Permeable,1,0,39.8011,-82.9420,39.8244,-82.9114,45
KLCK,06,24,3244,60,Asphalt,0,1,39.8150,-82.9203,39.8211,-82.9119,46
KLCQ,05,23,4000,75,Asphalt,1,0,30.1773,-82.5805,30.1841,-82.5705,52
KLCQ,10,28,8003,150,Asphalt,1,0,30.1841,-82.5901,30.1814,-82.5650,97
KLDJ,9,27,4140,100,Asphalt,1,0,40.6161,-74.2518,40.6189,-74.2374,76
KLDM,01,19,3503,75,Asphalt,0,0,43.9592,-86.4130,43.9688,-86.4126,2
KLDM,08,26,5003,75,Asphalt,0,0,43.9593,-86.4135,43.9637,-86.3955,71
KLEB,07,25,5496,100,Asphalt,1,0,43.6258,-72.3121,43.6335,-72.2942,59
KLEB,18,36,5200,100,Asphalt,1,0,43.6293,-72.3074,43.6154,-72.3033,168
KLEE,04,22,4957,100,Asphalt,1,0,28.8162,-81.8118,28.8273,-81.8029,35
KLEE,13,31,6300,100,Asphalt,1,0,28.8288,-81.8161,28.8200,-81.8041,130
KLEM,11,29,4501,75,Asphalt,1,0,45.9227,-102.1120,45.9155,-102.0980,126
KLEM,17,35,1900,60,Grass,0,0,45.9196,-102.1080,45.9144,-102.1090,185
KLEW,04,22,5001,100,Asphalt,1,0,44.0422,-70.2881,44.0547,-70.2802,24
KLEW,17,35,2750,75,Asphalt,1,0,44.0516,-70.2851,44.0452,-70.2796,148
KLEX,04,22,7004,150,Asphalt,1,0,38.0277,-84.6151,38.0421,-84.5990,42
KLEX,09,27,4000,75,Concrete,1,0,38.0393,-84.6183,38.0407,-84.6045,87
KLFI,08,26,10002,150,Concrete,1,0,37.0776,-76.3764,37.0881,-76.3447,68
KLFK,07,25,5400,100,Asphalt,1,0,31.2343,-94.7574,31.2381,-94.7407,75
KLFK,16,34,4311,100,Asphalt,1,0,31.2369,-94.7535,31.2258,-94.7488,160
KLFT,04L,22R,4098,75,Asphalt,1,0,30.2014,-91.9924,30.2102,-91.9843,39
KLFT,04R,22L,8000,150,Asphalt,1,0,30.1965,-91.9928,30.2129,-91.9777,39
KLFT,11,29,5403,150,Asphalt,0,0,30.2076,-91.9981,30.2026,-91.9821,110
KLGA,04,22,7002,150,Asphalt,1,0,40.7692,-73.8841,40.7854,-73.8707,32
KLGA,13,31,7002,150,Asphalt,1,0,40.7823,-73.8785,40.7721,-73.8571,122
KLGA,H1,H1,60,60,Asphalt,0,1,,,,,
KLGB,08L,26R,6192,150,Asphalt,1,0,33.8228,-118.1635,33.8227,-118.1432,90
KLGB,08R,26L,3918,100,Asphalt,1,0,33.8139,-118.1613,33.8139,-118.1484,90
KLGB,12,30,10000,200,Asphalt,1,0,33.8262,-118.1616,33.8069,-118.1382,135
KLGB,16L,34R,4267,75,Asphalt,0,1,33.8230,-118.1480,33.8113,-118.1480,180
KLGB,16R,34L,4470,75,Asphalt,1,1,33.8249,-118.1560,33.8126,-118.1560,180
KLGC,03,21,5000,100,Asphalt,0,0,33.0043,-85.0768,33.0168,-85.0701,24
KLGC,13,31,6499,100,Asphalt,1,0,33.0119,-85.0792,33.0027,-85.0645,127
KLGD,12,30,6261,100,Asphalt,1,0,45.2955,-118.0120,45.2847,-117.9970,135
KLGD,17,35,3400,75,Asphalt,1,0,45.2957,-118.0110,45.2850,-118.0110,180
KLGF,06,24,6043,100,Asphalt,0,0,32.8598,-114.4010,32.8638,-114.3820,76
KLGF,18,36,6142,151,Asphalt,1,0,32.8754,-114.3930,32.8590,-114.3970,191
KLGU,05,23,5007,150,Asphalt,0,1,41.7832,-111.8660,41.7892,-111.8490,64
KLGU,10,28,4075,60,Asphalt,0,0,41.7910,-111.8650,41.7836,-111.8500,122
KLGU,17,35,9020,100,Asphalt,1,0,41.8058,-111.8480,41.7809,-111.8490,183
KLHB,18,36,4001,75,Asphalt,1,0,30.8773,-96.6222,30.8663,-96.6222,180
KLHM,15,33,6001,100,Asphalt,1,0,38.9171,-121.3540,38.9012,-121.3490,165
KLHQ,10,28,5003,75,Asphalt,1,0,39.7561,-82.6660,39.7552,-82.6482,94
KLHV,09L,27R,3799,75,Asphalt,1,0,41.1353,-77.4292,41.1367,-77.4155,82
KLHV,09R,27L,2179,100,Grass,0,0,41.1351,-77.4262,41.1359,-77.4183,82
KLHW,06L,24R,6500,100,Asphalt,1,0,31.8842,-81.5712,31.8930,-81.5587,51
KLHW,06R,24L,2610,100,Asphalt,0,0,31.8850,-81.5677,31.8898,-81.5612,49
KLHW,15L,33R,5001,100,Asphalt,1,0,31.8944,-81.5636,31.8838,-81.5534,141
KLHW,15R,33L,2520,100,Asphalt,0,0,31.8896,-81.5607,31.8842,-81.5556,141
KLHX,08,26,6849,75,Asphalt,1,0,38.0481,-103.5230,38.0482,-103.5000,90
KLHX,12,30,5803,60,Asphalt,0,0,38.0572,-103.5140,38.0459,-103.5000,135
KLHZ,05,23,5498,100,Asphalt,1,0,36.0176,-78.3364,36.0290,-78.3242,41
KLIC,16,34,4700,60,Concrete,1,0,39.2811,-103.6670,39.2684,-103.6640,170
KLIT,04L,22R,8273,150,Concrete,1,0,34.7225,-92.2380,34.7382,-92.2180,47
KLIT,04R,22L,8251,150,Concrete,1,0,34.7194,-92.2212,34.7350,-92.2013,47
KLIT,18,36,6224,150,Concrete,1,0,34.7398,-92.2381,34.7227,-92.2386,182
KLIU,01,19,4021,60,Asphalt,1,0,33.9200,-102.3880,33.9305,-102.3850,17
KLIU,13,31,2513,40,Asphalt,0,0,33.9243,-102.3900,33.9194,-102.3840,136
KLJF,13,31,4002,100,Asphalt,1,0,45.1012,-94.5124,45.0930,-94.5021,139
KLKP,14,32,4196,60,Asphalt,1,0,44.2701,-73.9683,44.2632,-73.9555,127
KLKR,06,24,6004,101,Asphalt,1,0,34.7186,-80.8631,34.7272,-80.8461,59
KLKU,09,27,4300,100,Asphalt,1,0,38.0090,-77.9775,38.0106,-77.9627,82
KLKV,17,35,5318,100,Asphalt,1,0,42.1684,-120.3990,42.1538,-120.3990,180
KLLJ,17,35,4601,60,Asphalt,1,0,44.5292,-114.2170,44.5167,-114.2180,182
KLLN,08,26,2072,55,Asphalt,0,0,33.5606,-102.3750,33.5604,-102.3680,92
KLLN,17,35,6110,75,Asphalt,1,0,33.5582,-102.3720,33.5414,-102.3730,182
KLLQ,03,21,5020,75,Asphalt,1,0,33.6327,-91.7553,33.6444,-91.7467,32
KLLR,11,29,5249,100,Asphalt,1,0,39.2664,-123.7610,39.2575,-123.7460,129
KLLU,03,21,2900,60,Asphalt,1,0,37.4861,-94.3142,37.4929,-94.3088,33
KLLU,17,35,4000,75,Concrete,1,0,,,,,169
KLMO,11,29,4799,75,Concrete,1,0,40.1678,-105.1710,40.1607,-105.1570,123
KLMS,17,35,4669,75,Asphalt,1,0,33.1523,-89.0638,33.1401,-89.0612,170
KLMT,01,19,5162,100,Asphalt,0,1,42.1558,-121.7410,42.1689,-121.7340,24
KLMT,07,25,5260,100,Asphalt,1,0,42.1563,-121.7430,42.1562,-121.7230,90
KLMT,14,32,10302,150,Permeable,1,0,42.1692,-121.7400,42.1430,-121.7260,158
KLNA,04,22,3256,75,Asphalt,1,0,26.5901,-80.0893,26.5977,-80.0840,32
KLNA,10,28,3489,75,Asphalt,1,0,26.5912,-80.0910,26.5909,-80.0803,92
KLNA,16,34,3421,100,Asphalt,1,0,26.5983,-80.0854,26.5900,-80.0805,152
KLNC,13,31,6500,100,Asphalt,1,0,32.5845,-96.7242,32.5739,-96.7139,140
KLND,04,22,5000,75,Asphalt,1,0,42.8102,-108.7360,42.8203,-108.7240,42
KLNK,14,32,8649,150,Permeable,1,0,40.8673,-96.7697,40.8479,-96.7518,145
KLNK,17,35,5801,100,Permeable,1,0,40.8613,-96.7508,40.8465,-96.7508,180
KLNK,18,36,12901,200,Permeable,1,0,40.8630,-96.7617,40.8276,-96.7619,180
KLNL,05,23,2577,130,Grass,0,0,46.1513,-89.2161,46.1562,-89.2087,46
KLNL,14,32,4000,75,Asphalt,1,0,46.1587,-89.2164,46.1499,-89.2069,143
KLNN,05,23,5028,100,Asphalt,1,0,41.6804,-81.3974,41.6903,-81.3845,45
KLNN,10,28,4272,100,Asphalt,1,0,41.6825,-81.3961,41.6824,-81.3805,91
KLNP,06,24,5131,100,Asphalt,1,0,36.9835,-82.5375,36.9916,-82.5225,56
KLNR,09,27,5000,75,Asphalt,1,0,43.2126,-90.1872,43.2127,-90.1684,90
KLNR,18,36,1850,60,Asphalt,1,0,43.2126,-90.1855,43.2075,-90.1854,180
KLNS,08,26,6933,150,Asphalt,1,0,40.1199,-76.3041,40.1271,-76.2811,68
KLNS,13,31,4102,100,Asphalt,1,0,40.1232,-76.3038,40.1177,-76.2910,119
KLOL,02,20,5529,75,Asphalt,1,0,40.0619,-118.5730,40.0750,-118.5630,30
KLOL,08,26,4931,75,Asphalt,0,0,40.0643,-118.5710,40.0642,-118.5540,90
KLOM,06,24,3700,75,Asphalt,1,0,40.1345,-75.2704,40.1406,-75.2598,53
KLOT,02,20,6500,100,Concrete,1,0,41.5992,-88.1009,41.6128,-88.0965,14
KLOT,09,27,5500,75,Asphalt,1,0,41.6087,-88.1045,41.6087,-88.0836,90
KLOU,06,24,4358,75,Asphalt,1,0,38.2254,-85.6694,38.2315,-85.6564,60
KLOU,15,33,3580,75,Asphalt,1,0,38.2314,-85.6685,38.2235,-85.6611,143
KLOZ,06,24,5750,150,Asphalt,1,0,37.0821,-84.0852,37.0917,-84.0696,52
KLPC,07,25,4600,100,Asphalt,1,0,34.6657,-120.4750,34.6655,-120.4600,91
KLPR,07,25,5002,100,Asphalt,1,0,41.3414,-82.1859,41.3472,-82.1694,65
KLQK,05,23,5002,100,Asphalt,1,0,34.8050,-82.7087,34.8149,-82.6971,44
KLQR,04,22,2860,170,Grass,0,0,38.2041,-99.0902,38.2103,-99.0824,45
KLQR,12,30,2830,180,Grass,0,0,38.2102,-99.0907,38.2042,-99.0831,135
KLQR,17,35,4201,75,Concrete,1,0,38.2164,-99.0851,38.2049,-99.0851,180
KLRD,14,32,5927,150,Concrete,1,0,27.5495,-99.4667,27.5357,-99.4568,147
KLRD,18L,36R,8236,150,Concrete,1,0,27.5564,-99.4593,27.5337,-99.4605,183
KLRD,18R,36L,8743,150,Asphalt,1,0,27.5540,-99.4625,27.5325,-99.4636,183
KLRF,07,25,12001,150,Concrete,1,0,34.9114,-92.1655,34.9221,-92.1276,71
KLRF,071,251,3354,60,Concrete,0,0,,,,,
KLRG,06W,24W,2400,100,Water,0,0,,,,,
KLRG,17,35,2804,75,Asphalt,1,0,45.3654,-68.5377,45.3589,-68.5318,147
KLRJ,18,36,5056,75,Concrete,1,0,42.7834,-96.1927,42.7727,-96.1947,188
KLRO,17,35,3700,75,Asphalt,1,0,32.9031,-79.7842,32.8929,-79.7815,167
KLRU,04,22,7501,105,Asphalt,1,0,32.2846,-106.9320,32.2965,-106.9120,55
KLRU,08,26,6069,100,Asphalt,1,0,32.2850,-106.9320,32.2850,-106.9130,90
KLRU,12,30,7506,100,Asphalt,1,0,32.2992,-106.9300,32.2846,-106.9130,135
KLRY,17,35,4000,75,Asphalt,1,0,38.6157,-94.3439,38.6047,-94.3432,177
KLSB,01,19,3251,60,Gravel,0,0,32.3308,-108.6930,32.3391,-108.6900,21
KLSB,12,30,5224,75,Asphalt,1,0,32.3372,-108.6970,32.3283,-108.6850,130
KLSE,04,22,5199,150,Asphalt,1,0,43.8700,-91.2598,43.8817,-91.2479,36
KLSE,13,31,6050,150,Asphalt,1,0,43.8848,-91.2649,43.8732,-91.2485,134
KLSE,18,36,8742,150,Concrete,1,0,43.8932,-91.2589,43.8698,-91.2586,179
KLSF,15,33,10002,150,Asphalt,1,0,32.3430,-84.9965,32.3206,-84.9778,145
KLSK,10,28,5058,75,Asphalt,1,0,42.7568,-104.4130,42.7508,-104.3960,116
KLSN,14,32,3801,75,Asphalt,1,0,37.0666,-120.8720,37.0592,-120.8670,153
KLSV,03L,21R,10120,200,Concrete,1,0,36.2267,-115.0470,36.2476,-115.0240,41
KLSV,03R,21L,10051,150,Concrete,1,0,36.2249,-115.0440,36.2456,-115.0220,41
KLTS,17,35,3501,94,Asphalt,1,1,34.6825,-99.2655,34.6728,-99.2655,180
KLTS,176,356,3500,90,Asphalt,1,0,,,,,
KLTS,18L,36R,9001,150,Asphalt,1,0,34.6825,-99.2596,34.6578,-99.2595,180
KLTS,18R,36L,13440,150,Concrete,1,0,34.6825,-99.2738,34.6455,-99.2738,180
KLTY,07,25,4607,75,Asphalt,1,0,48.5203,-110.9940,48.5214,-110.9750,85
KLTY,16,34,1710,60,Grass,0,0,48.5206,-110.9870,48.5159,-110.9870,180
KLUD,17,35,4200,60,Asphalt,1,0,33.2600,-97.5814,33.2493,-97.5797,172
KLUF,03L,21R,10000,150,Asphalt,1,0,33.5230,-112.3990,33.5432,-112.3760,43
KLUF,03R,21L,9912,150,Concrete,1,0,33.5268,-112.3900,33.5469,-112.3680,43
KLUG,02,20,5001,100,Asphalt,1,0,35.5003,-86.8065,35.5135,-86.8013,18
KLUK,03L,21R,3802,100,Asphalt,1,0,39.0996,-84.4242,39.1092,-84.4190,23
KLUK,03R,21L,6101,150,Asphalt,1,0,39.0927,-84.4195,39.1084,-84.4118,21
KLUK,07,25,5127,100,Asphalt,1,0,39.1026,-84.4279,39.1092,-84.4120,62
KLUL,13,31,5513,150,Asphalt,1,0,31.6784,-89.1790,31.6677,-89.1665,135
KLUM,09,27,5074,75,Asphalt,1,0,44.8908,-91.8771,44.8907,-91.8575,91
KLUM,18,36,3470,75,Asphalt,1,0,44.8997,-91.8700,44.8902,-91.8707,183
KLUX,08,26,4051,75,Asphalt,1,0,34.5054,-81.9534,34.5087,-81.9410,68
KLVJ,14,32,4313,75,Asphalt,1,0,29.5261,-95.2461,29.5165,-95.2382,145
KLVJ,14L,32R,2800,90,Grass,0,1,29.5249,-95.2414,29.5186,-95.2363,145
KLVK,07L,25R,5253,100,Asphalt,1,0,37.6939,-121.8290,37.6938,-121.8110,91
KLVK,07R,25L,2699,75,Asphalt,0,0,37.6925,-121.8250,37.6925,-121.8160,91
KLVK,H1,,24,22,Asphalt,0,1,,,,,
KLVL,06,24,1890,70,Gravel,0,1,36.7688,-77.7978,36.7716,-77.7924,57
KLVL,18,36,3020,50,Asphalt,1,0,36.7787,-77.7945,36.7705,-77.7931,173
KLVM,04,22,5701,75,Asphalt,1,0,45.6933,-110.4550,45.7024,-110.4370,55
KLVM,08,26,3762,125,Grass,0,0,45.7016,-110.4570,45.7008,-110.4420,95
KLVM,13,31,2724,120,Grass,0,0,45.7033,-110.4540,45.6969,-110.4490,148
KLVN,12,30,4099,75,Asphalt,1,0,44.6304,-93.2351,44.6253,-93.2211,118
KLVS,02,20,5006,75,Asphalt,1,0,35.6483,-105.1470,35.6595,-105.1380,35
KLVS,14,32,8199,75,Asphalt,1,0,35.6643,-105.1490,35.6445,-105.1360,152
KLWA,05,23,4800,75,Asphalt,1,0,42.3479,-86.2600,42.3574,-86.2478,44
KLWA,14,32,3260,190,Grass,0,0,42.3522,-86.2627,42.3461,-86.2537,132
KLWB,04,22,7003,150,Asphalt,1,0,37.8505,-80.4065,37.8662,-80.3925,35
KLWC,01,19,3901,75,Concrete,1,0,39.0053,-95.2200,39.0154,-95.2155,19
KLWC,15,33,5701,100,Asphalt,1,0,39.0187,-95.2201,39.0047,-95.2111,153
KLWL,01,19,2681,140,Gravel,0,0,41.1164,-114.9240,41.1230,-114.9190,27
KLWL,09,27,5508,75,Asphalt,1,0,41.1173,-114.9320,41.1145,-114.9130,101
KLWM,05,23,5001,100,Asphalt,1,0,42.7109,-71.1289,42.7217,-71.1174,38
KLWM,14,32,3654,100,Asphalt,1,0,42.7212,-71.1300,42.7156,-71.1176,123
KLWS,08,26,6511,150,Asphalt,1,0,46.3738,-117.0280,46.3710,-117.0020,99
KLWS,12,30,5003,75,Asphalt,1,0,46.3818,-117.0240,46.3727,-117.0090,131
KLWT,03,21,5600,101,Asphalt,1,0,47.0404,-109.4810,47.0525,-109.4670,38
KLWT,08,26,6100,100,Asphalt,1,0,47.0530,-109.4700,47.0530,-109.4450,90
KLWT,13,31,4102,62,Asphalt,0,0,47.0518,-109.4760,47.0432,-109.4650,140
KLWV,04U,22U,1000,200,Turf,0,0,,,,,
KLWV,09,27,5198,100,Asphalt,1,0,38.7676,-87.6191,38.7678,-87.6009,89
KLWV,18,36,5199,100,Asphalt,1,0,38.7680,-87.6011,38.7537,-87.6010,180
KLXL,13,31,4010,75,Asphalt,1,0,45.9526,-94.3511,45.9455,-94.3391,131
KLXL,18,36,2858,60,Grass,0,0,45.9536,-94.3469,45.9453,-94.3472,181
KLXN,01,19,3200,250,Grass,0,0,40.7853,-99.7754,40.7936,-99.7718,18
KLXN,14,32,5489,100,Concrete,1,0,40.7970,-99.7832,40.7850,-99.7713,143
KLXT,11,29,4000,75,Concrete,1,0,,,,,113
KLXT,18,36,5501,100,Concrete,1,0,,,,,183
KLXV,16,34,6400,75,Asphalt,1,0,39.2281,-106.3180,39.2108,-106.3150,170
KLXY,18,36,5000,75,Asphalt,1,0,31.6453,-96.5137,31.6344,-96.5158,189
KLYH,04,22,7100,150,Asphalt,1,0,37.3179,-79.2059,37.3320,-79.1966,28
KLYH,17,35,3386,75,Asphalt,1,0,37.3341,-79.2009,37.3253,-79.1972,161
KLYO,14,32,1700,100,Grass,0,1,38.3453,-98.2287,38.3414,-98.2253,146
KLYO,17,35,4400,75,Concrete,1,0,38.3455,-98.2286,38.3373,-98.2285,180
KLYO,17L,35R,2550,150,Grass,0,1,38.3475,-98.2253,38.3406,-98.2253,180
KLYV,18,36,4200,75,Asphalt,0,0,43.6226,-96.2179,43.6111,-96.2175,
KLZD,13,31,2700,75,Asphalt,0,0,41.8216,-71.9053,41.8179,-71.8967,120
KLZU,07,25,6001,100,Asphalt,1,0,33.9744,-83.9712,33.9817,-83.9535,64
KLZZ,16,34,4202,75,Asphalt,1,0,31.1119,-98.1970,31.1005,-98.1948,171
KMAC,10,28,4694,100,Asphalt,1,0,32.8230,-83.5710,32.8216,-83.5558,102
KMAC,15,33,3614,75,Asphalt,0,1,32.8262,-83.5635,32.8178,-83.5571,147
KMAE,07,25,3702,150,Asphalt,0,0,36.9834,-120.1190,36.9834,-120.1070,90
KMAE,12,30,5545,150,Asphalt,1,0,36.9940,-120.1190,36.9832,-120.1060,135
KMAF,04,22,4605,75,Asphalt,1,0,31.9317,-102.2040,31.9392,-102.1920,54
KMAF,10,28,8302,150,Asphalt,1,0,31.9476,-102.2160,31.9385,-102.1920,114
KMAF,16L,34R,4247,100,Asphalt,1,0,31.9465,-102.1970,31.9346,-102.1970,177
KMAF,16R,34L,9501,150,Asphalt,1,0,31.9594,-102.2060,31.9334,-102.2030,175
KMAI,04,22,4996,300,Asphalt,0,1,30.8353,-85.1950,30.8458,-85.1847,40
KMAI,08,26,4763,100,Asphalt,0,0,30.8406,-85.1858,30.8425,-85.1704,82
KMAI,08L,26R,3117,150,Asphalt,0,1,30.8469,-85.1961,30.8481,-85.1864,82
KMAI,14,32,4992,150,Asphalt,0,1,30.8356,-85.1942,30.8250,-85.1839,140
KMAI,18,36,6001,100,Asphalt,1,0,30.8408,-85.1857,30.8273,-85.1857,180
KMAI,18R,36L,3120,150,Asphalt,0,1,30.8467,-85.1964,30.8381,-85.1961,179
KMAL,05,23,3994,100,Asphalt,1,0,44.8475,-74.3353,44.8561,-74.3258,38
KMAL,14,32,3250,75,Asphalt,1,0,44.8539,-74.3289,44.8483,-74.3189,128
KMAO,04,22,4505,100,Asphalt,1,0,34.1761,-79.3389,34.1863,-79.3305,35
KMAW,04,22,5001,150,Asphalt,0,1,36.6005,-89.9976,36.6101,-89.9854,46
KMAW,14,32,5001,80,Asphalt,1,0,36.6008,-89.9976,36.5909,-89.9857,136
KMAW,18,36,5010,100,Asphalt,1,0,36.6074,-89.9934,36.5937,-89.9936,181
KMBG,12,30,4410,75,Asphalt,1,0,45.5501,-100.4150,45.5429,-100.4010,127
KMBG,17,35,2387,250,Grass,0,0,45.5494,-100.4030,45.5428,-100.4030,180
KMBL,01,19,2721,75,Asphalt,1,0,,,,,1
KMBL,10,28,5501,100,Asphalt,1,0,44.2728,-86.2548,44.2724,-86.2338,91
KMBO,17,35,4444,75,Asphalt,1,0,32.4448,-90.1037,32.4326,-90.1025,175
KMBS,05,23,8002,150,Asphalt,1,0,43.5268,-84.0892,43.5422,-84.0676,46
KMBS,14,32,6399,150,Asphalt,1,0,43.5372,-84.0895,43.5247,-84.0726,136
KMBT,18,36,4750,100,Asphalt,1,0,35.8828,-86.3773,35.8721,-86.3778,183
KMBY,05,23,3350,60,Asphalt,1,0,39.4620,-92.4325,39.4675,-92.4230,53
KMBY,13,31,5000,75,Asphalt,1,0,39.4669,-92.4323,39.4594,-92.4206,130
KMCB,16,34,5000,100,Asphalt,1,0,31.1847,-90.4752,31.1722,-90.4686,156
KMCC,16,34,10599,150,Concrete,1,0,38.6822,-121.4010,38.6531,-121.4010,180
KMCD,08,26,3501,75,Asphalt,1,0,45.8637,-84.6440,45.8662,-84.6307,75
KMCE,12,30,5914,150,Asphalt,1,0,37.2908,-120.5210,37.2787,-120.5070,139
KMCF,04,22,11421,151,Asphalt,1,0,27.8374,-82.5327,27.8613,-82.5097,41
KMCI,01L,19R,10801,150,Concrete,1,0,39.2933,-94.7293,39.3222,-94.7208,13
KMCI,01R,19L,9500,150,Concrete,1,0,39.2815,-94.7090,39.3069,-94.7015,13
KMCI,09,27,9501,150,Asphalt,1,0,39.2909,-94.7266,39.2881,-94.6932,96
KMCK,04,22,4000,75,Concrete,0,0,40.2028,-100.6000,40.2104,-100.5890,46
KMCK,12,30,6450,100,Concrete,1,0,40.2125,-100.5990,40.2008,-100.5820,132
KMCK,17,35,1330,160,Grass,0,0,40.2055,-100.5920,40.2018,-100.5920,182
KMCN,05,23,6500,150,Asphalt,1,0,32.6860,-83.6606,32.6980,-83.6449,48
KMCN,14,32,5000,150,Asphalt,1,0,32.6984,-83.6508,32.6895,-83.6383,130
KMCO,17L,35R,9001,150,Asphalt,1,0,28.4437,-81.2826,28.4189,-81.2823,180
KMCO,17R,35L,10000,150,Concrete,1,0,28.4356,-81.2959,28.4081,-81.2956,179
KMCO,18L,36R,12005,200,Permeable,1,0,28.4483,-81.3223,28.4153,-81.3220,179
KMCO,18R,36L,12004,200,Concrete,1,0,28.4483,-81.3270,28.4153,-81.3266,179
KMCW,12,30,5502,150,Asphalt,1,0,43.1598,-93.3439,43.1512,-93.3270,125
KMCW,18,36,6501,150,Asphalt,1,0,43.1686,-93.3277,43.1508,-93.3277,180
KMCX,18,36,5001,75,Asphalt,1,0,40.7143,-86.7669,40.7033,-86.7666,179
KMCZ,03,21,5000,75,Asphalt,1,0,35.8559,-77.1816,35.8685,-77.1748,24
KMDA,13,31,3000,700,Asphalt,0,1,29.4349,-98.3826,29.4292,-98.3758,134
KMDA,18,36,1600,75,Concrete,0,0,,,,,180
KMDD,07,25,5571,75,Asphalt,1,0,32.0373,-102.1090,32.0409,-102.0930,75
KMDD,16,34,3977,75,Asphalt,1,0,32.0385,-102.1030,32.0280,-102.0990,165
KMDF,17,35,3500,60,Asphalt,1,0,36.4896,-99.1942,36.4800,-99.1942,180
KMDH,06,24,4163,100,Asphalt,1,0,37.7755,-89.2588,37.7811,-89.2462,61
KMDH,18L,36R,6506,100,Asphalt,1,0,37.7905,-89.2479,37.7727,-89.2484,181
KMDH,18R,36L,3498,60,Asphalt,1,0,37.7797,-89.2585,37.7701,-89.2587,181
KMDQ,18,36,6500,100,Asphalt,1,0,34.8683,-86.5573,34.8545,-86.5576,181
KMDS,03,21,2380,200,Grass,0,0,44.0115,-97.0873,44.0175,-97.0817,34
KMDS,15,33,5000,75,Asphalt,1,0,44.0229,-97.0909,44.0106,-97.0825,154
KMDT,13,31,10001,200,Asphalt,1,0,40.1994,-76.7786,40.1870,-76.7466,117
KMDW,04L,22R,5507,150,Asphalt,1,0,41.7814,-87.7612,41.7923,-87.7473,43
KMDW,04R,22L,6445,150,Permeable,1,0,41.7792,-87.7593,41.7920,-87.7431,43
KMDW,13L,31R,6522,150,Concrete,1,0,41.7916,-87.7611,41.7792,-87.7437,134
KMDW,13LC,31RC,5141,150,Asphalt,1,1,41.7923,-87.7579,41.7826,-87.7443,134
KMDW,13R,31L,3859,60,Concrete,1,0,41.7881,-87.7588,41.7808,-87.7486,134
KMDZ,09,27,6000,100,Asphalt,1,0,45.1031,-90.3102,45.1033,-90.2908,89
KMDZ,16,34,4435,75,Asphalt,1,0,45.1034,-90.3101,45.0931,-90.3036,156
KMEB,05,23,6503,100,Concrete,1,0,34.7904,-79.3720,34.8028,-79.3565,46
KMEB,13,31,3536,75,Concrete,1,0,34.7876,-79.3731,34.7803,-79.3643,135
KMEI,01,19,10003,150,Asphalt,1,0,32.3177,-88.7564,32.3448,-88.7512,9
KMEI,04,22,5052,150,Asphalt,1,0,32.3310,-88.7529,32.3401,-88.7425,44
KMEJ,08,26,2085,85,Grass,0,0,37.2818,-100.3620,37.2818,-100.3540,90
KMEJ,17,35,4800,75,Concrete,1,0,37.2839,-100.3560,37.2707,-100.3550,176
KMEM,09,27,8946,150,Asphalt,1,0,35.0586,-89.9857,35.0578,-89.9559,92
KMEM,18C,36C,11120,150,Concrete,1,0,35.0546,-89.9762,35.0241,-89.9755,179
KMEM,18L,36R,9000,150,Concrete,1,0,35.0488,-89.9730,35.0241,-89.9724,179
KMEM,18R,36L,9320,150,Concrete,1,0,35.0495,-89.9874,35.0239,-89.9869,179
KMER,13,31,11802,150,Permeable,1,0,37.3931,-120.5810,37.3679,-120.5550,141
KMEV,12,30,5299,75,Asphalt,0,0,39.0055,-119.7590,38.9952,-119.7450,135
KMEV,12G,30G,2050,60,Dirt,0,0,,,,,
KMEV,16,34,7399,100,Asphalt,1,0,39.0115,-119.7520,38.9912,-119.7520,180
KMEY,02,20,2801,60,Concrete,1,0,42.1748,-95.7958,42.1818,-95.7915,24
KMEZ,09,27,5485,100,Asphalt,1,0,34.5430,-94.2081,34.5424,-94.1882,91
KMEZ,17,35,5001,75,Asphalt,1,0,34.5555,-94.2090,34.5418,-94.2071,174
KMFD,05,23,6819,150,Asphalt,1,0,40.8115,-82.5248,40.8243,-82.5069,47
KMFD,14,32,9001,150,Asphalt,1,0,40.8331,-82.5283,40.8150,-82.5061,137
KMFE,13,31,7120,150,Asphalt,1,0,26.1829,-98.2463,26.1678,-98.2325,141
KMFE,18,36,2639,60,Asphalt,1,0,26.1807,-98.2357,26.1735,-98.2370,189
KMFI,04,22,3600,100,Asphalt,1,0,44.6320,-90.1925,44.6388,-90.1824,47
KMFI,16,34,5003,100,Asphalt,1,0,44.6443,-90.1941,44.6316,-90.1871,159
KMFR,09,27,3136,100,Asphalt,1,1,42.3739,-122.8790,42.3705,-122.8690,113
KMFR,14,32,8800,150,Asphalt,1,0,42.3862,-122.8792,42.3637,-122.8674,159
KMFV,03,21,5000,100,Asphalt,1,0,37.6406,-75.7644,37.6532,-75.7577,23
KMGC,02,20,4099,75,Asphalt,1,0,41.6980,-86.8239,41.7086,-86.8186,20
KMGE,11,29,10002,300,Concrete,1,0,33.9191,-84.5322,33.9114,-84.5005,106
KMGE,110,290,3495,60,Asphalt,0,0,,,,,
KMGG,04W,22W,8000,2000,Water,0,0,,,,,
KMGG,10,28,2796,60,Asphalt,0,0,45.2368,-93.9909,45.2352,-93.9803,102
KMGJ,04,22,5006,100,Permeable,1,0,41.5080,-74.2682,41.5208,-74.2613,22
KMGJ,08,26,3664,100,Asphalt,1,0,41.5063,-74.2681,41.5103,-74.2558,66
KMGM,03,21,4011,150,Asphalt,1,0,32.2950,-86.3941,32.3042,-86.3871,33
KMGM,10,28,9020,150,Asphalt,1,0,32.3024,-86.4100,32.2998,-86.3810,96
KMGN,10,28,4149,75,Asphalt,1,0,45.4261,-84.9217,45.4249,-84.9056,96
KMGR,04,22,6000,100,Asphalt,1,0,31.0805,-83.8095,31.0915,-83.7992,39
KMGR,16,34,3878,75,Asphalt,0,0,31.0885,-83.8040,31.0785,-83.7996,159
KMGW,05,23,2769,75,Asphalt,1,1,39.6389,-79.9175,39.6443,-79.9105,45
KMGW,18,36,5199,150,Asphalt,1,0,39.6507,-79.9188,39.6365,-79.9163,172
KMGW,5,23,2769,75,Asphalt,0,1,,,,,45
KMGY,02,20,5000,100,Asphalt,1,0,39.5826,-84.2282,39.5953,-84.2215,22
KMHE,13,31,6701,100,Asphalt,1,0,43.7809,-98.0515,43.7681,-98.0334,134
KMHE,18,36,5513,100,Asphalt,1,0,43.7828,-98.0340,43.7676,-98.0339,180
KMHK,03,21,7400,150,Concrete,1,0,39.1324,-96.6793,39.1471,-96.6635,40
KMHK,13,31,5001,75,Permeable,1,0,39.1473,-96.6739,39.1390,-96.6657,142
KMHL,09,27,3303,150,Gravel,0,0,39.0966,-93.2129,39.0957,-93.2005,95
KMHL,18,36,5005,75,Asphalt,1,0,39.1019,-93.2003,39.0890,-93.2006,181
KMHP,10,28,5001,75,Asphalt,1,0,32.3741,-82.0850,32.3737,-82.0733,93
KMHR,04L,22R,6081,150,Asphalt,0,0,38.5530,-121.3050,38.5627,-121.2880,54
KMHR,04R,22L,11301,150,Concrete,1,0,38.5447,-121.3140,38.5631,-121.2820,54
KMHT,06,24,7651,150,Asphalt,1,0,42.9289,-71.4483,42.9428,-71.4310,42
KMHT,17,35,9250,150,Asphalt,1,0,42.9418,-71.4396,42.9185,-71.4258,157
KMHV,04,22,4747,60,Asphalt,0,0,35.0596,-118.1640,35.0677,-118.1520,52
KMHV,08,26,7049,100,Asphalt,1,0,35.0592,-118.1660,35.0592,-118.1430,90
KMHV,12,30,12503,200,Permeable,1,0,35.0672,-118.1580,35.0487,-118.1360,135
KMIA,08L,26R,8600,150,Asphalt,1,0,25.8029,-80.3015,25.8040,-80.2754,87
KMIA,08R,26L,10506,200,Asphalt,1,0,25.8007,-80.3014,25.8020,-80.2695,87
KMIA,09,27,13016,150,Asphalt,1,0,25.7861,-80.3148,25.7877,-80.2754,87
KMIA,12,30,9360,150,Asphalt,1,0,25.7993,-80.3023,25.7866,-80.2775,119
KMIB,11,29,13197,300,Concrete,1,0,48.4262,-101.3800,48.4054,-101.3360,125
KMIC,06L,24R,2500,75,Asphalt,1,0,45.0613,-93.3588,45.0654,-93.3510,53
KMIC,06R,24L,1669,137,Grass,0,0,,,,,53
KMIC,14,32,3751,75,Asphalt,1,0,45.0650,-93.3569,45.0580,-93.3490,141
KMIC,14R,32L,3266,75,Asphalt,0,1,45.0645,-93.3578,45.0575,-93.3499,142
KMIE,03,21,5198,100,Asphalt,1,0,40.2357,-85.3983,40.2490,-85.3934,16
KMIE,14,32,6500,150,Asphalt,1,0,40.2487,-85.4059,40.2358,-85.3898,136
KMIO,17,35,5020,100,Asphalt,1,0,36.9161,-94.8874,36.9023,-94.8876,180
KMIT,12,30,4501,100,Asphalt,1,0,35.5107,-119.2010,35.5022,-119.1900,133
KMIT,17,35,2972,100,Concrete,0,0,35.5093,-119.1860,35.5011,-119.1860,180
KMIV,10,28,6003,150,Asphalt,1,0,39.3670,-75.0824,39.3670,-75.0612,90
KMIV,14,32,5058,150,Concrete,1,0,39.3736,-75.0790,39.3638,-75.0664,135
KMIW,13,31,5007,100,Asphalt,1,0,42.1170,-92.9240,42.1087,-92.9093,127
KMIW,18,36,2759,50,Asphalt,1,0,42.1163,-92.9195,42.1086,-92.9201,184
KMJD,18,36,5000,75,Asphalt,1,0,30.4944,-89.6512,30.4806,-89.6512,180
KMJQ,04,22,2282,300,Grass,0,0,43.6472,-94.9888,43.6513,-94.9825,48
KMJQ,13,31,3591,75,Asphalt,1,0,43.6542,-94.9916,43.6469,-94.9826,139
KMJX,06,24,5950,100,Asphalt,1,0,39.9222,-74.3005,39.9328,-74.2843,50
KMJX,14,32,3599,75,Asphalt,0,0,39.9267,-74.3058,39.9206,-74.2957,128
KMKA,15,33,3601,60,Asphalt,1,0,44.5298,-98.9607,44.5207,-98.9555,158
KMKC,01,19,6827,150,Concrete,1,0,39.1150,-94.5953,39.1337,-94.5899,13
KMKC,04,22,5050,100,Asphalt,1,0,39.1163,-94.5985,39.1272,-94.5874,38
KMKE,01L,19R,9990,200,Permeable,1,0,42.9313,-87.8975,42.9577,-87.8930,7
KMKE,01R,19L,4182,150,Asphalt,1,0,42.9394,-87.8924,42.9508,-87.8904,7
KMKE,07L,25R,4797,100,Asphalt,1,0,42.9527,-87.9053,42.9569,-87.8883,71
KMKE,07R,25L,8300,150,Permeable,1,0,42.9395,-87.9158,42.9465,-87.8874,72
KMKE,13,31,5537,150,Asphalt,1,0,42.9581,-87.9034,42.9473,-87.8872,132
KMKG,06,24,6500,150,Asphalt,1,0,43.1616,-86.2509,43.1715,-86.2306,56
KMKG,14,32,6100,150,Asphalt,1,0,43.1769,-86.2399,43.1668,-86.2272,137
KMKJ,08,26,5252,75,Asphalt,1,0,36.8928,-81.3585,36.8969,-81.3413,73
KMKL,02,20,6005,150,Asphalt,1,0,35.5905,-88.9197,35.6057,-88.9121,22
KMKL,11,29,3539,100,Asphalt,1,0,35.6048,-88.9206,35.6011,-88.9096,112
KMKN,17,35,4497,75,Asphalt,1,0,31.9242,-98.6003,31.9117,-98.6003,180
KMKO,04,22,4498,75,Asphalt,0,0,35.6570,-95.3711,35.6655,-95.3601,47
KMKO,13,31,7202,150,Concrete,1,0,35.6607,-95.3667,35.6464,-95.3500,137
KMKO,18,36,1904,60,Asphalt,0,0,35.6659,-95.3625,35.6607,-95.3625,180
KMKS,05,23,5001,75,Asphalt,1,0,33.1811,-80.0411,33.1899,-80.0314,43
KMKT,04,22,4000,75,Asphalt,1,0,44.2154,-93.9250,44.2228,-93.9138,47
KMKT,15,33,6600,100,Asphalt,1,0,44.2302,-93.9227,44.2169,-93.9139,155
KMKV,04,22,3799,75,Asphalt,1,0,31.0906,-92.0728,31.0989,-92.0656,37
KMKY,17,35,5000,100,Asphalt,1,0,26.0018,-81.6741,25.9883,-81.6709,168
KMLB,05,23,3001,75,Asphalt,1,0,28.0959,-80.6374,28.1020,-80.6311,42
KMLB,09L,27R,6000,150,Asphalt,1,0,28.1054,-80.6599,28.1063,-80.6413,87
KMLB,09R,27L,10181,150,Asphalt,1,0,28.1013,-80.6611,28.1028,-80.6296,87
KMLC,02,20,5602,100,Concrete,0,0,34.8752,-95.7867,34.8896,-95.7802,20
KMLD,08,26,3918,75,Turf,0,0,,,,,
KMLD,17,35,4946,60,Asphalt,1,0,42.1733,-112.2970,42.1597,-112.2970,180
KMLE,12,30,3801,75,Concrete,1,0,41.1993,-96.1176,41.1927,-96.1069,129
KMLF,16,34,5004,75,Asphalt,1,0,38.4334,-113.0130,38.4197,-113.0130,180
KMLI,05,23,3514,150,Asphalt,1,0,41.4432,-90.5132,41.4515,-90.5009,49
KMLI,09,27,10002,150,Permeable,1,0,41.4491,-90.5270,41.4486,-90.4906,91
KMLI,13,31,7301,150,Permeable,1,0,41.4550,-90.5154,41.4430,-90.4952,128
KMLJ,10,28,5506,100,Asphalt,1,0,33.1543,-83.2503,33.1540,-83.2324,91
KMLS,04,22,5764,75,Asphalt,1,0,46.4217,-105.8970,46.4313,-105.8790,52
KMLS,13,31,5624,100,Asphalt,1,0,46.4349,-105.8930,46.4240,-105.8770,135
KMLT,11,29,4713,99,Asphalt,1,0,45.6494,-68.6928,45.6493,-68.6744,90
KMLT,16,34,4000,100,Asphalt,0,0,45.6502,-68.6930,45.6419,-68.6827,139
KMLU,04,22,7504,150,Permeable,1,0,32.5037,-92.0455,32.5183,-92.0283,45
KMLU,14,32,6301,150,Asphalt,1,0,32.5164,-92.0415,32.5058,-92.0311,140
KMLU,18,36,5001,150,Asphalt,0,1,32.5168,-92.0398,32.5031,-92.0398,180
KMMH,09,27,7000,100,Asphalt,1,0,37.6272,-118.8500,37.6209,-118.8270,109
KMMI,02,20,6450,100,Asphalt,1,0,35.3908,-84.5653,35.4038,-84.5599,19
KMMK,18,36,3100,75,Asphalt,1,0,41.5128,-72.8313,41.5047,-72.8277,162
KMML,02,20,3999,75,Asphalt,1,0,44.4460,-95.8225,44.4557,-95.8153,28
KMML,12,30,7221,100,Asphalt,1,0,44.4547,-95.8316,44.4459,-95.8169,130
KMMS,02,20,3346,70,Asphalt,1,0,34.2271,-90.2912,34.2359,-90.2879,17
KMMT,05,23,2030,90,Asphalt,1,0,33.9272,-80.8061,33.9311,-80.8015,45
KMMT,14,32,9012,150,Permeable,1,0,33.9274,-80.8113,33.9102,-80.7899,134
KMMT,18,36,4500,150,Concrete,0,1,33.9305,-80.7956,33.9182,-80.7960,182
KMMU,05,23,5998,150,Asphalt,1,0,40.7931,-74.4192,40.8064,-74.4065,36
KMMU,13,31,3997,150,Asphalt,1,0,40.8009,-74.4245,40.7965,-74.4113,114
KMMV,04,22,5420,100,Asphalt,1,0,45.1918,-123.1480,45.1998,-123.1310,57
KMMV,17,35,4340,75,Asphalt,0,0,45.1993,-123.1310,45.1865,-123.1330,186
KMNF,10,28,5005,75,Asphalt,1,0,36.9939,-91.7229,36.9917,-91.7060,99
KMNI,02,20,3602,75,Asphalt,1,0,33.5823,-80.2099,33.5919,-80.2074,12
KMNM,03,21,6001,100,Asphalt,1,0,45.1232,-87.6444,45.1373,-87.6325,31
KMNM,14,32,5101,100,Asphalt,1,0,45.1278,-87.6450,45.1171,-87.6323,140
KMNN,07,25,5000,100,Asphalt,1,0,40.6114,-83.0713,40.6183,-83.0557,60
KMNN,13,31,3498,100,Asphalt,1,0,40.6207,-83.0688,40.6159,-83.0579,120
KMNV,05,23,3643,75,Asphalt,1,0,35.5418,-84.3844,35.5488,-84.3762,44
KMNZ,18,36,5012,75,Asphalt,1,0,31.6727,-98.1474,31.6591,-98.1499,189
KMOB,15,33,8502,150,Asphalt,1,0,30.7023,-88.2540,30.6833,-88.2381,144
KMOB,18,36,4376,150,Asphalt,1,0,30.6946,-88.2365,30.6826,-88.2365,180
KMOD,10L,28R,5904,150,Asphalt,1,0,37.6297,-120.9600,37.6206,-120.9430,124
KMOD,10R,28L,3464,100,Asphalt,1,0,37.6295,-120.9640,37.6242,-120.9540,124
KMOP,05,23,2502,160,Grass,0,0,43.6203,-84.7467,43.6240,-84.7387,57
KMOP,09,27,5000,100,Asphalt,1,0,43.6215,-84.7443,43.6213,-84.7254,91
KMOR,05,23,5718,100,Asphalt,1,0,36.1742,-83.3829,36.1844,-83.3682,49
KMOT,08,26,6348,100,Asphalt,1,0,48.2580,-101.2910,48.2580,-101.2650,90
KMOT,13,31,7700,150,Concrete,1,0,48.2653,-101.2890,48.2495,-101.2680,138
KMOX,04,22,2640,150,Grass,0,0,45.5657,-95.9728,45.5705,-95.9651,49
KMOX,14,32,4899,75,Asphalt,1,0,45.5690,-95.9706,45.5601,-95.9615,144
KMPE,18,36,5001,75,Asphalt,1,0,32.8063,-89.1252,32.7926,-89.1267,185
KMPG,06,24,3301,60,Asphalt,1,0,39.8780,-80.7404,39.8836,-80.7312,52
KMPI,08,26,3305,60,Asphalt,1,0,37.5116,-120.0450,37.5101,-120.0340,100
KMPJ,03,21,5852,75,Asphalt,0,0,35.1318,-92.9139,35.1459,-92.9044,29
KMPO,05,23,3999,100,Asphalt,1,0,41.1340,-75.3815,41.1428,-75.3729,37
KMPO,13,31,5001,75,Asphalt,1,0,41.1388,-75.3871,41.1342,-75.3741,115
KMPR,08,26,2502,75,Grass,0,0,38.3549,-97.6988,38.3550,-97.6900,90
KMPR,18,36,5503,100,Concrete,1,0,38.3588,-97.6890,38.3438,-97.6909,186
KMPV,05,23,3001,75,Asphalt,0,0,44.2025,-72.5653,44.2118,-72.5571,32
KMPV,17,35,5000,100,Asphalt,1,0,44.2066,-72.5678,44.1945,-72.5587,152
KMPZ,03,21,1967,120,Grass,0,0,40.9452,-91.5135,40.9499,-91.5098,31
KMPZ,15,33,4001,75,Asphalt,1,0,40.9510,-91.5141,40.9413,-91.5074,153
KMQB,09,27,5100,100,Asphalt,1,0,40.5197,-90.6610,40.5197,-90.6427,90
KMQB,18,36,3719,190,Grass,0,1,40.5257,-90.6531,40.5155,-90.6531,180
KMQI,05,23,4306,100,Asphalt,1,0,35.9140,-75.7008,35.9233,-75.6918,38
KMQI,17,35,3303,75,Asphalt,1,0,35.9237,-75.6967,35.9153,-75.6925,158
KMQJ,07,25,6005,100,Concrete,1,0,39.8371,-85.9095,39.8422,-85.8911,70
KMQJ,16,34,3902,75,Concrete,1,0,39.8539,-85.8949,39.8439,-85.8901,160
KMQS,11,29,5400,100,Asphalt,1,0,39.9805,-75.8749,39.9775,-75.8560,102
KMQW,03,21,5001,75,Asphalt,1,0,32.0907,-82.8825,32.1009,-82.8775,23
KMQY,01,19,5546,100,Asphalt,1,0,36.0006,-86.5211,36.0158,-86.5198,4
KMQY,14,32,8038,150,Asphalt,1,0,36.0178,-86.5287,36.0011,-86.5109,139
KMRB,08,26,8815,150,Asphalt,1,0,39.3984,-77.9977,39.4055,-77.9716,71
KMRB,17,35,5001,150,Asphalt,1,1,39.4079,-77.9893,39.3950,-77.9834,161
KMRC,06,24,6000,100,Asphalt,1,0,35.5503,-87.1871,35.5601,-87.1709,54
KMRC,17,35,1941,95,Grass,0,0,35.5552,-87.1786,35.5498,-87.1774,170
KMRF,04,22,5309,75,Asphalt,0,0,30.3657,-104.0200,30.3760,-104.0080,45
KMRF,09,27,2825,60,,0,0,30.3696,-104.0260,30.3696,-104.0170,90
KMRF,13,31,6203,75,Asphalt,1,0,30.3781,-104.0250,30.3659,-104.0120,135
KMRH,03,21,4192,150,Asphalt,1,0,34.7275,-76.6619,34.7379,-76.6560,25
KMRH,08,26,5004,100,Asphalt,1,0,34.7332,-76.6688,34.7376,-76.6556,68
KMRH,14,32,4001,100,Asphalt,0,0,34.7362,-76.6655,34.7288,-76.6557,133
KMRJ,04,22,3600,60,Asphalt,1,0,42.8816,-90.2361,42.8891,-90.2274,41
KMRJ,11,29,5001,75,Asphalt,1,0,42.8903,-90.2482,42.8855,-90.2307,111
KMRN,03,21,5500,75,Asphalt,1,0,35.8133,-81.6151,35.8272,-81.6077,24
KMRT,09,27,4218,75,Asphalt,1,0,40.2240,-83.3591,40.2254,-83.3441,83
KMRY,10L,28R,3503,60,Asphalt,1,0,36.5886,-121.8450,36.5849,-121.8340,113
KMRY,10R,28L,7175,150,Asphalt,1,0,36.5912,-121.8570,36.5831,-121.8330,113
KMSL,11,29,6693,150,Asphalt,1,0,34.7490,-87.6170,34.7415,-87.5967,114
KMSL,18,36,4000,100,Asphalt,1,0,34.7509,-87.6157,34.7399,-87.6161,181
KMSN,03,21,7200,150,Concrete,1,0,43.1332,-89.3418,43.1505,-89.3287,29
KMSN,14,32,5846,150,Concrete,1,0,43.1479,-89.3416,43.1363,-89.3265,137
KMSN,18,36,9006,150,Concrete,1,0,43.1491,-89.3410,43.1244,-89.3422,182
KMSO,08,26,4612,75,Asphalt,0,1,46.9160,-114.0970,46.9162,-114.0780,89
KMSO,12,30,9501,150,Asphalt,1,0,46.9248,-114.1070,46.9079,-114.0780,130
KMSP,04,22,11006,150,Concrete,1,0,44.8723,-93.2383,44.8936,-93.2083,45
KMSP,12L,30R,8200,150,Permeable,1,0,44.8929,-93.2210,44.8813,-93.1940,121
KMSP,12R,30L,10000,200,Permeable,1,0,44.8878,-93.2341,44.8735,-93.2012,121
KMSP,17,35,8000,150,Concrete,1,0,44.8878,-93.2422,44.8662,-93.2366,170
KMSS,05,23,5601,100,Asphalt,1,0,44.9300,-74.8494,44.9418,-74.8394,31
KMSS,09,27,4000,100,Asphalt,1,0,44.9344,-74.8545,44.9370,-74.8395,76
KMSV,15,33,6298,150,Asphalt,1,0,41.7085,-74.8020,41.6948,-74.7881,143
KMSY,02,20,7002,150,Asphalt,1,0,29.9845,-90.2514,30.0031,-90.2455,15
KMSY,06,24,3570,150,Asphalt,1,1,29.9918,-90.2572,29.9967,-90.2475,60
KMSY,11,29,10104,150,Permeable,1,0,29.9966,-90.2817,29.9892,-90.2510,106
KMTC,01,19,9000,150,Permeable,1,0,42.6015,-82.8373,42.6262,-82.8365,2
KMTH,07,25,5008,100,Asphalt,1,0,24.7235,-81.0583,24.7288,-81.0444,67
KMTJ,13,31,7510,100,Asphalt,1,0,38.5092,-107.9050,38.4936,-107.8880,139
KMTJ,17,35,10000,150,Asphalt,1,0,38.5298,-107.8930,38.5024,-107.8930,180
KMTN,15,33,6999,150,Concrete,1,0,39.3325,-76.4225,39.3188,-76.4051,135
KMTO,06,24,5799,100,Asphalt,1,0,39.4741,-88.2883,39.4821,-88.2705,60
KMTO,11,29,6501,150,Concrete,1,0,39.4813,-88.2897,39.4743,-88.2685,113
KMTO,18,36,1098,250,Grass,0,0,39.4801,-88.2885,39.4760,-88.2881,176
KMTP,06,24,3246,75,Asphalt,1,0,41.0732,-71.9254,41.0797,-71.9162,47
KMTV,13,31,5002,100,Asphalt,1,0,36.6340,-80.0258,36.6275,-80.0108,118
KMTW,07,25,3341,100,Asphalt,1,0,44.1292,-87.6843,44.1323,-87.6723,70
KMTW,17,35,5001,100,Asphalt,1,0,44.1342,-87.6838,44.1207,-87.6805,170
KMUI,07,25,3981,98,Asphalt,1,0,40.4325,-76.5751,40.4380,-76.5628,60
KMUI,H1,,100,100,Concrete,0,0,,,,,
KMUI,H2,,100,100,Concrete,0,0,,,,,
KMUI,H3,,100,100,Concrete,0,0,,,,,
KMUL,04,22,5000,300,Concrete,0,1,31.1336,-83.7190,31.1433,-83.7077,45
KMUL,14,32,4500,75,Concrete,0,0,31.1421,-83.7091,31.1333,-83.6990,135
KMUL,18,36,2900,300,Concrete,0,1,31.1373,-83.6990,31.1293,-83.6990,180
KMUO,07,25,10000,500,Asphalt,0,1,43.0344,-115.8850,43.0344,-115.8480,90
KMUO,12,30,13510,200,Permeable,1,0,43.0566,-115.8900,43.0304,-115.8550,135
KMUT,06,24,5500,100,Concrete,1,0,41.3623,-91.1544,41.3702,-91.1374,58
KMUT,12,30,4000,75,Concrete,1,0,41.3733,-91.1574,41.3670,-91.1455,125
KMVC,03,21,6028,100,Asphalt,1,0,31.4508,-87.3558,31.4652,-87.3463,30
KMVE,03,21,2361,165,Grass,0,0,44.9678,-95.7140,44.9729,-95.7081,40
KMVE,14,32,3999,75,Asphalt,1,0,44.9726,-95.7144,44.9639,-95.7051,143
KMVI,02,20,5902,60,Asphalt,1,0,37.5202,-106.0530,37.5344,-106.0430,29
KMVI,10,28,2100,50,Gravel,0,0,37.5304,-106.0470,37.5281,-106.0420,118
KMVI,16,34,2300,30,Gravel,0,0,37.5347,-106.0430,37.5281,-106.0420,172
KMVL,01,19,4200,75,Asphalt,1,0,44.5295,-72.6138,44.5397,-72.6142,358
KMVM,18,36,2880,60,Asphalt,1,0,44.7068,-67.4808,44.6994,-67.4764,157
KMVN,05,23,6496,150,Asphalt,1,0,38.3178,-88.8668,38.3293,-88.8494,50
KMVN,15,33,3146,100,Asphalt,1,0,38.3267,-88.8621,38.3192,-88.8566,150
KMVY,01,19,3177,75,Asphalt,0,1,41.3876,-70.6179,41.3963,-70.6188,356
KMVY,06,24,5504,100,Asphalt,1,0,41.3860,-70.6201,41.3975,-70.6070,41
KMVY,15,33,3327,75,Asphalt,1,0,41.3981,-70.6202,41.3922,-70.6111,131
KMWA,02,20,8012,150,Asphalt,1,0,37.7484,-89.0180,37.7687,-89.0074,23
KMWA,11,29,4997,100,Asphalt,1,0,37.7513,-89.0168,37.7471,-89.0003,108
KMWC,04L,22R,3203,75,Asphalt,1,0,43.1071,-88.0381,43.1142,-88.0310,36
KMWC,04R,22L,2840,270,Grass,0,0,43.1064,-88.0361,43.1127,-88.0297,36
KMWC,15L,33R,4107,75,Asphalt,1,0,43.1158,-88.0386,43.1065,-88.0299,146
KMWC,15R,33L,3231,270,Grass,0,0,43.1135,-88.0392,43.1062,-88.0323,145
KMWH,04,22,10000,100,Permeable,1,0,47.1967,-119.3330,47.2128,-119.3000,54
KMWH,09,27,3500,90,Concrete,0,0,47.2177,-119.3170,47.2147,-119.3040,108
KMWH,14L,32R,13503,200,Permeable,1,0,47.2257,-119.3260,47.1904,-119.3090,162
KMWH,14R,32L,2936,75,Concrete,0,0,47.2240,-119.3300,47.2163,-119.3260,162
KMWH,18,36,3327,75,Asphalt,1,0,47.2083,-119.3300,47.1996,-119.3340,198
KMWK,18,36,5500,75,Asphalt,1,0,36.4656,-80.5538,36.4539,-80.5521,173
KMWL,13,31,5996,100,Asphalt,1,0,32.7874,-98.0643,32.7756,-98.0506,136
KMWL,17,35,4188,100,Asphalt,1,0,32.7875,-98.0640,32.7759,-98.0641,181
KMWM,17,35,3598,75,Asphalt,1,0,43.9183,-95.1094,43.9085,-95.1094,180
KMWO,05,23,6100,100,Asphalt,1,0,39.5256,-84.4035,39.5365,-84.3871,49
KMWO,08,26,3026,160,Gravel,0,0,39.5330,-84.4042,39.5337,-84.3937,85
KMXA,18,36,4201,75,Asphalt,1,0,35.9002,-90.1545,35.8887,-90.1546,180
KMXF,009,189,3015,60,Asphalt,0,0,32.3814,-86.3639,32.3897,-86.3648,7
KMXF,15,33,8008,150,Asphalt,1,0,32.3914,-86.3731,32.3726,-86.3595,148
KMXO,09,27,2300,90,Grass,0,0,42.2189,-91.1659,42.2189,-91.1575,90
KMXO,15,33,4400,75,Concrete,1,0,42.2265,-91.1677,42.2157,-91.1606,154
KMYF,05,23,3400,75,Asphalt,0,0,32.8149,-117.1460,32.8188,-117.1360,65
KMYF,10L,28R,4598,150,Asphalt,1,0,32.8182,-117.1447,32.8128,-117.1311,115
KMYF,10R,28L,3401,60,Asphalt,1,0,32.8169,-117.1454,32.8130,-117.1354,115
KMYJ,06,24,5501,100,Concrete,1,0,39.1543,-91.8255,39.1605,-91.8079,66
KMYJ,18,36,3200,50,Permeable,1,0,39.1621,-91.8208,39.1533,-91.8211,182
KMYL,16,34,6101,75,Asphalt,1,0,44.8981,-116.1020,44.8813,-116.1010,179
KMYR,18,36,9503,150,Asphalt,1,0,33.6925,-78.9315,33.6670,-78.9251,168
KMYV,05,23,3314,60,Asphalt,0,0,39.0968,-121.5740,39.1004,-121.5630,67
KMYV,14,32,6007,150,Asphalt,1,0,39.1049,-121.5750,39.0898,-121.5660,157
KMYZ,02,20,2190,75,Grass,0,1,39.8507,-96.6327,39.8557,-96.6283,34
KMYZ,16,34,4200,60,Asphalt,1,0,39.8619,-96.6332,39.8510,-96.6282,161
KMZH,04,22,3200,75,Asphalt,1,0,46.4153,-92.8089,46.4219,-92.8007,39
KMZJ,08,26,6690,150,Asphalt,0,1,32.5039,-111.3420,32.5039,-111.3200,90
KMZJ,12,30,6849,150,Asphalt,1,0,32.5165,-111.3330,32.5033,-111.3170,135
KMZZ,04,22,6011,100,Asphalt,1,0,40.4835,-85.6869,40.4965,-85.6738,38
KMZZ,15,33,3456,100,Asphalt,1,0,40.4939,-85.6819,40.4854,-85.6755,150
KNBC,05,23,12202,200,Permeable,1,0,32.4706,-80.7305,32.4955,-80.7041,42
KNBC,10,28,6425,150,Asphalt,0,1,32.4756,-80.7350,32.4756,-80.7142,90
KNBC,14,32,8001,200,Permeable,1,0,32.4846,-80.7314,32.4690,-80.7131,135
KNBC,18,36,3941,150,Asphalt,0,1,32.4817,-80.7308,32.4708,-80.7308,180
KNBG,04,22,10000,200,Asphalt,1,0,29.8235,-90.0373,29.8432,-90.0153,44
KNBG,14,32,6000,200,Asphalt,1,0,29.8231,-90.0331,29.8104,-90.0211,141
KNBJ,09,27,5000,150,Asphalt,0,0,30.3887,-87.6380,30.3886,-87.6253,90
KNBJ,15,33,5000,150,Asphalt,0,0,30.3965,-87.6327,30.3869,-87.6268,152
KNCA,01,19,4789,150,Asphalt,1,0,34.7006,-77.4367,34.7138,-77.4367,360
KNCA,05,23,5125,150,Asphalt,1,0,34.7046,-77.4485,34.7146,-77.4364,45
KNDY,16,34,4191,150,Asphalt,1,0,38.3364,-77.0397,38.3256,-77.0344,159
KNDZ,05,23,5996,200,Asphalt,1,0,30.6946,-87.0193,30.7058,-87.0054,47
KNDZ,09,27,6000,200,Asphalt,0,1,30.7003,-87.0192,30.7003,-87.0006,90
KNDZ,14,32,6002,200,Asphalt,1,0,30.7030,-87.0230,30.6909,-87.0100,137
KNDZ,18,36,6000,200,Asphalt,0,1,30.7117,-87.0142,30.6950,-87.0142,180
KNEL,06,24,5002,150,Asphalt,1,0,40.0315,-74.3566,40.0402,-74.3428,51
KNEL,15,33,5001,150,Asphalt,1,0,40.0396,-74.3603,40.0290,-74.3489,141
KNEN,12,30,8001,150,Asphalt,1,0,30.3572,-81.8839,30.3506,-81.8600,12
KNEW,09,27,3114,75,Asphalt,1,0,30.0371,-90.0306,30.0372,-90.0208,89
KNEW,18L,36R,3697,75,Asphalt,1,0,30.0502,-90.0277,30.0400,-90.0275,179
KNEW,18R,36L,6879,150,Asphalt,1,0,30.0528,-90.0299,30.0339,-90.0296,179
KNFD,05,23,3998,150,Asphalt,0,0,30.5062,-87.6512,30.5115,-87.6447,47
KNFD,11,29,4000,150,Asphalt,0,0,30.5065,-87.6513,30.5038,-87.6423,109
KNFD,16,34,2850,150,Asphalt,0,1,30.5114,-87.6453,30.5039,-87.6431,166
KNFE,05,23,8004,175,Asphalt,1,0,36.6875,-76.1458,36.7025,-76.1258,46
KNFG,03,21,6005,221,Asphalt,1,0,33.2955,-117.3620,33.3072,-117.3480,45
KNFJ,04,22,4000,175,Asphalt,0,1,30.5069,-86.9597,30.5147,-86.9508,45
KNFJ,11,29,3600,175,Asphalt,0,1,30.5142,-86.9567,30.5103,-86.9464,114
KNFJ,18,36,8000,150,Asphalt,1,0,30.5208,-86.9578,30.4986,-86.9578,180
KNFL,07,25,7003,152,Permeable,1,0,39.4131,-118.7160,39.4138,-118.6910,88
KNFL,13L,31R,11076,200,Concrete,1,0,39.4306,-118.7050,39.4056,-118.6830,145
KNFL,13R,31L,14001,201,Permeable,1,0,39.4356,-118.7140,39.4040,-118.6860,145
KNFW,18,36,11999,200,Concrete,1,0,32.7857,-97.4414,32.7527,-97.4417,181
KNGP,04,22,5001,200,Asphalt,1,0,27.6901,-97.2974,27.6998,-97.2865,45
KNGP,13L,31R,5002,220,Asphalt,1,0,27.6953,-97.2922,27.6856,-97.2813,135
KNGP,13R,31L,8001,200,Permeable,1,0,27.7007,-97.3016,27.6852,-97.2841,135
KNGP,17,35,5003,200,Asphalt,1,0,27.6992,-97.2885,27.6855,-97.2885,180
KNGS,05,23,4500,150,Asphalt,0,0,30.6069,-86.9453,30.6156,-86.9350,46
KNGS,09,27,4500,150,Asphalt,0,0,30.6153,-86.9467,30.6150,-86.9325,91
KNGS,14,32,4500,150,Asphalt,0,0,30.6156,-86.9461,30.6067,-86.9361,136
KNGS,18,36,4500,150,Asphalt,0,0,30.6169,-86.9436,30.6047,-86.9436,180
KNGU,10,28,8370,200,Asphalt,1,0,36.9375,-76.3036,36.9375,-76.2750,90
KNGW,13,31,4994,150,Asphalt,1,0,27.7061,-97.4431,27.6967,-97.4317,133
KNGW,17,35,5000,150,Asphalt,1,0,27.7106,-97.4403,27.6972,-97.4400,179
KNHK,02,20,5021,75,Asphalt,0,0,38.2766,-76.4210,38.2902,-76.4186,8
KNHK,06,24,11799,200,Permeable,1,0,38.2769,-76.4216,38.2981,-76.3905,49
KNHK,14,32,9732,200,Permeable,1,0,38.2943,-76.4233,38.2786,-76.3959,126
KNHU,9H,27H,1705,150,Asphalt,0,0,36.9555,-76.3067,36.9558,-76.3008,
KNHU,H1,,75,75,Asphalt,0,0,,,,,
KNHU,H2,,75,75,Asphalt,0,0,,,,,
KNHU,H3,,120,120,Concrete,0,0,,,,,
KNHU,H4,,120,120,Concrete,0,0,,,,,
KNHU,H5,,120,120,Concrete,0,0,,,,,
KNHU,H6,,120,120,Concrete,0,0,,,,,
KNHU,H7,,120,120,Concrete,0,0,,,,,
KNHU,H8,,120,120,Concrete,0,0,,,,,
KNHU,H9,,120,120,Concrete,0,0,,,,,
KNID,03,21,10000,200,Permeable,1,0,35.6756,-117.7080,35.6960,-117.6860,42
KNID,08,26,11199,200,Permeable,1,0,35.6833,-117.7040,35.6830,-117.6780,91
KNID,14,32,9014,200,Permeable,1,0,35.6988,-117.6930,35.6765,-117.6800,154
KNIP,10,28,9003,200,Asphalt,1,0,30.2316,-81.6930,30.2317,-81.6644,101
KNIP,14,32,5978,200,Asphalt,1,0,30.2426,-81.6789,30.2310,-81.6654,135
KNJK,08,26,9503,200,Permeable,1,0,32.8291,-115.6870,32.8292,-115.6560,90
KNJK,12,30,6825,200,Permeable,1,0,32.8298,-115.6720,32.8165,-115.6560,135
KNJM,05,23,3848,96,Matting,1,0,34.6860,-77.0334,34.6943,-77.0247,41
KNJW,13,31,7976,150,Concrete,1,0,32.8038,-88.8410,32.7885,-88.8224,134
KNKT,05L,23R,8489,196,Asphalt,1,0,34.9039,-76.8805,34.9185,-76.8625,46
KNKT,05R,23L,8189,200,Asphalt,1,0,34.8880,-76.8977,34.9038,-76.8782,46
KNKT,14L,32R,8978,200,Asphalt,1,0,34.9197,-76.9000,34.9021,-76.8790,136
KNKT,14R,32L,8397,200,Asphalt,1,0,34.9030,-76.8825,34.8866,-76.8629,136
KNKX,06H,24H,1000,100,Concrete,1,0,32.8633,-117.1301,32.8640,-117.1269,
KNKX,06L,24R,12000,200,Concrete,1,0,32.8646,-117.1648,32.8729,-117.1270,75
KNKX,06R,24L,8001,200,Permeable,1,0,32.8655,-117.1517,32.8710,-117.1265,75
KNKX,10,28,2800,200,Concrete,1,1,32.8684,-117.1360,32.8657,-117.1270,111
KNKX,H1,,100,100,Concrete,0,0,,,,,225
KNKX,H2,,100,100,Concrete,0,0,,,,,225
KNKX,H3,,100,100,Concrete,0,0,,,,,225
KNLC,14L,32R,13502,200,Concrete,1,0,36.3642,-119.9610,36.3303,-119.9420,156
KNLC,14R,32L,13501,200,Concrete,1,0,36.3360,-119.9620,36.3021,-119.9440,156
KNMM,01L,19R,8003,200,Concrete,1,0,32.5304,-88.5711,32.5522,-88.5670,9
KNMM,01R,19L,8000,200,Concrete,1,0,32.5597,-88.5524,32.5815,-88.5483,9
KNMM,10,28,6402,200,Concrete,1,0,32.5489,-88.5545,32.5461,-88.5339,99
KNOG,01,19,8000,200,Permeable,1,0,27.8848,-98.0487,27.9061,-98.0425,15
KNOG,13,31,8001,200,Permeable,1,0,27.9059,-98.0503,27.8904,-98.0327,135
KNOW,07,25,4500,150,Asphalt,1,0,48.1417,-123.4230,48.1409,-123.4050,94
KNPA,01,19,7136,200,Asphalt,1,0,30.3420,-87.3216,30.3615,-87.3191,6
KNPA,07L,25R,8001,200,Asphalt,1,0,30.3508,-87.3291,30.3589,-87.3055,68
KNPA,07R,25L,8000,200,Asphalt,1,0,30.3490,-87.3283,30.3571,-87.3047,68
KNQA,04,22,8001,150,Permeable,1,0,35.3481,-89.8789,35.3652,-89.8620,39
KNQA,14,32,4850,150,Permeable,0,1,35.3594,-89.8725,35.3489,-89.8626,142
KNQA,18,36,4250,200,Permeable,0,1,35.3568,-89.8628,35.3452,-89.8642,186
KNQB,05,23,2915,150,Asphalt,0,0,30.5600,-87.8107,30.5657,-87.8045,43
KNQB,09,27,3000,150,Asphalt,0,0,30.5648,-87.8138,30.5647,-87.8038,91
KNQB,16,34,2915,150,Asphalt,0,0,30.5645,-87.8135,30.5575,-87.8100,157
KNQI,13L,31R,8000,198,Permeable,1,0,27.5139,-97.8153,27.4986,-97.7976,134
KNQI,13R,31L,8000,198,Permeable,1,0,27.5126,-97.8168,27.4972,-97.7991,134
KNQI,17L,35R,8000,197,Permeable,1,0,27.5144,-97.8085,27.4924,-97.8082,179
KNQI,17R,35L,8000,198,Permeable,1,0,27.5144,-97.8106,27.4924,-97.8104,179
KNQX,04,22,7001,150,Permeable,1,0,24.5657,-81.6959,24.5822,-81.6849,32
KNQX,08,26,10001,200,Permeable,1,0,24.5725,-81.7001,24.5805,-81.6713,73
KNQX,14,32,7000,150,Permeable,1,0,24.5790,-81.6923,24.5664,-81.6763,131
KNRA,14,32,5400,200,Concrete,1,0,48.1950,-122.6360,48.1817,-122.6280,156
KNRB,05,23,8001,200,Asphalt,1,0,30.3833,-81.4332,30.3994,-81.4159,43
KNRN,08,26,2117,125,Grass,0,0,39.8458,-99.8979,39.8457,-99.8904,92
KNRN,16,34,4701,60,Concrete,1,0,39.8587,-99.8971,39.8463,-99.8927,165
KNRQ,04L,22R,1800,150,Asphalt,0,0,30.6250,-87.1436,30.6289,-87.1400,39
KNRQ,04R,22L,1800,150,Asphalt,0,0,30.6217,-87.1400,30.6256,-87.1364,39
KNRQ,09L,27R,1800,150,Asphalt,0,0,30.6275,-87.1428,30.6275,-87.1372,90
KNRQ,09R,27L,1800,150,Asphalt,0,0,30.6231,-87.1428,30.6231,-87.1372,90
KNRQ,13L,31R,1800,150,Asphalt,0,0,30.6286,-87.1403,30.6250,-87.1361,135
KNRQ,13R,31L,1800,150,Asphalt,0,0,30.6256,-87.1439,30.6219,-87.1397,135
KNRQ,18L,36R,1800,150,Asphalt,0,0,30.6278,-87.1375,30.6228,-87.1375,180
KNRQ,18R,36L,1800,150,Asphalt,0,0,30.6278,-87.1425,30.6228,-87.1425,180
KNRS,08,26,2241,151,Concrete,0,0,32.5670,-117.1140,32.5654,-117.1070,105
KNRS,09,27,4998,336,Permeable,1,0,32.5679,-117.1230,32.5644,-117.1070,105
KNSE,05,23,6003,200,Asphalt,1,0,30.7153,-87.0330,30.7265,-87.0190,47
KNSE,09,27,6000,200,Asphalt,0,1,30.7219,-87.0375,30.7208,-87.0186,94
KNSE,14,32,6001,200,Asphalt,1,0,30.7302,-87.0284,30.7182,-87.0154,137
KNSE,18,36,6000,200,Asphalt,0,1,30.7278,-87.0267,30.7117,-87.0267,180
KNSI,12,30,10002,200,Permeable,1,0,33.2491,-119.4700,33.2305,-119.4460,133
KNTD,03,21,11102,200,Asphalt,1,0,34.1085,-119.1345,34.1305,-119.1091,44
KNTD,09,27,5502,200,Asphalt,1,0,34.1209,-119.1239,34.1170,-119.1063,105
KNTU,05L,23R,8000,150,Concrete,1,0,36.8149,-76.0425,36.8312,-76.0242,42
KNTU,05R,23L,12001,200,Permeable,1,0,36.8055,-76.0499,36.8299,-76.0225,42
KNTU,14L,32R,8001,150,Concrete,1,0,36.8346,-76.0373,36.8193,-76.0173,133
KNTU,14R,32L,8000,200,Permeable,1,0,36.8332,-76.0386,36.8180,-76.0189,134
KNUC,06,24,9301,200,Concrete,1,0,33.0178,-118.6020,33.0277,-118.5740,67
KNUI,08,26,5000,150,Asphalt,0,0,38.1424,-76.4345,38.1480,-76.4186,66
KNUI,15,33,5000,150,Asphalt,0,0,38.1525,-76.4358,38.1417,-76.4250,142
KNUQ,14L,32R,9197,200,Concrete,1,0,37.4289,-122.0550,37.4055,-122.0430,158
KNUQ,14R,32L,8121,200,Asphalt,1,0,37.4252,-122.0550,37.4061,-122.0452,158
KNUW,07,25,7999,200,Concrete,1,0,48.3513,-122.6730,48.3524,-122.6400,87
KNUW,14,32,8001,200,Concrete,0,0,48.3617,-122.6630,48.3419,-122.6480,155
KNVD,02,20,5000,75,Asphalt,1,0,37.8445,-94.3097,37.8590,-94.3006,27
KNVD,13,31,2581,40,Asphalt,0,0,37.8554,-94.3073,37.8503,-94.3010,135
KNVI,H1,H1,3000,3000,Turf,0,0,,,,,
KNWL,13,31,4365,150,Asphalt,1,0,27.6417,-97.3167,27.6317,-97.3056,135
KNWL,17,35,5000,200,Asphalt,1,0,27.6417,-97.3067,27.6278,-97.3067,180
KNXP,10,28,8015,150,Matting,1,0,34.3003,-116.1740,34.2919,-116.1500,112
KNYG,02,20,4250,184,Asphalt,1,0,38.4979,-77.3069,38.5093,-77.3031,15
KNYL,03L,21R,13300,200,Concrete,1,0,32.6368,-114.6290,32.6630,-114.5990,44
KNYL,03R,21L,9240,150,Permeable,1,0,32.6487,-114.6130,32.6670,-114.5920,44
KNYL,08,26,6146,150,Permeable,1,0,32.6659,-114.6060,32.6662,-114.5860,89
KNYL,17,35,5710,150,Permeable,1,1,32.6677,-114.6040,32.6520,-114.6040,179
KNZX,09,27,4599,1300,Grass,0,0,30.6806,-86.9008,30.6806,-86.8850,90
KNZY,11,29,7501,200,Permeable,1,0,32.7023,-117.2210,32.6914,-117.2010,122
KNZY,18,36,8001,200,Permeable,1,0,32.7100,-117.2120,32.6888,-117.2190,196
KOAJ,05,23,7100,150,Asphalt,1,0,34.8222,-77.6204,34.8361,-77.6039,44
KOAK,10L,28R,5457,150,Asphalt,1,0,37.7305,-122.2220,37.7248,-122.2050,112
KOAK,10R,28L,6213,150,Asphalt,1,0,37.7287,-122.2260,37.7223,-122.2060,112
KOAK,12,30,10520,150,Asphalt,1,0,37.7191,-122.2410,37.7015,-122.2140,130
KOAK,15,33,3376,75,Asphalt,1,0,37.7403,-122.2230,37.7314,-122.2200,165
KOAR,11,29,3483,75,Asphalt,1,0,36.6841,-121.7670,36.6797,-121.7580,123
KOBE,05,23,5000,100,Asphalt,1,0,27.2589,-80.8542,27.2689,-80.8433,44
KOBE,14,32,4001,75,Asphalt,0,0,27.2667,-80.8542,27.2589,-80.8456,135
KOBI,01,19,3304,75,Asphalt,1,0,39.2140,-74.7972,39.2230,-74.7972,360
KOBI,13,31,3074,75,Asphalt,0,0,39.2219,-74.7972,39.2176,-74.7878,120
KOCF,08,26,3009,50,Asphalt,0,0,29.1794,-82.2314,29.1808,-82.2221,80
KOCF,18,36,7467,150,Asphalt,1,0,29.1788,-82.2231,29.1598,-82.2230,180
KOCH,15,33,3610,75,Asphalt,1,1,31.5828,-94.7113,31.5739,-94.7062,154
KOCH,18,36,5000,75,Asphalt,1,0,31.5846,-94.7095,31.5709,-94.7108,185
KOCQ,04,22,1840,150,Grass,0,0,44.8733,-87.9129,44.8772,-87.9083,40
KOCQ,11,29,3199,75,Asphalt,1,0,44.8750,-87.9149,44.8721,-87.9032,110
KOCW,05,23,5000,100,Asphalt,1,0,35.5667,-77.0564,35.5777,-77.0463,37
KOCW,11,29,4000,150,Asphalt,0,1,35.5671,-77.0566,35.5666,-77.0432,92
KOCW,17,35,5000,75,Asphalt,1,0,35.5779,-77.0517,35.5654,-77.0446,155
KODO,02,20,5703,75,Asphalt,1,0,31.9141,-102.3930,31.9277,-102.3840,30
KODO,11,29,6200,100,Asphalt,0,0,31.9212,-102.3880,31.9166,-102.3780,120
KODO,16,34,5003,75,Asphalt,1,0,31.9280,-102.3910,31.9147,-102.3870,165
KODX,13,31,4721,75,Concrete,1,0,41.6287,-98.9581,41.6198,-98.9466,136
KODX,17,35,2012,218,Gravel,0,0,41.6247,-98.9501,41.6189,-98.9500,179
KOEA,03,21,2350,120,Grass,0,0,38.6875,-87.5548,38.6933,-87.5512,26
KOEA,09,27,3450,150,Grass,0,0,38.6878,-87.5591,38.6878,-87.5469,90
KOEA,14,32,2625,135,Grass,0,0,38.6940,-87.5524,38.6883,-87.5467,142
KOEB,04,22,3500,75,Asphalt,1,0,41.9310,-85.0517,41.9390,-85.0446,34
KOEB,07,25,5350,75,Asphalt,1,0,41.9295,-85.0641,41.9360,-85.0465,64
KOEB,16,34,2399,190,Grass,0,0,41.9364,-85.0530,41.9301,-85.0503,162
KOEL,08,26,2153,110,Grass,0,0,39.1158,-100.8210,39.1158,-100.8130,90
KOEL,16,34,5000,75,Asphalt,1,0,39.1167,-100.8180,39.1032,-100.8150,169
KOEO,04,22,2065,150,Grass,1,0,45.3102,-92.6978,45.3146,-92.6916,45
KOEO,10,28,5006,75,Asphalt,1,0,45.3098,-92.6974,45.3074,-92.6830,104
KOFF,12,30,11700,300,Ashphalt,1,1,41.1295,-95.9247,41.1092,-95.8917,129
KOFK,02,20,5800,100,Asphalt,1,0,41.9776,-97.4375,41.9926,-97.4304,19
KOFK,14,32,5806,100,Asphalt,1,0,41.9921,-97.4428,41.9795,-97.4297,142
KOFP,16,34,5402,100,Asphalt,1,0,37.7153,-77.4414,37.7025,-77.4319,150
KOGA,08,26,5102,75,Concrete,1,0,41.1178,-101.7810,41.1178,-101.7630,90
KOGA,13,31,3700,60,Asphalt,1,0,41.1259,-101.7710,41.1177,-101.7630,144
KOGB,05,23,4508,100,Asphalt,1,0,33.4564,-80.8639,33.4655,-80.8540,42
KOGB,13,31,2800,165,Grass,0,1,33.4658,-80.8603,33.4619,-80.8528,122
KOGB,17,35,5399,100,Asphalt,1,0,33.4606,-80.8619,33.4461,-80.8580,167
KOGD,03,21,8107,150,Asphalt,1,0,41.1880,-112.0210,41.2038,-112.0000,45
KOGD,07,25,5600,150,Asphalt,1,1,41.1979,-112.0220,41.1979,-112.0020,90
KOGD,17,35,5195,100,Asphalt,1,0,41.2009,-112.0150,41.1866,-112.0150,179
KOGM,17,35,3503,75,Asphalt,0,0,46.8501,-89.3691,46.8409,-89.3651,163
KOGS,09,27,6400,150,Asphalt,1,0,44.6801,-75.4752,44.6836,-75.4558,76
KOIC,01,19,4727,75,Asphalt,1,0,42.5601,-75.5245,42.5730,-75.5237,3
KOIN,03,21,1686,190,Grass,0,1,39.8315,-100.5400,39.8350,-100.5360,42
KOIN,12,30,2832,130,Turf,0,0,39.8361,-100.5430,39.8305,-100.5360,135
KOIN,17,35,4301,60,Asphalt,1,0,39.8401,-100.5400,39.8297,-100.5400,181
KOJA,17,35,5100,75,Concrete,1,0,35.5509,-98.6685,35.5388,-98.6685,180
KOJC,18,36,4097,75,Concrete,1,0,38.8532,-94.7376,38.8420,-94.7376,180
KOKB,07,25,2712,75,Asphalt,1,0,33.2173,-117.3559,33.2186,-117.3472,74
KOKC,13,31,7800,150,Permeable,1,0,35.4046,-97.6159,35.3894,-97.5974,135
KOKC,17L,35R,9802,150,Concrete,1,0,35.4052,-97.5889,35.3782,-97.5889,180
KOKC,17R,35L,9801,150,Concrete,1,0,35.4059,-97.6057,35.3790,-97.6057,180
KOKC,18,36,3079,75,Asphalt,1,0,35.3935,-97.6077,35.3854,-97.6077,180
KOKH,07,25,3265,60,Asphalt,1,0,48.2515,-122.6800,48.2515,-122.6670,90
KOKK,05,23,6001,150,Asphalt,1,0,40.5226,-86.0673,40.5327,-86.0541,45
KOKK,14,32,4001,150,Asphalt,1,0,40.5327,-86.0619,40.5249,-86.0517,135
KOKM,04,22,4300,150,Concrete,1,1,35.6582,-95.9567,35.6665,-95.9465,45
KOKM,18,36,5150,101,Concrete,1,0,35.6752,-95.9487,35.6611,-95.9485,179
KOKS,12,30,4699,60,Concrete,1,0,41.4064,-102.3630,41.3975,-102.3500,134
KOKV,14,32,5498,100,Asphalt,1,0,39.1488,-78.1514,39.1383,-78.1374,134
KOKZ,13,31,5501,75,Asphalt,1,0,32.9702,-82.8452,32.9632,-82.8311,120
KOLD,04,22,2802,75,Asphalt,1,0,44.9478,-68.6757,44.9559,-68.6710,22
KOLD,12,30,4001,75,Asphalt,1,0,44.9537,-68.6828,44.9524,-68.6674,97
KOLD,17W,35W,8400,100,Water,0,0,,,,,
KOLE,04,22,4800,100,Asphalt,1,0,42.2347,-78.3763,42.2459,-78.3669,32
KOLE,16,34,2117,100,Grass,0,0,42.2457,-78.3729,42.2408,-78.3687,148
KOLF,11,29,5091,100,Asphalt,1,0,48.0980,-105.5840,48.0910,-105.5660,120
KOLG,01,19,3100,60,Asphalt,1,0,46.3105,-91.8172,46.3190,-91.8156,8
KOLM,08,26,4157,150,Asphalt,0,0,46.9686,-122.8920,46.9659,-122.8760,104
KOLM,17,35,5500,150,Asphalt,1,0,46.9764,-122.9020,46.9616,-122.9070,191
KOLS,04,22,7200,100,Asphalt,1,0,31.4109,-110.8560,31.4245,-110.8400,46
KOLU,02,20,4135,150,Grass,0,0,41.4428,-97.3403,41.4527,-97.3327,30
KOLU,14,32,6801,100,Concrete,1,0,41.4574,-97.3499,41.4413,-97.3374,150
KOLV,18,36,6000,100,Asphalt,1,0,34.9870,-89.7869,34.9705,-89.7868,180
KOLY,04,22,3598,60,Asphalt,1,0,38.7166,-88.1788,38.7246,-88.1714,36
KOLY,11,29,4099,75,Asphalt,1,0,38.7246,-88.1845,38.7213,-88.1707,107
KOLZ,13,31,4000,75,Concrete,1,0,42.6841,-91.9800,42.6764,-91.9694,135
KOLZ,18,36,1822,85,Grass,0,0,42.6844,-91.9738,42.6797,-91.9741,183
KOMA,14L,32R,8500,150,Concrete,1,0,41.3135,-95.9004,41.2946,-95.8824,144
KOMA,14R,32L,9502,150,Permeable,1,0,41.3138,-95.9061,41.2926,-95.8859,144
KOMA,18,36,8154,150,Permeable,1,0,41.3134,-95.8945,41.2910,-95.8946,180
KOMH,08,26,3200,75,Asphalt,0,0,38.2454,-78.0507,38.2490,-78.0405,66
KOMK,17,35,4667,150,Asphalt,1,0,48.4707,-119.5170,48.4581,-119.5200,189
KOMN,04,22,4000,180,Asphalt,0,1,29.2947,-81.1161,29.3031,-81.1081,40
KOMN,09,27,4005,75,Asphalt,1,0,29.3008,-81.1202,29.3029,-81.1079,79
KOMN,13,31,4000,180,Asphalt,0,1,29.3053,-81.1183,29.2983,-81.1086,130
KOMN,17,35,3704,100,Asphalt,1,0,29.3053,-81.1147,29.2954,-81.1123,168
KONA,12,30,5679,100,Asphalt,1,0,44.0828,-91.7194,44.0758,-91.7022,120
KONA,17,35,2553,75,Asphalt,0,1,44.0765,-91.7036,44.0695,-91.7029,176
KONL,04,22,3200,60,Gravel,0,0,42.4658,-98.6901,42.4719,-98.6824,43
KONL,13,31,4408,75,Asphalt,1,0,42.4745,-98.6934,42.4653,-98.6827,139
KONM,06,24,4590,60,Asphalt,1,0,34.0216,-106.9140,34.0252,-106.9000,74
KONM,15,33,5841,75,Asphalt,1,0,34.0294,-106.9030,34.0140,-106.8970,164
KONO,15,33,5006,100,Asphalt,1,0,44.0257,-117.0160,44.0147,-117.0110,159
KONP,02,20,3001,75,Asphalt,1,0,44.5787,-124.0600,44.5853,-124.0530,37
KONP,16,34,5398,100,Asphalt,1,0,44.5868,-124.0590,44.5721,-124.0580,177
KONT,08L,26R,12197,150,Concrete,1,0,34.0569,-117.6230,34.0569,-117.5830,90
KONT,08R,26L,10200,150,Concrete,1,0,34.0550,-117.6160,34.0550,-117.5830,90
KONX,05,23,5502,150,Concrete,1,0,36.3944,-76.0202,36.4034,-76.0124,35
KONY,04,22,5100,75,Asphalt,0,0,33.3483,-98.8245,33.3581,-98.8127,45
KONY,13,31,5099,75,Asphalt,0,0,33.3535,-98.8245,33.3436,-98.8128,135
KONY,17,35,5101,75,Asphalt,1,0,33.3579,-98.8202,33.3439,-98.8203,180
KONZ,04,22,4846,100,Concrete,1,0,42.0934,-83.1624,42.1048,-83.1534,30
KONZ,17,35,4424,75,Concrete,1,0,42.1050,-83.1673,42.0932,-83.1636,167
KOOA,04,22,1926,75,Concrete,0,0,41.2268,-92.4964,41.2306,-92.4915,44
KOOA,13,31,4012,75,Concrete,1,0,41.2287,-92.4990,41.2210,-92.4886,135
KOPF,09L,27R,8002,150,Asphalt,1,0,25.9126,-80.2887,25.9138,-80.2644,87
KOPF,09R,27L,4309,100,Asphalt,1,0,25.8990,-80.2852,25.8997,-80.2721,87
KOPF,12,30,6800,150,Asphalt,1,0,25.9106,-80.2888,25.9007,-80.2712,122
KOPL,06,24,4051,100,Concrete,0,0,30.5531,-92.1057,30.5586,-92.0945,60
KOPL,11,29,4550,100,Concrete,0,1,30.5589,-92.1061,30.5528,-92.0936,120
KOPL,18,36,5999,100,Concrete,1,0,30.5680,-92.0989,30.5519,-92.0989,180
KOPN,12,30,6350,100,Asphalt,1,0,32.9582,-84.2714,32.9509,-84.2549,118
KOQN,09,27,3347,50,Asphalt,1,0,39.9891,-75.5877,39.9912,-75.5761,77
KOQU,01,19,4000,100,Asphalt,0,1,41.5906,-71.4056,41.6017,-71.4056,360
KOQU,05,23,4000,75,Asphalt,1,0,41.5886,-71.4132,41.5976,-71.4049,34
KOQU,10,28,2963,100,Asphalt,0,1,41.6014,-71.4153,41.6014,-71.4044,90
KOQU,16,34,7000,150,Permeable,1,0,41.6077,-71.4217,41.5909,-71.4059,145
KOQW,15,33,3304,60,Asphalt,1,0,42.0542,-90.7414,42.0460,-90.7362,155
KORB,13,31,4000,75,Asphalt,1,0,48.0200,-92.8615,48.0118,-92.8506,138
KORD,04L,22R,7500,150,Asphalt,1,0,41.9817,-87.9139,41.9975,-87.8964,39
KORD,04R,22L,8075,150,Asphalt,1,0,41.9533,-87.8994,41.9699,-87.8798,42
KORD,09C,27C,11245,200,Concrete,1,0,41.9883,-87.9316,41.9883,-87.8902,90
KORD,09L,27R,7500,150,Asphalt,1,0,42.0028,-87.9267,42.0028,-87.8991,90
KORD,09R,27L,11260,150,Asphalt,1,0,41.9839,-87.9184,41.9839,-87.8891,90
KORD,10C,28C,10800,200,Concrete,1,0,41.9657,-87.9315,41.9657,-87.8918,90
KORD,10L,28R,13000,150,Concrete,1,0,41.9690,-87.9315,41.9691,-87.8837,90
KORD,10R,28L,7500,150,Concrete,1,0,41.9572,-87.9279,41.9572,-87.9003,90
KORD,14L,32R,10005,150,Asphalt,1,1,42.0024,-87.9154,41.9814,-87.8917,140
KORD,15,33,9686,200,Asphalt,1,1,41.9904,-87.9331,41.9701,-87.9102,140
KORD,18,36,5332,150,Asphalt,1,1,41.9974,-87.9004,41.9828,-87.9004,180
KORE,01,19,5002,75,Asphalt,1,0,42.5612,-72.2903,42.5750,-72.2901,1
KORE,06,24,5000,150,Asphalt,0,1,42.5594,-72.2958,42.5694,-72.2831,43
KORE,14,32,4800,75,Asphalt,1,0,42.5760,-72.2938,42.5680,-72.2796,127
KORF,05,23,9001,150,Asphalt,1,0,36.8859,-76.2083,36.9054,-76.1894,38
KORF,14,32,4876,150,Asphalt,1,0,36.8968,-76.2122,36.8886,-76.1990,128
KORG,04,22,5500,75,Asphalt,1,0,30.0647,-93.8056,30.0737,-93.7962,42
KORG,13,31,3000,50,Grass,0,1,30.0722,-93.8108,30.0662,-93.8043,137
KORH,11,29,7001,150,Asphalt,1,0,42.2673,-71.8908,42.2660,-71.8650,94
KORH,15,33,5000,100,Asphalt,1,0,42.2728,-71.8787,42.2627,-71.8662,138
KORK,05,23,5002,75,Concrete,1,0,34.8286,-92.2590,34.8364,-92.2453,55
KORK,17,35,3019,75,Asphalt,1,0,34.8383,-92.2574,34.8301,-92.2574,180
KORL,07,25,6004,150,Asphalt,1,0,28.5428,-81.3393,28.5494,-81.3221,67
KORL,13,31,4625,100,Asphalt,1,0,28.5488,-81.3413,28.5405,-81.3304,131
KORS,16,34,2901,60,Asphalt,0,0,48.7123,-122.9110,48.7044,-122.9110,
KOSA,17,35,6004,100,Asphalt,1,0,33.1023,-94.9627,33.0887,-94.9604,172
KOSC,7,25,11800,200,Asphalt,1,0,44.4430,-83.4133,44.4601,-83.3748,58
KOSH,05,23,3424,75,Asphalt,0,0,43.9867,-88.5583,43.9933,-88.5491,45
KOSH,09,27,6179,150,Asphalt,1,0,43.9916,-88.5721,43.9915,-88.5487,91
KOSH,13,31,3061,75,Asphalt,0,0,43.9912,-88.5597,43.9859,-88.5507,129
KOSH,18,36,8002,150,Concrete,1,0,43.9858,-88.5564,43.9638,-88.5567,181
KOSU,05,23,3562,100,Asphalt,1,0,40.0763,-83.0784,40.0827,-83.0689,49
KOSU,09L,27R,2994,100,Asphalt,1,0,40.0827,-83.0789,40.0831,-83.0682,87
KOSU,09R,27L,5004,100,Asphalt,1,0,40.0771,-83.0816,40.0779,-83.0637,87
KOSU,14,32,3438,100,Asphalt,0,1,40.0840,-83.0767,40.0772,-83.0682,136
KOSX,14,32,5009,75,Asphalt,1,0,33.0953,-89.5475,33.0852,-89.5365,137
KOTG,11,29,5500,100,Asphalt,1,0,43.6576,-95.5854,43.6513,-95.5665,115
KOTG,17,35,4201,100,Asphalt,1,0,43.6616,-95.5835,43.6501,-95.5835,180
KOTH,05,23,5980,150,Asphalt,1,0,43.4147,-124.2610,43.4219,-124.2430,61
KOTH,13,31,4470,150,Asphalt,1,0,43.4198,-124.2460,43.4093,-124.2380,150
KOTM,04,22,4601,100,Asphalt,1,0,41.1031,-92.4542,41.1132,-92.4409,45
KOTM,13,31,6001,100,Permeable,1,0,41.1110,-92.4558,41.0995,-92.4407,135
KOUN,03,21,4748,100,Asphalt,1,0,35.2362,-97.4758,35.2467,-97.4664,36
KOUN,17,35,5200,100,Asphalt,1,0,35.2564,-97.4731,35.2422,-97.4730,180
KOVE,02,20,6020,100,Asphalt,1,0,39.4788,-121.6320,39.4927,-121.6200,33
KOVE,13,31,3540,100,Asphalt,1,0,39.4952,-121.6190,39.4874,-121.6110,144
KOVL,11,29,3501,75,Asphalt,1,0,44.7808,-95.0387,44.7763,-95.0268,118
KOVO,05,23,5002,75,Asphalt,1,0,39.0403,-85.6105,39.0495,-85.5975,48
KOVO,15,33,2730,50,Asphalt,0,0,39.0494,-85.6108,39.0428,-85.6064,153
KOVS,02,20,3658,58,Asphalt,1,0,43.1529,-90.6809,43.1625,-90.6769,17
KOVS,07,25,5000,75,Asphalt,1,0,43.1604,-90.6790,43.1657,-90.6618,67
KOWA,12,30,5500,100,Concrete,1,0,44.1276,-93.2693,44.1192,-93.2519,124
KOWB,06,24,5000,100,Asphalt,1,0,37.7360,-87.1730,37.7445,-87.1594,52
KOWB,18,36,8000,150,concrete/grooved,1,0,37.7489,-87.1678,37.7311,-87.1669,178
KOWD,10,28,3995,75,Asphalt,0,0,42.1921,-71.1785,42.1923,-71.1638,89
KOWD,17,35,4007,100,Asphalt,1,0,42.1938,-71.1779,42.1838,-71.1716,155
KOWI,05,23,2345,81,Grass,0,1,38.5361,-95.2563,38.5401,-95.2499,52
KOWI,13,31,1550,95,Grass,0,0,38.5397,-95.2569,38.5363,-95.2519,131
KOWI,17,35,4500,75,Asphalt,1,0,38.5456,-95.2521,38.5333,-95.2521,180
KOWK,03,21,3998,80,Asphalt,0,0,44.7089,-69.8688,44.7197,-69.8662,9
KOWK,15,33,4000,100,Asphalt,1,0,44.7202,-69.8714,44.7132,-69.8595,129
KOWP,17,35,5799,100,Asphalt,1,0,36.1832,-96.1526,36.1673,-96.1510,176
KOWX,09,27,4502,75,Asphalt,1,0,41.0355,-83.9901,41.0356,-83.9740,90
KOXB,02,20,3204,75,Permeable,1,0,38.3065,-75.1277,38.3151,-75.1258,10
KOXB,14,32,4074,75,Permeable,1,0,38.3140,-75.1270,38.3064,-75.1166,133
KOXC,18,36,5800,100,Asphalt,1,0,41.4861,-73.1369,41.4704,-73.1335,171
KOXD,05,23,4011,70,Asphalt,1,0,39.4984,-84.7895,39.5061,-84.7793,46
KOXI,09,27,3096,145,Grass,0,0,41.3299,-86.6739,41.3299,-86.6627,90
KOXI,18,36,5002,75,Asphalt,1,0,41.3364,-86.6622,41.3244,-86.6622,180
KOXR,07,25,5953,100,Asphalt,1,0,34.2009,-119.2171,34.2007,-119.1974,91
KOXV,15,33,4000,75,Concrete,1,0,41.3041,-93.1167,41.2941,-93.1108,156
KOYM,10,28,4300,75,Asphalt,1,0,41.4125,-78.5105,41.4125,-78.4948,90
KOZA,16,34,6003,75,Asphalt,1,0,30.7433,-101.2040,30.7271,-101.2000,168
KOZR,06,24,4546,150,Asphalt,1,0,31.2706,-85.7204,31.2767,-85.7077,61
KOZR,14,32,4500,150,Asphalt,0,1,31.2854,-85.7180,31.2767,-85.7077,134
KOZR,18,36,5025,150,Asphalt,1,0,31.2846,-85.7126,31.2708,-85.7129,181
KOZW,13,31,5002,100,Asphalt,1,0,42.6336,-83.9896,42.6253,-83.9748,127
KPAE,11,29,4514,75,Asphalt,1,1,47.9104,-122.2870,47.9018,-122.2740,134
KPAE,16L,34R,3004,75,Asphalt,1,0,47.9064,-122.2717,47.8982,-122.2716,180
KPAE,16R,34L,9010,150,Asphalt,1,0,47.9213,-122.2859,47.8966,-122.2853,179
KPAH,04,22,6499,150,Asphalt,1,0,37.0535,-88.7815,37.0664,-88.7661,44
KPAH,14,32,5499,150,Asphalt,1,0,37.0664,-88.7781,37.0550,-88.7659,139
KPAM,14L,32R,10008,200,Concrete,1,0,30.0800,-85.5844,30.0608,-85.5618,134
KPAM,14R,32L,10107,150,Permeable,1,0,30.0774,-85.5882,30.0598,-85.5676,134
KPAN,06,24,5504,75,Asphalt,1,0,34.2504,-111.3650,34.2550,-111.3480,72
KPAO,13,31,2441,70,Asphalt,1,0,37.4638,-122.1180,37.4585,-122.1120,142
KPBF,18,36,5998,150,Asphalt,1,0,34.1828,-91.9356,34.1663,-91.9356,180
KPBG,17,35,11759,200,Concrete,1,0,44.6658,-73.4768,44.6360,-73.4595,158
KPBH,01,19,5220,75,Asphalt,1,0,45.7049,-90.4034,45.7185,-90.4010,8
KPBH,06,24,3951,75,Asphalt,1,0,45.7027,-90.4095,45.7083,-90.3963,59
KPBI,10L,28R,10001,150,Asphalt,1,0,26.6832,-80.1084,26.6819,-80.0778,93
KPBI,10R,28L,3214,75,Asphalt,1,0,26.6812,-80.1063,26.6808,-80.0965,93
KPBI,14,32,6931,150,Asphalt,1,0,26.6918,-80.1040,26.6783,-80.0891,135
KPBX,02,20,3455,75,Asphalt,1,0,37.5586,-82.5626,37.5681,-82.5592,16
KPBX,09,27,5356,100,Asphalt,1,0,37.5603,-82.5793,37.5619,-82.5609,84
KPCA,H1,,1500,75,Asphalt,0,0,,,,,
KPCA,H2,,1500,75,Asphalt,0,0,,,,,
KPCA,H3,,1500,75,Asphalt,0,0,,,,,
KPCA,H4,,1500,75,Asphalt,0,0,,,,,
KPCM,10,28,3950,75,Asphalt,1,0,28.0006,-82.1694,27.9998,-82.1572,94
KPCW,09,27,5646,100,Asphalt,1,0,41.5163,-82.8794,41.5180,-82.8612,83
KPCW,18,36,4002,75,Asphalt,1,0,41.5207,-82.8670,41.5097,-82.8664,178
KPCZ,06,24,1480,110,Grass,0,1,44.3310,-89.0161,44.3333,-89.0112,56
KPCZ,10,28,5200,100,Asphalt,1,0,44.3334,-89.0329,44.3325,-89.0131,93
KPCZ,13,31,3899,75,Asphalt,1,0,44.3367,-89.0217,44.3307,-89.0093,123
KPDC,11,29,3999,75,Asphalt,1,0,43.0237,-91.1316,43.0199,-91.1176,110
KPDC,14,32,5000,75,Asphalt,1,0,43.0225,-91.1290,43.0120,-91.1170,139
KPDK,09,27,3383,150,Asphalt,1,1,33.8737,-84.3074,33.8743,-84.2962,86
KPDK,16,34,3968,150,Asphalt,1,0,33.8827,-84.3055,33.8726,-84.3005,157
KPDK,3L,21R,3746,150,Asphalt,1,0,33.8689,-84.3056,33.8786,-84.3013,21
KPDK,3R,21L,6001,100,Concrete,1,0,33.8686,-84.3040,33.8840,-84.2971,21
KPDK,H1,,56,56,Concrete,1,0,,,,,
KPDT,08,26,6301,150,Asphalt,1,0,45.6953,-118.8530,45.6954,-118.8290,90
KPDT,11,29,4808,100,Asphalt,1,0,45.6988,-118.8540,45.6894,-118.8370,128
KPDT,16,34,4341,60,Asphalt,0,1,45.7018,-118.8370,45.6899,-118.8370,180
KPDX,10L,28R,9825,150,Asphalt,1,0,45.5965,-122.6001,45.5834,-122.5664,119
KPDX,10R,28L,11000,150,Asphalt,1,0,45.5952,-122.6215,45.5805,-122.5839,119
KPDX,3,21,6000,150,Asphalt,1,0,45.5824,-122.6169,45.5941,-122.6003,45
KPEA,16,34,5402,75,Concrete,1,0,41.4085,-92.9480,41.3940,-92.9437,167
KPEO,01,19,5499,100,Asphalt,1,0,42.6259,-77.0516,42.6409,-77.0527,357
KPEO,10,28,3561,50,Asphalt,1,0,42.6427,-77.0606,42.6429,-77.0474,90
KPEQ,09,27,5953,80,Asphalt,1,0,31.3818,-103.5190,31.3787,-103.5010,101
KPEQ,14,32,6236,80,Asphalt,1,0,31.3915,-103.5170,31.3773,-103.5060,146
KPEX,11,29,3302,75,Asphalt,1,0,,,,,110
KPEZ,16,34,4000,75,Asphalt,1,0,28.9595,-98.5218,28.9489,-98.5182,163
KPFC,14,32,1860,30,ASPH/ CONC,0,0,,,,,
KPGA,07,25,2201,75,Asphalt,0,0,36.9292,-111.4540,36.9300,-111.4460,82
KPGA,15,33,5950,150,Asphalt,1,0,36.9328,-111.4500,36.9167,-111.4460,170
KPGD,04,22,7193,150,Asphalt,0,0,26.9114,-81.9914,26.9275,-81.9814,29
KPGD,09,27,2636,60,Asphalt,0,0,26.9235,-81.9991,26.9237,-81.9836,89
KPGD,15,33,6286,150,Asphalt,1,0,26.9236,-81.9991,26.9124,-81.9917,149
KPGR,04,22,4500,75,Asphalt,1,0,36.0586,-90.5133,36.0672,-90.5023,46
KPGR,08,26,2792,100,Grass,0,0,36.0655,-90.5162,36.0653,-90.5068,91
KPGV,02,20,7175,150,Asphalt,1,0,35.6259,-77.3858,35.6436,-77.3829,8
KPGV,08,26,4997,150,Asphalt,1,0,35.6331,-77.3916,35.6385,-77.3762,67
KPGV,15,33,2687,150,Asphalt,0,1,35.6377,-77.3939,35.6332,-77.3867,128
KPHD,12,30,1907,70,Grass,0,0,40.4695,-81.4240,40.4678,-81.4168,109
KPHD,15,33,3951,100,Asphalt,1,0,40.4750,-81.4244,40.4668,-81.4151,139
KPHF,02,20,6526,150,Concrete,1,0,37.1244,-76.4994,37.1419,-76.4945,13
KPHF,07,25,8003,150,Concrete,1,0,37.1250,-76.5014,37.1367,-76.4782,58
KPHG,03,21,1755,150,Grass,0,0,39.7345,-99.3216,39.7405,-99.3158,36
KPHG,13,31,5101,60,Asphalt,1,0,39.7397,-99.3210,39.7299,-99.3113,143
KPHH,18,36,3001,60,Asphalt,1,0,33.4558,-79.5268,33.4476,-79.5255,172
KPHK,07,25,1617,100,Asphalt,0,1,26.7850,-80.6953,26.7869,-80.6908,64
KPHK,17,35,4116,75,Asphalt,1,0,26.7907,-80.6941,26.7794,-80.6926,174
KPHL,08,26,5001,150,Asphalt,1,0,39.8783,-75.2300,39.8818,-75.2128,76
KPHL,09L,27R,9500,150,Asphalt,1,0,39.8687,-75.2557,39.8752,-75.2229,76
KPHL,09R,27L,12000,200,Asphalt,1,0,39.8608,-75.2752,39.8680,-75.2390,76
KPHL,17,35,6500,150,Asphalt,1,0,39.8860,-75.2353,39.8720,-75.2283,159
KPHN,04,22,5104,100,Asphalt,1,0,42.9046,-82.5353,42.9159,-82.5241,36
KPHN,10,28,4000,75,Asphalt,1,0,42.9123,-82.5352,42.9114,-82.5203,95
KPHP,05,23,3588,120,Grass,0,0,44.0472,-101.6040,44.0517,-101.5920,63
KPHP,12,30,3998,75,Asphalt,1,0,44.0513,-101.6060,44.0445,-101.5940,128
KPHT,2,20,5002,100,Asphalt,1,0,36.3294,-88.3868,36.3425,-88.3820,16
KPHX,07L,25R,10300,150,Asphalt,1,0,33.4311,-112.0270,33.4310,-111.9930,90
KPHX,07R,25L,7800,150,Concrete,1,0,33.4289,-112.0270,33.4288,-112.0020,90
KPHX,08,26,11489,150,Concrete,1,0,33.4409,-112.0300,33.4408,-111.9920,90
KPIA,04,22,8004,150,Asphalt,1,0,40.6540,-89.6947,40.6712,-89.6767,39
KPIA,13,31,10104,150,Concrete,1,0,40.6737,-89.7139,40.6572,-89.6846,127
KPIB,18,36,6503,150,Asphalt,1,0,31.4761,-89.3371,31.4582,-89.3370,180
KPIE,04,22,6000,150,Asphalt,1,0,27.9008,-82.6883,27.9125,-82.6775,40
KPIE,09,27,5165,150,Asphalt,1,1,27.9093,-82.6954,27.9097,-82.6795,88
KPIE,17L,35R,8800,150,Asphalt,1,1,27.9234,-82.6907,27.8995,-82.6866,171
KPIE,17R,35L,4000,75,Asphalt,1,1,27.9212,-82.6919,27.9103,-82.6900,171
KPIE,18,36,9730,150,Concrete,1,0,,,,,171
KPIH,03,21,9059,150,Asphalt,1,0,42.9017,-112.6010,42.9193,-112.5770,45
KPIH,17,35,7150,100,Asphalt,1,0,42.9187,-112.6050,42.8991,-112.6050,180
KPIL,03,21,5000,150,Permeable,0,0,26.1620,-97.3550,26.1733,-97.3463,35
KPIL,08,26,5317,150,Concrete,0,0,26.1636,-97.3541,26.1636,-97.3379,90
KPIL,13,31,8001,200,Permeable,1,0,26.1730,-97.3499,26.1575,-97.3326,135
KPIL,17,35,4200,75,Concrete,0,0,26.1754,-97.3490,26.1639,-97.3489,180
KPIM,09,27,5002,100,Asphalt,1,0,32.8405,-84.8906,32.8409,-84.8743,88
KPIR,07,25,6880,100,Asphalt,1,0,44.3857,-100.2990,44.3899,-100.2740,77
KPIR,13,31,6900,100,Asphalt,1,0,44.3849,-100.2940,44.3703,-100.2770,141
KPIT,10C,28C,10775,150,Permeable,1,0,40.4899,-80.2463,40.4890,-80.2114,92
KPIT,10L,28R,10502,150,Permeable,1,0,40.5023,-80.2712,40.5014,-80.2334,92
KPIT,10R,28L,11500,200,Concrete,1,0,40.4867,-80.2519,40.4856,-80.2106,92
KPIT,14,32,8101,150,Concrete,1,0,40.4960,-80.2249,40.4799,-80.2048,136
KPJC,17,35,5002,75,Asphalt,1,0,40.8071,-80.1626,40.7962,-80.1589,165
KPJY,18,36,3999,60,Asphalt,1,0,37.9834,-89.3603,37.9724,-89.3606,181
KPKB,03,21,7240,150,Asphalt,1,0,39.3378,-81.4434,39.3551,-81.4344,22
KPKB,10,28,4002,150,Asphalt,1,0,39.3433,-81.4467,39.3423,-81.4326,95
KPKD,13,31,5497,100,Asphalt,1,0,46.9067,-95.0811,46.8960,-95.0656,135
KPKD,18,36,3500,75,Asphalt,1,0,46.9034,-95.0727,46.8951,-95.0727,180
KPKF,18,36,3200,60,Asphalt,1,0,45.9594,-90.4244,45.9506,-90.4242,180
KPKV,05,23,2432,60,Grass,0,0,28.6490,-96.6895,28.6532,-96.6826,55
KPKV,14,32,5004,75,Asphalt,1,0,28.6596,-96.6859,28.6484,-96.6768,144
KPLD,09,27,5505,75,Asphalt,1,0,40.4514,-84.9962,40.4517,-84.9818,89
KPLK,12,30,3738,100,Asphalt,1,0,36.6284,-93.2344,36.6234,-93.2233,119
KPLN,05,23,5401,150,Asphalt,1,0,45.5674,-84.8028,45.5779,-84.7879,45
KPLN,14,32,6513,150,Asphalt,1,0,45.5758,-84.8069,45.5632,-84.7888,135
KPLR,03,21,5001,80,Asphalt,0,0,33.5525,-86.2521,33.5652,-86.2459,22
KPLU,17,35,3651,60,Asphalt,0,0,47.1089,-122.2870,47.0989,-122.2870,180
KPMB,15,33,3798,75,Asphalt,1,0,48.9475,-97.2433,48.9376,-97.2382,161
KPMD,04,22,12001,150,Concrete,1,0,34.6169,-118.0920,34.6373,-118.0600,52
KPMD,07,25,12002,200,Concrete,1,0,34.6306,-118.1130,34.6328,-118.0730,86
KPMD,072,252,6000,75,CONC-E,0,0,,,,,
KPMH,18,36,5001,100,Asphalt,1,0,38.8473,-82.8476,38.8336,-82.8470,178
KPMP,06,24,4001,150,Asphalt,1,0,26.2440,-80.1165,26.2506,-80.1068,53
KPMP,10,28,3687,100,Asphalt,1,0,26.2459,-80.1166,26.2447,-80.1060,98
KPMP,15,33,4918,150,Asphalt,1,0,26.2533,-80.1144,26.2436,-80.1062,143
KPMU,01,19,5001,75,Asphalt,1,0,34.3568,-89.8943,34.3702,-89.8909,12
KPMV,16,34,5500,100,Concrete,1,0,40.9557,-95.9195,40.9448,-95.9163,167
KPMZ,03,21,5500,75,Asphalt,1,0,35.8036,-76.7611,35.8133,-76.7574,17
KPNA,11,29,8900,100,Asphalt,1,0,42.8013,-109.8190,42.7907,-109.7970,123
KPNC,17,35,7201,100,Concrete,1,0,36.7418,-97.0999,36.7221,-97.0997,180
KPNE,06,24,7000,100,Asphalt,1,0,40.0775,-75.0203,40.0903,-75.0015,48
KPNE,15,33,4999,150,Asphalt,1,0,40.0845,-75.0158,40.0739,-75.0045,141
KPNM,16,34,3900,75,Asphalt,1,0,45.5648,-93.6111,45.5549,-93.6053,158
KPNN,06,24,3998,150,Asphalt,0,1,45.1967,-67.5659,45.2052,-67.5563,38
KPNN,15,33,4007,75,Asphalt,1,0,45.2041,-67.5734,45.1967,-67.5620,132
KPNS,08,26,7000,150,Asphalt,1,0,30.4713,-87.1959,30.4753,-87.1742,78
KPNS,17,35,7004,150,Asphalt,1,0,30.4829,-87.1907,30.4641,-87.1857,167
KPNT,06,24,5000,75,Asphalt,1,0,40.9209,-88.6317,40.9279,-88.6161,59
KPOB,049,229,3000,60,Asphalt,0,0,,,,,
KPOB,05,23,7501,150,Permeable,1,0,35.1632,-79.0228,35.1786,-79.0062,41
KPOC,08L,26R,3661,75,Asphalt,0,0,34.0924,-117.7870,34.0918,-117.7750,93
KPOC,08R,26L,4840,75,Asphalt,1,0,34.0917,-117.7900,34.0910,-117.7750,93
KPOE,15,33,4109,125,Asphalt,1,0,31.0501,-93.1938,31.0395,-93.1894,161
KPOF,18,36,5008,100,Permeable,1,0,36.7808,-90.3246,36.7671,-90.3251,181
KPOH,12,30,4100,60,Concrete,1,0,42.7457,-94.6546,42.7398,-94.6415,121
KPOH,18,36,1999,135,Grass,0,0,42.7450,-94.6458,42.7397,-94.6464,185
KPOU,06,24,5001,100,Asphalt,1,0,41.6219,-73.8920,41.6306,-73.8778,51
KPOU,07,25,1357,100,Grass,0,0,41.6250,-73.8882,41.6273,-73.8843,51
KPOU,15,33,2743,100,Permeable,1,0,41.6302,-73.8852,41.6246,-73.8785,139
KPOV,09,27,3499,75,Asphalt,1,0,41.2098,-81.2580,41.2106,-81.2453,85
KPOY,03,21,2623,100,Grass,0,0,44.8618,-108.7990,44.8661,-108.7930,44
KPOY,13,31,6200,100,Asphalt,1,0,44.8760,-108.7990,44.8621,-108.7850,145
KPOY,16,34,2400,100,Grass,0,0,44.8684,-108.7940,44.8619,-108.7940,180
KPPA,05,23,4500,75,Asphalt,1,0,35.6132,-101.0060,35.6194,-100.9930,60
KPPA,11,29,4500,150,Asphalt,0,1,35.6139,-101.0070,35.6075,-100.9940,121
KPPA,17,35,5862,100,Asphalt,1,0,35.6185,-100.9940,35.6024,-100.9940,180
KPPF,04,22,4007,100,Concrete,0,1,37.3288,-95.5159,37.3367,-95.5062,45
KPPF,17,35,5001,75,Permeable,1,0,37.3377,-95.5062,37.3221,-95.5061,180
KPPO,02,20,5000,75,Asphalt,1,0,41.5655,-86.7376,41.5784,-86.7314,20
KPPO,14,32,2797,60,Asphalt,0,0,41.5760,-86.7382,41.5707,-86.7309,134
KPPQ,13,31,4000,60,Asphalt,1,0,39.6428,-90.7836,39.6350,-90.7735,135
KPQI,01,19,7441,150,Asphalt,1,0,46.6812,-68.0456,46.7010,-68.0529,346
KPQI,10,28,6000,100,Asphalt,1,0,46.6843,-68.0508,46.6884,-68.0277,76
KPQL,17,35,6501,150,Asphalt,1,0,30.4715,-88.5317,30.4541,-88.5267,166
KPQN,09,27,2539,196,Grass,0,0,43.9846,-96.3057,43.9837,-96.2961,97
KPQN,18,36,4306,75,Asphalt,1,0,43.9869,-96.2996,43.9751,-96.3006,184
KPRB,01,19,6008,150,Asphalt,1,0,35.6661,-120.6360,35.6806,-120.6260,29
KPRB,13,31,4701,100,Asphalt,1,0,35.6775,-120.6270,35.6671,-120.6180,144
KPRC,03L,21R,4395,60,Asphalt,1,0,34.6565,-112.4200,34.6665,-112.4100,41
KPRC,03R,21L,7619,150,Asphalt,1,0,34.6458,-112.4290,34.6613,-112.4120,41
KPRC,12,30,4408,75,Asphalt,1,0,34.6527,-112.4280,34.6440,-112.4180,137
KPRG,09,27,4501,75,Asphalt,1,0,39.7000,-87.6776,39.7001,-87.6616,91
KPRN,14,32,5501,80,Asphalt,1,0,31.8515,-86.6165,31.8399,-86.6050,140
KPRO,04,22,2321,240,Grass,0,0,41.8258,-94.1616,41.8294,-94.1555,52
KPRO,14,32,5500,100,Concrete,1,0,41.8325,-94.1653,41.8240,-94.1560,141
KPRS,17,35,5200,75,Asphalt,1,0,29.6411,-104.3620,29.6269,-104.3610,179
KPRX,03,21,4624,150,Concrete,0,0,33.6303,-95.4530,33.6404,-95.4438,37
KPRX,14,32,4624,150,Concrete,0,0,33.6429,-95.4532,33.6330,-95.4437,141
KPRX,17,35,6002,100,Asphalt,1,0,33.6448,-95.4544,33.6283,-95.4541,179
KPRZ,01,19,5700,60,Asphalt,1,0,34.1381,-103.4150,34.1525,-103.4080,23
KPRZ,08,26,4560,60,Asphalt,1,0,34.1457,-103.4160,34.1457,-103.4010,90
KPSB,06,24,5006,100,Asphalt,1,0,40.8778,-78.0943,40.8867,-78.0805,50
KPSB,16,34,5711,100,Asphalt,1,0,40.8934,-78.0915,40.8791,-78.0831,156
KPSC,03L,21R,7707,150,Asphalt,1,0,46.2560,-119.1330,46.2707,-119.1120,46
KPSC,03R,21L,4423,75,Asphalt,0,0,46.2607,-119.1220,46.2691,-119.1090,46
KPSC,12,30,7703,150,Asphalt,1,0,46.2735,-119.1280,46.2583,-119.1070,136
KPSF,08,26,5792,101,Asphalt,1,0,42.4238,-73.3024,42.4297,-73.2857,64
KPSF,14,32,3147,76,Asphalt,1,0,42.4296,-73.2967,42.4244,-73.2858,123
KPSK,06,24,6201,150,Asphalt,1,0,37.1321,-80.6869,37.1426,-80.6701,52
KPSM,16,34,11321,150,Permeable,1,0,43.0913,-70.8341,43.0646,-70.8124,149
KPSN,09,27,4002,75,Asphalt,1,0,31.7771,-95.7127,31.7770,-95.6998,91
KPSN,18,36,5005,100,Asphalt,1,0,31.7887,-95.7063,31.7750,-95.7064,181
KPSO,01,19,8100,100,Asphalt,1,0,37.2761,-107.0620,37.2964,-107.0500,24
KPSP,13L,31R,4953,75,Asphalt,1,0,33.8352,-116.5097,33.8242,-116.5000,144
KPSP,13R,31L,10000,150,Asphalt,1,0,33.8407,-116.5175,33.8186,-116.4978,144
KPSX,08,26,5001,150,Concrete,0,0,28.7304,-96.2621,28.7303,-96.2465,90
KPSX,13,31,5001,150,Concrete,1,0,28.7307,-96.2573,28.7210,-96.2464,135
KPSX,18,36,5001,150,Concrete,0,0,28.7332,-96.2467,28.7194,-96.2468,180
KPTB,05,23,5002,100,Asphalt,1,0,37.1793,-77.5120,37.1893,-77.5003,43
KPTB,14,32,3061,50,Asphalt,0,0,37.1857,-77.5132,37.1800,-77.5055,133
KPTD,06,24,3703,60,Asphalt,1,0,44.6730,-74.9534,44.6803,-74.9435,44
KPTK,04,22,2451,75,Asphalt,0,1,42.6614,-83.4141,42.6665,-83.4081,41
KPTK,09L,27R,5676,100,Asphalt,1,0,42.6662,-83.4319,42.6668,-83.4133,88
KPTK,09R,27L,6521,150,Asphalt,1,0,42.6647,-83.4331,42.6653,-83.4101,88
KPTK,18,36,2582,75,Asphalt,0,0,42.6671,-83.4084,42.6620,-83.4082,178
KPTN,04W,22W,4500,100,Water,0,0,29.7044,-91.3439,29.7116,-91.3323,55
KPTN,06,24,5399,150,Asphalt,1,0,29.7070,-91.3470,29.7146,-91.3324,59
KPTS,04,22,4000,75,Asphalt,0,0,37.4431,-94.7363,37.4515,-94.7275,40
KPTS,10,28,3008,100,Asphalt,0,1,37.4471,-94.7368,37.4443,-94.7271,110
KPTS,16,34,5500,100,Asphalt,1,0,37.4584,-94.7322,37.4436,-94.7289,169
KPTT,17,35,5500,100,Asphalt,1,0,37.7092,-98.7468,37.6941,-98.7469,180
KPTV,12,30,5960,150,Asphalt,1,0,36.0354,-119.0700,36.0238,-119.0560,135
KPTW,10,28,3371,75,Asphalt,1,0,40.2391,-75.5627,40.2400,-75.5507,85
KPUB,08L,26R,4690,75,Asphalt,1,0,38.2871,-104.5100,38.2880,-104.4740,88
KPUB,08R,26L,10498,150,Asphalt,0,0,38.2853,-104.5020,38.2857,-104.4870,88
KPUB,12,30,8268,150,Asphalt,0,1,38.3042,-104.5040,38.2887,-104.4820,133
KPUB,17,35,8310,150,Asphalt,1,0,38.3042,-104.5040,38.2814,-104.5030,178
KPUC,07,25,3631,75,Asphalt,0,0,39.6151,-110.7570,39.6150,-110.7440,90
KPUC,14,32,4520,75,Asphalt,1,0,39.6154,-110.7570,39.6038,-110.7510,159
KPUC,18,36,8319,100,Asphalt,1,0,39.6266,-110.7460,39.6049,-110.7550,199
KPUJ,13,31,5505,100,Concrete,0,0,33.9166,-84.9478,33.9074,-84.9334,
KPUW,05,23,7100,150,Asphalt,1,0,46.7407,-117.1220,46.7470,-117.0970,65
KPVB,07,25,3600,75,Asphalt,1,0,42.6858,-90.4512,42.6895,-90.4387,68
KPVB,15,33,4000,75,Asphalt,1,0,42.6954,-90.4482,42.6864,-90.4396,145
KPVC,07,25,3502,100,Asphalt,1,0,42.0698,-70.2263,42.0747,-70.2152,59
KPVD,05,23,8700,150,Asphalt,1,0,41.7138,-71.4350,41.7305,-71.4210,32
KPVD,16,34,6081,150,Asphalt,1,0,41.7317,-71.4322,41.7186,-71.4183,142
KPVE,01,19,6000,100,Concrete,1,0,35.6483,-88.1974,35.6644,-88.1933,12
KPVF,05,23,3914,76,Asphalt,1,0,38.7216,-120.7600,38.7268,-120.7470,63
KPVG,02,20,3525,70,Asphalt,1,0,36.7777,-76.4494,36.7858,-76.4480,9
KPVG,10,28,5350,100,Asphalt,1,0,36.7805,-76.4625,36.7780,-76.4444,92
KPVJ,12,30,3499,150,Concrete,0,1,34.7157,-97.2263,34.7089,-97.2181,134
KPVJ,17,35,5001,100,Concrete,1,0,34.7144,-97.2242,34.7007,-97.2242,180
KPVU,13,31,8603,150,Asphalt,1,0,40.2302,-111.7320,40.2107,-111.7150,146
KPVU,18,36,6628,150,Asphalt,1,0,40.2264,-111.7200,40.2087,-111.7250,192
KPVW,04,22,5997,100,Asphalt,1,0,34.1624,-101.7260,34.1728,-101.7110,51
KPVW,13,31,4000,100,Asphalt,1,0,34.1730,-101.7200,34.1649,-101.7120,138
KPWA,13,31,4214,100,Concrete,1,0,35.5351,-97.6522,35.5269,-97.6422,135
KPWA,17L,35R,7199,150,Concrete,1,0,35.5443,-97.6455,35.5246,-97.6455,180
KPWA,17R,35L,5002,75,Asphalt,1,0,35.5433,-97.6492,35.5296,-97.6492,180
KPWC,16,34,3000,75,Asphalt,1,0,46.7287,-94.3835,46.7209,-94.3799,164
KPWD,08,26,2951,60,Grass,0,0,48.7927,-104.5290,48.7932,-104.5170,87
KPWD,12,30,3900,75,Asphalt,1,0,48.7922,-104.5290,48.7850,-104.5170,132
KPWD,16,34,1600,83,Grass,0,0,48.7895,-104.5320,48.7840,-104.5320,180
KPWG,04,22,3484,55,Asphalt,0,0,31.4794,-97.3177,31.4863,-97.3100,44
KPWG,17,35,5501,75,Asphalt,1,0,31.4938,-97.3183,31.4787,-97.3180,179
KPWK,12,30,4415,75,Asphalt,1,0,42.1154,-87.9071,42.1097,-87.8928,118
KPWK,16,34,5001,150,Asphalt,1,0,42.1233,-87.9071,42.1106,-87.9004,159
KPWK,6,24,3677,50,Asphalt,1,1,42.1105,-87.9064,42.1150,-87.8943,63
KPWM,11,29,7200,150,Asphalt,1,0,43.6459,-70.3261,43.6440,-70.2990,95
KPWM,18,36,6100,150,Asphalt,1,0,43.6545,-70.3073,43.6413,-70.3019,163
KPWT,02,20,6000,150,Asphalt,1,0,47.4833,-122.7710,47.4972,-122.7580,33
KPWT,16,34,5122,150,Asphalt,0,1,47.4992,-122.7550,47.4850,-122.7550,179
KPXE,18,36,5004,100,Asphalt,1,0,32.5174,-83.7674,32.5037,-83.7673,179
KPYG,06,24,3396,60,Asphalt,1,0,34.7392,-80.3495,34.7451,-80.3408,50
KPYM,06,24,4650,75,Asphalt,1,0,41.9042,-70.7365,41.9134,-70.7263,40
KPYM,15,33,4350,75,Asphalt,1,0,41.9122,-70.7301,41.9063,-70.7206,130
KPYN,03,21,3296,60,Asphalt,1,0,37.1225,-90.7156,37.1306,-90.7097,30
KPYP,07,25,5500,100,Asphalt,0,0,34.0865,-85.6182,34.0934,-85.6020,63
KPYX,04,22,3280,144,Grass,0,0,36.4066,-100.7590,36.4123,-100.7500,51
KPYX,17,35,5701,75,Asphalt,1,0,36.4227,-100.7500,36.4071,-100.7500,180
KPZQ,09,27,4106,75,Asphalt,1,0,45.4069,-83.8209,45.4073,-83.8049,88
KRAC,04,22,6574,100,Concrete,1,0,42.7544,-87.8203,42.7688,-87.8057,37
KRAC,14,32,4421,100,Asphalt,1,0,42.7648,-87.8212,42.7567,-87.8089,132
KRAL,09,27,5401,100,Asphalt,1,0,33.9539,-117.4520,33.9505,-117.4346,103
KRAL,16,34,2850,50,Asphalt,1,0,33.9552,-117.4487,33.9473,-117.4484,179
KRAP,05,23,3601,75,Asphalt,1,0,44.0479,-103.0640,44.0525,-103.0520,62
KRAP,14,32,8701,150,Concrete,1,0,44.0538,-103.0650,44.0328,-103.0490,152
KRAS,12,30,3482,70,Asphalt,1,0,27.8146,-97.0931,27.8090,-97.0844,125
KRAW,18,36,4000,75,Concrete,1,0,38.3516,-93.3458,38.3425,-93.3464,183
KRBD,13,31,7136,100,Permeable,1,0,32.6873,-96.8764,32.6748,-96.8616,135
KRBD,17,35,3800,150,Permeable,1,0,32.6858,-96.8668,32.6754,-96.8668,180
KRBE,02,20,2202,120,Gravel,0,0,42.5717,-99.5744,42.5767,-99.5696,35
KRBE,13,31,4698,75,Concrete,1,0,42.5747,-99.5739,42.5647,-99.5629,141
KRBG,16,34,5003,100,Asphalt,1,0,43.2451,-123.3560,43.2325,-123.3560,180
KRBL,15,33,5431,100,Asphalt,1,0,40.1583,-122.2540,40.1430,-122.2500,168
KRBM,04,22,5702,75,Asphalt,1,0,34.8448,-92.3054,34.8555,-92.2948,39
KRBO,13,31,3700,75,Asphalt,1,0,27.7821,-97.6946,27.7750,-97.6865,135
KRBW,05,23,6002,100,Permeable,1,0,32.9157,-80.6453,32.9276,-80.6317,44
KRBW,09,27,5408,150,Permeable,0,1,32.9208,-80.6494,32.9211,-80.6318,89
KRBW,17,35,5705,100,Permeable,0,0,32.9280,-80.6451,32.9128,-80.6404,166
KRCA,13,31,13497,300,Concrete,1,0,44.1592,-103.1210,44.1316,-103.0870,138
KRCK,17,35,2962,50,Asphalt,1,0,30.6358,-96.9897,30.6275,-96.9897,180
KRCM,01,19,4206,75,Asphalt,1,0,,,,,8
KRCM,14,32,2801,60,Asphalt,1,0,38.7840,-93.8068,38.7784,-93.8001,137
KRCP,18,36,5000,75,Concrete,1,0,39.3545,-99.3045,39.3397,-99.3048,
KRCR,11,29,5001,75,Asphalt,1,0,41.0673,-86.1905,41.0638,-86.1730,105
KRCT,17,35,4506,100,Asphalt,0,0,43.9062,-85.5167,43.8938,-85.5167,180
KRCX,01,19,3199,75,Asphalt,1,0,45.4916,-91.0007,45.5003,-90.9993,7
KRCX,14,32,4001,75,Asphalt,1,0,45.4858,-91.0069,45.4774,-90.9968,141
KRCZ,04,22,3009,490,Gravel,0,0,34.8879,-79.7678,34.8942,-79.7613,38
KRCZ,14,32,5001,100,Asphalt,1,0,34.8956,-79.7633,34.8876,-79.7518,130
KRDD,12,30,5067,150,Asphalt,1,0,40.5119,-122.2970,40.5012,-122.2850,140
KRDD,16,34,7003,150,Asphalt,1,0,40.5203,-122.2950,40.5011,-122.2950,180
KRDG,13,31,6350,150,Asphalt,1,0,40.3836,-75.9781,40.3745,-75.9586,121
KRDG,18,36,5151,150,Asphalt,1,0,40.3848,-75.9627,40.3708,-75.9601,172
KRDK,05,23,5100,75,Concrete,1,0,41.0070,-95.2667,41.0130,-95.2541,58
KRDK,14,32,2050,210,Turf,0,0,41.0139,-95.2594,41.0095,-95.2547,142
KRDK,17,35,2901,60,Concrete,1,0,41.0143,-95.2606,41.0064,-95.2595,174
KRDM,05,23,7038,150,Asphalt,1,0,44.2495,-121.1620,44.2591,-121.1380,60
KRDM,11,29,7006,100,Asphalt,1,0,44.2589,-121.1610,44.2488,-121.1380,122
KRDR,17,35,12350,150,Asphalt,1,0,47.9782,-97.4008,47.9444,-97.4008,180
KRDU,05L,23R,10000,150,Concrete,1,0,35.8745,-78.8020,35.8938,-78.7780,45
KRDU,05R,23L,7500,150,Asphalt,1,0,35.8646,-78.7973,35.8792,-78.7794,45
KRDU,14,32,3570,100,Asphalt,1,0,35.8750,-78.7827,35.8681,-78.7742,135
KRED,16,34,4000,75,Asphalt,1,0,45.1928,-109.2680,45.1819,-109.2670,175
KREI,08,26,4504,75,Asphalt,1,0,34.0852,-117.1540,34.0853,-117.1390,90
KREO,03,21,6000,150,Gravel,0,0,42.5719,-117.8930,42.5833,-117.8780,46
KRFD,01,19,8200,150,Asphalt,1,0,42.1835,-89.0914,42.2059,-89.0886,5
KRFD,07,25,10002,150,Permeable,1,0,42.1902,-89.1199,42.2016,-89.0864,65
KRFG,09,27,2650,40,Asphalt,0,1,28.2906,-97.3250,28.2889,-97.3169,103
KRFG,14,32,4361,60,Asphalt,1,0,28.3008,-97.3272,28.2901,-97.3211,153
KRFI,12,30,3002,75,Asphalt,0,0,32.1434,-94.8555,32.1385,-94.8477,126
KRFI,16,34,4004,75,Asphalt,1,0,32.1477,-94.8529,32.1369,-94.8507,170
KRGK,09,27,5010,100,Asphalt,1,0,44.5897,-92.4946,44.5890,-92.4754,93
KRHI,05,23,5600,100,Asphalt,0,1,45.6255,-89.4701,45.6348,-89.4527,53
KRHI,09,27,6800,150,Concrete,1,0,45.6303,-89.4866,45.6309,-89.4600,88
KRHI,15,33,5201,100,Asphalt,1,0,45.6373,-89.4633,45.6269,-89.4539,148
KRHP,08,26,5500,100,Asphalt,1,0,35.1928,-83.8718,35.1977,-83.8543,71
KRHV,13L,31R,3100,75,Asphalt,1,0,37.3365,-121.8230,37.3297,-121.8160,143
KRHV,13R,31L,3099,75,Asphalt,0,0,37.3360,-121.8230,37.3292,-121.8170,143
KRIC,02,20,6607,150,Asphalt,1,0,37.4989,-77.3297,37.5165,-77.3244,13
KRIC,07,25,5326,100,Asphalt,1,1,37.4964,-77.3258,37.5042,-77.3104,57
KRIC,16,34,9003,150,Asphalt,1,0,37.5166,-77.3236,37.4957,-77.3069,148
KRID,06,24,5502,150,Asphalt,1,0,39.7517,-84.8501,39.7603,-84.8341,55
KRID,10,28,3560,150,Asphalt,0,1,39.7609,-84.8499,39.7592,-84.8374,100
KRID,15,33,4999,100,Asphalt,1,0,39.7619,-84.8485,39.7506,-84.8383,145
KRIF,01,19,7100,100,Asphalt,1,0,38.7282,-112.1040,38.7447,-112.0940,25
KRIL,08,26,7000,100,Asphalt,1,0,39.5268,-107.7390,39.5258,-107.7150,93
KRIR,06,24,3190,50,Asphalt,1,0,33.9878,-117.4150,33.9898,-117.4048,79
KRIU,04,22,3798,75,Asphalt,1,0,38.4836,-121.1080,38.4899,-121.0970,53
KRIV,12,30,3061,100,Asphalt,0,1,33.8970,-117.2689,33.8844,-117.2536,135
KRIV,14,32,13302,200,Concrete,1,0,33.8964,-117.2706,33.8650,-117.2483,149
KRIW,01,19,4800,75,Asphalt,1,0,43.0571,-108.4660,43.0691,-108.4580,24
KRIW,10,28,8204,150,Asphalt,1,0,43.0696,-108.4730,43.0603,-108.4450,114
KRJD,12,30,3214,50,Asphalt,1,0,38.9721,-75.8738,38.9692,-75.8632,109
KRKD,03,21,4000,100,Asphalt,1,0,44.0563,-69.1007,44.0667,-69.0972,13
KRKD,13,31,5412,100,Asphalt,1,0,44.0615,-69.1084,44.0566,-69.0906,111
KRKP,09,27,4350,150,Asphalt,0,1,28.0891,-97.0534,28.0870,-97.0401,101
KRKP,14,32,5608,100,Asphalt,1,0,28.0927,-97.0516,28.0800,-97.0417,145
KRKP,18,36,4498,100,Asphalt,1,0,28.0922,-97.0388,28.0800,-97.0413,191
KRKR,18,36,4007,75,Asphalt,1,0,35.0270,-94.6201,35.0162,-94.6224,190
KRKS,03,21,5228,75,Asphalt,1,0,41.5886,-109.0730,41.5987,-109.0600,45
KRKS,09,27,10002,150,Asphalt,1,0,41.5977,-109.0820,41.5914,-109.0470,103
KRKW,04,22,5000,100,Asphalt,1,0,35.9170,-84.6951,35.9276,-84.6844,39
KRLD,01,19,4009,75,Asphalt,1,0,46.3000,-119.3080,46.3099,-119.3020,26
KRLD,08,26,4001,100,Asphalt,1,0,46.3069,-119.3110,46.3058,-119.2950,95
KRME,15,33,11820,200,Concrete,1,0,43.2451,-75.4230,43.2225,-75.3911,134
KRMG,01,19,7010,150,Asphalt,1,0,34.3428,-85.1595,34.3592,-85.1577,5
KRMG,07,25,4498,100,Asphalt,0,0,34.3484,-85.1658,34.3526,-85.1518,70
KRMG,14,32,3596,75,Asphalt,0,1,34.3535,-85.1604,34.3467,-85.1518,134
KRMN,15,33,6000,100,Asphalt,1,0,38.4033,-77.4612,38.3929,-77.4498,139
KRMY,10,28,3501,75,Asphalt,1,0,42.2517,-84.9619,42.2506,-84.9490,97
KRNC,05,23,5000,100,Asphalt,1,0,35.6943,-85.8503,35.7031,-85.8373,51
KRND,15L,33R,8351,200,Concrete,1,0,29.5428,-98.2760,29.5229,-98.2628,150
KRND,15R,33L,8352,200,Permeable,1,0,29.5350,-98.2932,29.5151,-98.2801,150
KRNH,04,22,2006,75,Grass,0,0,45.1400,-92.5402,45.1441,-92.5344,45
KRNH,14,32,5507,75,Asphalt,1,0,45.1527,-92.5427,45.1439,-92.5334,143
KRNM,09,27,5001,150,Asphalt,1,0,33.0403,-116.9230,33.0380,-116.9070,100
KRNO,08,26,6102,150,Concrete,1,0,39.4963,-119.7790,39.4962,-119.7570,90
KRNO,17L,35R,9000,150,Concrete,1,0,39.5138,-119.7670,39.4891,-119.7670,180
KRNO,17R,35L,11001,150,Concrete,1,0,39.5138,-119.7690,39.4836,-119.7690,180
KRNP,06,24,2446,130,Grass,0,0,42.9920,-84.1437,42.9956,-84.1358,59
KRNP,11,29,4300,75,Asphalt,1,0,42.9943,-84.1468,42.9917,-84.1311,103
KRNP,18,36,2509,260,Grass,0,0,42.9957,-84.1369,42.9886,-84.1362,176
KRNT,16,34,5382,200,ASPH-CONC-G,1,0,47.5005,-122.2169,47.4858,-122.2147,174
KRNV,18,36,5005,75,Asphalt,1,0,33.7666,-90.7581,33.7556,-90.7576,178
KROA,06,24,6800,150,Asphalt,1,0,37.3222,-79.9840,37.3343,-79.9662,50
KROA,16,34,5810,150,Asphalt,1,0,37.3290,-79.9811,37.3154,-79.9705,148
KROC,04,22,8001,150,Asphalt,1,0,43.1069,-77.6877,43.1256,-77.6720,32
KROC,07,25,4000,100,Asphalt,1,0,43.1157,-77.6726,43.1210,-77.6591,62
KROC,10,28,6402,150,Asphalt,1,0,43.1228,-77.6765,43.1234,-77.6559,87
KROG,02,20,6011,100,Asphalt,1,0,36.3646,-94.1103,36.3802,-94.1036,19
KROS,16,34,4401,75,Asphalt,1,0,45.7041,-92.9562,45.6928,-92.9503,160
KROW,03,21,13000,150,Permeable,1,0,33.2861,-104.5370,33.3113,-104.5070,45
KROW,12,30,7425,200,Permeable,0,1,33.3140,-104.5430,33.2995,-104.5260,135
KROW,17,35,10008,100,Asphalt,1,0,33.3151,-104.5390,33.2877,-104.5390,180
KROX,06,24,2097,250,Grass,0,0,48.8519,-95.7000,48.8544,-95.6903,69
KROX,16,34,4400,75,Asphalt,1,0,48.8635,-95.7000,48.8517,-95.6960,167
KRPB,14,32,1415,100,Grass,0,0,39.8189,-97.6606,39.8147,-97.6562,141
KRPB,18,36,3500,60,Asphalt,1,0,39.8233,-97.6602,39.8137,-97.6605,182
KRPD,01,19,6700,100,Asphalt,1,0,45.4140,-91.7757,45.4293,-91.7713,11
KRPD,13,31,3500,75,Asphalt,1,0,45.4176,-91.7790,45.4114,-91.7686,131
KRPH,03,21,5000,75,Asphalt,1,0,33.1057,-98.5596,33.1146,-98.5509,40
KRPH,18,36,3317,50,Asphalt,0,0,33.1149,-98.5551,33.1058,-98.5556,183
KRPJ,07,25,5001,75,Asphalt,1,0,41.8910,-89.0856,41.8950,-89.0710,70
KRPX,07,25,5098,75,Asphalt,1,0,46.4736,-108.5510,46.4766,-108.5320,78
KRPX,16,34,2460,100,Grass,0,0,46.4781,-108.5480,46.4715,-108.5460,168
KRQB,09,27,4300,75,Asphalt,1,0,43.7245,-85.5165,43.7245,-85.5003,90
KRQB,14,32,2699,75,Asphalt,1,0,43.7226,-85.5002,43.7167,-85.4941,143
KRQE,03,21,7000,75,Asphalt,1,0,35.6441,-109.0740,35.6600,-109.0610,34
KRQO,17,35,5600,75,CONC-TRTD-G,0,0,35.4812,-98.0043,35.4658,-98.0043,180
KRQO,18,36,4017,190,Turf,0,0,35.4780,-98.0076,35.4653,-98.0076,180
KRRL,07,25,5101,75,Asphalt,1,0,45.1957,-89.7252,45.2009,-89.7068,69
KRRL,16,34,2997,75,Asphalt,1,0,45.2037,-89.7099,45.1962,-89.7053,156
KRRQ,16,34,3097,50,Asphalt,1,0,43.4564,-96.1806,43.4480,-96.1789,172
KRRT,04,22,2987,150,Grass,0,0,48.9384,-95.3527,48.9444,-95.3441,44
KRRT,13,31,5400,100,Asphalt,1,0,48.9460,-95.3542,48.9349,-95.3393,139
KRSL,03,21,1602,300,Gravel,0,0,38.8718,-98.8158,38.8756,-98.8130,30
KRSL,17,35,5000,75,Concrete,1,0,38.8776,-98.8118,38.8639,-98.8098,174
KRSN,18,36,6002,100,Asphalt,1,0,32.5215,-92.5883,32.5077,-92.5883,180
KRST,03,21,7301,150,Concrete,1,0,43.8949,-92.5069,43.9128,-92.4946,26
KRST,13,31,9034,150,Concrete,1,0,43.9202,-92.5121,43.9035,-92.4867,132
KRSV,09,27,5108,100,Asphalt,1,0,39.0166,-87.6610,39.0162,-87.6430,92
KRSV,17,35,3398,75,Asphalt,1,0,39.0200,-87.6479,39.0109,-87.6450,166
KRSW,06,24,12000,150,Asphalt,1,0,26.5265,-81.7700,26.5458,-81.7403,54
KRTN,02,20,7615,75,Asphalt,1,0,36.7342,-104.5110,36.7485,-104.4990,34
KRTN,07,25,4425,75,Asphalt,1,0,36.7405,-104.5050,36.7431,-104.4910,78
KRUE,07,25,5505,75,Asphalt,1,0,35.2573,-93.1015,35.2610,-93.0850,75
KRUG,12,30,3600,60,Asphalt,1,0,48.3935,-100.0300,48.3873,-100.0180,128
KRUQ,02,20,5501,100,Asphalt,1,0,35.6386,-80.5228,35.6531,-80.5177,16
KRUT,01,19,5304,100,Asphalt,1,0,43.5249,-72.9495,43.5386,-72.9500,359
KRUT,13,31,3169,75,Asphalt,1,0,43.5291,-72.9547,43.5249,-72.9442,119
KRVJ,11,29,5003,75,Asphalt,1,0,32.0606,-82.1576,32.0574,-82.1459,108
KRVL,06,24,5001,75,Asphalt,1,0,40.6729,-77.6336,40.6819,-77.6200,49
KRVN,07,25,3504,75,Asphalt,1,0,36.4555,-82.8904,36.4597,-82.8797,64
KRVS,01L,19R,5101,100,Asphalt,1,0,36.0330,-95.9879,36.0466,-95.9839,13
KRVS,01R,19L,4205,100,Asphalt,1,0,36.0340,-95.9851,36.0453,-95.9819,13
KRVS,13,31,2639,50,Asphalt,1,0,36.0418,-95.9875,36.0365,-95.9806,133
KRWF,05,23,2081,200,Grass,0,0,44.5446,-95.0848,44.5478,-95.0783,56
KRWF,12,30,4001,100,Asphalt,1,0,44.5511,-95.0887,44.5444,-95.0766,128
KRWI,04,22,7099,150,Asphalt,1,0,35.8481,-77.8985,35.8644,-77.8854,33
KRWL,04,22,7008,100,Asphalt,1,0,41.8001,-107.2100,41.8114,-107.1890,54
KRWL,11,29,4322,60,Asphalt,1,0,41.8078,-107.2070,41.8030,-107.1930,115
KRWN,09,27,4201,75,Asphalt,1,0,41.0923,-86.6205,41.0922,-86.6052,90
KRWV,15,33,3252,50,Asphalt,1,0,30.5194,-96.7065,30.5115,-96.7017,152
KRXE,17,35,4204,75,Asphalt,1,0,43.8396,-111.8040,43.8282,-111.8060,186
KRYM,13,31,6100,100,Asphalt,1,0,46.0971,-94.3690,46.0853,-94.3521,136
KRYM,132,312,4000,90,Gravel,0,0,,,,,
KRYN,06L,24R,4900,75,Asphalt,0,0,32.1412,-111.1820,32.1458,-111.1680,70
KRYN,06R,24L,5500,75,Asphalt,1,0,32.1401,-111.1790,32.1452,-111.1630,70
KRYN,15,33,4010,75,Asphalt,0,0,32.1454,-111.1800,32.1346,-111.1780,167
KRYV,05,23,4429,75,Asphalt,1,0,43.1652,-88.7308,43.1725,-88.7175,53
KRYV,11,29,2801,75,Asphalt,1,0,43.1724,-88.7266,43.1693,-88.7169,113
KRYW,15,33,3808,50,Asphalt,1,0,30.5035,-97.9714,30.4936,-97.9675,161
KRYY,09,27,6295,100,Asphalt,1,0,34.0130,-84.6074,34.0134,-84.5866,89
KRZL,09,27,1450,150,Grass,0,0,40.9478,-87.1884,40.9478,-87.1814,90
KRZL,18,36,4000,60,Asphalt,1,0,40.9534,-87.1815,40.9424,-87.1814,180
KRZN,04,22,3900,75,Asphalt,1,0,45.8199,-92.3781,45.8274,-92.3672,44
KRZN,13,31,3500,75,Asphalt,1,0,45.8252,-92.3770,45.8182,-92.3676,137
KRZR,03,21,6200,100,Asphalt,1,0,,,,,
KRZT,05,23,5405,100,Asphalt,1,0,39.4349,-83.0295,39.4459,-83.0166,42
KRZT,12,30,3130,125,Grass,0,1,39.4445,-83.0268,39.4412,-83.0166,113
KSAA,05,23,8801,100,Asphalt,1,0,41.4386,-106.8420,41.4484,-106.8130,66
KSAC,02,20,5503,150,Asphalt,1,0,38.5052,-121.5010,38.5179,-121.4900,33
KSAC,12,30,3837,100,Asphalt,1,0,38.5184,-121.4950,38.5112,-121.4850,133
KSAC,16,34,3485,150,Asphalt,0,0,38.5164,-121.4940,38.5069,-121.4940,180
KSAD,08,26,4802,75,Asphalt,1,0,32.8549,-109.6430,32.8547,-109.6270,92
KSAD,12,30,6007,100,Asphalt,1,0,32.8594,-109.6430,32.8477,-109.6290,135
KSAF,02,20,8366,150,Asphalt,1,0,35.6084,-106.0960,35.6271,-106.0800,35
KSAF,10,28,6301,75,Asphalt,0,0,35.6206,-106.1010,35.6142,-106.0820,112
KSAF,15,33,6316,100,Asphalt,1,0,35.6244,-106.0920,35.6076,-106.0870,167
KSAN,09,27,9401,200,Asphalt,1,0,32.7371,-117.2044,32.7300,-117.1750,106
KSAR,09,27,2958,110,Grass,0,0,38.1474,-89.7016,38.1474,-89.6932,90
KSAR,18,36,4002,75,Asphalt,1,0,38.1554,-89.6995,38.1444,-89.6995,180
KSAS,07,25,5000,75,,0,0,,,,,
KSAT,04,22,8505,150,Concrete,1,0,29.5232,-98.4699,29.5389,-98.4545,41
KSAT,13L,31R,5519,100,Asphalt,1,0,29.5403,-98.4777,29.5302,-98.4647,132
KSAT,13R,31L,8502,150,Concrete,1,0,29.5427,-98.4855,29.5272,-98.4656,132
KSAV,01,19,7002,150,Concrete,0,0,32.1166,-81.2000,32.1358,-81.2001,0
KSAV,10,28,9351,150,Concrete,0,0,32.1288,-81.2188,32.1285,-81.1886,91
KSAW,01,19,9072,150,Permeable,1,0,46.3369,-87.3992,46.3704,-87.3915,9
KSAZ,14,32,3305,75,Asphalt,1,0,46.3846,-94.8104,46.3772,-94.8028,145
KSBA,07,25,6037,150,Asphalt,1,0,34.4275,-119.8547,34.4279,-119.8346,89
KSBA,15L,33R,4190,75,Asphalt,0,0,34.4308,-119.8404,34.4197,-119.8370,166
KSBA,15R,33L,4190,100,Asphalt,1,0,34.4305,-119.8416,34.4194,-119.8381,166
KSBD,06,24,10000,200,Concrete,1,0,34.0908,-117.2500,34.1000,-117.2190,70
KSBM,04,22,6801,100,Concrete,1,0,43.7646,-87.8570,43.7767,-87.8452,35
KSBM,13,31,5002,75,Asphalt,1,0,43.7728,-87.8592,43.7641,-87.8445,130
KSBN,09L,27R,4300,75,Asphalt,1,0,41.7139,-86.3288,41.7142,-86.3130,89
KSBN,09R,27L,8412,150,Asphalt,1,0,41.7043,-86.3294,41.7048,-86.2986,89
KSBN,18,36,7101,150,Asphalt,1,0,41.7188,-86.3194,41.7023,-86.3189,179
KSBO,13,31,6021,100,Asphalt,1,0,32.6144,-82.3775,32.6039,-82.3624,129
KSBP,07,25,2500,100,Asphalt,0,0,35.2369,-120.6500,35.2369,-120.6390,90
KSBP,11,29,6101,150,Asphalt,1,0,35.2410,-120.6470,35.2327,-120.6330,124
KSBS,14,32,4452,100,Asphalt,1,0,40.5217,-106.8700,40.5108,-106.8630,153
KSBU,03,21,2245,200,Grass,0,0,43.5928,-94.0953,43.5979,-94.0904,34
KSBU,16,34,3400,75,Asphalt,1,0,43.5983,-94.0946,43.5895,-94.0904,161
KSBX,05,23,5005,75,Asphalt,1,0,48.5384,-111.8810,48.5441,-111.8630,65
KSBX,11,29,3701,60,Asphalt,1,0,48.5431,-111.8760,48.5367,-111.8640,129
KSBY,05,23,5000,100,Asphalt,1,0,38.3339,-75.5169,38.3449,-75.5065,37
KSBY,14,32,6400,100,Permeable,1,0,38.3460,-75.5167,38.3370,-75.5013,127
KSCB,12,30,2820,60,Concrete,0,0,41.6092,-96.6393,41.6030,-96.6309,134
KSCB,17,35,4200,75,Concrete,1,0,41.6193,-96.6259,41.6078,-96.6258,180
KSCD,09,27,5390,100,Asphalt,1,0,33.1719,-86.3143,33.1718,-86.2967,91
KSCH,04,22,7001,150,Asphalt,1,0,42.8469,-73.9338,42.8642,-73.9224,26
KSCH,10,28,4850,150,Asphalt,1,0,42.8484,-73.9408,42.8489,-73.9227,88
KSCH,15,33,2639,50,Asphalt,0,1,42.8538,-73.9292,42.8487,-73.9222,135
KSCK,11L,29R,10245,150,Asphalt,1,0,37.9023,-121.2510,37.8845,-121.2220,128
KSCK,11R,29L,4448,75,Asphalt,0,0,37.8996,-121.2490,37.8922,-121.2370,128
KSCX,05,23,5505,75,Asphalt,1,0,36.4505,-84.5925,36.4609,-84.5790,46
KSDA,04,22,5000,75,Concrete,1,0,40.7454,-95.4184,40.7554,-95.4061,43
KSDA,12,30,3439,75,Concrete,1,0,40.7560,-95.4207,40.7508,-95.4109,125
KSDC,10,28,3803,60,Asphalt,1,0,43.2346,-77.1273,43.2348,-77.1130,89
KSDF,11,29,7251,150,Concrete,1,0,38.1802,-85.7474,38.1731,-85.7238,111
KSDF,17L,35R,8578,150,Concrete,1,0,38.1873,-85.7313,38.1646,-85.7236,165
KSDF,17R,35L,11887,150,Concrete,1,0,38.1870,-85.7488,38.1582,-85.7393,165
KSDL,03,21,8249,100,Asphalt,1,0,33.6147,-111.9200,33.6310,-111.9010,44
KSDM,08L,26R,7972,150,Permeable,1,0,32.5738,-116.9930,32.5717,-116.9680,96
KSDM,08R,26L,3185,75,Asphalt,0,0,32.5716,-116.9840,32.5707,-116.9740,96
KSDY,01,19,5705,100,Asphalt,1,0,47.6976,-104.2010,47.7119,-104.1920,24
KSDY,11,29,4024,100,Asphalt,1,0,47.7123,-104.1940,47.7073,-104.1800,117
KSEA,16C,34C,9426,150,Permeable,1,0,47.4638,-122.3110,47.4380,-122.3110,180
KSEA,16L,34R,11901,150,Permeable,1,0,47.4638,-122.3080,47.4312,-122.3080,180
KSEA,16R,34L,8500,150,Permeable,1,0,47.4638,-122.3180,47.4405,-122.3180,180
KSEA,lower,high,,,,1,1,,,,,
KSEE,09L,27R,5342,100,Asphalt,1,0,32.8295,-116.9813,32.8264,-116.9643,102
KSEE,09R,27L,2738,60,Asphalt,0,0,32.8274,-116.9763,32.8258,-116.9675,102
KSEE,17,35,4145,100,Asphalt,1,0,32.8295,-116.9725,32.8182,-116.9724,180
KSEF,04,22,5106,300,Concrete,0,1,27.4481,-81.3469,27.4581,-81.3358,45
KSEF,09,27,4928,300,Concrete,0,1,27.4481,-81.3583,27.4481,-81.3431,90
KSEF,14,32,4990,100,Concrete,0,0,27.4622,-81.3472,27.4526,-81.3363,135
KSEF,18,36,5190,150,Asphalt,1,0,27.4626,-81.3431,27.4483,-81.3430,180
KSEG,17,35,4760,75,Asphalt,1,0,40.8254,-76.8663,40.8157,-76.8613,159
KSEM,15,33,8014,150,Permeable,1,0,32.3530,-86.9951,32.3349,-86.9805,146
KSEP,03,21,2502,50,Asphalt,0,1,32.2128,-98.1831,32.2181,-98.1780,39
KSEP,14,32,4209,75,Asphalt,1,0,32.2203,-98.1812,32.2104,-98.1742,149
KSEQ,08,26,4850,150,Asphalt,0,1,29.5636,-97.9200,29.5636,-97.9047,90
KSEQ,13,31,8350,150,Asphalt,0,0,29.5736,-97.9181,29.5581,-97.8986,133
KSEQ,17,35,5350,150,Asphalt,0,1,29.5731,-97.9178,29.5583,-97.9178,180
KSER,05,23,6001,100,Asphalt,1,0,38.9182,-85.9074,38.9290,-85.8940,44
KSER,09U,27U,1104,100,TURF-E,0,0,38.9314,-85.9142,38.9314,-85.9106,90
KSER,14,32,5502,100,Asphalt,1,0,38.9287,-85.9210,38.9182,-85.9071,134
KSER,18U,36U,1215,100,Turf,0,0,38.9314,-85.9140,38.9281,-85.9140,180
KSET,09,27,2000,75,Asphalt,1,0,38.9324,-90.4317,38.9323,-90.4247,91
KSET,18,36,3800,75,Asphalt,1,0,38.9335,-90.4308,38.9231,-90.4310,181
KSEZ,03,21,5132,100,Asphalt,1,0,34.8437,-111.7950,34.8535,-111.7820,46
KSFB,09C,27C,3578,75,Asphalt,1,0,28.7785,-81.2455,28.7785,-81.2343,90
KSFB,09L,27R,11002,150,Asphalt,1,0,28.7817,-81.2560,28.7818,-81.2260,90
KSFB,09R,27L,5839,75,Asphalt,1,0,28.7699,-81.2356,28.7700,-81.2247,90
KSFB,18,36,6002,150,Permeable,1,0,28.7833,-81.2348,28.7668,-81.2347,180
KSFF,3W,21W,6000,100,Water,0,0,,,,,
KSFF,4L,22R,4500,150,Concrete,1,0,47.6792,-117.3310,47.6864,-117.3170,54
KSFF,4R,22L,2650,75,Asphalt,1,0,47.6804,-117.3260,47.6853,-117.3150,54
KSFM,01,19,6000,150,Asphalt,0,1,43.3839,-70.7142,43.4003,-70.7147,359
KSFM,07,25,6389,100,Asphalt,1,0,43.3869,-70.7192,43.3955,-70.7000,58
KSFM,14,32,4999,100,Asphalt,1,0,43.4003,-70.7143,43.3937,-70.6978,120
KSFO,10L,28R,11870,200,Asphalt,1,0,37.6287,-122.3934,37.6135,-122.3572,118
KSFO,10R,28L,11381,200,Asphalt,1,0,37.6263,-122.3931,37.6117,-122.3584,118
KSFO,1L,19R,7650,200,Asphalt,1,0,37.6079,-122.3830,37.6265,-122.3706,28
KSFO,1R,19L,8660,200,Asphalt,1,0,37.6063,-122.3811,37.6273,-122.3671,28
KSFQ,04,22,5007,100,Asphalt,1,0,36.6746,-76.6033,36.6866,-76.5949,29
KSFQ,07,25,3750,100,Asphalt,1,0,36.6805,-76.6102,36.6862,-76.5959,64
KSFQ,15,33,3650,150,Concrete,0,1,36.6876,-76.6076,36.6793,-76.6007,146
KSFY,13,31,4001,75,Asphalt,0,0,42.0498,-90.1131,42.0419,-90.1028,135
KSFZ,05,23,5000,100,Asphalt,1,0,41.9166,-71.4958,41.9283,-71.4861,32
KSFZ,15,33,3211,75,Asphalt,1,0,41.9215,-71.4959,41.9148,-71.4882,140
KSGF,02,20,7003,150,Concrete,1,0,37.2356,-93.3892,37.2535,-93.3803,22
KSGF,14,32,8000,150,Permeable,1,0,37.2552,-93.4005,37.2380,-93.3835,142
KSGH,06,24,9010,150,Permeable,1,0,39.8351,-83.8514,39.8495,-83.8254,54
KSGH,15,33,5498,100,Asphalt,1,0,39.8431,-83.8488,39.8309,-83.8373,144
KSGJ,02,20,2609,75,Asphalt,1,0,29.9545,-81.3411,29.9612,-81.3381,21
KSGJ,06,24,2701,60,Asphalt,1,0,29.9540,-81.3413,29.9575,-81.3338,62
KSGJ,12W,30W,5000,1000,Water,0,0,,,,,
KSGJ,13,31,8001,150,Asphalt,1,0,29.9674,-81.3507,29.9544,-81.3304,126
KSGJ,16,34,4001,150,Asphalt,0,1,29.9656,-81.3431,29.9550,-81.3392,162
KSGJ,17W,35W,12000,1000,Water,0,0,,,,,
KSGJ,18W,36W,12000,500,Water,0,0,,,,,
KSGR,17,35,8000,100,Concrete,1,0,29.6332,-95.6576,29.6113,-95.6555,175
KSGS,16,34,4002,100,Asphalt,1,0,44.8624,-93.0352,44.8519,-93.0305,163
KSGT,09,27,5002,150,Concrete,1,0,34.6040,-91.5787,34.6035,-91.5621,92
KSGT,18,36,6015,100,Permeable,1,0,34.6042,-91.5785,34.5877,-91.5791,182
KSGU,1,19,9300,150,Asphalt,1,0,37.0246,-113.5165,37.0481,-113.5041,23
KSHD,05,23,6002,150,Asphalt,1,0,38.2574,-78.9029,38.2703,-78.8900,38
KSHL,15,33,4199,75,Concrete,1,0,43.2136,-95.8367,43.2032,-95.8302,156
KSHN,05,23,5005,100,Asphalt,1,0,47.2310,-123.1570,47.2361,-123.1380,68
KSHR,06,24,5039,75,Asphalt,1,0,44.7709,-106.9880,44.7761,-106.9700,68
KSHR,13,31,6648,150,Asphalt,0,1,44.7811,-106.9840,44.7670,-106.9680,141
KSHR,15,33,8301,100,Asphalt,1,0,44.7770,-106.9880,44.7562,-106.9750,156
KSHV,06,24,7003,150,Asphalt,1,0,32.4451,-93.8329,32.4533,-93.8154,61
KSHV,14,32,8348,200,Asphalt,1,0,32.4538,-93.8349,32.4356,-93.8185,143
KSIF,13,31,5200,100,Asphalt,1,0,36.4413,-79.8583,36.4332,-79.8437,125
KSIK,03,21,5502,100,Asphalt,1,0,36.8920,-89.5656,36.9058,-89.5579,24
KSIV,18,36,4359,75,Asphalt,1,0,39.1207,-87.4482,39.1087,-87.4484,181
KSIY,17,35,7490,150,Asphalt,1,0,41.7915,-122.4650,41.7714,-122.4710,191
KSJC,11,29,4599,100,Asphalt,1,1,37.3660,-121.9367,37.3564,-121.9262,139
KSJC,12L,30R,11000,150,Concrete,1,0,37.3750,-121.9400,37.3523,-121.9150,139
KSJC,12R,30L,11000,150,Concrete,1,0,37.3737,-121.9420,37.3510,-121.9170,139
KSJN,03,21,3400,60,Asphalt,0,0,34.5127,-109.3830,34.5201,-109.3760,37
KSJN,14,32,5322,75,Asphalt,1,0,34.5262,-109.3830,34.5137,-109.3730,148
KSJT,03,21,5940,150,Asphalt,1,0,31.3497,-100.5000,31.3616,-100.4870,43
KSJT,09,27,4406,75,Asphalt,1,0,31.3612,-100.5020,31.3597,-100.4880,98
KSJT,18,36,8054,150,Asphalt,1,0,31.3688,-100.4980,31.3468,-100.5010,187
KSJX,05,23,2054,120,Grass,0,0,45.6918,-85.5694,45.6960,-85.5639,42
KSJX,09,27,4299,75,Asphalt,1,0,45.6915,-85.5777,45.6915,-85.5609,90
KSJX,14,32,3278,120,Grass,0,0,45.6953,-85.5680,45.6892,-85.5584,132
KSKA,05,23,13899,150,Concrete,1,0,47.6075,-117.6820,47.6226,-117.6300,67
KSKF,16,34,11550,300,Concrete,1,0,29.3993,-98.5867,29.3691,-98.5756,162
KSKI,14,32,2350,60,Concrete,1,0,42.3835,-94.9822,42.3781,-94.9775,147
KSKI,18,36,4100,75,Concrete,1,0,42.3837,-94.9794,42.3724,-94.9794,180
KSKX,04,22,5504,75,Asphalt,1,0,36.4537,-105.6810,36.4626,-105.6640,56
KSLB,06,24,1962,95,Grass,0,0,42.5984,-95.2439,42.6004,-95.2375,67
KSLB,13,31,3034,50,Concrete,1,0,42.6035,-95.2437,42.5977,-95.2356,134
KSLB,17,35,5002,75,Concrete,1,0,42.6011,-95.2422,42.5874,-95.2405,175
KSLC,14,32,4893,150,Asphalt,1,0,40.7857,-111.9713,40.7738,-111.9632,153
KSLC,16L,34R,12002,150,Asphalt,1,0,40.8075,-111.9769,40.7746,-111.9731,175
KSLC,16R,34L,12000,150,Concrete,1,0,40.8078,-111.9993,40.7750,-111.9955,175
KSLC,17,35,9596,150,Asphalt,1,0,40.7989,-111.9621,40.7726,-111.9621,180
KSLE,13,31,5811,150,Asphalt,1,0,44.9169,-123.0070,44.9031,-122.9960,150
KSLE,16,34,5146,100,Asphalt,1,0,44.9161,-123.0030,44.9020,-123.0040,181
KSLG,18,36,4997,75,Asphalt,1,0,36.1987,-94.4892,36.1850,-94.4908,185
KSLH,10,28,4004,75,Asphalt,1,0,45.6542,-84.5272,45.6542,-84.5116,90
KSLH,17,35,1874,60,Grass,0,0,45.6546,-84.5198,45.6504,-84.5180,164
KSLI,04L,22R,5901,150,Permeable,1,0,33.7853,-118.0621,33.7946,-118.0462,54
KSLI,04R,22L,7999,200,Asphalt,1,0,33.7838,-118.0603,33.7964,-118.0387,55
KSLI,17,35,2500,150,Asphalt,0,1,33.7936,-118.0480,33.7867,-118.0480,180
KSLJ,14,32,5000,60,Asphalt,1,0,31.1790,-89.1964,31.1687,-89.1859,139
KSLK,05,23,6573,150,Asphalt,1,0,44.3802,-74.2133,44.3950,-74.1989,35
KSLK,09,27,3997,100,Asphalt,1,0,44.3805,-74.2139,44.3826,-74.1988,79
KSLN,04,22,3648,75,Asphalt,0,0,38.7862,-97.6561,38.7928,-97.6465,49
KSLN,12,30,6510,100,Asphalt,1,0,38.7936,-97.6670,38.7815,-97.6501,132
KSLN,17,35,12301,150,Asphalt,1,0,38.8104,-97.6460,38.7766,-97.6459,180
KSLN,18,36,4301,75,Asphalt,0,0,38.7938,-97.6615,38.7820,-97.6614,180
KSLO,18,36,4098,75,Asphalt,1,0,38.6485,-88.9641,38.6372,-88.9642,180
KSLR,01,19,5001,75,Concrete,1,0,33.1531,-95.6225,33.1666,-95.6198,10
KSMD,05,23,3126,100,Asphalt,1,0,41.1409,-85.1571,41.1463,-85.1484,51
KSMD,13,31,2922,60,Asphalt,1,0,41.1456,-85.1570,41.1406,-85.1487,128
KSME,05,23,5801,100,Asphalt,1,0,37.0490,-84.6210,37.0606,-84.6075,43
KSMF,17L,35R,8605,150,Concrete,1,0,38.7071,-121.5801,38.6835,-121.5805,181
KSMF,17R,35L,8598,150,Concrete,1,0,38.7074,-121.6011,38.6837,-121.6015,181
KSMN,17,35,5510,75,Asphalt,1,0,45.1308,-113.8800,45.1168,-113.8830,188
KSMO,03,21,3500,150,Asphalt,1,0,34.0124,-118.4554,34.0193,-118.4473,45
KSMQ,08,26,1923,100,Gravel,0,0,40.6257,-74.6727,40.6278,-74.6653,69
KSMQ,12,30,2739,65,Asphalt,1,0,40.6269,-74.6752,40.6245,-74.6659,109
KSMQ,17,35,1700,150,Grass,0,0,40.6280,-74.6720,40.6232,-74.6704,167
KSMS,05,23,5501,100,Asphalt,1,0,33.9902,-80.3677,34.0012,-80.3553,43
KSMS,14,32,3081,120,Grass,0,0,33.9968,-80.3647,33.9909,-80.3574,134
KSMX,02,20,5199,75,Asphalt,0,0,34.8934,-120.4679,34.9049,-120.4578,36
KSMX,12,30,8004,150,Asphalt,1,0,34.9083,-120.4644,34.8926,-120.4456,136
KSNA,02L,20R,5700,150,Asphalt,1,0,33.6678,-117.8739,33.6817,-117.8651,28
KSNA,02R,20L,2886,75,Asphalt,1,0,33.6740,-117.8681,33.6810,-117.8636,28
KSNC,17,35,2722,50,Asphalt,1,0,41.3871,-72.5079,41.3805,-72.5048,161
KSNH,01,19,5002,100,Concrete,1,0,35.1634,-88.2178,35.1771,-88.2156,8
KSNK,08,26,4200,75,Asphalt,0,0,32.6903,-100.9590,32.6903,-100.9460,90
KSNK,17,35,5599,100,Asphalt,1,0,32.7034,-100.9490,32.6880,-100.9490,180
KSNL,13,31,4200,150,Asphalt,0,1,35.3583,-96.9461,35.3503,-96.9361,135
KSNL,17,35,5997,100,Asphalt,1,0,35.3655,-96.9428,35.3502,-96.9428,180
KSNS,08,26,6004,150,Asphalt,1,0,36.6629,-121.6190,36.6609,-121.5980,97
KSNS,13,31,4825,150,Asphalt,1,0,36.6686,-121.6100,36.6574,-121.6010,148
KSNS,14,32,1900,50,Asphalt,0,1,36.6673,-121.6030,36.6626,-121.6000,153
KSNY,03,21,4705,75,Turf,0,0,41.0925,-102.9900,41.1029,-102.9790,36
KSNY,13,31,6600,100,Concrete,0,0,41.1077,-102.9940,41.0949,-102.9770,135
KSOA,18,36,4037,60,Asphalt,1,0,30.5912,-100.6470,30.5802,-100.6500,190
KSOP,05,23,6503,150,Asphalt,1,0,35.2324,-79.3954,35.2428,-79.3821,46
KSOP,14,32,1999,100,Grass,0,1,35.2387,-79.4000,35.2346,-79.3954,138
KSOW,04,22,3938,60,Asphalt,0,0,34.2606,-110.0070,34.2678,-109.9980,48
KSOW,07,25,7202,100,Asphalt,1,0,34.2638,-110.0190,34.2686,-109.9960,76
KSPA,05,23,5852,100,Asphalt,1,0,34.9104,-81.9622,34.9211,-81.9507,42
KSPB,15,33,5100,100,Asphalt,1,0,45.7779,-122.8640,45.7642,-122.8600,169
KSPF,04,22,1995,120,Turf,0,0,44.4771,-103.7800,44.4812,-103.7750,41
KSPF,08,26,4003,100,Grass,0,0,44.4767,-103.7940,44.4767,-103.7790,90
KSPF,13,31,6401,75,Asphalt,1,0,44.4908,-103.7970,44.4783,-103.7790,135
KSPG,07,25,3676,75,Asphalt,1,0,27.7632,-82.6336,27.7679,-82.6236,62
KSPG,18,36,2864,75,Asphalt,1,0,27.7685,-82.6249,27.7606,-82.6249,180
KSPH,18,36,4202,75,Asphalt,1,0,32.9889,-93.4092,32.9780,-93.4092,181
KSPI,04,22,8001,150,Concrete,1,0,39.8369,-89.6864,39.8533,-89.6675,42
KSPI,13,31,7399,150,Asphalt,1,0,39.8495,-89.6876,39.8380,-89.6676,127
KSPI,18,36,5300,150,Permeable,1,0,39.8503,-89.6795,39.8358,-89.6799,180
KSPK,12,30,6500,100,Asphalt,1,0,40.1470,-111.6690,40.1363,-111.6540,133
KSPS,15C,33C,10003,150,Permeable,1,0,34.0063,-98.4971,33.9807,-98.4849,158
KSPS,15L,33R,6000,150,Permeable,1,0,34.0112,-98.4933,33.9959,-98.4859,158
KSPS,15R,33L,13100,300,Concrete,1,0,34.0039,-98.4995,33.9703,-98.4835,158
KSPS,17,35,7021,150,Asphalt,1,0,33.9824,-98.4958,33.9631,-98.4960,181
KSPW,12,30,6001,100,Concrete,1,0,43.1707,-95.2122,43.1610,-95.1940,126
KSPW,18,36,5100,75,Concrete,1,0,43.1721,-95.2016,43.1582,-95.2034,186
KSPZ,06,24,6001,75,Asphalt,1,0,39.4001,-119.2610,39.4060,-119.2410,69
KSQI,07,25,6499,150,Asphalt,1,0,41.7392,-89.6847,41.7452,-89.6623,70
KSQI,18,36,3900,100,Asphalt,1,0,41.7493,-89.6809,41.7386,-89.6809,180
KSQL,12,30,2621,75,Asphalt,1,0,37.5145,-122.2526,37.5092,-122.2465,138
KSRB,04,22,6704,100,Asphalt,1,0,36.0491,-85.5365,36.0627,-85.5249,35
KSRC,01,19,6008,100,Asphalt,1,0,35.2026,-91.7397,35.2187,-91.7353,13
KSRE,05,23,2000,150,Gravel,0,0,35.2702,-96.6786,35.2746,-96.6746,36
KSRE,16,34,5004,75,Asphalt,1,0,35.2824,-96.6770,35.2691,-96.6728,166
KSRQ,04,22,5006,150,Asphalt,1,0,27.3900,-82.5577,27.4008,-82.5481,38
KSRQ,14,32,9500,150,Asphalt,1,0,27.4046,-82.5656,27.3863,-82.5447,134
KSRR,06,24,8120,100,Asphalt,1,0,33.4593,-105.5470,33.4664,-105.5220,71
KSRR,12,30,6309,75,Asphalt,1,0,33.4640,-105.5310,33.4526,-105.5140,130
KSSC,04L,22R,10014,150,Concrete,1,0,33.9617,-80.4815,33.9843,-80.4627,35
KSSC,04R,22L,8014,150,Concrete,1,0,33.9633,-80.4762,33.9814,-80.4611,35
KSSF,09,27,5000,100,Asphalt,1,0,29.3385,-98.4809,29.3357,-98.4661,103
KSSF,14,32,4128,100,Asphalt,1,0,29.3416,-98.4720,29.3322,-98.4647,145
KSSI,04,22,5584,100,Asphalt,1,0,31.1452,-81.3994,31.1581,-81.3884,36
KSSI,16,34,3313,75,Asphalt,1,0,31.1562,-81.3889,31.1480,-81.3843,154
KSSQ,14,32,3711,75,Asphalt,1,0,45.7351,-91.9256,45.7276,-91.9157,137
KSTC,05,23,3000,75,Asphalt,1,0,45.5433,-94.0650,45.5475,-94.0549,59
KSTC,13,31,7500,150,Concrete,1,0,45.5539,-94.0693,45.5401,-94.0504,136
KSTE,03,21,6028,120,Asphalt,1,0,44.5384,-89.5366,44.5528,-89.5252,30
KSTE,12,30,3635,75,Asphalt,1,0,44.5468,-89.5353,44.5418,-89.5232,120
KSTF,18,36,5550,150,Asphalt,1,0,33.4407,-88.8488,33.4255,-88.8484,179
KSTJ,13,31,4797,75,Permeable,0,0,39.7740,-94.9204,39.7646,-94.9084,136
KSTJ,17,35,8061,150,Concrete,1,0,39.7846,-94.9069,39.7625,-94.9069,180
KSTK,04,22,2500,150,Gravel,0,0,40.6103,-103.2680,40.6152,-103.2610,45
KSTK,15,33,5201,75,Asphalt,1,0,40.6231,-103.2670,40.6106,-103.2630,166
KSTL,06,24,7603,150,Concrete,1,0,38.7467,-90.3812,38.7562,-90.3575,63
KSTL,11,29,9000,150,Concrete,1,0,38.7600,-90.4099,38.7468,-90.3832,122
KSTL,12L,30R,9013,150,Concrete,1,0,38.7518,-90.3663,38.7386,-90.3396,122
KSTL,12R,30L,11020,200,Concrete,1,0,38.7539,-90.3792,38.7378,-90.3465,122
KSTP,09,27,3642,100,Asphalt,1,0,44.9349,-93.0674,44.9347,-93.0533,91
KSTP,13,31,4004,150,Asphalt,1,0,44.9392,-93.0650,44.9323,-93.0525,128
KSTP,14,32,6491,150,Asphalt,1,0,44.9412,-93.0678,44.9259,-93.0533,146
KSTS,02,20,5202,100,Asphalt,1,0,38.5032,-122.8210,38.5157,-122.8120,29
KSTS,14,32,6000,150,Asphalt,1,0,38.5175,-122.8140,38.5023,-122.8060,157
KSUA,07,25,4653,100,Asphalt,1,0,27.1817,-80.2290,27.1864,-80.2157,68
KSUA,12,30,5828,100,Asphalt,1,0,27.1820,-80.2315,27.1764,-80.2146,110
KSUA,16,34,5000,100,Asphalt,0,0,27.1885,-80.2216,27.1761,-80.2150,154
KSUD,18,36,3000,60,Asphalt,1,0,35.7942,-96.6562,35.7860,-96.6562,180
KSUE,02,20,4599,75,Asphalt,1,0,44.8369,-87.4248,44.8492,-87.4208,13
KSUE,10,28,3199,75,Asphalt,1,0,44.8447,-87.4259,44.8443,-87.4136,93
KSUN,13,31,7550,100,Asphalt,1,0,43.5122,-114.3040,43.4967,-114.2890,145
KSUS,08L,26R,5000,75,Asphalt,1,0,38.6641,-90.6683,38.6670,-90.6511,78
KSUS,08R,26L,7486,150,Concrete,1,0,38.6577,-90.6597,38.6619,-90.6341,78
KSUT,05,23,5505,100,Asphalt,1,0,33.9251,-78.0793,33.9334,-78.0707,41
KSUU,03L,21R,11001,150,Permeable,1,0,38.2433,-121.9570,38.2636,-121.9290,48
KSUU,03R,21L,10995,150,Concrete,1,0,38.2615,-121.9260,38.2818,-121.8980,48
KSUW,04,22,5100,75,Asphalt,1,0,46.6837,-92.0998,46.6958,-92.0896,37
KSUW,14,32,4001,75,Asphalt,1,0,46.6874,-92.1003,46.6790,-92.0901,139
KSUX,13,31,9002,150,Concrete,1,0,42.4092,-96.3977,42.3915,-96.3744,136
KSUX,17,35,6600,150,Asphalt,1,0,42.4147,-96.3819,42.3966,-96.3822,181
KSUZ,02,20,5002,100,Asphalt,0,0,34.5839,-92.4823,34.5969,-92.4766,20
KSVC,03,21,4537,80,Gravel,0,0,32.6329,-108.1630,32.6417,-108.1530,45
KSVC,08,26,6803,100,Asphalt,1,0,32.6324,-108.1650,32.6324,-108.1430,90
KSVC,12,30,4675,75,Gravel,0,0,32.6419,-108.1610,32.6329,-108.1500,135
KSVC,17,35,5473,75,Gravel,0,0,32.6479,-108.1580,32.6328,-108.1590,180
KSVE,07,25,2180,60,Gravel,0,0,40.3745,-120.5780,40.3746,-120.5700,89
KSVE,11,29,4051,75,Asphalt,1,0,40.3798,-120.5770,40.3728,-120.5660,129
KSVH,10,28,7003,100,Asphalt,1,0,35.7661,-80.9656,35.7639,-80.9422,97
KSVN,10,28,11375,197,Asphalt,1,0,32.0106,-81.1643,32.0094,-81.1277,92
KSWF,09,27,11817,150,Asphalt,1,0,41.5008,-74.1305,41.5074,-74.0883,78
KSWF,16,34,6004,150,Asphalt,1,0,41.5111,-74.1018,41.4969,-74.0906,150
KSWI,16,34,4000,75,Asphalt,1,0,33.6295,-96.5877,33.6188,-96.5846,166
KSWO,04,22,5002,75,Asphalt,1,0,36.1554,-97.0906,36.1652,-97.0787,45
KSWO,13,31,5003,150,Concrete,0,1,,,,,133
KSWO,17,35,7401,100,Asphalt,1,0,36.1723,-97.0869,36.1520,-97.0866,180
KSWT,04,22,3400,150,Gravel,0,0,40.8630,-97.1139,40.8694,-97.1049,47
KSWT,16,34,4200,75,Concrete,1,0,40.8693,-97.1096,40.8578,-97.1081,174
KSWW,04,22,5658,75,Asphalt,1,0,32.4610,-100.4710,32.4723,-100.4580,43
KSWW,13,31,1675,175,Asphalt,0,1,32.4669,-100.4700,32.4636,-100.4660,137
KSWW,17,35,5840,100,Asphalt,1,0,32.4760,-100.4690,32.4601,-100.4670,174
KSXK,17,35,5500,100,Concrete,1,0,42.9933,-96.1623,42.9783,-96.1604,
KSXL,04,22,3015,50,Asphalt,1,0,38.2283,-80.8740,38.2349,-80.8677,37
KSYF,09,27,1799,280,Grass,0,1,39.7630,-101.7990,39.7623,-101.7930,98
KSYF,14,32,5200,75,Concrete,1,0,,,,,145
KSYF,14L,32R,2833,180,Turf,0,1,39.7634,-101.7990,39.7570,-101.7930,145
KSYF,18,36,2313,280,Grass,0,0,39.7649,-101.7920,39.7589,-101.7950,199
KSYI,18,36,5504,100,Asphalt,1,0,35.5670,-86.4426,35.5532,-86.4424,179
KSYN,09,27,1996,180,GRASS / SOD,0,0,,,,,
KSYN,18,36,2582,200,GRASS / SOD,0,0,,,,,
KSYR,06,24,3261,150,Concrete,0,1,43.1153,-76.1251,43.1212,-76.1158,49
KSYR,10,28,9013,150,Asphalt,1,0,43.1082,-76.1262,43.1093,-76.0925,87
KSYR,15,33,7499,150,Asphalt,1,0,43.1212,-76.1128,43.1070,-76.0926,134
KSYV,01,19,4525,75,Asphalt,0,0,31.5541,-83.8968,31.5629,-83.8946,12
KSZL,01,19,12400,200,Concrete,1,0,38.7136,-93.5520,38.7470,-93.5437,11
KSZN,09,27,2150,50,NATURAL SOIL,0,0,,,,,
KSZP,04,22,2665,60,Asphalt,0,0,34.3450,-119.0653,34.3490,-119.0579,
KSZP,H1,,60,60,Asphalt,0,0,,,,,
KSZT,02,20,5501,75,Asphalt,1,0,48.2932,-116.5660,48.3059,-116.5540,32
KSZY,17,35,5002,75,Asphalt,1,0,35.2095,-88.5004,35.1963,-88.4960,165
KTAD,03,21,5500,100,Asphalt,1,0,37.2557,-104.3420,37.2664,-104.3290,45
KTAD,09,27,5500,100,Gravel,0,0,37.2609,-104.3530,37.2567,-104.3350,106
KTAN,04,22,1034,60,Gravel,0,0,41.8754,-71.0227,41.8801,-71.0196,27
KTAN,12,30,3499,75,Asphalt,1,0,41.8741,-71.0198,41.8712,-71.0076,108
KTAZ,09L,27R,1933,165,Turf,0,0,39.5381,-89.3320,39.5381,-89.3252,90
KTAZ,09R,27L,3501,60,Asphalt,0,0,39.5297,-89.3417,39.5299,-89.3293,90
KTAZ,18,36,4001,75,Asphalt,1,0,39.5378,-89.3275,39.5269,-89.3273,179
KTBN,15,33,6037,150,Asphalt,1,0,37.7480,-92.1474,37.7353,-92.1340,140
KTBR,06,24,4382,100,Asphalt,0,0,32.4829,-81.7428,32.4907,-81.7320,47
KTBR,14,32,6000,100,Asphalt,1,0,32.4856,-81.7435,32.4739,-81.7297,135
KTBR,18,36,4350,150,Asphalt,0,1,32.4906,-81.7344,32.4787,-81.7339,178
KTCC,03,21,7104,100,Asphalt,1,0,35.1749,-103.6110,35.1887,-103.5940,45
KTCC,08,26,4600,60,Asphalt,1,0,35.1843,-103.6120,35.1843,-103.5960,90
KTCL,04,22,6498,150,Asphalt,1,0,33.2101,-87.6192,33.2236,-87.6052,41
KTCL,12,30,4000,100,Asphalt,1,0,33.2292,-87.6160,33.2243,-87.6042,117
KTCM,16,34,10108,150,Asphalt,1,0,47.1515,-122.4770,47.1238,-122.4760,180
KTCM,160,340,3000,60,Asphalt,0,0,,,,,
KTCS,01,19,3302,130,Gravel,0,0,33.2301,-107.2700,33.2385,-107.2660,21
KTCS,07,25,2933,130,Gravel,0,0,33.2337,-107.2740,33.2351,-107.2650,80
KTCS,11,29,6981,190,Gravel,0,0,33.2439,-107.2830,33.2325,-107.2640,126
KTCS,13,31,7202,75,Asphalt,1,0,33.2432,-107.2770,33.2271,-107.2630,145
KTCS,15,33,3001,140,Gravel,0,0,33.2387,-107.2680,33.2309,-107.2650,167
KTCY,08,26,3438,75,Asphalt,0,0,37.6905,-121.4490,37.6906,-121.4350,90
KTCY,12,30,4001,75,Asphalt,1,0,37.6911,-121.4460,37.6839,-121.4360,132
KTDF,06,24,6005,100,Asphalt,1,0,36.2795,-78.9919,36.2897,-78.9766,51
KTDO,06,24,4479,150,Asphalt,1,0,46.4754,-122.8150,46.4789,-122.7980,74
KTDW,05,23,3000,60,Asphalt,1,0,35.1655,-101.8290,35.1701,-101.8210,56
KTDW,17,35,5098,60,Asphalt,1,0,35.1781,-101.8260,35.1641,-101.8260,180
KTDZ,04,22,3799,75,Asphalt,1,0,41.5600,-83.4861,41.5678,-83.4778,39
KTDZ,14,32,5829,100,Asphalt,1,0,41.5710,-83.4901,41.5599,-83.4748,134
KTEB,1,19,6997,150,Asphalt,1,0,40.8387,-74.0604,40.8579,-74.0590,3
KTEB,6,24,6014,150,Asphalt,1,0,40.8467,-74.0703,40.8577,-74.0541,48
KTEL,13,31,4400,75,Asphalt,1,0,38.0230,-86.6979,38.0146,-86.6869,134
KTEW,10,28,4002,75,Asphalt,0,0,42.5658,-84.4306,42.5658,-84.4158,90
KTEX,09,27,7111,100,Asphalt,1,0,37.9562,-107.9200,37.9513,-107.8970,105
KTFP,13,31,4999,75,Asphalt,1,0,27.9183,-97.2165,27.9078,-97.2065,140
KTGC,01,19,4802,75,Asphalt,1,0,35.9259,-88.8502,35.9390,-88.8477,9
KTGI,02,20,2426,75,Asphalt,1,0,37.8209,-75.9988,37.8290,-75.9971,9
KTHA,06,24,5501,100,Permeable,0,0,35.3785,-86.2543,35.3858,-86.2401,58
KTHA,09,27,3130,100,Gravel,0,0,35.3742,-86.2545,35.3743,-86.2455,89
KTHA,14,32,5000,150,Concrete,0,1,,,,,135
KTHA,18,36,4205,100,Concrete,1,0,35.3881,-86.2436,35.3743,-86.2435,180
KTHM,08,26,4200,75,Asphalt,1,0,47.5748,-115.2930,47.5751,-115.2760,90
KTHV,17,35,5188,100,Asphalt,1,0,39.9235,-76.8769,39.9105,-76.8692,155
KTIF,11,29,4402,60,Asphalt,1,0,41.9645,-100.5750,41.9598,-100.5630,118
KTIK,13,31,10000,200,Permeable,1,0,35.4249,-97.4043,35.4068,-97.3790,131
KTIK,18,36,11100,200,Permeable,1,0,35.4290,-97.3821,35.3985,-97.3821,180
KTIP,04,22,5200,150,Concrete,0,1,40.2908,-88.1512,40.3008,-88.1386,44
KTIP,09,27,5001,75,Asphalt,1,0,40.2920,-88.1499,40.2921,-88.1320,90
KTIP,13,31,5700,150,Concrete,0,1,40.3025,-88.1481,40.2915,-88.1336,135
KTIP,18,36,4894,75,Concrete,0,0,40.3018,-88.1439,40.2884,-88.1439,180
KTIW,17,35,5002,100,Asphalt,1,0,47.2747,-122.5770,47.2611,-122.5790,187
KTIX,09,27,5000,100,Asphalt,1,0,28.5151,-80.8107,28.5153,-80.7951,89
KTIX,18,36,7319,150,Asphalt,1,0,28.5246,-80.7969,28.5045,-80.7966,179
KTKC,06,24,2590,200,Grass,0,1,44.2478,-95.6114,44.2521,-95.6039,51
KTKC,11,29,3098,75,Asphalt,1,0,44.2508,-95.6113,44.2467,-95.6009,120
KTKC,17,35,1778,200,Grass,0,0,44.2511,-95.6083,44.2459,-95.6083,179
KTKI,18,36,7002,150,Asphalt,1,0,33.1876,-96.5901,33.1683,-96.5910,182
KTKO,09,27,2505,100,Grass,0,0,39.8039,-98.2267,39.8031,-98.2183,97
KTKO,17,35,3540,50,Asphalt,1,0,39.8078,-98.2217,39.7981,-98.2206,175
KTKV,09,27,4401,75,Asphalt,1,0,45.4691,-89.8135,45.4691,-89.7979,90
KTKX,02,20,5000,75,Concrete,1,0,36.2172,-90.0406,36.2303,-90.0354,18
KTKX,18,36,3012,75,Asphalt,1,0,36.2335,-90.0346,36.2252,-90.0343,179
KTLH,09,27,8000,150,Asphalt,1,0,30.3913,-84.3565,30.3915,-84.3312,89
KTLH,18,36,7000,150,Asphalt,1,0,30.4116,-84.3590,30.3949,-84.3588,179
KTLR,13,31,3901,75,Asphalt,1,0,36.1606,-119.3300,36.1516,-119.3230,147
KTMA,03,21,3389,75,Asphalt,0,1,31.4249,-83.4898,31.4329,-83.4842,31
KTMA,10,28,3807,75,Asphalt,1,0,31.4320,-83.4922,31.4312,-83.4800,94
KTMA,16,34,6506,100,Asphalt,1,0,31.4337,-83.4947,31.4207,-83.4857,149
KTMB,09L,27R,5003,150,Asphalt,1,0,25.6526,-80.4401,25.6533,-80.4249,87
KTMB,09R,27L,6000,150,Asphalt,1,0,25.6430,-80.4381,25.6437,-80.4229,87
KTMB,13,31,4001,150,Asphalt,1,0,25.6506,-80.4408,25.6439,-80.4311,127
KTME,18,36,6610,100,Asphalt,0,0,29.8141,-95.8980,29.7959,-95.8977,179
KTMK,01,19,2911,75,Asphalt,0,0,45.4151,-123.8160,45.4220,-123.8110,30
KTMK,13,31,5001,75,Asphalt,0,0,45.4243,-123.8190,45.4118,-123.8110,155
KTNP,08,26,5531,75,Asphalt,1,0,34.1343,-115.9530,34.1344,-115.9350,90
KTNP,17,35,3797,50,Asphalt,1,0,34.1327,-115.9480,34.1223,-115.9480,180
KTNT,9,27,10499,150,Asphalt,1,0,25.8618,-80.9130,25.8618,-80.8810,90
KTNU,14,32,5600,100,Asphalt,1,0,41.6804,-93.0281,41.6684,-93.0153,141
KTNX,15,33,12001,150,Concrete,1,0,37.8140,-116.7890,37.7836,-116.7730,157
KTOA,11L,29R,5001,150,Permeable,1,0,33.8081,-118.3457,33.7995,-118.3328,129
KTOA,11R,29L,3000,75,Asphalt,1,0,33.8053,-118.3441,33.8002,-118.3364,129
KTOB,04,22,2383,200,Grass,0,0,44.0167,-92.8383,44.0211,-92.8322,45
KTOB,16,34,4500,75,Concrete,1,0,44.0232,-92.8324,44.0112,-92.8282,166
KTOC,03,21,5008,100,Asphalt,1,0,34.5874,-83.2998,34.5977,-83.2951,21
KTOC,09,27,2951,50,Asphalt,0,0,34.5952,-83.2985,34.5955,-83.2887,88
KTOI,07,25,6197,100,Asphalt,1,0,31.8587,-86.0219,31.8636,-86.0068,69
KTOI,14,32,5024,100,Asphalt,1,0,31.8652,-86.0149,31.8542,-86.0051,143
KTOL,07,25,10600,150,Asphalt,1,0,41.5814,-83.8307,41.5927,-83.7950,67
KTOL,16,34,5599,150,Asphalt,1,0,41.5935,-83.8023,41.5793,-83.7944,157
KTOP,04,22,3002,100,Asphalt,1,0,39.0654,-95.6268,39.0708,-95.6188,49
KTOP,13,31,5099,100,Asphalt,1,0,39.0748,-95.6270,39.0650,-95.6142,134
KTOP,18,36,4331,75,Asphalt,1,0,39.0735,-95.6242,39.0616,-95.6247,182
KTOR,02,20,3401,60,Asphalt,0,0,42.0623,-104.1520,42.0696,-104.1470,29
KTOR,10,28,5703,75,Asphalt,1,0,42.0672,-104.1640,42.0604,-104.1450,115
KTPA,10,28,6999,150,Permeable,1,0,27.9708,-82.5361,27.9702,-82.5144,92
KTPA,19L,01R,8300,150,Permeable,1,0,27.9871,-82.5282,27.9643,-82.5290,182
KTPA,19R,01L,11002,150,Concrete,1,0,27.9935,-82.5413,27.9633,-82.5424,182
KTPF,04,22,3583,100,Asphalt,1,0,27.9113,-82.4538,27.9188,-82.4474,37
KTPF,18,36,2687,75,Asphalt,1,0,27.9200,-82.4481,27.9126,-82.4471,173
KTPH,11,29,5660,50,Asphalt,0,0,38.0672,-117.0920,38.0586,-117.0760,125
KTPH,15,33,7160,75,Asphalt,1,0,38.0675,-117.0930,38.0488,-117.0860,165
KTPL,03,21,4740,100,Asphalt,1,0,31.1477,-97.4095,31.1593,-97.4025,28
KTPL,16,34,7000,150,Asphalt,1,0,31.1600,-97.4122,31.1435,-97.4061,163
KTQE,15,33,4000,75,Concrete,1,0,41.7685,-96.1812,41.7586,-96.1747,154
KTQH,17,35,5001,75,Asphalt,1,0,35.9344,-95.0043,35.9234,-95.0048,182
KTQK,08,26,2145,60,Grass,0,0,38.4767,-100.8890,38.4767,-100.8820,90
KTQK,17,35,5002,75,Asphalt,1,0,38.4812,-100.8850,38.4674,-100.8850,179
KTRI,05,23,8000,150,Asphalt,1,0,36.4653,-82.4191,36.4815,-82.4007,43
KTRI,09,27,4443,150,Asphalt,1,0,36.4783,-82.4105,36.4785,-82.3954,89
KTRK,02,20,4650,75,Asphalt,1,0,39.3145,-120.1400,39.3256,-120.1320,30
KTRK,11,29,7001,100,Asphalt,1,0,39.3248,-120.1530,39.3152,-120.1310,120
KTRL,14,32,3014,75,Asphalt,1,1,32.7137,-96.2707,32.7069,-96.2651,145
KTRL,18,36,5006,75,Asphalt,1,0,32.7154,-96.2671,32.7016,-96.2671,180
KTRM,12,30,4995,100,Asphalt,1,0,33.6302,-116.1710,33.6205,-116.1594,135
KTRM,17,35,8500,150,Asphalt,1,0,33.6391,-116.1564,33.6158,-116.1564,180
KTRX,18,36,4307,75,Asphalt,1,0,40.0894,-93.5907,40.0776,-93.5905,179
KTSO,07,25,4300,75,Asphalt,1,0,40.5593,-81.0845,40.5644,-81.0705,64
KTSP,11,29,4040,75,Asphalt,1,0,35.1381,-118.4450,35.1319,-118.4340,124
KTTA,03,21,6501,100,Asphalt,1,0,35.5739,-79.1052,35.5908,-79.0975,21
KTTD,07,25,5399,150,Asphalt,1,0,45.5492,-122.4120,45.5495,-122.3910,89
KTTF,03,21,4997,100,Asphalt,1,0,41.9336,-83.4382,41.9462,-83.4312,23
KTTN,06,24,6006,150,Asphalt,1,0,40.2698,-74.8216,40.2811,-74.8060,47
KTTN,16,34,4800,150,Asphalt,1,0,40.2837,-74.8180,40.2728,-74.8083,146
KTTS,15,33,15001,300,Concrete,1,0,28.6328,-80.7061,28.5970,-80.6827,150
KTUL,08,26,7376,150,Concrete,1,0,36.1954,-95.8990,36.1956,-95.8740,89
KTUL,18L,36R,10000,150,Concrete,1,0,36.2139,-95.8813,36.1865,-95.8831,183
KTUL,18R,36L,6101,100,Asphalt,1,0,36.2072,-95.8991,36.1905,-95.9002,183
KTUP,18,36,7150,150,Asphalt,1,0,34.2770,-88.7699,34.2592,-88.7699,180
KTUS,04,22,7000,150,Asphalt,1,0,32.1172,-110.9590,32.1308,-110.9430,45
KTUS,11R,29L,8408,75,Asphalt,1,1,32.1221,-110.9497,32.1058,-110.9305,135
KTUS,12,30,10996,150,Asphalt,1,0,32.1234,-110.9479,32.1020,-110.9228,135
KTVB,03,21,3002,60,Asphalt,1,0,37.1290,-92.0868,37.1359,-92.0812,33
KTVC,05,23,3204,75,Asphalt,0,1,44.7357,-85.5882,44.7413,-85.5788,50
KTVC,10,28,7016,150,Asphalt,1,0,44.7412,-85.5904,44.7400,-85.5654,94
KTVC,18,36,5378,150,Asphalt,1,0,44.7503,-85.5877,44.7355,-85.5877,180
KTVF,03,21,4997,75,Asphalt,1,1,48.0617,-96.1928,48.0723,-96.1799,39
KTVF,13,31,6504,150,Asphalt,1,0,48.0710,-96.1934,48.0584,-96.1745,135
KTVI,04,22,6004,101,Asphalt,1,0,30.8952,-83.8876,30.9068,-83.8763,40
KTVI,14,32,4999,100,Asphalt,1,0,30.9073,-83.8861,30.8979,-83.8744,133
KTVK,16,34,4099,75,Concrete,1,0,40.6907,-92.9042,40.6802,-92.8987,158
KTVL,18,36,8541,100,Asphalt,1,0,38.9053,-119.9920,38.8825,-119.9990,193
KTVR,18,36,5002,100,Asphalt,1,0,32.3585,-91.0278,32.3447,-91.0276,179
KTVY,17,35,6102,100,Asphalt,1,0,40.6209,-112.3510,40.6042,-112.3510,179
KTWF,08,26,8704,150,Asphalt,1,0,42.4813,-114.5030,42.4807,-114.4710,91
KTWF,12,30,3224,75,Asphalt,0,0,42.4872,-114.4940,42.4808,-114.4850,136
KTWM,06,24,4400,75,Asphalt,1,0,47.0473,-91.7531,47.0529,-91.7375,63
KTWM,15,33,2581,150,Grass,0,0,47.0507,-91.7481,47.0451,-91.7420,143
KTWT,04,22,5052,150,Concrete,0,1,37.5353,-87.9559,37.5446,-87.9429,48
KTWT,10,28,4999,150,Concrete,0,1,37.5472,-87.9558,37.5434,-87.9393,106
KTWT,18,36,5000,150,Asphalt,1,0,37.5486,-87.9539,37.5349,-87.9548,183
KTXK,04,22,6602,150,Asphalt,1,0,33.4463,-94.0014,33.4591,-93.9861,46
KTXK,13,31,5200,100,Asphalt,1,0,33.4601,-93.9937,33.4500,-93.9816,135
KTYL,03,21,7001,75,Asphalt,1,0,34.4454,-110.1230,34.4603,-110.1070,41
KTYQ,18,36,7001,100,Concrete,1,0,40.0382,-86.2515,40.0190,-86.2513,179
KTYR,04,22,8334,150,Asphalt,1,0,32.3459,-95.4107,32.3599,-95.3942,45
KTYR,13,31,5198,150,Asphalt,1,0,32.3612,-95.4054,32.3511,-95.3935,135
KTYR,18,36,4832,150,Asphalt,1,0,32.3604,-95.4054,32.3471,-95.4055,180
KTYS,05L,23R,10000,150,Concrete,1,0,35.8043,-84.0055,35.8219,-83.9841,45
KTYS,05R,23L,9000,150,Asphalt,1,0,35.8001,-84.0040,35.8176,-83.9826,45
KTZR,04,22,5500,100,Asphalt,1,0,39.8948,-83.1421,39.9076,-83.1317,32
KTZT,18,36,4001,75,Concrete,1,0,41.8831,-92.2867,41.8719,-92.2844,172
KTZV,04,22,4000,75,Asphalt,1,0,36.7245,-85.6562,36.7336,-85.6485,34
KUAO,17,35,5003,100,Asphalt,1,0,45.2539,-122.7690,45.2403,-122.7710,187
KUBE,09,27,4043,75,Asphalt,1,0,45.5060,-91.9890,45.5059,-91.9732,90
KUBE,18,36,1996,120,Grass,0,0,45.5091,-91.9793,45.5036,-91.9802,186
KUBS,18,36,4503,100,Asphalt,1,0,33.4715,-88.3810,33.4591,-88.3808,179
KUBX,18,36,3420,60,Asphalt,1,0,38.0734,-91.4283,38.0641,-91.4294,186
KUCP,05,23,3995,75,Asphalt,1,0,41.0225,-80.4181,41.0309,-80.4089,40
KUCP,13,31,2855,100,Asphalt,1,0,41.0253,-80.4179,41.0215,-80.4089,119
KUCY,01,19,6503,100,Asphalt,1,0,36.3750,-88.9864,36.3886,-88.9845,6
KUDD,10,28,5002,70,Asphalt,1,0,33.7515,-116.2823,33.7454,-116.2674,116
KUDG,05,23,5500,100,Asphalt,1,0,34.4442,-79.8927,34.4530,-79.8801,50
KUDG,10,28,4947,150,Asphalt,0,1,34.4497,-79.8983,34.4491,-79.8819,93
KUDG,16,34,4751,150,Asphalt,0,1,34.4539,-79.8977,34.4419,-79.8914,157
KUES,10,28,5849,100,Concrete,1,0,43.0439,-88.2497,43.0406,-88.2283,102
KUES,18,36,3599,75,Asphalt,1,0,43.0439,-88.2332,43.0341,-88.2345,178
KUGN,05,23,6001,150,Asphalt,1,0,42.4159,-87.8756,42.4268,-87.8590,48
KUGN,14,32,3750,75,Asphalt,1,0,42.4277,-87.8730,42.4193,-87.8649,144
KUIL,04,22,4211,100,Concrete,0,0,47.9336,-124.5700,47.9396,-124.5550,58
KUIN,04,22,7098,150,Permeable,1,0,39.9361,-91.1996,39.9510,-91.1832,40
KUIN,13,31,5397,150,Asphalt,1,0,39.9458,-91.2005,39.9358,-91.1877,135
KUIN,18,36,5399,150,Concrete,1,0,39.9508,-91.1993,39.9360,-91.1991,179
KUKF,01,19,6201,100,Asphalt,1,0,36.2151,-81.0984,36.2321,-81.0989,359
KUKI,15,33,4423,150,Asphalt,1,0,39.1319,-123.2020,39.1200,-123.1990,168
KUKL,18,36,5500,75,Concrete,1,0,38.3100,-95.7250,38.2949,-95.7249,180
KUKT,11,29,3210,75,Asphalt,1,0,40.4359,-75.3876,40.4345,-75.3762,99
KULM,04,22,2478,160,Grass,0,0,44.3175,-94.5058,44.3225,-94.4975,50
KULM,15,33,5401,100,Asphalt,1,0,44.3246,-94.5068,44.3141,-94.4986,151
KULS,12,30,4600,60,Concrete,1,0,37.6029,-101.3790,37.5948,-101.3670,130
KULS,17,35,6000,100,Concrete,1,0,37.6162,-101.3740,37.5997,-101.3740,180
KUMP,15,33,4004,100,Asphalt,1,0,39.9396,-86.0488,39.9308,-86.0411,146
KUNI,07,25,5600,100,Asphalt,1,0,39.2081,-82.2379,39.2157,-82.2206,61
KUNO,18,36,5101,75,Asphalt,1,0,36.8854,-91.9025,36.8714,-91.9028,181
KUNU,02,20,4028,75,Asphalt,1,0,43.4216,-88.7019,43.4322,-88.6974,17
KUNU,08,26,5070,100,Asphalt,1,0,43.4251,-88.7155,43.4276,-88.6967,80
KUNV,06,24,6701,150,Asphalt,1,0,40.8444,-77.8571,40.8555,-77.8379,53
KUOS,07,25,3700,50,Asphalt,1,0,35.2027,-85.9043,35.2071,-85.8932,64
KUOX,09,27,5600,100,Asphalt,1,0,34.3844,-89.5461,34.3842,-89.5275,91
KUSE,09,27,3882,75,Asphalt,1,0,41.6103,-84.1326,41.6104,-84.1184,89
KUSE,18,36,2115,75,Composite,0,0,41.6127,-84.1302,41.6069,-84.1302,180
KUTA,17,35,8500,150,Asphalt,1,0,34.6924,-90.3498,34.6737,-90.3446,167
KUTS,18,36,5005,100,Asphalt,1,0,30.7537,-95.5863,30.7400,-95.5880,186
KUUU,04,22,2999,75,Asphalt,1,0,41.5276,-71.2831,41.5351,-71.2786,24
KUUU,16,34,2623,75,Asphalt,1,0,41.5366,-71.2852,41.5308,-71.2795,144
KUUV,06,24,4500,75,Concrete,1,0,38.2304,-91.1711,38.2366,-91.1575,60
KUVA,15,33,5256,100,Asphalt,1,0,29.2179,-99.7471,29.2048,-99.7401,155
KUWL,09,27,4002,65,Asphalt,1,0,39.8760,-85.3336,39.8757,-85.3194,91
KUXL,15,33,5001,75,Asphalt,0,0,30.1374,-93.3801,30.1255,-93.3723,150
KUYF,09,27,4000,75,Asphalt,1,0,39.9324,-83.4691,39.9330,-83.4549,87
KUZA,02,20,5500,100,Asphalt,1,0,34.9804,-81.0590,34.9952,-81.0554,11
KVAD,19L,01R,9300,150,Concrete,1,0,30.9818,-83.1908,30.9563,-83.1911,180
KVAD,19R,01L,8002,150,Permeable,1,0,30.9793,-83.1952,30.9573,-83.1954,180
KVAY,08,26,3881,50,Asphalt,1,0,39.9410,-74.8523,39.9447,-74.8392,70
KVBG,12,30,15000,200,Concrete,1,0,34.7523,-120.6010,34.7224,-120.5670,137
KVBT,18,36,5053,75,Asphalt,1,0,36.3513,-94.2193,36.3401,-94.2194,180
KVCB,02,20,4700,75,Asphalt,1,0,38.3724,-121.9660,38.3831,-121.9570,34
KVCT,06,24,4200,75,Asphalt,0,1,28.8505,-96.9251,28.8549,-96.9130,67
KVCT,12R,30L,4643,150,Concrete,0,1,28.8517,-96.9226,28.8431,-96.9119,132
KVCT,13,31,9111,150,Asphalt,1,0,28.8638,-96.9341,28.8469,-96.9131,132
KVCT,18,36,4908,75,Asphalt,1,0,28.8589,-96.9098,28.8455,-96.9097,180
KVCV,03,21,9138,150,Permeable,1,0,34.5827,-117.3880,34.6006,-117.3660,45
KVCV,17,35,13052,150,Permeable,1,0,34.6217,-117.3870,34.5803,-117.3860,180
KVDF,05,23,5000,100,Asphalt,1,0,28.0121,-82.3477,28.0223,-82.3372,42
KVDF,18,36,3219,75,Asphalt,1,0,28.0135,-82.3496,28.0046,-82.3496,180
KVDI,07,25,6002,100,Concrete,1,0,32.1876,-82.3793,32.1952,-82.3620,63
KVDI,14,32,5002,75,Concrete,0,0,32.1989,-82.3778,32.1898,-82.3658,132
KVEL,07,25,4108,60,Asphalt,1,1,40.4447,-109.5160,40.4448,-109.5020,89
KVEL,17,35,7000,100,Asphalt,1,0,40.4469,-109.5110,40.4298,-109.5100,179
KVER,18,36,4000,75,Asphalt,1,0,38.9522,-92.6821,38.9413,-92.6832,185
KVES,09,27,4802,75,Asphalt,1,0,40.2043,-84.5400,40.2046,-84.5238,89
KVGC,17,35,5314,75,Asphalt,1,0,42.8502,-75.5648,42.8374,-75.5580,159
KVGT,07,25,5005,75,Asphalt,1,0,36.2133,-115.2030,36.2136,-115.1860,89
KVGT,12L,30R,4199,75,Asphalt,1,0,36.2124,-115.1960,36.2044,-115.1860,134
KVGT,12R,30L,5000,75,Asphalt,1,0,36.2147,-115.2030,36.2051,-115.1910,134
KVHN,03,21,6005,76,Asphalt,1,0,31.0542,-104.7910,31.0659,-104.7780,45
KVHN,07,25,5353,75,Asphalt,1,0,31.0546,-104.7910,31.0560,-104.7740,84
KVIH,04,22,5500,100,Asphalt,1,0,38.1248,-91.7767,38.1352,-91.7628,47
KVIH,13,31,5501,100,Asphalt,1,0,38.1303,-91.7759,38.1194,-91.7627,137
KVIH,18,36,5000,75,,0,1,,,,,182
KVIQ,09,27,3400,60,Asphalt,1,0,44.5586,-90.5187,44.5577,-90.5058,96
KVIS,12,30,6562,150,Asphalt,1,0,36.3250,-119.4010,36.3123,-119.3850,135
KVJI,06,24,5500,75,Asphalt,1,0,36.6837,-82.0396,36.6905,-82.0270,56
KVKS,01,19,5000,100,Asphalt,1,0,32.2323,-90.9293,32.2460,-90.9271,8
KVLA,09,27,3001,75,Asphalt,1,0,38.9902,-89.1701,38.9903,-89.1596,90
KVLA,18,36,3751,100,Asphalt,1,0,38.9976,-89.1673,38.9873,-89.1672,180
KVLD,04,22,5598,100,Asphalt,1,0,30.7779,-83.2852,30.7904,-83.2747,36
KVLD,13,31,3636,75,Asphalt,1,1,30.7840,-83.2818,30.7781,-83.2725,126
KVLD,18,36,8003,150,Asphalt,1,0,30.7905,-83.2752,30.7734,-83.2720,171
KVLL,09,27,3550,60,Asphalt,1,0,42.5429,-83.1845,42.5430,-83.1713,90
KVMR,12,30,4105,75,Asphalt,1,0,42.7686,-96.9404,42.7620,-96.9281,126
KVNC,04,22,5000,150,Asphalt,1,0,27.0671,-82.4446,27.0768,-82.4337,45
KVNC,09,27,5000,150,Asphalt,0,1,27.0733,-82.4433,27.0739,-82.4275,88
KVNC,13,31,5640,150,Asphalt,1,0,27.0762,-82.4469,27.0664,-82.4361,135
KVNW,09,27,5000,75,Asphalt,1,0,40.8647,-84.6167,40.8648,-84.6022,90
KVNW,18,36,2558,95,Grass,0,0,40.8663,-84.6016,40.8592,-84.6018,181
KVNY,16L,34R,4013,75,Asphalt,1,0,34.2190,-118.4900,34.2080,-118.4890,176
KVNY,16R,34L,8001,150,Asphalt,1,0,34.2189,-118.4913,34.1970,-118.4892,176
KVOK,09,27,9000,150,Concrete,1,0,43.9390,-90.2702,43.9394,-90.2361,89
KVPC,01,19,5760,100,Asphalt,1,0,34.1152,-84.8493,34.1310,-84.8481,4
KVPS,02,20,10012,300,Asphalt,1,0,30.4728,-86.5179,30.4998,-86.5112,12
KVPS,12,30,12004,300,Asphalt,1,0,30.4888,-86.5522,30.4725,-86.5191,120
KVPZ,09,27,7001,150,Asphalt,1,0,41.4524,-87.0162,41.4525,-86.9907,90
KVPZ,18,36,4001,75,Asphalt,1,0,41.4622,-87.0060,41.4512,-87.0069,184
KVQQ,09L,27R,4439,200,Permeable,0,0,30.2176,-81.8917,30.2177,-81.8663,90
KVQQ,09R,27L,8003,200,Permeable,1,0,30.2157,-81.8917,30.2158,-81.8663,90
KVQQ,18L,36R,12504,200,Permeable,1,0,30.2350,-81.8741,30.2006,-81.8738,180
KVQQ,18R,36L,8001,200,Permeable,0,0,30.2350,-81.8763,30.2130,-81.8761,180
KVRB,04,22,4974,100,Asphalt,1,0,27.6497,-80.4267,27.6607,-80.4176,36
KVRB,12L,30R,3505,75,Asphalt,1,0,27.6604,-80.4169,27.6569,-80.4068,111
KVRB,12R,30L,7314,100,Asphalt,1,0,27.6579,-80.4286,27.6508,-80.4075,111
KVSF,05,23,5501,100,Asphalt,1,0,43.3389,-72.5213,43.3513,-72.5095,35
KVSF,11,29,3000,75,Asphalt,1,0,43.3417,-72.5263,43.3405,-72.5152,98
KVTA,09,27,4649,75,Asphalt,1,0,40.0243,-82.4701,40.0250,-82.4535,87
KVTI,09,27,4000,60,Concrete,1,0,42.2195,-92.0354,42.2190,-92.0206,92
KVTI,16,34,2500,50,Asphalt,0,0,42.2229,-92.0261,42.2165,-92.0231,161
KVTN,03,21,3701,60,Asphalt,1,0,42.8569,-100.5510,42.8631,-100.5450,36
KVTN,14,32,4705,75,Asphalt,1,0,42.8618,-100.5520,42.8512,-100.5420,145
KVUJ,04L,22R,3501,75,Asphalt,1,0,35.4149,-80.1544,35.4225,-80.1473,38
KVUJ,04R,22L,5499,100,Asphalt,1,0,35.4096,-80.1569,35.4210,-80.1448,41
KVUO,08,26,3275,60,Asphalt,1,0,45.6211,-122.6630,45.6198,-122.6500,98
KVVS,05,23,3833,100,Asphalt,1,0,39.9575,-79.6615,39.9647,-79.6534,41
KVVS,14,32,2404,100,Asphalt,1,0,39.9585,-79.6600,39.9542,-79.6535,129
KVVV,04,22,2175,275,Grass,0,0,45.2997,-96.4281,45.3037,-96.4220,47
KVVV,16,34,3417,75,Asphalt,1,0,45.3103,-96.4257,45.3011,-96.4231,169
KVWU,02,20,2992,140,Turf,0,0,48.1464,-94.5197,48.1555,-94.5130,
KVYS,07,25,3999,75,Asphalt,1,0,,,,,74
KVYS,18,36,5999,100,Asphalt,1,0,41.3601,-89.1532,41.3436,-89.1530,180
KWAL,04,22,8748,150,Permeable,1,0,37.9271,-75.4709,37.9474,-75.4548,33
KWAL,10,28,8005,200,Asphalt,1,0,37.9429,-75.4851,37.9428,-75.4573,90
KWAL,17,35,4808,150,Asphalt,1,0,37.9472,-75.4679,37.9350,-75.4616,157
KWAY,09,27,3500,75,Asphalt,0,0,39.9002,-80.1368,39.9021,-80.1246,
KWBW,07,25,3375,75,Asphalt,1,0,41.2944,-75.8561,41.2999,-75.8463,54
KWBW,09,27,2193,100,Grass,0,0,41.2969,-75.8578,41.2981,-75.8494,80
KWDG,13,31,3150,75,Asphalt,1,0,36.3816,-97.7887,36.3753,-97.7811,135
KWDG,17,35,8613,100,Asphalt,1,0,36.3872,-97.7911,36.3697,-97.7911,180
KWDR,05,23,3607,100,Asphalt,1,0,33.9778,-83.6731,33.9847,-83.6646,46
KWDR,13,31,5202,100,Asphalt,1,0,33.9887,-83.6736,33.9792,-83.6594,129
KWEA,18,36,3298,40,Asphalt,0,0,,,,,
KWHP,12,30,4120,75,Asphalt,1,0,34.2635,-118.4180,34.2550,-118.4090,139
KWJF,06,24,7201,150,Asphalt,1,0,34.7380,-118.2300,34.7441,-118.2070,72
KWLD,13,31,3137,75,Asphalt,1,0,37.1700,-97.0435,37.1634,-97.0366,140
KWLD,17,35,5506,100,Asphalt,1,0,37.1773,-97.0361,37.1622,-97.0361,180
KWLW,13,31,3788,60,Asphalt,0,0,39.5212,-122.2200,39.5117,-122.2110,145
KWLW,16,34,4125,100,Asphalt,1,0,39.5227,-122.2200,39.5103,-122.2190,178
KWMC,02,20,4800,75,Asphalt,1,0,40.8910,-117.8060,40.9011,-117.7950,40
KWMC,14,32,7000,100,Asphalt,1,0,40.9060,-117.8140,40.8880,-117.8050,160
KWRB,15,33,12001,300,Permeable,1,0,32.6535,-83.6034,32.6268,-83.5805,144
KWRI,06,24,11451,150,Asphalt,1,0,40.0045,-74.5973,40.0237,-74.5717,46
KWRI,18,36,7126,150,Asphalt,1,0,40.0276,-74.6028,40.0082,-74.5996,173
KWRL,04,22,2241,60,Grass,0,0,43.9609,-107.9500,43.9643,-107.9430,57
KWRL,10,28,2502,60,Grass,0,0,43.9676,-107.9520,43.9644,-107.9440,119
KWRL,16,34,7000,100,Asphalt,1,0,43.9762,-107.9540,43.9570,-107.9520,175
KWST,07,25,4010,100,Asphalt,1,0,41.3456,-71.8106,41.3522,-71.7989,53
KWST,14,32,3960,75,Asphalt,1,0,41.3540,-71.8075,41.3470,-71.7965,130
KWVI,02,20,4502,149,Asphalt,1,0,36.9290,-121.7960,36.9395,-121.7880,32
KWVI,09,27,3998,98,Asphalt,1,0,36.9383,-121.7940,36.9365,-121.7810,100
KWVL,05,23,5500,100,Asphalt,1,0,44.5265,-69.6806,44.5398,-69.6705,31
KWVL,14,32,2301,60,Asphalt,1,0,44.5353,-69.6789,44.5317,-69.6717,125
KWWD,01,19,5252,150,Asphalt,1,0,39.0030,-74.9056,39.0167,-74.9057,360
KWWD,10,28,5000,150,Asphalt,1,0,39.0071,-74.9203,39.0072,-74.9027,90
KWWR,12,30,5500,150,Permeable,0,1,,,,,120
KWWR,17,35,5502,100,Concrete,1,0,36.4443,-99.5209,36.4291,-99.5211,181
KWWR,6,24,2500,60,Asphalt,1,0,36.4381,-99.5287,36.4425,-99.5222,50
KWYS,01,19,8400,150,Asphalt,1,0,44.6781,-111.1248,44.6987,-111.1105,26
KXBP,18,36,5005,75,Asphalt,1,0,33.1808,-97.8283,33.1698,-97.8285,181
KXFL,02,20,5000,200,Asphalt,0,1,29.4581,-81.2094,29.4714,-81.2058,13
KXFL,06,24,5001,100,Asphalt,1,0,29.4607,-81.2122,29.4687,-81.1994,55
KXFL,11,29,5500,100,Asphalt,1,0,29.4719,-81.2144,29.4682,-81.1993,106
KXFL,16,34,5000,200,Asphalt,0,1,29.4733,-81.2142,29.4611,-81.2067,152
KXFL,18W,36W,3001,500,Water,0,0,29.4642,-81.2172,29.4560,-81.2160,173
KXLL,07,25,3950,75,Asphalt,1,0,40.5667,-75.4961,40.5722,-75.4839,59
KXLL,15,33,3160,75,Asphalt,1,0,40.5744,-75.4936,40.5683,-75.4856,135
KXMR,13,31,9999,200,Asphalt,1,0,28.4760,-80.5789,28.4592,-80.5543,128
KXNA,16L,34R,8801,150,Concrete,1,0,36.2932,-94.3120,36.2705,-94.3016,160
KXNA,16R,34L,8800,150,Concrete,1,0,,,,,160
KXNI,6,24,6000,75,Asphalt,0,0,,,,,
KXNO,05,23,3500,90,Asphalt,0,0,33.6074,-81.0773,33.6143,-81.0693,44
KXNO,06,24,10003,150,Asphalt,1,0,33.6009,-81.0971,33.6172,-81.0707,54
KXSA,10,28,4300,75,Asphalt,0,0,37.8592,-76.9015,37.8601,-76.8867,86
KXTA,12,30,5420,,,0,1,,,,,
KXTA,14,32,12000,,,0,0,,,,,
KXVG,13,31,3549,75,Asphalt,1,0,46.9935,-94.2098,46.9869,-94.1982,130
KXWA,14,32,7503,150,Concrete,1,0,48.2696,-103.7594,48.2522,-103.7429,148
KYIP,05,23,7543,150,Concrete,1,0,42.2306,-83.5399,42.2448,-83.5196,47
KYIP,05L,23R,6655,160,Asphalt,1,1,42.2322,-83.5417,42.2447,-83.5238,47
KYIP,09,27,5001,100,Asphalt,1,0,42.2440,-83.5433,42.2445,-83.5164,89
KYIP,09R,27L,6511,160,Asphalt,1,1,42.2308,-83.5398,42.2312,-83.5158,89
KYIP,14,32,6914,160,Asphalt,1,1,42.2444,-83.5408,42.2307,-83.5231,136
KYKM,04,22,3835,150,Asphalt,1,0,46.5639,-120.5480,46.5692,-120.5350,60
KYKM,09,27,7604,150,Asphalt,1,0,46.5726,-120.5600,46.5654,-120.5310,110
KYKN,01,19,3380,75,Asphalt,1,0,42.9101,-97.3863,42.9188,-97.3817,21
KYKN,13,31,6094,100,Concrete,1,0,42.9243,-97.3944,42.9115,-97.3797,140
KYNG,05,23,5002,150,Asphalt,1,0,41.2497,-80.6825,41.2594,-80.6696,45
KYNG,14,32,9003,150,Asphalt,1,0,41.2729,-80.6924,41.2554,-80.6692,135
KYNG,143,323,3501,60,Asphalt,0,0,,,,,
KZEF,07,25,4001,75,Asphalt,1,0,36.2778,-80.7923,36.2822,-80.7798,66
KZER,04,22,2523,140,Grass,0,0,40.7056,-76.3705,40.7110,-76.3663,31
KZER,11,29,5101,75,Asphalt,1,0,40.7064,-76.3837,40.7047,-76.3673,98
KZPH,19,1,5072,100,Asphalt,1,0,28.2342,-82.1533,28.2202,-82.1534,180
KZPH,5,23,5001,100,Asphalt,1,0,28.2242,-82.1638,28.2343,-82.1532,43
KZZV,04,22,4999,150,Permeable,1,0,39.9390,-81.8959,39.9505,-81.8859,34
KZZV,16,34,4998,75,Permeable,1,0,39.9502,-81.8974,39.9381,-81.8892,153
LAKU,01,19,7211,98,Asphalt,1,0,42.0271,20.4132,42.0438,20.4183,12
LAKV,14,32,9318,220,Concrete,1,0,40.7814,19.8906,40.7624,19.9131,137
LATI,17,35,9843,148,Asphalt,1,0,41.4270,19.7189,41.4025,19.7222,174
LBAM,11,29,535,,Hard coating,0,0,,,,,
LBBG,04,22,10499,148,Concrete,1,0,42.5598,27.5016,42.5804,27.5289,44
LBGO,09,27,8038,148,Concrete,1,0,43.1530,25.6980,43.1499,25.7279,98
LBHT,13,31,1969,79,Concrete,0,0,,,,,130
LBPD,12,30,8202,148,Concrete,1,0,42.0746,24.8388,42.0610,24.8629,127
LBPG,08,26,9815,270,Asphalt,0,0,42.2881,24.6961,42.2925,24.7319,80
LBPL,10L,28R,7173,230,Gravel,0,0,43.4528,24.4896,43.4486,24.5158,103
LBPL,10R,28L,7173,190,Permeable,0,0,43.4536,24.4897,43.4493,24.5160,103
LBRS,05,23,8210,165,Concrete,0,0,43.6884,26.0440,43.7012,26.0695,55
LBRS,05L,23R,5784,250,Gravel,0,0,43.6927,26.0510,43.7018,26.0690,55
LBSB,12,30,2377,88,Grass,0,0,,,,,
LBSF,09,27,11811,147,Asphalt,1,0,42.6975,23.3995,42.6952,23.4397,95
LBSL,09,27,8155,148,Asphalt,0,0,42.6463,26.3442,42.6462,26.3745,90
LBSZ,17,35,8200,148,Asphalt,0,0,42.3877,25.6526,42.3656,25.6578,170
LBVD,09,27,6888,100,Concrete,0,0,44.0224,22.8030,44.0224,22.8292,90
LBWB,16,34,8095,197,Concrete,0,0,43.4341,28.1757,43.4134,28.1869,159
LBWN,09,27,8258,148,Concrete,1,0,43.2334,27.8098,43.2306,27.8406,97
LCEN,11L,29R,9039,148,Concrete,1,0,35.1597,33.4875,35.1506,33.5156,107
LCEN,11R,29L,10498,148,,0,0,,,,,
LCEN,16,34,906,,,0,1,,,,,163
LCLK,04,22,9823,148,Asphalt,1,0,34.8642,33.6123,34.8832,33.6355,45
LCPH,11,29,8858,148,Asphalt,1,0,34.7223,32.4719,34.7138,32.4996,110
LCRA,10,28,9002,200,Asphalt,1,0,34.5942,32.9735,34.5867,33.0020,108
LDDU,11,29,10597,148,Asphalt,1,0,42.5696,18.2475,42.5558,18.2822,118
LDLO,02,20,2953,98,Asphalt,0,0,44.5634,14.3918,44.5709,14.3959,
LDOB,14,32,2953,,,0,0,,,,,
LDOC,10,28,3937,98,Asphalt,1,0,45.5439,18.6247,45.5415,18.6395,103
LDOC,10L,28R,,,,0,0,,,,,
LDOC,10R,28L,3615,148,Gravel,0,0,45.5432,18.6260,45.5410,18.6398,103
LDOS,11,29,8202,148,Asphalt,1,0,45.4663,18.7964,45.4584,18.8263,111
LDOV,04,22,2651,,,0,0,,,,,
LDPL,09,27,9678,148,Asphalt,1,0,44.8931,13.9036,44.8939,13.9407,88
LDPN,05,23,2789,,Grass,0,0,,,,,
LDPV,01,19,,,,0,0,,,,,1
LDRG,07,25,5293,98,Asphalt,0,0,45.3776,14.4938,45.3814,14.5137,75
LDRG,09,27,6106,74,Asphalt,0,0,45.3766,14.4965,45.3764,14.5203,91
LDRI,14,32,8164,148,Permeable,1,0,45.2257,14.5614,45.2076,14.5802,144
LDSB,03,21,5774,98,Asphalt,1,0,43.2809,16.6750,43.2906,16.6844,35
LDSH,10,28,2454,98,Gravel,0,0,43.1823,16.6290,43.1888,16.6378,102
LDSP,05,23,8366,148,Asphalt,1,0,43.5321,16.2856,43.5460,16.3106,53
LDSS,08,26,3609,,,0,0,,,,,
LDVA,16,34,5676,98,Asphalt,0,0,46.3019,16.3775,46.2875,16.3850,160
LDVC,03,21,3609,,,0,0,,,,,
LDZA,04,22,10669,148,Asphalt,1,0,45.7319,16.0520,45.7519,16.0824,47
LDZD,04,22,6561,147,Asphalt,1,0,44.0794,15.3412,44.0928,15.3577,42
LDZD,13,31,8202,147,Asphalt,1,0,44.1164,15.3357,44.1004,15.3574,136
LDZE,04,22,2083,125,Grass,0,0,,,,,
LEAB,09,27,8858,197,Asphalt,1,0,38.9480,-1.8791,38.9491,-1.8479,87
LEAL,10,28,9842,148,Asphalt,1,0,38.2845,-0.5750,38.2798,-0.5413,100
LEAM,07,25,10499,148,Asphalt,1,0,36.8397,-2.3873,36.8481,-2.3529,73
LEAP,17,35,1617,69,Paved,0,0,,,,,
LEAS,11,29,7218,148,Asphalt,1,0,43.5666,-6.0476,43.5605,-6.0216,109
LEAX,12,30,3146,65,Asphalt,0,0,36.8022,-4.1373,36.7992,-4.1312,123
LEBA,03,21,7352,148,Asphalt,1,0,37.8344,-4.8542,37.8521,-4.8418,29
LEBB,10,28,6266,148,Asphalt,1,0,43.3033,-2.9370,43.3013,-2.9125,97
LEBB,12,30,8530,148,Asphalt,1,0,43.3063,-2.9249,43.2958,-2.8963,117
LEBE,09,27,4757,98,Asphalt,0,0,38.2753,-2.9580,38.2758,-2.9415,88
LEBE,15,33,2460,98,Asphalt,0,0,38.2779,-2.9484,38.2722,-2.9438,148
LEBG,04,22,6890,148,Asphalt,1,0,42.3505,-3.6224,42.3642,-3.6050,45
LEBG,06,24,4393,98,Asphalt,1,1,42.3542,-3.6275,42.3610,-3.6140,56
LEBL,02,20,8300,147,Asphalt,1,0,41.2877,2.0848,41.3093,2.0947,19
LEBL,06L,24R,11000,196,Asphalt,1,0,41.2932,2.0673,41.3057,2.1038,66
LEBL,06R,24L,8727,196,Asphalt,1,0,41.2823,2.0743,41.2922,2.1033,66
LEBZ,13,31,9350,197,Asphalt,1,0,38.8988,-6.8346,38.8838,-6.8079,126
LECA,04,22,,,,0,0,,,,,
LECA,18,36,,,,0,0,,,,,
LECD,07,25,3773,75,Asphalt,0,0,42.3845,1.8602,42.3883,1.8732,69
LECF,13,31,2657,164,,0,0,,,,,
LECH,06,24,8858,147,Asphalt,1,0,40.2075,0.0602,40.2207,0.0869,57
LECI,09,27,2805,59,Asphalt,0,0,,,,,
LECN,18,36,3117,,Concrete,0,0,,,,,
LECO,03,21,7178,148,Asphalt,1,0,43.2917,-8.3858,43.3086,-8.3719,31
LECT,12,30,3200,82,Asphalt,0,1,39.0124,-4.3908,39.0087,-4.3808,114
LECT,14,32,5036,98,Asphalt,1,0,39.0179,-4.3630,39.0093,-4.3812,133
LECU,09,27,4921,98,Asphalt,1,0,40.3711,-3.7939,40.3702,-3.7764,94
LECU,09L,27R,2698,148,Grass,0,0,40.3723,-3.7907,40.3716,-3.7776,94
LECU,H1,,131,100,Asphalt,0,0,,,,,
LECV,03,21,1361,82,,0,0,40.6957,-3.7647,40.6988,-3.7619,
LEDA,13,31,8202,200,hard,1,0,41.7357,0.5245,41.7208,0.5455,133
LEDE,16,34,214,,compacted soil,0,0,,,,,
LEFM,16,34,3281,59,Asphalt,0,0,40.8920,-4.2418,40.8841,-4.2361,151
LEGA,18,36,4265,98,Asphalt,0,0,37.1391,-3.6354,37.1274,-3.6360,181
LEGC,15,33,5250,57,Asphalt,0,0,,,,,
LEGE,01,19,7874,148,Asphalt,1,0,41.8949,2.7583,41.9157,2.7661,14
LEGR,09,27,9514,148,Asphalt,1,0,37.1886,-3.7937,37.1889,-3.7610,90
LEGT,04,22,8136,197,Asphalt,1,0,40.2862,-3.7341,40.3019,-3.7134,45
LEGT,05R,23L,3018,98,Gravel,0,0,40.2892,-3.7252,40.2952,-3.7173,45
LEGY,02,20,800,45,Asphalt,0,0,,,,,
LEGY,09,27,1200,50,Asphalt,0,0,,,,,
LEHC,12L,30R,2018,39,Asphalt,0,0,42.0824,-0.3266,42.0794,-0.3204,122
LEHC,12R,30L,6889,147,Asphalt,1,0,42.0809,-0.3273,42.0707,-0.3060,122
LEIB,06,24,9186,148,Asphalt,1,0,38.8669,1.3589,38.8787,1.3874,62
LEIG,16,34,2822,56,Asphalt,0,0,,,,,
LEIZ,10,28,5015,75,Asphalt,0,0,38.5137,-3.3730,38.5125,-3.3556,95
LEJR,02,20,7546,148,Asphalt,1,0,36.7350,-6.0648,36.7543,-6.0554,21
LELA,07,25,4830,77,Asphalt,0,0,38.7460,-3.5227,38.7497,-3.5064,74
LELC,05L,23R,5174,148,Asphalt,0,0,37.7805,-0.8168,37.7860,-0.8097,46
LELC,05R,23L,7612,148,Asphalt,1,0,37.7677,-0.8216,37.7822,-0.8028,46
LELC,14,32,2625,197,Grass,0,1,37.7868,-0.8139,37.7815,-0.8075,136
LELL,13,31,3442,98,Asphalt,0,0,41.5233,2.1007,41.5176,2.1107,
LELN,05,23,9843,148,Asphalt,1,0,42.5820,-5.6653,42.6009,-5.6393,46
LELN,06,24,3392,328,Dirt,0,1,42.5899,-5.6619,42.5949,-5.6503,61
LELO,11,29,7218,148,Concrete,0,0,42.4637,-2.3325,42.4570,-2.3073,
LELT,12,30,2650,60,Asphalt,0,0,,,,,
LEMD,14L,32R,11483,197,Asphalt,1,0,40.4949,-3.5579,40.4700,-3.5326,144
LEMD,14R,32L,13084,197,Asphalt,1,0,40.4849,-3.5760,40.4557,-3.5464,144
LEMD,18L,36R,11483,197,Asphalt,1,0,40.5326,-3.5594,40.5011,-3.5592,181
LEMD,18R,36L,14271,197,Asphalt,1,0,40.5318,-3.5749,40.4926,-3.5746,181
LEMF,12,30,2297,59,Concrete,0,0,,,,,
LEMG,12,30,9022,148,Asphalt,1,0,36.6910,-4.5078,36.6796,-4.4805,119
LEMG,13,31,10500,148,Asphalt,1,0,36.6845,-4.5126,36.6654,-4.4858,133
LEMH,01,19,8366,148,Asphalt,1,0,39.8513,4.2163,39.8722,4.2206,8
LEMH,01L,19R,7710,148,Asphalt,1,1,39.8513,4.2163,39.8722,4.2206,9
LEMH,01R,19L,6890,148,Asphalt,1,1,39.8534,4.2191,39.8721,4.2230,9
LEMI,05,23,9842,147,Asphalt,1,0,37.7935,-1.1371,37.8128,-1.1123,46
LEMO,02,20,11801,200,Asphalt,1,0,37.1596,-5.6229,37.1901,-5.6091,20
LEMP,15,33,2789,98,Compacted Earth,0,0,,,,,
LEMR,10,28,3281,98,Asphalt,0,0,43.4292,-5.8367,43.4292,-5.8244,92
LEMT,08,26,3116,85,Asphalt,0,0,,,,,
LEMU,12,30,3281,75,Asphalt,0,0,,,,,112
LENA,10,28,2578,59,Asfalt,0,0,,,,,
LENE,08,26,4593,75,Paved,0,0,,,,,
LEOC,11,29,4134,58,Asphalt,0,0,39.9380,-3.5079,39.9346,-3.4938,107
LEOC,17,35,2936,328,Gravel,0,0,39.9410,-3.5050,39.9331,-3.5028,167
LEOS,08,26,3976,72,Asfalt,0,0,,,,,
LEPA,06L,24R,10728,148,Asphalt,1,0,39.5471,2.7107,39.5625,2.7432,59
LEPA,06R,24L,9842,148,Asphalt,1,0,39.5413,2.7317,39.5553,2.7615,59
LEPI,12,30,3041,60,Asphalt,0,0,,,,,118
LEPP,03,21,2,,,0,0,,,,,
LEPP,15,33,7241,148,Asphalt,1,0,42.7795,-1.6532,42.7620,-1.6405,152
LEPZ,14,32,3346,59,Asphalt,0,0,38.9156,-4.1951,38.9088,-4.1871,137
LERE,12,30,3264,59,Asphalt,0,0,,,,,
LERI,07,25,3077,148,Asphalt,1,0,37.9493,-1.2352,37.9529,-1.2254,65
LERL,10,28,13450,197,Asphalt,1,0,,,,,
LERM,01,19,3281,33,Asphalt,0,0,40.8578,-3.2478,40.8667,-3.2463,7
LERO,04,22,3937,148,Asphalt,0,0,43.1126,-7.4746,43.1213,-7.4660,36
LERP,05,23,1000,50,rough,0,0,,,,,
LERP,09,27,700,45,rough,0,0,,,,,
LERS,07,25,8054,148,Asphalt,1,0,41.1441,1.1559,41.1520,1.1832,69
LERS,12,30,1117,115,Gravel,0,1,41.1431,1.1546,41.1400,1.1651,111
LERT,10,28,12106,200,Asphalt,1,0,36.6472,-6.3700,36.6432,-6.3290,97
LESA,03,21,8245,148,Asphalt,1,0,40.9420,-5.5090,40.9620,-5.4951,28
LESA,08,26,6115,400,Gravel,0,0,40.9500,-5.5120,40.9546,-5.4907,74
LESB,05,23,3937,75,Asphalt,0,0,39.5965,2.6989,39.6023,2.7078,51
LESL,02,20,6069,75,Asphalt,0,0,39.8541,4.2483,39.8687,4.2550,20
LESO,04,22,5755,148,Asphalt,1,0,43.3504,-1.7974,43.3627,-1.7838,39
LEST,17,35,10499,148,Asphalt,1,0,42.9118,-8.4204,42.8838,-8.4109,166
LESU,03,21,4157,92,Asphalt,1,0,42.3362,1.4067,42.3459,1.4146,31
LETC,07,25,2789,59,Asphalt,0,0,,,,,
LETI,05,23,3280,49,Asphalt,0,0,40.2428,-4.7929,40.2489,-4.7844,47
LETI,05L,23R,1969,197,Gravel,0,0,40.2462,-4.7910,40.2503,-4.7864,41
LETL,18,36,9268,148,Asphalt,1,0,40.4247,-1.2183,40.3993,-1.2169,
LETO,04,22,15807,197,Permeable,1,0,40.4848,-3.4607,40.5087,-3.4310,43
LEVC,04,22,5394,148,Asphalt,0,1,39.4822,-0.4889,39.4941,-0.4767,38
LEVC,12,30,8858,148,Asphalt,1,0,39.4964,-0.5001,39.4836,-0.4667,116
LEVD,05,23,9843,197,Asphalt,1,0,41.6970,-4.8648,41.7160,-4.8390,45
LEVD,15,33,2976,197,Gravel,0,0,41.7133,-4.8618,41.7067,-4.8554,144
LEVF,08,26,3281,82,Asphalt,0,0,,,,,
LEVT,04,22,11483,148,Concrete,1,0,42.8701,-2.7370,42.8956,-2.7119,36
LEVX,01,19,7874,148,Asphalt,1,0,42.2213,-8.6297,42.2425,-8.6239,11
LEXJ,11,29,7612,148,Asphalt,1,0,43.4308,-3.8339,43.4236,-3.8070,110
LEZG,12L,30R,9843,148,Asphalt,1,0,41.6691,-1.0398,41.6554,-1.0083,120
LEZG,12R,30L,12198,148,Asphalt,1,0,41.6802,-1.0824,41.6635,-1.0437,120
LEZL,09,27,11030,148,Asphalt,1,0,37.4179,-5.9121,37.4180,-5.8741,90
LFAB,13,31,2690,,,0,0,,,,,
LFAC,06,24,5036,148,Asphalt,1,0,50.9588,1.9452,50.9654,1.9643,61
LFAC,H,,42,42,Asphalt,0,0,,,,,
LFAD,05,23,2953,,,0,0,,,,,
LFAE,05,23,2953,59,Paved,0,0,,,,,
LFAF,17,35,3232,,,0,0,,,,,
LFAG,09,27,4560,98,Asphalt,0,0,49.8687,3.0199,49.8684,3.0393,91
LFAI,05,23,3133,66,Asphalt,0,0,48.5939,3.0019,48.5990,3.0123,53
LFAI,06,24,3133,66,Asphalt,0,1,48.5939,3.0019,48.5990,3.0123,53
LFAJ,04,22,3281,,,0,0,,,,,
LFAK,07,25,0,0,,0,0,,,,,
LFAL,08,26,4708,262,Grass,0,0,,,,,84
LFAM,06,24,3000,150,Grass,0,0,,,,,57
LFAM,17,35,,,Asphalt,0,1,,,,,
LFAO,12,30,3478,66,Asphalt,0,0,48.5482,-0.3937,48.5434,-0.3812,120
LFAP,06,24,2493,197,Grass,0,0,,,,,
LFAQ,08,26,7218,148,Asphalt,1,0,49.9693,2.6787,49.9710,2.7093,90
LFAQ,08R,26L,3281,262,Grass,0,0,49.9674,2.6789,49.9682,2.6928,
LFAS,06,24,2789,,,0,0,,,,,
LFAT,06,24,,,,0,1,,,,,
LFAT,13,31,6070,131,Asphalt,1,0,50.5240,1.6125,50.5125,1.6314,133
LFAV,06,24,2051,164,Grass,0,0,50.3276,3.4556,50.3303,3.4633,
LFAV,11,29,5604,148,Asphalt,1,0,50.3285,3.4501,50.3231,3.4725,110
LFAV,11L,29R,2034,164,Grass,0,0,50.3277,3.4576,50.3257,3.4657,
LFAY,12,30,4265,82,Asphalt,1,0,49.8755,2.3792,49.8705,2.3949,116
LFBA,11,29,7103,98,Asphalt,1,0,44.1777,0.5804,44.1703,0.6055,112
LFBC,06,24,7900,148,Asphalt,1,0,44.5280,-1.1380,44.5400,-1.1127,57
LFBD,05,23,10171,148,Asphalt,1,0,44.8191,-0.7290,44.8387,-0.7010,46
LFBD,11,29,7923,148,Asphalt,1,0,44.8316,-0.7292,44.8254,-0.6999,107
LFBE,09,27,7234,148,Asphalt,1,0,44.8253,0.5050,44.8238,0.5326,94
LFBF,12,30,5906,148,Asphalt,1,0,43.5491,1.3572,43.5423,1.3774,115
LFBG,05,23,7949,148,Permeable,1,0,45.6484,-0.3244,45.6625,-0.3007,50
LFBG,08,26,5951,197,Macadam,1,0,45.6619,-0.3242,45.6637,-0.3010,84
LFBH,09,27,7398,148,Asphalt,1,0,46.1797,-1.2110,46.1788,-1.1818,93
LFBI,03,21,7710,148,Asphalt,1,0,46.5796,0.3001,46.5979,0.3158,32
LFBK,17,35,6234,148,Asphalt,1,0,46.2310,2.3612,46.2143,2.3667,167
LFBL,03,21,8202,148,Asphalt,1,0,45.8525,1.1725,45.8713,1.1902,34
LFBM,09,27,11821,148,Permeable,1,0,43.9107,-0.5318,43.9123,-0.4870,87
LFBN,07,25,5774,98,Asphalt,1,0,46.3083,-0.4121,46.3145,-0.3907,68
LFBO,14L,32R,9843,148,Asphalt,1,0,43.6374,1.3576,43.6156,1.3802,143
LFBO,14R,32L,11483,148,Asphalt,1,0,43.6441,1.3459,43.6190,1.3721,143
LFBP,13,31,8202,148,Asphalt,1,0,43.3877,-0.4333,43.3745,-0.4082,125
LFBR,12,30,3609,98,Asphalt,1,0,43.4514,1.2576,43.4469,1.2698,117
LFBS,09,27,2625,,,0,0,,,,,
LFBT,02,20,9843,148,Asphalt,1,0,43.1660,-0.0127,43.1913,0.0001,20
LFBU,10,28,5938,148,Asphalt,1,0,45.7305,0.2071,45.7285,0.2302,97
LFBX,11,29,5741,98,Asphalt,1,0,45.2004,0.8058,45.1941,0.8262,114
LFBY,07,25,2625,,,0,0,,,,,
LFBZ,09,27,7382,148,Asphalt,1,0,43.4682,-1.5372,43.4685,-1.5094,89
LFCA,18,36,2625,,,0,0,,,,,
LFCB,01,19,2461,,Grass,0,0,,,,,
LFCC,13,31,4921,98,Asphalt,1,0,44.3556,1.4675,44.3472,1.4819,129
LFCD,13,31,4068,197,Grass,0,0,,,,,
LFCE,05,23,2215,66,Asphalt,0,0,,,,,
LFCF,11,29,2953,100,Paved,0,0,,,,,111
LFCG,15,33,3609,98,Asphalt,0,0,43.0122,1.1001,43.0033,1.1062,154
LFCH,07,25,,,,0,1,,,,,
LFCH,07L,25R,4416,76,Asphalt,1,0,44.5953,-1.1181,44.5994,-1.1011,74
LFCH,07R,25L,4213,197,Grass,0,0,44.5945,-1.1186,44.5964,-1.1095,74
LFCI,09,27,5118,98,Asphalt,1,0,43.9131,2.1009,43.9133,2.1204,90
LFCJ,14L,32R,4495,,,0,0,,,,,
LFCJ,14R,32L,4495,,,0,0,,,,,
LFCK,14,32,5988,98,Concrete,1,0,43.5627,2.2821,43.5498,2.2963,141
LFCL,15,33,3117,75,Asphalt,0,0,43.5911,1.4965,43.5834,1.5014,155
LFCM,14,32,5577,98,Asphalt,1,0,43.9954,3.1765,43.9833,3.1895,142
LFCN,14L,32R,3281,75,Paved,0,0,,,,,
LFCN,14R,32L,3117,,Grass,0,0,,,,,
LFCO,07L,25R,3543,164,Grass,0,0,,,,,
LFCO,07R,25L,3379,164,Grass,0,0,,,,,
LFCP,13,31,4101,262,Grass,0,0,,,,,
LFCQ,09,27,3166,66,Asphalt,0,0,43.7703,2.0058,43.7692,2.0177,97
LFCR,13,31,6693,148,Asphalt,1,0,44.4137,2.4727,44.4021,2.4926,130
LFCS,03,21,2625,66,Paved,0,0,,,,,
LFCT,12,30,3445,328,Grass,0,0,,,,,
LFCT,16,34,3117,,,0,1,,,,,
LFCU,10,28,4429,98,Asphalt,0,0,45.5369,2.4163,45.5349,2.4332,100
LFCU,10R,28L,2953,164,Grass,0,0,,,,,
LFCV,13,31,3363,,,0,0,,,,,
LFCW,10,28,3412,59,Asphalt,0,0,44.3990,0.7539,44.3971,0.7667,103
LFCX,10,28,2953,,,0,0,,,,,
LFCY,10,28,4117,98,Asphalt,1,0,45.6318,-0.9801,45.6296,-0.9643,102
LFCZ,08,26,3412,66,Asphalt,1,0,44.1455,-1.1809,44.1467,-1.1680,82
LFDA,12,30,3281,98,Asphalt,0,0,43.7119,-0.2522,43.7083,-0.2408,115
LFDB,13,31,3215,66,Asphalt,1,0,44.0288,1.3737,44.0226,1.3824,135
LFDC,15,33,2592,197,Sand,0,0,,,,,153
LFDE,07,25,2674,,,0,0,,,,,
LFDF,10,28,3937,,,0,0,,,,,
LFDG,07,25,3675,,Grass,0,0,,,,,
LFDH,18,36,6233,98,Concrete,1,0,,,,,184
LFDH,36,18,6233,98,Asphalt,1,0,43.6770,0.5992,43.6904,0.6004,4
LFDI,04,22,3609,66,Asphalt,0,0,44.9786,-0.1388,44.9866,-0.1307,35
LFDJ,09,27,4265,98,Asphalt,1,0,43.0908,1.6900,43.0904,1.7059,92
LFDK,14,32,2526,59,Paved,0,0,,,,,136
LFDL,08,26,2592,197,Grass,0,0,47.0356,0.0957,47.0364,0.1060,83
LFDM,11,29,3937,98,Asphalt,1,0,44.5006,0.1933,44.4973,0.2077,107
LFDN,12,30,7480,148,Asphalt,1,0,45.8962,-0.9973,45.8851,-0.9725,123
LFDP,10,28,3281,,,0,0,,,,,
LFDR,08,26,3117,,,0,0,,,,,
LFDT,08,26,2723,,,0,0,,,,,
LFDU,06,24,2953,196,Grass,0,0,,,,,
LFDV,02,20,3494,,,0,0,,,,,
LFDX,17,35,2362,,Grass,0,0,,,,,
LFEA,06,24,2165,82,Asphalt,0,0,47.3238,-3.2050,47.3268,-3.1974,
LFEB,07,25,2723,98,Asphalt,0,0,,,,,
LFEC,05,23,2733,79,Paved,0,0,48.4610,-5.0676,48.4647,-5.0608,
LFED,10,28,3675,98,Asphalt,1,0,48.0589,-2.9293,48.0582,-2.9143,94
LFEF,10,28,2295,82,Concrete,1,0,,,,,
LFEF,10L,28R,2295,198,Grass,0,0,,,,,
LFEG,03L,21R,2067,59,Asphalt,0,0,,,,,
LFEG,03R,21L,2723,213,Grass,0,0,,,,,
LFEH,06,24,3330,66,Asphalt,0,0,47.4785,2.3889,47.4831,2.4006,60
LFEI,14,32,2789,,,0,0,,,,,
LFEJ,04,22,2625,,,0,0,,,,,
LFEK,11,29,3018,,,0,0,,,,,
LFEK,18,36,3117,,,0,0,,,,,
LFEL,04,22,2625,,,0,0,,,,,
LFEM,05,23,3937,164,Grass,0,0,,,,,
LFEM,05C,23C,2953,262,Grass,0,0,,,,,
LFEM,05L,23R,984,131,Grass,0,0,,,,,
LFEN,04,22,2297,59,HARD,0,0,,,,,35
LFEN,04R,22L,1083,66,Unpaved,0,0,,,,,35
LFEP,03,21,2789,,,0,0,,,,,
LFEQ,11,29,2543,83,Paved,0,0,,,,,112
LFER,05,23,2756,,,0,0,,,,,
LFES,02,20,4921,98,Asphalt,1,0,48.0463,-3.6687,48.0588,-3.6609,23
LFET,01,19,3445,328,Turf,0,0,,,,,13
LFET,11,29,3412,196,Turf,0,0,,,,,107
LFEU,06,24,3084,,,0,0,,,,,
LFEV,07L,25R,2822,262,Grass,0,0,,,,,75
LFEV,07R,25L,2625,59,Paved,0,0,,,,,75
LFEW,05,23,2395,66,Asphalt,0,0,,,,,54
LFEX,18,36,3215,,,0,0,,,,,
LFEY,04,22,1886,164,Grass,0,0,46.7152,-2.3949,46.7195,-2.3906,36
LFEY,14,32,4003,82,Asphalt,1,0,46.7213,-2.3968,46.7127,-2.3869,143
LFEY,15,33,,,,0,1,,,,,
LFEZ,04,22,3084,,,0,0,,,,,
LFEZ,09,27,3084,,,0,0,,,,,
LFEZ,14,32,3281,,,0,0,,,,,
LFFB,10,28,2625,,,0,0,,,,,
LFFC,04,22,2953,,,0,0,,,,,
LFFC,12,30,2953,,,0,0,,,,,
LFFD,05,23,3609,,,0,0,,,,,
LFFG,04,22,2789,164,Grass,0,0,48.7542,3.2739,48.7601,3.2826,
LFFH,04,22,3051,,,0,0,,,,,
LFFI,07,25,3937,82,Asphalt,1,0,47.4066,-1.1852,47.4098,-1.1700,73
LFFJ,09,27,2165,197,Grass,0,0,,,,,93
LFFK,08,26,3150,,,0,0,,,,,
LFFL,08,26,2559,,,0,0,,,,,
LFFL,18,36,2559,,,0,0,,,,,
LFFN,10,28,8038,148,Concrete,0,0,48.4315,4.4649,48.4281,4.4976,99
LFFO,10,28,1970,66,Grass,0,0,,,,,98
LFFO,H,,82,82,Asphalt,0,0,,,,,
LFFP,07,25,3740,,,0,0,,,,,
LFFQ,10,28,3389,295,,0,0,48.4995,2.3300,48.4978,2.3437,
LFFR,12,30,2625,,,0,0,,,,,
LFFT,01,19,2559,,,0,0,,,,,
LFFU,08,26,2625,197,Grass,0,0,,,,,
LFFV,04,22,2231,197,Grass,0,0,,,,,
LFFW,07,25,2953,,,0,0,,,,,
LFFZ,06L,24R,3117,164,Unpaved,0,0,,,,,57
LFGA,01,19,5282,98,Asphalt,1,0,48.1026,7.3569,48.1167,7.3610,11
LFGB,02,20,3281,66,Asphalt,0,0,47.7372,7.4297,47.7455,7.4347,21
LFGB,02R,20L,3166,262,Grass,0,0,47.7364,7.4303,47.7457,7.4359,21
LFGB,16,34,1640,164,Grass,0,0,,,,,
LFGC,17,35,2690,197,Asphalt,0,0,48.5574,7.7771,48.5501,7.7778,
LFGF,03,21,2985,98,Asphalt,0,0,47.0017,4.8903,47.0103,4.8964,25
LFGG,04,22,2592,,,0,1,,,,,
LFGG,18L,36R,3018,262,Grass,0,0,,,,,
LFGG,18R,36L,3018,164,Grass,0,0,,,,,
LFGH,12,30,2657,,,0,0,,,,,
LFGI,02,20,2460,65,Asphalt,0,0,47.3822,4.9453,47.3886,4.9485,17
LFGI,02R,20L,2560,262,Turf,0,0,47.3816,4.9458,47.3883,4.9491,17
LFGJ,05,23,7318,148,Asphalt,1,0,47.0331,5.4153,47.0448,5.4392,55
LFGK,08,26,3458,98,Asphalt,0,0,47.9915,3.3852,47.9932,3.3996,79
LFGK,08R,26L,2296,262,Turf,0,0,,,,,79
LFGL,08,26,3609,,,0,0,,,,,
LFGM,09,27,2953,,,0,0,,,,,
LFGN,13,31,1960,330,Turf,0,0,,,,,132
LFGO,14L,32R,3281,,,0,0,,,,,
LFGO,14R,32L,3281,,,0,0,,,,,
LFGP,07C,25C,3543,,,0,0,,,,,
LFGP,07L,25R,3675,,,0,0,,,,,
LFGQ,04,22,2400,82,Asphalt,0,0,,,,,42
LFGQ,04L,22R,2034,197,Grass,0,0,,,,,42
LFGR,08,26,2953,,,0,0,,,,,
LFGS,09,27,2953,164,Grass,0,0,,,,,
LFGU,05L,23R,2343,492,Grass,0,0,,,,,
LFGU,05R,23L,2343,492,Grass,0,0,,,,,
LFGW,10,28,3675,66,Asphalt,1,0,49.1232,5.4615,49.1215,5.4766,100
LFGY,07,25,2854,59,Paved,0,0,,,,,
LFGZ,11,29,2933,197,Turf,0,0,,,,,
LFHA,18L,36R,2805,230,grass - herbe  (planeur),0,0,,,,,176
LFHA,18R,36L,2805,230,grass - herbe  (avion),0,0,,,,,176
LFHD,18R,36L,3937,,,0,0,,,,,
LFHE,06,24,3068,,,0,0,,,,,
LFHF,18,36,2067,164,Grass,0,0,44.4477,4.3331,44.4420,4.3325,181
LFHH,01,19,2155,155,Grass,0,0,,,,,
LFHI,13,31,2625,,,0,0,,,,,
LFHJ,18,36,2904,,,0,0,,,,,
LFHL,04,22,2897,164,Grass,0,0,,,,,36
LFHM,15,33,1798,59,Asphalt,0,0,45.8245,6.6484,45.8200,6.6514,153
LFHN,18,36,2200,60,Paved,0,0,,,,,
LFHO,18,36,4675,98,Paved,0,0,44.5506,4.3728,44.5378,4.3716,184
LFHP,15,33,4570,98,Paved,1,0,45.0863,3.7582,45.0749,3.7672,151
LFHP,15R,33L,3084,262,Unpaved,0,0,45.0836,3.7591,45.0775,3.7637,151
LFHQ,01,19,4298,98,Asphalt,0,0,45.0699,2.9915,45.0815,2.9941,9
LFHR,15L,33R,2854,164,,0,0,,,,,154
LFHS,18,36,3737,98,Asphalt,1,0,46.2060,5.2920,46.1958,5.2921,180
LFHS,18R,36L,2411,262,Grass,0,0,,,,,
LFHT,02,20,2415,59,Paved,0,0,,,,,16
LFHU,06,24,1470,98,Asphalt,0,0,,,,,
LFHV,18,36,3412,98,Asphalt,1,0,45.9233,4.6350,45.9139,4.6348,181
LFHV,18L,36R,3609,262,Grass,0,0,45.9235,4.6360,45.9138,4.6356,182
LFHX,05,23,3937,75,Paved,0,0,,,,,51
LFHY,08,26,4265,98,Asphalt,1,0,46.5338,3.4153,46.5354,3.4321,83
LFHY,08L,26R,1083,98,Grass,0,0,,,,,
LFHY,08R,26L,2766,131,Grass,0,0,,,,,
LFIB,11,29,2625,,,0,0,,,,,
LFID,11,29,2789,,,0,0,,,,,
LFIF,12,30,4265,66,Asphalt,0,0,43.8279,2.7391,43.8223,2.7533,118
LFIG,10,28,3445,66,Concrete,0,0,44.1798,2.5121,44.1791,2.5252,93
LFIH,07,25,2756,,,0,0,,,,,
LFIK,05,23,2822,,,0,0,,,,,
LFIL,05,23,3527,,,0,0,,,,,
LFIP,09,27,1542,66,Asphalt,0,0,,,,,
LFIS,03,21,1978,131,Paved,0,0,,,,,29
LFIV,09,27,2625,,,0,0,,,,,
LFIY,10,28,2789,164,Grass,0,0,,,,,
LFJA,01,19,4921,148,Asphalt,0,0,48.0796,5.0481,48.0931,5.0500,5
LFJB,04,22,4265,66,Asphalt,1,0,46.8992,-0.7014,46.9086,-0.6914,36
LFJC,18,36,2592,,,0,0,,,,,
LFJE,03,21,1752,131,Grass,0,0,,,,,
LFJF,08,26,2526,,,0,0,,,,,
LFJH,10,28,2920,,,0,0,,,,,
LFJL,04,22,8202,148,Asphalt,1,0,48.9734,6.2405,48.9908,6.2621,39
LFJR,08,26,5906,148,Asphalt,1,0,47.5589,-0.3247,47.5616,-0.3010,80
LFJR,08L,26R,2362,148,Grass,0,0,,,,,
LFJR,08R,26L,3609,328,Grass,0,0,,,,,
LFJS,07,25,2870,180,Grass,0,0,,,,,70
LFJT,03,21,2953,295,Grass,0,0,,,,,30
LFJU,06,24,4960,55,Asphalt,0,0,46.7098,2.9376,46.7173,2.9541,57
LFJU,06R,24L,2170,125,Grass,0,0,46.7094,2.9395,46.7126,2.9469,58
LFJY,05,23,7874,148,Asphalt,1,0,49.0186,5.8634,49.0323,5.8887,50
LFKA,05,23,2625,69,Asphalt,0,0,,,,,51
LFKB,16,34,8266,148,Asphalt,1,0,42.5635,9.4792,42.5418,9.4883,163
LFKC,18,36,7579,131,Concrete,1,0,42.5411,8.7929,42.5203,8.7933,179
LFKF,05,23,8136,148,Asphalt,1,0,41.4947,9.0860,41.5098,9.1079,48
LFKG,18,36,2625,,,0,0,,,,,
LFKH,02,20,1335,115,Grass,0,0,,,,,
LFKJ,02,20,7897,148,Asphalt,1,0,41.9116,8.7954,41.9313,8.8077,25
LFKM,16,34,2130,33,Grass,0,0,,,,,
LFKO,09,27,4593,98,Asphalt,0,0,41.6612,8.8814,41.6600,8.8981,95
LFKP,11,29,270,80,Asphalt,0,0,,,,,
LFKS,18,36,8619,148,Concrete,1,0,41.9362,9.4051,41.9126,9.4056,179
LFKT,12,30,3084,65,Asphalt,0,0,42.2961,9.1886,42.2911,9.1978,124
LFKX,15,33,1332,49,Asphalt,0,0,,,,,
LFKY,18,36,2093,197,Grass,0,0,,,,,
LFLA,18,36,5413,98,Asphalt,1,0,47.8577,3.4982,47.8430,3.4961,184
LFLB,18,36,6628,148,Asphalt,1,0,45.6471,5.8795,45.6290,5.8810,176
LFLC,01,19,2313,197,Grass,0,0,,,,,8
LFLC,08,26,9885,148,Asphalt,1,0,45.7848,3.1508,45.7886,3.1892,82
LFLC,08L,26R,2953,161,Grass,0,0,,,,,82
LFLD,06,24,5085,148,Asphalt,1,0,47.0566,2.3599,47.0638,2.3773,59
LFLE,14,32,3281,66,Asphalt,0,0,45.5646,5.9721,45.5575,5.9795,142
LFLG,04,22,2953,,,0,0,,,,,
LFLH,17,35,4725,98,Asphalt,1,0,46.8325,4.8161,46.8197,4.8192,171
LFLI,12,30,4265,98,Asphalt,1,0,46.1947,6.2608,46.1893,6.2759,117
LFLJ,04,22,1762,131,Asphalt,0,0,,,,,42
LFLL,17L,35R,8760,148,Asphalt,1,0,45.7349,5.0919,45.7110,5.0948,175
LFLL,17R,35L,13124,148,Asphalt,1,0,45.7466,5.0859,45.7107,5.0903,175
LFLM,17,35,4036,79,Asphalt,1,0,46.2997,4.7953,46.2900,4.7968,174
LFLN,15L,33R,6660,148,Concrete,1,0,46.4220,4.0071,46.4065,4.0211,148
LFLN,15R,33L,4921,98,Concrete,0,0,46.4165,4.0072,46.4050,4.0176,148
LFLO,02,20,4839,98,Paved,1,0,46.0494,3.9982,46.0621,4.0036,15
LFLP,04,22,5348,98,Asphalt,1,0,45.9235,6.0922,45.9350,6.1053,39
LFLP,04R,22L,2771,194,Grass,0,0,45.9255,6.0970,45.9315,6.1038,
LFLQ,02,20,3937,262,Unpaved,0,0,,,,,20
LFLR,01L,19R,2953,328,UnPaved,0,0,,,,,7
LFLR,01R,19L,2953,328,UnPaved,0,0,,,,,7
LFLS,09,27,10007,148,Asphalt,1,0,45.3630,5.3099,45.3629,5.3488,90
LFLT,11,29,3281,98,Asphalt,0,0,46.3541,2.5644,46.3510,2.5766,110
LFLU,01,19,6890,148,Asphalt,1,0,44.9122,4.9681,44.9310,4.9717,7
LFLU,01L,19R,3914,164,Grass,0,0,44.9156,4.9697,44.9262,4.9717,8
LFLU,01R,19L,1322,196,Grass,0,0,44.9193,4.9714,44.9229,4.9721,
LFLV,01,19,7218,148,Asphalt,1,0,46.1599,3.4017,46.1795,3.4058,8
LFLW,15,33,5577,98,Asphalt,1,0,44.8979,2.4169,44.8850,2.4274,150
LFLX,03,21,11483,148,Concrete,1,0,46.8506,1.7192,46.8769,1.7442,33
LFLY,16,34,5971,148,Asphalt,1,0,45.7350,4.9409,45.7193,4.9476,163
LFLZ,15,33,3084,197,Unpaved,0,0,,,,,153
LFMA,14,32,4934,98,Asphalt,0,0,43.5116,5.3624,43.4997,5.3735,146
LFMC,09,27,2625,98,Asphalt,1,0,43.3845,6.3786,43.3847,6.3885,88
LFMC,13,31,4593,98,Asphalt,1,0,43.3886,6.3805,43.3805,6.3937,130
LFMD,04,22,2493,59,Asphalt,0,0,43.5439,6.9541,43.5485,6.9608,43
LFMD,17,35,5052,148,Asphalt,1,0,43.5545,6.9504,43.5403,6.9529,170
LFMD,17L,35R,1804,164,Grass,0,0,,,,,170
LFME,18L,36R,2986,197,,0,0,,,,,
LFME,18R,36L,3084,197,Grass,0,0,,,,,
LFMF,10L,28R,2625,,,0,0,,,,,
LFMF,10R,28L,2723,,,0,0,,,,,
LFMH,17,35,7546,148,Asphalt,1,0,45.5512,4.2951,45.5305,4.2978,175
LFMI,15,33,12303,197,Asphalt,1,0,43.5378,4.9133,43.5078,4.9346,153
LFMK,09,27,6726,148,Asphalt,1,0,43.2171,2.2932,43.2150,2.3182,97
LFML,13L,31R,11483,148,Asphalt,1,0,43.4491,5.1973,43.4273,5.2285,134
LFML,13R,31L,7776,148,Asphalt,1,0,43.4413,5.2030,43.4259,5.2243,134
LFMN,04L,22R,8622,148,Asphalt,1,0,43.6518,7.2040,43.6695,7.2285,45
LFMN,04R,22L,9721,148,Asphalt,1,0,43.6467,7.2025,43.6656,7.2284,45
LFMO,14,32,,,,0,0,,,,,
LFMO,15,33,7909,197,Concrete,1,0,44.1489,4.8597,44.1313,4.8774,144
LFMP,13,31,3560,66,Asphalt,0,0,42.7398,2.8654,42.7329,2.8776,128
LFMP,15,33,8202,148,Asphalt,1,0,42.7541,2.8617,42.7350,2.8777,148
LFMQ,12,30,5069,98,Asphalt,1,0,43.2568,5.7775,43.2485,5.7928,127
LFMR,09,27,2625,,,0,0,,,,,
LFMS,01,19,4576,98,Asphalt,1,0,44.0635,4.1402,44.0758,4.1440,13
LFMT,12L,30R,8530,164,Asphalt,1,0,43.5861,3.9557,43.5728,3.9822,124
LFMT,12R,30L,3609,98,Asphalt,0,0,43.5758,3.9519,43.5702,3.9631,124
LFMU,09,27,5971,148,Asphalt,1,0,43.3242,3.3428,43.3229,3.3651,94
LFMV,17,35,6168,148,Asphalt,1,0,43.9156,4.8996,43.8990,4.9041,169
LFMW,11,29,2657,98,Paved,0,0,,,,,110
LFMY,09,27,2569,138,,0,0,43.6091,5.1093,43.6090,5.1190,91
LFMY,16,34,6565,148,Concrete,1,0,43.6157,5.1044,43.5988,5.1130,160
LFMY,16L,34R,3176,259,,0,0,43.6147,5.1159,43.6063,5.1192,160
LFMY,16R,34L,3619,262,,0,0,43.6129,5.1144,43.6033,5.1181,164
LFMZ,08,26,3281,98,Asphalt,0,0,43.1747,2.7284,43.1765,2.7406,78
LFNA,02L,20R,3100,98,Asphalt,0,0,44.4497,6.0339,44.4574,6.0391,26
LFNA,02R,20L,2296,262,Grass,0,0,44.4513,6.0358,44.4570,6.0396,26
LFNB,12,30,4265,98,Asphalt,1,0,44.5055,3.5262,44.4987,3.5395,125
LFNC,16,34,2778,98,Asphalt,0,0,44.7042,6.5974,44.6970,6.6009,
LFNC,16G,34G,2067,260,Grass,0,0,44.7041,6.5982,44.6987,6.6008,
LFNE,09,27,4265,,,0,0,,,,,
LFNE,15,33,4003,,,0,0,,,,,
LFNF,02,20,4167,,,0,0,,,,,
LFNF,10,28,3458,,,0,0,,,,,
LFNG,14,32,2953,98,Paved,0,0,,,,,
LFNH,13,31,3937,66,Asphalt,0,0,44.0335,5.0725,44.0262,5.0838,132
LFNJ,18,36,2953,,,0,0,,,,,
LFNL,12,30,1805,230,Grass,0,0,,,,,
LFNO,09,27,2592,,,0,0,,,,,
LFNQ,14,32,3281,,,0,0,,,,,
LFNR,08,26,3609,,,0,0,,,,,84
LFNR,16,34,3117,,,0,0,,,,,158
LFNS,17,35,3839,,,0,0,,,,,
LFNT,13,31,3839,,,0,0,,,,,
LFNT,17R,35L,4429,,,0,0,,,,,
LFNU,17,35,3478,,,0,0,,,,,
LFNV,02,20,3346,164,Grass,0,0,,,,,
LFNX,18,36,3199,,,0,0,,,,,
LFOA,06,24,11493,148,Asphalt,1,0,47.0479,2.6118,47.0635,2.6518,60
LFOB,04,22,3625,98,Asphalt,0,0,49.4546,2.1130,49.4621,2.1233,42
LFOB,12,30,7972,148,Asphalt,1,0,49.4583,2.1038,49.4462,2.1317,125
LFOB,13R,31L,,,,0,0,,,,,
LFOC,10,28,7552,148,Asphalt,1,0,48.0596,1.3613,48.0567,1.3919,99
LFOD,10,28,4757,98,Asphalt,1,0,47.2574,-0.1246,47.2563,-0.1055,96
LFOE,04,22,9826,148,Asphalt,1,0,49.0183,1.2067,49.0390,1.2330,40
LFOF,07,25,2543,,,0,0,,,,,
LFOG,05,23,2365,82,Paved,0,0,,,,,
LFOH,04,22,7546,130,Asphalt,1,0,49.5265,0.0776,49.5416,0.0993,44
LFOI,02,20,4101,75,Concrete,0,0,50.1383,1.8286,50.1487,1.8351,22
LFOI,02L,20R,2950,330,Grass,0,0,,,,,24
LFOI,13,31,1880,260,Grass,0,0,,,,,134
LFOJ,07,25,7887,148,Asphalt,1,0,47.9839,1.7456,47.9915,1.7757,69
LFOK,10,28,12664,148,Concrete,1,0,48.7796,4.1584,48.7728,4.2099,102
LFOL,07,25,2510,,,0,0,,,,,
LFOM,06,24,4101,262,Grass,0,0,,,,,
LFON,04,22,2362,262,Grass,0,0,48.7032,1.3584,48.7085,1.3641,
LFOP,04,22,5577,148,Asphalt,1,0,49.3795,1.1684,49.3910,1.1839,41
LFOP,05,23,2952,262,Grass,0,0,,,,,
LFOQ,02,20,3018,230,Grass,0,0,,,,,
LFOQ,12,30,4101,98,Asphalt,1,0,47.6816,1.2023,47.6760,1.2159,122
LFOR,09,27,2756,82,Asphalt,1,0,48.4572,1.5142,48.4568,1.5256,
LFOS,07,25,2953,,,0,0,,,,,
LFOT,02,20,7887,148,Concrete,1,0,47.4218,0.7234,47.4427,0.7318,15
LFOU,02,20,4528,98,Asphalt,1,0,47.0765,-0.8809,47.0878,-0.8732,25
LFOU,02R,20L,3379,262,Grass,0,0,,,,,25
LFOV,14,32,5453,98,Asphalt,1,0,48.0385,-0.7511,48.0267,-0.7375,142
LFOX,06,24,2295,74,,0,0,48.3790,2.0726,48.3825,2.0805,
LFOX,06L,24R,4035,164,Asphalt,0,0,48.3780,2.0668,48.3840,2.0807,
LFOY,01,19,2920,,,0,0,,,,,
LFOY,06,24,2756,,,0,0,,,,,
LFOZ,05,23,5250,98,Asphalt,1,0,47.8941,2.1573,47.9017,2.1722,53
LFPA,05,23,3199,328,UNPAVED,0,0,,,,,53
LFPA,10L,28R,2723,,,0,0,,,,,
LFPA,10R,28L,2887,,,0,0,,,,,
LFPB,03,21,7858,148,Asphalt,1,0,48.9487,2.4269,48.9705,2.4422,26
LFPB,07,25,9843,148,Permeable,1,0,48.9638,2.4203,48.9740,2.4583,69
LFPB,09,27,6060,148,Asphalt,1,0,48.9637,2.4204,48.9651,2.4456,86
LFPC,07,25,7871,164,Concrete,1,0,49.2490,2.5042,49.2581,2.5341,65
LFPD,10,28,3937,262,Grass,0,0,49.1032,0.5574,49.1017,0.5737,
LFPE,07L,25R,3757,328,Grass,0,0,48.9264,2.8272,48.9305,2.8415,
LFPE,07R,25L,3527,328,Grass,0,0,48.9254,2.8289,48.9292,2.8423,
LFPE,16L,34R,3346,328,Grass,0,0,48.9302,2.8328,48.9218,2.8383,
LFPE,16R,34L,3346,328,Grass,0,0,48.9290,2.8315,48.9205,2.8370,
LFPF,12,30,3281,,,0,0,,,,,
LFPG,08H,26H,1444,99,Grass,0,0,49.0158,2.5586,49.0161,2.5646,85
LFPG,08L,26R,13829,148,Asphalt,1,0,48.9957,2.5527,48.9988,2.6102,85
LFPG,08R,26L,8858,197,Concrete,1,0,48.9929,2.5657,48.9949,2.6024,85
LFPG,09L,27R,8858,197,Asphalt,1,0,49.0247,2.5249,49.0267,2.5617,85
LFPG,09R,27L,13780,148,Asphalt,1,0,49.0206,2.5131,49.0237,2.5703,86
LFPH,04,22,1968,164,Grass,0,0,,,,,37
LFPH,11,29,2132,164,Grass,0,0,,,,,107
LFPI,06,24,1148,164,Grass,0,0,,,,,
LFPK,09,27,4593,66,Permeable,0,0,48.8376,3.0063,48.8375,3.0253,91
LFPK,09C,27C,5217,66,Paved,0,0,48.8376,3.0036,48.8375,3.0253,
LFPK,09L,27R,2132,164,Grass,0,0,48.8387,3.0150,48.8386,3.0238,91
LFPK,09R,27L,2165,262,Grass,0,0,48.8352,3.0011,48.8351,3.0102,91
LFPL,08,26,2296,65,Paved,0,0,48.8206,2.6213,48.8215,2.6308,82
LFPL,08R,26L,3608,328,Grass,0,0,,,,,82
LFPM,01,19,4265,98,Asphalt,0,0,48.6061,2.6710,48.6175,2.6748,13
LFPM,10,28,6480,148,Asphalt,1,0,48.6065,2.6633,48.6023,2.6893,103
LFPN,07L,25R,3609,98,Asphalt,1,0,48.7512,2.0987,48.7544,2.1129,70
LFPN,07R,25L,3445,98,Asphalt,1,0,48.7495,2.0997,48.7526,2.1132,70
LFPO,02,20,7874,197,Concrete,1,0,48.7175,2.3767,48.7380,2.3870,18
LFPO,06,24,11975,148,Asphalt,1,0,48.7200,2.3169,48.7355,2.3607,62
LFPO,07,25,10892,148,Concrete,1,0,48.7194,2.3586,48.7274,2.4021,74
LFPP,07,25,2290,62,Asphalt,1,0,49.1076,2.7317,49.1101,2.7405,67
LFPP,07R,25L,2700,164,Grass,0,0,49.1062,2.7322,49.1092,2.7423,67
LFPQ,12L,30R,2297,59,Paved,1,0,,,,,119
LFPQ,12R,30L,2362,164,Grass,0,0,,,,,119
LFPT,04,22,5541,154,Asphalt,1,0,49.0878,2.0274,49.0986,2.0437,45
LFPT,12,30,5079,148,Asphalt,0,0,49.1019,2.0257,49.0953,2.0444,118
LFPU,06,24,2707,,Grass,0,0,,,,,
LFPV,09,27,5948,148,Asphalt,1,0,48.7741,2.1893,48.7746,2.2139,88
LFPX,05,23,2707,197,Grass,0,0,,,,,
LFPX,10,28,2329,328,Grass,0,0,,,,,
LFPZ,11L,29R,2919,328,Grass,0,0,48.8147,2.0621,48.8116,2.0731,113
LFPZ,11R,29L,2838,196,Grass,0,0,48.8134,2.0624,48.8104,2.0732,113
LFQA,07,25,3773,98,Asphalt,1,0,49.2067,4.1498,49.2109,4.1643,66
LFQB,05,23,2408,328,Grass,0,0,48.3174,4.0087,48.3211,4.0156,52
LFQB,17,35,5413,98,Asphalt,1,0,48.3295,4.0153,48.3147,4.0177,174
LFQB,17R,35L,2953,328,Grass,0,0,48.3256,4.0125,48.3175,4.0138,174
LFQC,09,27,3410,66,Asphalt,0,0,48.5934,6.5364,48.5931,6.5505,92
LFQC,09R,27L,2460,246,Grass,0,0,,,,,91
LFQD,04,22,,,,0,0,,,,,
LFQE,01,19,7874,148,Asphalt,1,0,49.2164,5.6683,49.2374,5.6761,14
LFQE,02,20,,,,0,0,,,,,
LFQF,18,36,3350,98,Asphalt,1,0,46.9719,4.2606,46.9627,4.2605,180
LFQF,18L,36R,2087,164,Grass,0,0,46.9715,4.2611,46.9658,4.2611,180
LFQG,12,30,5348,98,Asphalt,1,0,47.0065,3.1042,46.9987,3.1224,122
LFQH,02,20,3133,328,Turf,0,0,,,,,17
LFQJ,05L,23R,2625,263,Grass,0,0,,,,,
LFQJ,05R,23L,4265,98,Asphalt,0,0,50.3064,4.0266,50.3142,4.0402,48
LFQK,04L,22R,4921,230,Grass,0,0,,,,,
LFQK,04R,22L,4921,262,Grass,0,0,,,,,
LFQL,03,21,0,0,,0,0,,,,,
LFQL,09,27,0,0,,0,0,,,,,
LFQM,05,23,4593,75,Asphalt,1,0,47.2028,6.0763,47.2103,6.0911,53
LFQN,03,21,2100,164,Grass,0,0,,,,,
LFQN,09,27,1959,66,Paved,0,0,,,,,
LFQO,07L,25R,2749,262,Grass,0,0,,,,,
LFQO,07R,25L,2749,164,Grass,0,0,,,,,
LFQO,17L,35R,2789,262,Grass,0,0,,,,,
LFQO,17R,35L,2789,164,Grass,0,0,,,,,
LFQP,06,24,7205,148,Asphalt,1,0,48.7609,7.1880,48.7715,7.2131,57
LFQQ,01,19,5184,98,Asphalt,1,0,50.5601,3.0855,50.5738,3.0911,15
LFQQ,08,26,9268,148,Asphalt,1,0,50.5629,3.0830,50.5685,3.1222,78
LFQS,04,22,,,,0,1,,,,,
LFQS,12,30,2953,328,Grass,0,0,,,,,
LFQT,04,22,6037,98,Asphalt,1,0,50.6118,2.6343,50.6249,2.6502,37
LFQU,09,27,2854,,,0,0,,,,,
LFQV,11,29,4921,98,Asphalt,1,0,49.7865,4.6374,49.7814,4.6567,112
LFQW,08,26,4731,66,Asphalt,1,0,47.6377,6.1947,47.6395,6.2138,82
LFQX,07,25,2953,165,Grass,0,0,,,,,
LFQZ,05,23,2707,,,0,0,,,,,
LFRB,07L,25R,2297,59,Asphalt,0,0,48.4498,-4.4224,48.4519,-4.4134,71
LFRB,07R,25L,10171,148,Asphalt,1,0,48.4434,-4.4384,48.4523,-4.3987,71
LFRC,10,28,8005,148,Asphalt,1,0,49.6522,-1.4869,49.6481,-1.4537,101
LFRD,12,30,4708,148,Asphalt,0,0,48.5905,-2.0889,48.5850,-2.0713,115
LFRD,17,35,7218,148,Asphalt,1,0,48.5981,-2.0827,48.5786,-2.0776,170
LFRE,11,29,3117,82,Asphalt,0,0,47.2901,-2.3518,47.2876,-2.3398,107
LFRF,06,24,3150,98,Asphalt,1,0,48.8805,-1.5715,48.8842,-1.5597,65
LFRG,12,30,8366,148,Asphalt,1,0,49.3705,0.1387,49.3601,0.1699,117
LFRH,02,20,5479,148,Concrete,1,0,47.7562,-3.4418,47.7706,-3.4356,16
LFRH,07,25,7884,148,Concrete,1,0,47.7563,-3.4592,47.7630,-3.4287,72
LFRI,10,28,5085,98,Asphalt,1,0,46.7033,-1.3886,46.7006,-1.3687,102
LFRJ,07,25,8858,148,Concrete,1,0,48.5267,-4.1692,48.5336,-4.1342,73
LFRK,05,23,3871,98,Asphalt,0,1,49.1709,-0.4545,49.1775,-0.4417,52
LFRK,12,30,6233,148,Asphalt,1,0,49.1810,-0.4664,49.1711,-0.4452,124
LFRK,12L,30R,2624,164,Grass,0,0,49.1797,-0.4578,49.1756,-0.4489,125
LFRL,05,23,3635,131,Asphalt,1,0,48.2786,-4.4510,48.2849,-4.4392,51
LFRL,06,24,,,,0,0,,,,,
LFRL,13,31,2133,177,Grass,0,0,48.2839,-4.4463,48.2802,-4.4393,128
LFRM,02,20,4658,98,Asphalt,1,0,47.9419,0.1980,47.9538,0.2046,20
LFRM,02R,20L,3182,262,Grass,0,0,,,,,
LFRN,10,28,6890,148,Asphalt,1,0,48.0737,-1.7461,48.0702,-1.7184,101
LFRN,14,32,2788,98,Asphalt,0,0,48.0699,-1.7405,48.0639,-1.7335,142
LFRO,11,29,5577,148,Asphalt,1,0,48.7566,-3.4827,48.7520,-3.4608,107
LFRP,10,28,2805,,,0,0,,,,,
LFRQ,04,22,2657,148,Asphalt,0,1,47.9689,-4.1736,47.9750,-4.1678,33
LFRQ,09,27,7054,148,Asphalt,1,0,47.9757,-4.1853,47.9745,-4.1566,94
LFRS,03,21,9514,148,Asphalt,1,0,47.1416,-1.6195,47.1648,-1.6019,28
LFRT,06,24,7218,148,Asphalt,1,0,48.5331,-2.8674,48.5434,-2.8418,59
LFRU,04,22,5305,118,Asphalt,1,0,48.5977,-3.8229,48.6088,-3.8088,41
LFRU,09,27,1548,262,,0,0,,,,,90
LFRU,15,33,2772,262,,0,0,,,,,153
LFRV,04,22,5020,148,Asphalt,1,0,47.7179,-2.7250,47.7286,-2.7121,39
LFRV,08,26,3363,197,Grass,0,0,47.7240,-2.7313,47.7252,-2.7178,82
LFRZ,07,25,7874,148,Asphalt,1,0,47.3091,-2.1644,47.3153,-2.1339,73
LFSA,07,25,3182,,,0,0,,,,,
LFSB,07,25,5626,197,Concrete,1,0,47.5879,7.5169,47.5914,7.5391,77
LFSB,15,33,12795,197,Concrete,1,0,47.6177,7.5099,47.5859,7.5320,155
LFSD,01,19,3937,75,Asphalt,0,0,47.2663,5.0829,47.2767,5.0870,15
LFSD,17,35,7874,148,Asphalt,1,0,47.2766,5.0936,47.2551,5.0964,175
LFSE,02,20,2325,325,Grass,0,0,,,,,
LFSG,08,26,8858,148,Concrete,1,0,48.3241,6.0518,48.3262,6.0881,85
LFSH,03,21,3264,59,Asphalt,0,0,48.7904,7.8143,48.7983,7.8208,29
LFSH,03L,21R,3159,262,Turf,0,0,48.7910,7.8132,48.7986,7.8195,29
LFSI,11,29,7913,148,Asphalt,1,0,48.6403,4.8844,48.6318,4.9145,113
LFSJ,08L,26R,3609,,,0,0,,,,,
LFSJ,08R,26L,2625,,,0,0,,,,,
LFSK,05,23,2953,,,0,0,,,,,
LFSK,11,29,2887,,,0,0,,,,,
LFSL,11,29,6890,147,Asphalt,1,0,45.0440,1.4722,45.0362,1.4965,115
LFSM,08,26,5578,66,Asphalt,1,0,47.4856,6.7795,47.4884,6.8016,79
LFSN,03,21,5249,131,Asphalt,1,0,48.6863,6.2267,48.6990,6.2370,29
LFSO,02,20,7878,148,Concrete,1,0,48.5730,5.9491,48.5934,5.9599,19
LFSP,02,20,3281,98,Asphalt,1,0,46.9001,6.3246,46.9085,6.3293,21
LFST,05,23,7874,148,Asphalt,1,0,48.5312,7.6160,48.5454,7.6404,49
LFSU,18,36,3018,197,Turf,0,0,,,,,181
LFSV,06,24,3937,,,0,0,,,,,
LFSV,13,31,3773,,,0,0,,,,,
LFSW,04,22,3937,164,Grass,0,0,,,,,
LFSW,10,28,3150,164,Grass,0,0,,,,,
LFSX,04,22,7596,118,Asphalt,1,0,47.7772,6.3572,47.7937,6.3762,38
LFSX,11,29,7982,148,Asphalt,1,0,47.7916,6.3345,47.7830,6.3644,113
LFTF,11,29,6471,98,Asphalt,0,0,43.2509,6.1153,43.2447,6.1381,110
LFTH,05,23,6955,148,Asphalt,1,0,43.0945,6.1411,43.1064,6.1615,51
LFTH,13,31,6240,164,Asphalt,1,0,43.1018,6.1399,43.0897,6.1564,135
LFTP,08,26,2690,,,0,0,,,,,
LFTW,18,36,8005,148,Concrete,1,0,43.7684,4.4156,43.7464,4.4171,177
LFTZ,06,24,3514,98,Asphalt,1,0,43.2029,6.4756,43.2079,6.4884,62
LFVM,12,30,3280,65,Asphalt,1,0,47.0961,-56.3868,47.0949,-56.3737,98
LFVP,08,26,5906,150,Asphalt,1,0,46.7584,-56.1856,46.7669,-56.1655,59
LFXA,01,19,6562,98,Asphalt,0,0,45.9784,5.3268,45.9963,5.3301,7
LFXA,02,20,2625,328,Grass,0,0,45.9765,5.3354,45.9835,5.3379,15
LFXB,06,24,2953,,,0,0,,,,,
LFXB,06L,24R,2953,,,0,0,,,,,
LFXB,06R,24L,2953,,,0,0,,,,,
LFXB,12,30,2625,,,0,0,,,,,
LFXU,10,28,6398,164,Grass,0,1,,,,,
LFXU,10L,28R,6398,164,Grass,0,0,48.9999,1.9296,48.9970,1.9559,
LFXU,10R,28L,6398,164,Grass,0,0,48.9995,1.9295,48.9965,1.9558,
LFYG,08L,26R,2953,59,Asphalt,0,0,,,,,
LFYG,08R,26L,2625,328,Grass,0,0,,,,,
LFYR,04L,22R,3609,328,Grass,0,0,,,,,
LFYR,04R,22L,3117,328,Grass,0,0,,,,,
LFYS,07,25,2625,,,0,0,,,,,
LGAD,16,34,10299,148,Asphalt,1,0,37.9343,21.2878,37.9071,21.2973,165
LGAL,07,25,8471,148,Asphalt,1,0,40.8525,25.9417,40.8592,25.9708,73
LGAV,03L,21R,12467,148,Asphalt,1,0,37.9210,23.9192,37.9485,23.9450,37
LGAV,03R,21L,13123,148,Asphalt,1,0,37.9235,23.9433,37.9524,23.9704,37
LGAX,13,31,5956,98,Asphalt,0,0,40.6561,22.4803,40.6461,22.4973,128
LGBL,08,26,9052,148,Asphalt,1,0,39.2176,22.7787,39.2213,22.8103,81
LGEL,18,36,8985,131,Asphalt,1,0,38.0762,23.5560,38.0517,23.5561,180
LGHI,01,19,4957,98,Asphalt,1,0,38.3365,26.1391,38.3499,26.1420,10
LGIK,15,33,4551,98,Asphalt,1,0,37.6882,26.3434,37.6772,26.3508,152
LGIO,14,32,7874,148,Asphalt,1,0,39.7050,20.8139,39.6881,20.8311,142
LGIR,09,27,8904,148,Asphalt,1,0,35.3410,25.1612,35.3390,25.1905,95
LGIR,12,30,5138,164,Asphalt,0,0,35.3439,25.1733,35.3356,25.1873,126
LGIR,18,36,2559,131,Asphalt,0,1,35.3423,25.1843,35.3351,25.1842,180
LGKA,12,30,8852,148,Asphalt,1,0,40.4524,21.2699,40.4394,21.2942,122
LGKC,02,20,4794,98,Asphalt,1,0,36.2681,23.0132,36.2800,23.0203,26
LGKF,14,32,7992,148,Asphalt,1,0,38.1292,20.4928,38.1110,20.5082,146
LGKJ,13,31,2618,82,Asphalt,0,0,36.1443,29.5734,36.1390,29.5793,
LGKL,17L,35R,9843,92,Asphalt,1,0,37.0820,22.0235,37.0553,22.0297,169
LGKL,17R,35L,9843,148,Asphalt,1,0,37.0818,22.0223,37.0551,22.0285,169
LGKM,13,31,4364,92,Asphalt,1,0,40.9773,24.3362,40.9685,24.3468,137
LGKO,14,32,7841,148,Asphalt,1,0,36.8036,27.0836,36.7852,27.0979,148
LGKP,12,30,7871,98,Asphalt,1,0,35.4275,27.1351,35.4153,27.1569,124
LGKR,16,34,7792,148,Asphalt,1,0,39.6125,19.9094,39.5916,19.9148,169
LGKS,09,27,3221,82,Asphalt,1,0,35.4215,26.9046,35.4212,26.9154,93
LGKV,05,23,9844,148,Asphalt,1,0,40.9063,24.6050,40.9217,24.6343,55
LGKY,10,28,3330,98,Asphalt,0,0,36.9644,26.9351,36.9625,26.9463,
LGKZ,14,32,5978,98,Asphalt,1,0,40.2917,21.8337,40.2786,21.8466,143
LGLE,14,32,3320,98,Asphalt,0,0,37.1886,26.7970,37.1812,26.8036,144
LGLM,04R,22L,9895,148,Asphalt,1,0,39.9072,25.2243,39.9269,25.2484,43
LGLR,08C,26C,11939,148,Asphalt,0,0,39.6477,22.4486,39.6528,22.4824,79
LGLR,08R,26L,9711,98,Asphalt,1,0,39.6462,22.4456,39.6518,22.4832,79
LGMG,08R,26L,3953,125,Asphalt,0,0,37.9804,23.3586,37.9819,23.3722,82
LGMK,16,34,6240,98,Asphalt,1,0,37.4433,25.3447,37.4271,25.3518,160
LGML,08,26,3527,82,Asphalt,0,0,36.6963,24.4705,36.6971,24.4789,
LGMT,14,32,7894,148,Asphalt,1,0,39.0750,26.5845,39.0567,26.5994,148
LGNX,18,36,2953,,,0,0,,,,,
LGPA,17,35,4593,98,Asphalt,1,0,,,,,
LGPL,15,33,3245,98,Asphalt,1,0,36.5837,26.3730,36.5760,26.3786,150
LGPZ,06,24,9419,148,Asphalt,1,0,38.9206,20.7500,38.9303,20.7806,68
LGRD,08,26,7874,148,Asphalt,0,0,36.3811,28.0956,36.3850,28.1222,80
LGRD,14,32,3937,197,Asphalt,0,1,36.3886,28.1136,36.3800,28.1219,142
LGRP,06,24,10846,148,Asphalt,1,0,36.4003,28.0689,36.4105,28.1035,70
LGRX,18L,36R,10999,70,Asphalt,1,1,38.1662,21.4283,38.1361,21.4262,183
LGRX,18R,36L,10997,148,Permeable,1,0,38.1662,21.4265,38.1360,21.4246,183
LGSA,11,29,10982,148,Asphalt,1,0,35.5371,24.1340,35.5261,24.1684,111
LGSK,01,19,5341,98,Asphalt,1,0,39.1705,23.5006,39.1843,23.5068,19
LGSM,09,27,6706,148,Asphalt,1,0,37.6899,26.9006,37.6885,26.9237,94
LGSO,18,36,3542,98,Asphalt,1,0,37.4279,24.9501,37.4182,24.9498,181
LGSP,06,24,3280,75,Asphalt,0,0,36.9719,22.5218,36.9759,22.5308,61
LGSR,15,33,7208,98,Asphalt,1,0,36.4081,25.4751,36.3902,25.4834,159
LGSR,16R,34L,,,,0,1,,,,,
LGST,05,23,6804,148,Asphalt,1,0,35.2102,26.0925,35.2221,26.1100,51
LGSY,17,35,9849,98,Asphalt,1,0,38.9810,24.4860,38.9541,24.4885,176
LGTG,10,28,9810,148,Asphalt,1,0,38.3433,23.5484,38.3364,23.5815,105
LGTL,02,20,10563,148,Concrete,1,0,35.1768,25.3203,35.2047,25.3326,20
LGTP,02,20,6368,98,Asphalt,1,0,37.5225,22.3994,37.5386,22.4079,23
LGTS,10,28,11286,164,Asphalt,1,0,40.5220,22.9591,40.5167,22.9870,104
LGTS,16,34,7907,197,Asphalt,1,0,40.5303,22.9676,40.5092,22.9744,166
LGTT,03,21,5311,149,Asphalt,1,0,38.1021,23.7786,38.1157,23.7890,31
LGZA,16,34,7310,148,Asphalt,1,0,37.7605,20.8805,37.7412,20.8878,163
LHBC,17L,35R,4265,98,Asphalt,1,0,46.6891,21.1617,46.6776,21.1633,174
LHBC,17R,35L,2591,131,Grass,0,0,46.6829,21.1574,46.6759,21.1583,
LHBP,13L,31R,12162,148,Concrete,1,0,47.4454,19.2575,47.4230,19.2939,132
LHBP,13R,31L,9875,148,Concrete,1,0,47.4487,19.2208,47.4305,19.2502,132
LHBS,09,27,3215,197,Grass,1,0,47.4500,18.9800,47.4500,18.9800,94
LHDC,04R,22L,8196,131,Concrete,1,0,47.4814,21.6030,47.4964,21.6276,48
LHDC,05L,23R,8087,230,Concrete,0,1,47.4825,21.6017,47.4973,21.6260,48
LHEM,02,20,3281,,Grass,0,0,,,,,
LHER,16,34,2623,,Grass,0,0,,,,,
LHFM,16,34,3232,75,Asphalt,0,0,47.5870,16.8430,47.5787,16.8478,159
LHGD,12,30,3280,190,Grass,0,0,,,,,128
LHGR,15,33,2789,656,Grass,0,0,,,,,
LHGU,H1,H1,98,98,Concrete,0,0,,,,,
LHGY,15,33,2493,394,Grass,0,0,,,,,
LHHH,13,31,3281,328,Grass,0,0,,,,,
LHHO,04,22,3281,164,Grass,0,0,,,,,
LHJK,14L,32R,1968,59,Asphalt,0,0,46.7498,19.6031,46.7454,19.6074,
LHJK,14R,32L,3281,98,Grass,0,0,46.7513,19.6012,46.7443,19.6080,
LHKD,15,33,3937,82,Grass,0,0,47.5221,18.3213,47.5121,18.3287,
LHKE,12,30,8200,197,Concrete,1,0,46.9236,19.7355,46.9114,19.7630,123
LHKH,10,28,2460,525,Grass,0,0,,,,,
LHKH,17,35,1760,300,Grass,0,1,,,,,
LHKK,13,31,2608,147,Concrete,0,0,,,,,
LHKT,17,35,2625,148,Grass,0,0,,,,,
LHKV,17L,35R,2034,59,Concrete,0,0,46.3892,17.7326,46.3835,17.7343,
LHKV,17R,35L,3937,656,Grass,0,0,46.3966,17.7288,46.3826,17.7331,
LHMR,17,35,2624,98,Grass,0,0,,,,,176
LHNK,01,19,3281,328,Grass,0,0,,,,,
LHNY,18L,36R,3281,197,Grass,1,0,47.9858,21.6970,47.9779,21.6967,181
LHNY,18R,36L,3281,66,Asphalt,1,0,47.9885,21.6925,47.9795,21.6922,181
LHOY,17,35,5249,984,Grass,0,0,46.3111,18.7683,46.2967,18.7701,175
LHPA,16,34,7869,,Concrete,1,0,,,,,
LHPP,15,33,4922,98,Asphalt,1,0,45.9956,18.2383,45.9831,18.2458,157
LHPR,11,29,6660,98,Asphalt,1,0,47.6329,17.7932,47.6239,17.8167,120
LHPR,12L,30R,3720,140,Gravel,0,0,47.6291,17.8099,47.6241,17.8231,119
LHSA,16,34,6562,197,Asphalt,1,0,47.0862,17.9638,47.0695,17.9731,159
LHSA,16R,34L,5365,200,Gravel,0,1,47.0814,17.9623,47.0676,17.9698,162
LHSK,15,33,6562,,,0,0,,,,,
LHSM,16,34,8202,197,Concrete,1,0,46.6973,17.1549,46.6755,17.1632,165
LHSM,17R,35L,3100,212,Grass,0,1,46.6943,17.1547,46.6861,17.1578,167
LHSN,02,20,6562,229,Asphalt,1,0,47.1145,20.2308,47.1313,20.2402,21
LHSZ,15,33,2500,,Grass,0,0,,,,,
LHTA,16,34,8205,,,0,0,,,,,
LHTL,14,32,5800,197,Concrete,0,0,47.3500,18.9800,47.3500,18.9800,142
LHUD,09,27,2001,98,Gravel,0,0,,,,,
LHUD,16L,34R,3862,164,Grass,0,0,46.2512,20.0917,46.2408,20.0951,167
LHUD,16R,34L,3888,98,Asphalt,1,0,46.2508,20.0891,46.2404,20.0923,168
LHUD,18,36,4921,,,0,1,,,,,
LHUH,06,24,2297,102,Grass,0,0,,,,,
LHZA,17,35,4921,82,gras,0,0,,,,,173
LHZK,02,20,2625,82,gras,0,0,,,,,29
LIAA,09,27,2854,59,Tarmac,0,0,,,,,
LIAF,17,35,4593,98,Asphalt,0,0,42.9394,12.7108,42.9272,12.7133,170
LIAP,18,36,4623,85,Asphalt,0,0,42.3862,13.3090,42.3735,13.3095,178
LIAT,12,30,2215,,Gravel,0,0,,,,,
LIAU,08,26,,,Grass,0,0,41.1152,14.1719,41.1161,14.1836,83
LIBA,11,29,8727,144,Asphalt,1,0,41.5444,15.6993,41.5347,15.7285,114
LIBC,17,35,6562,148,Asphalt,1,0,39.0061,17.0779,38.9884,17.0824,169
LIBD,07,25,9843,148,Asphalt,1,0,41.1329,16.7406,41.1423,16.7741,67
LIBD,12,30,512,164,Asphalt,0,1,41.1443,16.7795,41.1363,16.7964,123
LIBF,15,33,5692,154,Asphalt,1,0,41.4413,15.5302,41.4270,15.5385,156
LIBG,17,35,10499,148,Asphalt,0,0,40.5251,17.4012,40.5100,17.4052,169
LIBN,14,32,6240,190,Asphalt,1,0,,,,,146
LIBP,04,22,7933,148,Asphalt,1,0,42.4228,14.1720,42.4400,14.1899,38
LIBR,05,23,5892,148,Asphalt,1,0,40.6523,17.9368,40.6626,17.9543,53
LIBR,13,31,10000,148,Asphalt,1,0,40.6722,17.9299,40.6555,17.9503,137
LIBV,14L,32R,9829,98,Asphalt,1,0,40.7817,16.9222,40.7607,16.9447,141
LIBV,14R,32L,9846,148,Asphalt,1,0,40.7750,16.9222,40.7538,16.9447,141
LICA,10,28,9898,148,Asphalt,1,0,38.9070,16.2286,38.9038,16.2560,99
LICB,05,23,8070,148,Asphalt,1,0,,,,,48
LICC,08,26,7989,148,Asphalt,1,0,37.4656,15.0527,37.4679,15.0801,84
LICD,08,26,5906,148,Asphalt,1,0,35.4966,12.6083,35.4993,12.6279,81
LICG,02,20,4003,98,Asphalt,0,0,36.8080,11.9633,36.8178,11.9697,28
LICG,07,25,5495,148,Asphalt,1,0,36.8141,11.9569,36.8177,11.9750,76
LICJ,02,20,6804,148,Asphalt,1,0,38.1661,13.0856,38.1832,13.0952,24
LICJ,07,25,10912,197,Asphalt,1,0,38.1743,13.0865,38.1858,13.1208,67
LICP,17,35,4016,148,Asphalt,0,0,38.1160,13.3127,38.1050,13.3140,175
LICR,11,29,5574,148,Asphalt,1,0,38.0751,15.6396,38.0692,15.6575,113
LICR,15,33,6549,148,Asphalt,1,0,38.0804,15.6455,38.0655,15.6553,153
LICT,13,31,8852,148,Asphalt,1,0,37.9188,12.4758,37.9040,12.5001,128
LICZ,10L,28R,8012,98,Asphalt,1,0,37.4051,14.9090,37.4019,14.9363,98
LICZ,10R,28L,8077,148,Asphalt,1,0,37.4032,14.9085,37.4000,14.9361,98
LIDA,08,26,,,,0,0,,,,,
LIDA,08L,26R,3675,75,Asphalt,0,0,45.8858,11.5100,45.8883,11.5239,76
LIDA,08R,26L,3609,295,Grass,0,0,45.8847,11.5100,45.8872,11.5236,75
LIDB,05,23,2664,,Grass,0,0,,,,,
LIDE,11,29,3970,98,Asphalt,0,0,44.6990,10.6611,44.6965,10.6709,108
LIDE,12,30,,,,0,0,,,,,
LIDF,05,23,4429,164,SOD,0,0,43.8199,13.0195,43.8281,13.0323,
LIDG,03,21,2624,75,Asphalt,0,0,,,,,3
LIDG,H,,50,50,Asphalt,1,0,,,,,
LIDH,17,35,3937,98,Grass,0,0,45.6834,11.4954,45.6727,11.4973,
LIDL,16,34,2001,82,Grass,0,0,45.1331,11.2922,45.1274,11.2942,
LIDP,02,20,3904,75,Asphalt,0,0,44.3155,10.8286,44.3256,10.8332,18
LIDR,08,26,3937,98,Asphalt,0,0,44.3634,12.2174,44.3651,12.2323,81
LIDR,09,27,2625,164,Gravel,0,1,,,,,90
LIDT,18,36,3707,98,Asphalt,1,0,46.0273,11.1249,46.0171,11.1249,181
LIDU,02,20,2789,66,Asphalt,0,0,44.8308,10.8697,44.8358,10.8728,
LIDV,10,28,3855,265,Grass,0,0,44.7917,11.6686,44.7894,11.6781,109
LIDW,15,33,2461,164,Grass,0,0,,,,,
LIEA,02,20,9843,148,Asphalt,1,0,40.6198,8.2834,40.6444,8.2982,25
LIED,16L,34R,9793,148,Asphalt,1,0,39.3670,8.9699,39.3408,8.9776,167
LIED,16R,34L,9072,98,Asphalt,1,0,39.3654,8.9678,39.3425,8.9746,167
LIEE,14,32,9196,148,Asphalt,1,0,39.2608,9.0435,39.2421,9.0651,138
LIEO,05,23,9006,148,Asphalt,1,0,40.8924,9.5057,40.9049,9.5296,53
LIER,14,32,3934,98,BITUMINOUS,1,0,,,,,133
LIET,12,30,3898,98,Asphalt,1,0,39.9216,9.6767,39.9159,9.6892,121
LIGT,15,33,656,82,Grass,0,0,,,,,
LIKD,16,34,2133,98,Grass,0,0,,,,,
LIKD,H1,,66,66,Asphalt,0,0,,,,,
LILA,03,21,2100,98,Grass,0,0,44.9230,8.6241,44.9278,8.6285,
LILB,03,21,1968,49,Asphalt,0,0,,,,,
LILE,16,34,4331,98,Asphalt,1,0,45.5014,8.0989,45.4892,8.1066,156
LILG,16,34,2625,,,0,0,,,,,
LILH,16,34,3281,98,Asphalt,0,0,44.9562,9.0143,44.9478,9.0188,160
LILI,09,27,1837,75,Grass,0,0,,,,,83
LILM,18,36,2887,75,Earth,0,0,,,,,178
LILN,17,35,4659,131,Asphalt,0,0,45.7486,8.8875,45.7358,8.8889,176
LILO,09,27,3445,75,Asphalt,0,0,46.1542,9.7884,46.1550,9.8020,85
LILQ,05,23,2329,65,Earth,0,0,43.9846,10.1415,43.9875,10.1464,51
LILR,11,29,2132,98,Asphalt,0,0,45.1688,9.9983,45.1676,10.0057,
LILV,02L,20R,2297,164,Grass,0,0,45.7178,9.5918,45.7236,9.5954,
LILV,02R,20L,2641,46,Asphalt,0,0,45.7174,9.5924,45.7233,9.5961,20
LILY,01,19,,,Water,0,0,,,,,
LIMA,10L,28R,3524,98,Asphalt,0,0,45.0873,7.5967,45.0854,7.6101,101
LIMA,10R,28L,2461,131,Grass,0,0,45.0856,7.6004,45.0843,7.6097,102
LIMB,18,36,3543,98,Asphalt,0,0,45.5447,9.2023,45.5350,9.2024,180
LIMC,17L,35R,12861,197,Asphalt,1,0,45.6504,8.7279,45.6157,8.7375,170
LIMC,17R,35L,12861,197,Asphalt,1,0,45.6454,8.7187,45.6108,8.7283,170
LIME,10,28,9429,148,Asphalt,1,0,45.6710,9.6898,45.6644,9.7254,105
LIME,12,30,2343,59,Asphalt,0,0,45.6779,9.7022,45.6746,9.7101,121
LIMF,18,36,10827,197,Asphalt,1,0,45.2156,7.6506,45.1859,7.6487,183
LIMG,09,27,4698,148,Asphalt,1,0,44.0509,8.1185,44.0502,8.1363,94
LIMJ,10,28,9564,148,Asphalt,1,0,44.4154,8.8242,44.4085,8.8596,105
LIML,17,35,8012,197,Asphalt,1,0,45.4562,9.2759,45.4343,9.2782,176
LIML,17R,35L,1972,72,Asphalt,0,1,45.4580,9.2683,45.4526,9.2689,176
LIMN,17,35,9818,94,Asphalt,1,0,45.5442,8.6649,45.5179,8.6732,168
LIMP,02,20,6962,148,Asphalt,1,0,44.8177,10.2931,44.8359,10.3011,17
LIMR,18,36,3035,98,,0,0,44.7842,8.7863,44.7747,8.7870,
LIMS,12,30,9828,148,Asphalt,1,0,44.9208,9.7055,44.9080,9.7388,118
LIMW,09,27,4088,98,Asphalt,1,0,45.7381,7.3599,45.7391,7.3759,85
LIMZ,03,21,6903,148,Asphalt,1,0,44.5396,7.6162,44.5556,7.6304,32
LINF,06,24,1804,82,Grass,0,0,,,,,
LINL,18,36,2014,98,Paved,0,0,,,,,
LIPA,05,23,8551,144,Asphalt,0,0,46.0233,12.5839,46.0389,12.6089,48
LIPB,01,19,5708,148,Asphalt,1,0,46.4518,11.3242,46.4670,11.3282,10
LIPB,01R,19L,2325,66,Grass,0,0,46.4545,11.3267,46.4607,11.3283,11
LIPC,11,29,10007,148,Asphalt,1,0,44.2304,12.2901,44.2182,12.3243,116
LIPD,04,22,2395,131,Grass,0,0,,,,,
LIPE,12,30,9196,148,Asphalt,1,0,44.5411,11.2729,44.5298,11.3044,117
LIPG,04,22,2296,,Grass,0,1,,,,,
LIPG,09,27,4101,98,Grass,0,0,45.9070,13.5922,45.9080,13.6052,85
LIPH,07,25,7941,144,Asphalt,1,0,45.6445,12.1799,45.6523,12.2090,69
LIPI,06,24,8365,144,Asphalt,1,0,45.9735,13.0351,45.9853,13.0633,59
LIPK,12,30,7907,148,Asphalt,1,0,44.1998,12.0567,44.1897,12.0834,117
LIPL,13,31,9813,148,Asphalt,1,0,45.4416,10.2542,45.4227,10.2811,135
LIPM,11,29,2625,66,Paved,0,0,,,,,
LIPN,08,26,3327,72,Asphalt,0,0,45.4708,10.9217,45.4732,10.9342,75
LIPO,14,32,9810,148,Asphalt,1,0,45.4381,10.3177,45.4191,10.3448,135
LIPQ,09,27,9843,148,Asphalt,1,0,45.8280,13.4474,45.8278,13.4860,90
LIPR,12,30,9828,148,Asphalt,1,0,44.0285,12.5970,44.0120,12.6265,128
LIPS,08,26,9816,105,Asphalt,1,0,45.6826,12.0682,45.6863,12.1062,82
LIPU,04,22,3681,98,Asphalt,1,0,45.3925,11.8437,45.4002,11.8528,40
LIPV,05,23,3261,148,Grass,0,0,45.4263,12.3840,45.4316,12.3942,
LIPX,04,22,10064,148,Asphalt,1,0,45.3873,10.8763,45.4066,10.9045,46
LIPY,04,22,9718,148,Asphalt,1,0,43.6069,13.3494,43.6258,13.3753,45
LIPZ,04L,22R,9121,148,Asphalt,1,0,45.4952,12.3356,45.5137,12.3594,42
LIPZ,04R,22L,10827,148,Asphalt,1,0,45.4941,12.3377,45.5162,12.3660,42
LIQB,12,30,2165,75,Asphalt,0,0,43.4567,11.8438,43.4537,11.8509,
LIQG,15,33,3410,115,Grass,0,0,43.2898,10.5155,43.2819,10.5224,150
LIQL,10,28,2986,59,Asphalt,0,0,,,,,
LIQS,18,36,4570,98,Asphalt,1,0,43.2612,11.2548,43.2487,11.2553,178
LIQW,18,36,2969,75,Asphalt,0,0,,,,,
LIRA,15,33,7226,147,Asphalt,1,0,41.8081,12.5888,41.7904,12.6010,152
LIRE,13,31,8335,148,Asphalt,1,1,41.6611,12.4328,41.6464,12.4562,130
LIRE,13R,31L,8138,98,Asphalt,1,0,41.6624,12.4345,41.6481,12.4573,130
LIRF,07,25,10826,147,Asphalt,1,0,41.7993,12.2321,41.8096,12.2695,70
LIRF,16C,34C,11818,148,Asphalt,1,1,,,,,163
LIRF,16L,34R,12801,196,Asphalt,1,0,41.8460,12.2615,41.8124,12.2755,163
LIRF,16R,34L,12801,196,Asphalt,1,0,41.8155,12.2264,41.7820,12.2404,163
LIRG,04,22,3937,197,Grass,0,0,41.9867,12.7322,41.9955,12.7405,35
LIRG,18,36,4797,98,Asphalt,0,0,41.9969,12.7410,41.9837,12.7407,181
LIRH,16,34,4695,,,0,0,,,,,
LIRI,05,23,6437,148,Asphalt,1,0,40.6140,14.9025,40.6231,14.9180,52
LIRJ,16,34,3114,75,Asphalt,0,0,42.7660,10.2374,42.7580,10.2414,160
LIRL,12,30,5577,131,Asphalt,1,0,41.5468,12.9007,41.5381,12.9174,125
LIRM,06,24,9813,98,Asphalt,1,0,41.0542,14.0665,41.0677,14.0973,60
LIRN,06,24,8622,148,Asphalt,1,0,40.8798,14.2775,40.8923,14.3040,58
LIRP,03L,21R,9160,148,Asphalt,1,0,43.6738,10.3807,43.6940,10.4015,37
LIRP,03R,21L,9820,148,Asphalt,1,0,43.6731,10.3832,43.6946,10.4055,37
LIRQ,05,23,5118,148,Asphalt,1,0,43.8053,11.1978,43.8147,11.2123,48
LIRS,03,21,9823,148,Asphalt,1,0,42.7494,11.0612,42.7725,11.0800,31
LIRS,03R,21L,7723,82,Asphalt,0,0,42.7505,11.0660,42.7687,11.0807,31
LIRU,16,34,3556,98,Asphalt,0,0,41.9570,12.5000,41.9478,12.5044,160
LIRV,04C,22C,4265,164,Asphalt,0,0,42.4314,12.0573,42.4405,12.0670,38
LIRV,04L,22R,3297,82,Asphalt,0,0,42.4322,12.0561,42.4393,12.0637,38
LIRV,04R,22L,1936,112,Asphalt,0,0,42.4351,12.0622,42.4392,12.0667,39
LIRZ,01,19,7215,148,Asphalt,1,0,43.0885,12.5106,43.1077,12.5173,14
LIVV,18,36,2073,72,Grass,0,0,,,,,180
LJAJ,08,26,3543,197,Grass,0,0,,,,,
LJBL,14,32,3707,75,Asphalt,0,0,,,,,
LJBL,14L,32R,1968,98,Grass,0,1,,,,,144
LJBO,07,25,2789,131,Gravel,0,0,,,,,
LJCE,09,27,9843,148,Asphalt,0,0,45.8997,15.5104,45.9002,15.5490,89
LJCL,11,29,2650,330,Grass,0,0,,,,,
LJDI,11,29,2625,66,Grass,0,0,,,,,
LJDI,13,31,2625,48,Asphalt,0,0,,,,,
LJLJ,12,30,10827,148,Asphalt,1,0,46.2325,14.4404,46.2149,14.4748,126
LJMB,14,32,8202,148,Asphalt,1,0,46.4892,15.6771,46.4706,15.6952,146
LJMB,14L,32R,3937,197,Grass,0,0,46.4859,15.6816,46.4768,15.6902,146
LJMS,01,19,2953,180,Grass,0,0,,,,,
LJMS,09,27,3937,98,Grass,0,0,,,,,
LJNM,05,23,4590,164,Grass,0,0,,,,,
LJPO,02,20,2461,197,Grass,0,0,,,,,
LJPT,11,29,3619,328,Grass,0,0,,,,,
LJPZ,15,33,3939,98,Asphalt,1,0,45.4772,13.6120,45.4677,13.6194,151
LJSG,14,32,3950,70,Asphalt,0,0,46.4763,15.1121,46.4677,15.1219,142
LJVE,15,33,2343,60,Concrete,0,0,,,,,
LKBA,08,26,2428,361,Grass,0,0,48.7901,16.8875,48.7913,16.8975,80
LKBE,06,24,2362,196,Grass,1,0,49.7403,14.6402,49.7434,14.6492,60
LKBE,09L,27R,2460,131,Grass,0,0,49.7396,14.6394,49.7399,14.6498,87
LKBE,09R,27L,2461,59,Grass,0,0,49.7394,14.6394,49.7396,14.6498,
LKBO,07,25,2723,59,,0,0,49.6697,17.2893,49.6713,17.3007,74
LKBR,14,32,3018,59,Grass,0,0,50.5638,16.3416,50.5601,16.3466,137
LKBU,10L,28R,2395,98,Grass,0,0,49.9755,14.1730,49.9741,14.1828,102
LKBU,10R,28L,2395,75,Grass,0,0,49.9751,14.1729,49.9737,14.1828,102
LKCB,05,23,3280,82,Grass,0,0,50.0624,12.4035,50.0699,12.4193,53
LKCB,06,24,3280,59,Concrete,0,0,50.0638,12.4073,50.0691,12.4185,53
LKCE,13,31,2296,131,,0,0,50.7115,14.5629,50.7074,14.5705,309
LKCH,04,22,3935,131,Grass,0,0,50.4695,13.4687,50.4777,13.4795,38
LKCH,14,32,2725,131,Grass,0,0,50.4725,13.4633,50.4667,13.4708,139
LKCM,16,34,2919,242,Grass,0,0,49.2405,16.5523,49.2332,16.5581,155
LKCR,06,24,3215,85,,0,0,49.9335,15.7739,49.9375,15.7862,60
LKCS,09,27,8202,262,Concrete,0,0,48.9464,14.4104,48.9464,14.4445,90
LKCT,17,35,3313,164,,0,0,49.6902,15.6745,49.6813,15.6777,165
LKCV,12,30,4295,131,Grass,0,0,49.9433,15.3749,49.9347,15.3873,
LKCV,13,31,7875,197,Concrete,1,0,49.9476,15.3705,49.9317,15.3932,137
LKDK,10,28,2821,328,,0,0,50.4148,15.8310,50.4135,15.8428,98
LKER,11,29,2821,131,,0,0,49.8037,13.0322,49.8016,13.0437,108
LKER,11R,29L,2821,,,0,1,,,,,
LKFR,08,26,2625,213,Grass,0,0,49.5889,18.3740,49.5903,18.3844,84
LKHB,11,29,3280,164,Grass,0,0,49.5991,15.5428,49.5963,15.5530,111
LKHC,12,30,2427,75,Grass,0,0,50.3596,15.5728,50.3556,15.5813,125
LKHD,01,19,3215,328,Grass,0,0,50.6530,15.0768,50.6617,15.0790,8
LKHK,15L,33R,7874,197,Concrete,1,0,50.2630,15.8379,50.2434,15.8523,151
LKHK,15R,33L,2625,82,Grass,0,0,50.2584,15.8399,50.2519,15.8447,151
LKHN,05,23,2412,492,Grass,0,0,49.5441,17.7002,49.5480,17.7087,54
LKHS,06L,24R,2623,79,Asphalt,0,0,49.0380,14.4904,49.0420,14.4996,58
LKHS,06R,24L,3279,164,Grass,0,0,49.0371,14.4906,49.0412,14.4999,58
LKHS,12,30,1700,350,Grass,0,1,49.0417,14.4818,49.0390,14.4907,
LKHV,06,24,3838,100,Asphalt,0,0,49.8443,13.8807,49.8516,13.9060,66
LKJA,14L,32R,3076,157,Grass,0,0,50.3349,15.9502,50.3281,15.9579,142
LKJA,14R,32L,3076,130,Grass,0,0,50.3347,15.9496,50.3279,15.9574,142
LKJC,12,30,3280,328,Grass,0,0,50.4327,15.3272,50.4275,15.3387,123
LKJH,07L,25R,2252,68,Asphalt,0,0,49.1497,14.9671,49.1518,14.9760,69
LKJH,07R,25L,2515,72,Grass,0,0,49.1491,14.9671,49.1514,14.9770,69
LKJI,10,28,3018,525,Grass,0,0,49.4203,15.6291,49.4184,15.6417,102
LKKA,13,31,2303,328,Grass,0,0,49.3706,16.1127,49.3663,16.1196,134
LKKB,06,24,6562,148,Asphalt,1,0,50.1172,14.5313,50.1255,14.5560,62
LKKL,12,30,3215,459,Grass,1,0,50.1157,14.0842,50.1103,14.0950,124
LKKM,02,20,2526,98,,0,0,49.2826,17.4133,49.2890,17.4174,19
LKKO,03L,21R,2953,360,Grass,1,0,49.9983,15.1702,50.0055,15.1760,26
LKKO,03R,21L,2789,114,,0,0,49.9980,15.1711,50.0051,15.1769,26
LKKR,12,30,2460,410,,0,0,50.0755,17.6904,50.0726,17.6998,117
LKKT,09L,27R,2690,246,,0,0,49.4182,13.3163,49.4185,13.3275,87
LKKT,09R,27L,2690,82,,0,0,49.4178,13.3163,49.4180,13.3275,87
LKKU,02C,20C,6562,98,Concrete,1,0,49.0213,17.4340,49.0375,17.4457,25
LKKU,02L,20R,4855,262,Grass,0,0,49.0217,17.4326,49.0337,17.4413,25
LKKU,02R,20L,5544,197,Grass,0,0,49.0211,17.4346,49.0348,17.4445,25
LKKV,11,29,7054,98,Asphalt,1,0,50.2068,12.9013,50.1993,12.9290,113
LKKV,XX,XX,,,,0,1,,,,,
LKKY,15,33,3300,400,Grass,0,0,48.9839,17.1210,48.9762,17.1283,146
LKLB,16,34,3346,164,Grass,0,0,50.7707,15.0205,50.7634,15.0258,162
LKLN,06,24,4757,197,Concrete,0,0,49.6718,13.2660,49.6786,13.2832,56
LKLT,05L,23R,2820,75,Grass,0,0,50.1293,14.5213,50.1340,14.5296,46
LKLT,05R,23L,2625,82,Grass,0,0,50.1293,14.5231,50.1338,14.5317,51
LKMB,04,22,2543,328,Grass,0,0,50.3952,14.8931,50.4000,14.9004,45
LKMB,16,34,2953,328,Grass,0,0,50.4007,14.8940,50.3928,14.8978,155
LKMH,07,25,5094,98,Concrete,0,0,50.5374,14.9965,50.5430,15.0166,67
LKMH,08,26,3231,200,Grass,0,0,50.5386,14.9981,50.5420,15.0108,67
LKMI,05,23,3279,75,Grass,0,0,50.2990,17.2921,50.3043,17.3032,52
LKMK,08L,26R,2342,75,Asphalt,0,0,49.7981,16.6828,49.7992,16.6926,78
LKMK,08R,26L,2362,196,Grass,0,0,49.7976,16.6830,49.7987,16.6927,78
LKMO,02L,20R,3705,98,Grass,0,0,50.5201,13.6805,50.5299,13.6858,18
LKMO,02R,20L,3705,229,Grass,0,0,50.5200,13.6811,50.5297,13.6865,18
LKMT,04,22,11484,207,Concrete,1,0,49.6853,18.0932,49.7071,18.1284,46
LKNA,12,30,7874,148,Concrete,1,0,49.1730,16.1117,49.1594,16.1371,129
LKNM,08,26,3051,98,Grass,0,0,50.3631,16.1046,50.3645,16.1175,78
LKNM,18,36,2953,98,Grass,0,0,50.3681,16.1136,50.3601,16.1134,179
LKOL,09L,27R,2493,98,Grass,0,0,49.5879,17.2047,49.5871,17.2151,93
LKOL,09R,27L,2493,98,Grass,0,0,49.5876,17.2047,49.5868,17.2151,93
LKOL,10,28,1378,131,Asphalt,0,0,49.5883,17.2055,49.5879,17.2111,93
LKOT,17L,35R,2132,82,Asphalt,0,0,49.2014,17.5169,49.1956,17.5183,167
LKOT,17R,35L,1968,131,Grass,0,0,49.2011,17.5161,49.1957,17.5174,167
LKPA,15,33,4921,114,,0,0,49.7330,16.2621,49.7393,16.2636,155
LKPC,09,27,8218,95,Asphalt,0,0,50.3054,13.9168,50.3070,13.9517,86
LKPD,09,27,8203,246,Concrete,1,0,50.0140,15.7212,50.0129,15.7561,93
LKPI,08,26,2509,98,Grass,0,0,49.5800,15.7576,49.5813,15.7680,77
LKPJ,12,30,3281,197,Grass,0,0,49.4505,17.1276,49.4447,17.1412,122
LKPL,08,26,2296,65,,0,0,49.7226,13.4507,49.7231,13.4571,83
LKPM,06L,24R,3280,59,Grass,0,0,49.7156,14.0892,49.7229,14.1057,56
LKPM,06R,24L,4527,98,Asphalt,0,0,49.7137,14.0862,49.7264,14.1149,56
LKPN,07,25,2395,328,Grass,0,0,49.9380,15.5420,49.9399,15.5517,69
LKPN,13,31,2100,302,Grass,0,0,49.9402,15.5487,49.9364,15.5552,128
LKPO,06,24,8123,197,Concrete,1,0,49.4214,17.3893,49.4304,17.4205,66
LKPR,04,22,6955,197,Asphalt,1,1,50.0877,14.2667,50.1029,14.2844,37
LKPR,06,24,12189,148,Concrete,1,0,50.1018,14.2263,50.1160,14.2734,65
LKPR,12,30,10663,148,Concrete,1,0,50.1080,14.2454,50.0905,14.2817,127
LKPS,03,21,2755,328,,0,0,49.9171,13.3736,49.9232,13.3805,34
LKRA,11,29,2788,229,Grass,0,0,50.4062,13.7418,50.4037,13.7529,108
LKRA,22,04,2460,328,Grass,0,0,50.4081,13.7587,50.4035,13.7512,45
LKRK,09L,27R,2460,295,Grass,0,0,50.0949,13.6868,50.0952,13.6977,87
LKRK,09R,27L,3068,295,Grass,0,0,50.0935,13.6851,50.0938,13.6978,87
LKRO,13L,31R,2756,98,Grass,1,0,50.4126,14.2237,50.4073,14.2321,133
LKRO,13R,31L,4593,206,Grass,0,0,50.4149,14.2191,50.4061,14.2331,133
LKRY,09,27,2413,92,Turf/Grass,0,0,49.7519,13.5840,49.7523,13.5958,85
LKSA,07,25,2164,131,,0,0,49.5656,13.0441,49.5675,13.0530,71
LKSB,13,31,2887,98,Grass,0,0,49.4900,17.0479,49.4849,17.0571,135
LKSK,03,21,1863,492,Turf,0,0,49.8237,16.0062,49.8285,16.0087,17
LKSK,13,31,2881,656,Turf,0,0,49.8313,15.9998,49.8268,16.0097,124
LKSN,07L,25R,2493,75,Grass,0,0,50.2158,14.0834,50.2176,14.0922,72
LKSN,07R,25L,2493,131,Grass,0,0,50.2155,14.0835,50.2173,14.0924,72
LKSO,08,26,3150,78,Grass,0,0,49.2454,14.7082,49.2457,14.7211,84
LKSO,18,36,3348,98,Grass,0,0,49.2512,14.7133,49.2419,14.7128,182
LKSR,15,33,2952,75,Grass,0,0,49.0862,14.0728,49.0788,14.0785,152
LKST,03,21,2952,328,,0,0,49.2446,13.8894,49.2497,13.8946,30
LKST,13,31,2559,82,,0,0,49.2536,13.8884,49.2490,13.8965,129
LKSU,06,24,2296,295,,0,0,49.9579,17.0130,49.9613,17.0211,55
LKSU,18,36,2230,59,,0,0,49.9634,17.0172,49.9571,17.0168,180
LKSZ,15L,33R,2760,100,Grass,1,0,50.3276,14.2570,50.3208,14.2640,145
LKSZ,15R,33L,4314,394,Grass,0,0,50.3296,14.2536,50.3197,14.2640,145
LKTA,12,30,3609,426,Grass,0,0,49.3952,14.6972,49.3906,14.7107,116
LKTA,16,34,2789,328,Grass,0,0,49.3940,14.7066,49.3890,14.7094,160
LKTB,08,26,2624,98,Grass,0,0,49.1513,16.6857,49.1504,16.6965,94
LKTB,09,27,8694,197,Concrete,1,0,49.1529,16.6759,49.1498,16.7119,94
LKTC,09,27,2854,98,Grass,0,0,49.9855,14.4209,49.9855,14.4330,90
LKTD,09,27,3609,75,Grass,0,0,49.7974,12.6993,49.7971,12.7146,92
LKTO,08,26,4232,328,,0,0,50.0850,12.9440,50.0880,12.9613,75
LKUL,05,23,2559,98,Turf/Grass,0,0,50.6976,13.9644,50.7022,13.9733,51
LKUO,14,32,2910,328,Grass,0,0,49.9819,16.4229,49.9753,16.4299,143
LKVL,13,31,2788,131,,0,0,49.7299,14.8750,49.7253,14.8844,132
LKVM,12L,30R,1968,59,Asphalt,0,0,49.9310,16.1795,49.9282,16.1866,120
LKVM,12R,30L,3937,131,Grass,0,0,49.9308,16.1792,49.9251,16.1934,120
LKVM,14,32,3280,262,Grass,0,0,49.9296,16.1816,49.9233,16.1909,135
LKVO,10,28,8203,148,Asphalt,1,0,50.2196,14.3786,50.2138,14.4125,105
LKVO,11,29,5905,164,Grass,0,0,50.2172,14.3871,50.2130,14.4117,101
LKVP,09L,27R,2493,98,,0,0,50.4677,16.2002,50.4681,16.2108,85
LKVP,09R,27L,1804,98,,0,0,50.4674,16.2002,50.4677,16.2080,85
LKVR,11L,29R,2744,130,Grass,0,0,50.6258,15.6409,50.6234,15.6521,
LKVR,11R,29L,2744,100,Grass,0,0,50.6254,15.6406,50.6229,15.6518,112
LKVY,01,19,4199,196,Grass,0,0,49.2950,17.0223,49.3059,17.0284,15
LKZA,10L,28R,6397,98,Asphalt,0,1,49.9305,18.0575,49.9277,18.0849,97
LKZA,10R,28L,2952,295,Grass,0,0,49.9284,18.0689,49.9272,18.0815,97
LKZB,15,33,2559,492,Grass,0,0,49.8175,15.1997,49.8111,15.2042,154
LKZD,11,29,3675,131,Grass,0,0,50.3191,13.5053,50.3156,13.5200,109
LKZM,13,31,2378,328,Grass,0,0,50.0858,16.4396,50.0820,16.4480,134
LKZN,08,26,2822,59,Grass,0,0,48.8172,16.0601,48.8184,16.0714,80
LKZO,07A,25D,33,33,Concrete,0,0,,,,,
LLBG,03,21,9094,197,Asphalt,1,0,31.9962,34.8861,32.0181,34.9002,29
LLBG,08,26,13327,148,Asphalt,1,0,32.0130,34.8604,32.0189,34.8986,80
LLBG,12,30,10209,148,Asphalt,1,0,32.0147,34.8658,31.9999,34.8942,121
LLBO,18,36,2625,59,Asphalt,0,0,32.6534,34.9336,32.6467,34.9326,188
LLBS,14,32,3384,69,Asphalt,0,0,31.2904,34.7192,31.2836,34.7267,137
LLEK,15L,33R,7830,150,Asphalt,1,0,31.8476,34.8265,31.8287,34.8389,151
LLEK,15R,33L,7835,150,Asphalt,1,0,31.8472,34.8207,31.8283,34.8331,151
LLEK,18,36,7880,150,Asphalt,1,0,31.8469,34.8185,31.8252,34.8173,184
LLER,01,19,11811,,,1,0,29.7114,35.0096,29.7429,35.0185,
LLES,09,27,3990,100,Permeable,0,0,32.4416,35.0013,32.4401,35.0141,98
LLEY,01,19,3943,60,Asphalt,0,0,30.6163,35.2021,30.6270,35.2045,11
LLFK,04,22,4265,98,Asphalt,1,0,32.7823,35.7137,32.7911,35.7228,38
LLHA,15,33,4324,98,Asphalt,1,0,32.8164,35.0417,32.8058,35.0466,159
LLHB,10L,28R,7948,131,Asphalt,0,0,31.2416,34.6460,31.2358,34.6706,105
LLHB,10R,28L,9657,112,Asphalt,0,0,31.2324,34.6490,31.2254,34.6788,105
LLHB,15,33,5800,75,Asphalt,0,0,31.2410,34.6464,31.2282,34.6575,143
LLHS,05,23,7905,150,Asphalt,1,0,31.7542,34.7151,31.7669,34.7358,53
LLHS,11L,29R,8005,115,Asphalt,1,0,31.7655,34.7215,31.7574,34.7456,112
LLHS,11R,29L,8040,150,Asphalt,0,0,31.7640,34.7207,31.7557,34.7450,112
LLHZ,10,28,2963,59,Asphalt,0,0,32.1814,34.8306,32.1793,34.8380,104
LLIB,05,23,3190,100,Asphalt,0,1,32.9777,35.5660,32.9829,35.5745,54
LLIB,15,33,3625,100,Asphalt,1,0,32.9872,35.5681,32.9784,35.5740,150
LLKS,03,21,4423,98,Concrete,0,0,,,,,33
LLMG,09,27,6982,78,Asphalt,0,0,32.5973,35.2197,32.5969,35.2405,85
LLMZ,01,19,3937,98,Asphalt,0,0,31.3229,35.3876,31.3335,35.3897,10
LLNV,08C,26C,10991,147,Asphalt,1,0,31.2044,34.9951,31.2113,35.0293,77
LLNV,08L,26R,8530,147,Asphalt,1,0,31.2075,34.9942,31.2128,35.0208,77
LLNV,08R,26L,8395,70,Asphalt,0,0,31.2000,34.9963,31.2052,35.0225,77
LLNV,15,33,2806,70,Asphalt,0,0,31.2079,35.0315,31.2014,35.0364,147
LLOV,02L,20R,8530,148,Asphalt,1,0,29.9300,34.9291,29.9517,34.9392,22
LLOV,02R,20L,9843,148,Asphalt,1,0,29.9272,34.9317,29.9522,34.9433,22
LLRD,09,27,8550,145,Asphalt,1,0,32.6659,35.1637,32.6677,35.1914,86
LLRD,11,29,7975,115,Asphalt,1,0,32.6629,35.1627,32.6562,35.1874,108
LLRD,15,33,7895,150,Asphalt,1,0,32.6756,35.1769,32.6580,35.1918,145
LLRM,07L,25R,8858,148,Asphalt,1,0,30.7727,34.6530,30.7823,34.6790,67
LLRM,07R,25L,9876,148,Asphalt,1,0,30.7692,34.6531,30.7800,34.6819,67
LLTN,11,29,2224,32,Asphalt,0,0,32.3094,34.9753,32.3075,34.9820,114
LLYT,02,20,3346,52,Asphalt,1,0,29.8979,35.0656,29.9063,35.0699,27
LMMG,10H,28H,571,,Concrete,0,0,,,,,
LMML,05,23,7785,148,Asphalt,1,0,35.8475,14.4601,35.8599,14.4815,52
LMML,13,31,10991,190,Asphalt,1,0,35.8564,14.4788,35.8339,14.5068,132
LOAA,03,21,1693,82,Grass,0,0,48.4164,15.2137,48.4203,15.2172,
LOAB,12,30,2837,59,Concrete,0,0,,,,,
LOAB,12G,30G,1935,98,Grass,0,0,48.9235,15.2924,48.9210,15.2995,
LOAD,07,25,1644,82,Grass,0,0,48.1597,15.5844,48.1608,15.5909,
LOAG,10,28,2965,59,Asphalt,0,0,48.4474,15.6294,48.4455,15.6390,
LOAN,09,27,3500,75,Asphalt,1,0,47.8439,16.2531,47.8428,16.2672,97
LOAR,04,22,1641,82,Grass,0,0,,,,,
LOAS,15,33,2297,82,Grass,0,0,48.1013,16.9313,48.0960,16.9364,
LOAU,07,25,2625,59,Asphalt,0,0,48.4082,16.1860,48.4101,16.1966,
LOAV,08,26,3018,98,Grass,0,1,47.9607,16.2516,47.9616,16.2639,
LOAV,13R,31L,3116,75,Asphalt,1,0,47.9674,16.2563,47.9623,16.2650,
LOAV,31R,13L,2133,82,Grass,0,0,,,,,306
LOGF,13,31,2297,59,Asphalt,0,0,47.0638,16.0805,47.0602,16.0879,
LOGF,13G,31G,820,98,Grass,0,0,47.0627,16.0835,47.0613,16.0862,
LOGG,14,32,2625,59,Asphalt,0,0,47.1501,16.3143,47.1437,16.3201,
LOGI,11,29,2575,59,Asphalt,0,0,47.4948,14.4914,47.4919,14.5007,
LOGK,07,25,1969,98,Grass,0,0,47.4565,15.3273,47.4586,15.3346,
LOGL,07,25,2297,98,Grass,0,0,47.5555,15.3176,47.5574,15.3265,
LOGM,15,33,1640,59,Asphalt,0,0,47.7916,15.2988,47.7874,15.3026,
LOGO,03,21,2395,98,Asphalt,0,0,47.4762,14.0047,47.4815,14.0103,
LOGP,15,33,2067,98,Grass,0,0,47.3893,16.1105,47.3843,16.1153,
LOGT,11,29,2050,98,Grass,0,0,47.3809,14.9605,47.3784,14.9682,
LOGW,18,36,1444,98,Grass,0,0,47.1718,15.6646,47.1679,15.6645,
LOIH,04,22,2067,59,Asphalt,0,0,47.3825,9.6967,47.3865,9.7027,
LOIJ,13,31,2461,59,Asphalt,0,0,47.5226,12.4457,47.5181,12.4531,
LOIJ,13G,31G,656,98,Grass,0,0,47.5194,12.4503,47.5182,12.4523,
LOIK,06,24,2625,98,Grass,0,0,47.5625,12.1229,47.5667,12.1316,
LOIM,H1,,50,50,Asphalt,0,0,,,,,
LOIR,04,22,2228,59,Asphalt,0,0,47.4690,10.6886,47.4729,10.6943,45
LOKF,02,20,2296,98,Grass,0,0,46.7062,14.0750,46.7110,14.0780,
LOKG,04,22,2028,82,Grass,0,0,46.5307,14.3281,46.5348,14.3337,
LOKH,17,35,2320,98,Grass,0,0,46.9309,14.4314,46.9245,14.4327,172
LOKL,12,30,1640,59,Asphalt,0,0,46.7993,12.8756,46.7968,12.8810,124
LOKM,08,26,1312,82,Grass,0,0,46.9749,14.3692,46.9755,14.3743,
LOKN,09,27,2329,82,Grass,0,0,46.5804,13.6251,46.5805,13.6344,
LOKR,06,24,1312,82,Grass,0,0,46.7425,14.4111,46.7441,14.4158,64
LOKW,01,19,2427,98,Grass,0,0,46.8145,14.8247,46.8206,14.8255,
LOLC,05,23,1942,98,Grass,0,0,47.8960,13.9354,47.8998,13.9417,
LOLE,15,33,1394,98,Grass,0,0,48.3407,13.9841,48.3375,13.9867,
LOLF,11,29,1312,82,Grass,0,0,48.5143,14.4035,48.5132,14.4104,
LOLG,03,21,1575,82,Asphalt,0,0,48.1015,14.9489,48.1048,14.9530,
LOLH,08,26,1476,82,Asphalt,0,0,48.1390,14.3330,48.1395,14.3390,
LOLK,12,30,2437,59,Asphalt,0,0,48.2138,13.3418,48.2115,13.3488,
LOLM,13,31,1526,98,Grass,0,0,47.8725,14.1224,47.8699,14.1274,138
LOLO,15,33,3084,98,Grass,0,0,48.3029,14.3321,48.2951,14.3368,
LOLS,14,32,2625,75,Asphalt,0,0,48.4055,13.4451,48.4003,13.4522,
LOLT,10,28,2723,82,Grass,0,0,48.0510,14.6576,48.0502,14.6686,
LOLU,08,26,1804,59,Asphalt,0,0,47.9509,13.8640,47.9521,13.8713,
LOLW,08C,26C,3051,164,Grass,0,0,48.1819,14.0340,48.1820,14.0464,84
LOLW,08L,26R,4560,98,Asphalt,1,0,48.1831,14.0315,48.1834,14.0502,84
LOLW,08R,26L,2952,148,Grass,0,0,48.1805,14.0347,48.1806,14.0463,84
LOSM,07,25,2690,82,Grass,0,0,47.1307,13.6911,47.1332,13.7013,
LOWG,16C,34C,9842,148,Asphalt,1,0,47.0043,15.4360,46.9778,15.4433,164
LOWG,16L,34R,2100,98,Grass,0,0,46.9906,15.4426,46.9850,15.4441,169
LOWG,16R,34L,2493,82,Grass,0,0,46.9954,15.4351,46.9887,15.4369,169
LOWI,08,26,6562,148,Asphalt,1,0,47.2588,11.3309,47.2616,11.3570,81
LOWI,08G,28G,1148,155,Grass,0,0,47.2613,11.3375,47.2618,11.3421,
LOWK,10L,28R,8924,148,Concrete,1,0,46.6459,14.3207,46.6391,14.3548,106
LOWK,10R,28L,2427,90,Grass,0,0,46.6441,14.3202,46.6423,14.3291,106
LOWL,07H,25H,,,Grass,0,0,,,,,
LOWL,08,26,9843,197,Asphalt,1,0,48.2325,14.1674,48.2339,14.2077,87
LOWL,08E,26E,2165,148,Grass,0,0,48.2353,14.1838,48.2356,14.1926,87
LOWS,15,33,9022,148,Concrete,1,0,47.8056,12.9962,47.7821,13.0111,157
LOWW,11,29,11483,148,Asphalt,1,0,48.1228,16.5334,48.1090,16.5756,116
LOWW,16,34,11811,148,Asphalt,1,0,48.1198,16.5782,48.0886,16.5913,164
LOWZ,07,25,2559,59,Asphalt,0,0,47.2907,12.7859,47.2924,12.7959,70
LOWZ,07R,25L,984,164,Grass,0,0,47.2900,12.7912,47.2906,12.7950,70
LOWZ,XX,XX,,,CLOSED,0,1,47.2925,12.7865,47.2957,12.7915,
LOXA,06,24,3034,131,Grass,0,0,47.5338,14.1356,47.5374,14.1467,
LOXN,04,22,4918,147,Grass,0,0,,,,,40
LOXN,09,27,2754,99,Grass,0,0,,,,,90
LOXN,14L,32R,3082,99,Grass,0,0,,,,,180
LOXN,14R,32L,3082,99,Grass,0,0,,,,,140
LOXN,18L,36R,5314,147,Grass,0,0,47.8451,16.2240,47.8305,16.2238,
LOXN,18R,36L,2852,99,Grass,0,0,,,,,180
LOXT,08,26,4593,196,Asphalt,0,0,,,,,
LOXZ,08L,26R,4625,131,Grass,0,0,47.2038,14.7403,47.2054,14.7547,81
LOXZ,08R,26L,9022,197,Asphalt,1,0,47.2007,14.7265,47.2048,14.7620,81
LPAR,04,22,9810,148,Asphalt,1,0,38.8718,-9.0392,38.8945,-9.0207,33
LPAV,17,35,4593,164,Asphalt,0,0,40.6603,-8.7456,40.6481,-8.7415,165
LPAZ,04,22,334,148,Asphalt,0,1,36.9739,-25.1758,36.9844,-25.1689,28
LPAZ,15,33,1004,148,Asphalt,0,1,36.9736,-25.1758,36.9617,-25.1614,136
LPAZ,18,36,10000,197,Concrete,1,0,36.9850,-25.1733,36.9578,-25.1679,171
LPBG,01,19,5600,98,Asphalt,1,0,41.8503,-6.7096,41.8653,-6.7047,14
LPBJ,01L,19R,11319,197,Concrete,1,0,38.0634,-7.9344,38.0944,-7.9304,6
LPBJ,01R,19L,9682,98,Concrete,0,0,38.0654,-7.9317,38.0919,-7.9282,6
LPBR,07,25,3081,75,Asphalt,1,0,41.5850,-8.4502,41.5890,-8.4402,62
LPCB,16,34,4790,98,Asphalt,0,0,,,,,
LPCH,16,34,2812,75,Asphalt,0,0,,,,,
LPCO,16,34,3018,98,Concrete,1,0,40.1610,-8.4721,40.1534,-8.4679,157
LPCR,11,29,2625,,Asphalt,0,0,,,,,
LPCS,17,35,4593,98,Asphalt,1,0,38.7311,-9.3574,38.7190,-9.3530,164
LPEV,01,19,4265,75,Asphalt,0,0,38.5278,-7.8902,38.5393,-7.8891,4
LPEV,08,26,2100,98,Gravel,0,1,38.5274,-7.8976,38.5292,-7.8905,72
LPFL,18,36,4593,98,Asphalt,1,0,39.4615,-31.1331,39.4492,-31.1297,166
LPFR,10,28,8169,148,Asphalt,1,0,37.0173,-7.9861,37.0134,-7.9586,100
LPGR,09,27,4529,98,Concrete,1,0,39.0908,-28.0377,39.0935,-28.0220,77
LPHB,H1,H1,66,66,Concrete,0,0,,,,,
LPHR,10,28,5233,148,Asphalt,1,0,38.5199,-28.7245,38.5199,-28.7071,90
LPIN,17,35,1400,100,Asphalt,0,0,,,,,174
LPJF,02,20,1640,36,asfalt,0,0,,,,,14
LPLA,15,33,10870,197,Asphalt,1,0,38.7760,-27.1056,38.7529,-27.0814,141
LPMA,05,23,9110,148,Asphalt,1,0,32.6890,-16.7848,32.7068,-16.7640,45
LPMB,H,,64,64,Concrete,0,0,,,,,
LPMI,17,35,2460,98,Asphalt,0,0,,,,,
LPMO,06,24,3600,90,Asphalt,0,0,,,,,
LPMR,36,18,9816,148,Concrete,1,0,39.8178,-8.8878,39.8447,-8.8867,2
LPMT,01,19,7044,148,Asphalt,1,0,38.6999,-9.0383,38.7196,-9.0355,7
LPMT,07,25,8005,148,Concrete,1,0,38.7050,-9.0372,38.7116,-9.0104,72
LPMU,03,21,2625,72,Asphalt,0,0,,,,,26
LPOV,18,36,8005,148,Concrete,1,0,40.9268,-8.6469,40.9050,-8.6449,176
LPPD,12,30,8192,148,Asphalt,1,0,37.7462,-25.7109,37.7379,-25.6846,112
LPPI,09,27,5725,148,Asphalt,1,0,38.5518,-28.4527,38.5539,-28.4329,83
LPPM,11,29,2822,89,Asphalt,0,0,37.1505,-8.5886,37.1482,-8.5793,107
LPPR,17,35,11417,148,Asphalt,1,0,41.2633,-8.6852,41.2325,-8.6772,173
LPPS,01,19,,,,0,1,,,,,
LPPS,18,36,9861,148,Concrete,1,0,33.0870,-16.3505,33.0599,-16.3494,178
LPPT,02,20,12500,148,Asphalt,1,0,38.7657,-9.1443,38.7973,-9.1274,22
LPPT,17,35,7874,148,Asphalt,1,1,38.7862,-9.1372,38.7650,-9.1316,168
LPSJ,13,31,4633,148,Asphalt,1,0,38.6683,-28.1829,38.6627,-28.1688,117
LPSO,03,21,5906,98,Asphalt,1,0,,,,,
LPSR,05,23,3960,82,,0,0,39.2070,-8.6907,39.2124,-8.6832,
LPST,14,32,5906,131,Asphalt,1,0,38.8368,-9.3469,38.8253,-9.3324,135
LPTN,08,26,7530,148,Asphalt,1,0,39.4721,-8.3857,39.4766,-8.3597,77
LPTN,12,30,3937,74,Asphalt,0,0,39.4791,-8.3738,39.4742,-8.3614,117
LPVL,16,34,5606,98,Asphalt,0,0,41.2804,-8.5180,41.2718,-8.5126,155
LPVR,02,20,3107,98,Asphalt,1,0,41.2703,-7.7222,41.2784,-7.7188,18
LPVZ,36,18,4035,98,Asphalt,1,0,40.7200,-7.8885,40.7310,-7.8896,359
LQBI,12,30,3600,250,Grass,0,0,44.7996,15.8987,44.7947,15.9102,121
LQBK,16,34,8202,148,Asphalt,1,0,44.9524,17.2946,44.9304,17.3004,170
LQJL,05,23,3940,295,Grass,0,0,,,,,
LQMO,15,33,7874,158,Asphalt,1,0,43.2929,17.8403,43.2730,17.8514,158
LQSA,11,29,8666,150,Asphalt,1,0,43.8300,18.3171,43.8192,18.3459,117
LQTZ,09,27,8152,148,Asphalt,1,0,44.4598,18.7093,44.4575,18.7403,96
LQVI,09,27,2362,98,Grass,0,0,,,,,
LRAR,09,27,6562,148,Concrete,1,0,46.1774,21.2492,46.1757,21.2748,95
LRBC,16,34,8203,262,Concrete,1,0,46.5327,26.9059,46.5111,26.9144,165
LRBM,09,27,7054,148,Asphalt,1,0,47.6600,23.4497,47.6569,23.4781,99
LRBS,07,25,10499,148,Concrete,1,0,44.4992,26.0828,44.5072,26.1215,74
LRBV,03,21,9252,148,Concrete,0,0,45.6960,25.5128,45.7165,25.5342,
LRCD,15,33,1970,60,Grass,0,0,,,,,146
LRCK,18,36,11483,148,Concrete,1,0,44.3777,28.4906,44.3465,28.4863,186
LRCL,07,25,6693,148,Concrete,1,0,46.7851,23.6741,46.7902,23.6965,79
LRCL,08,26,,,,0,0,,,,,
LRCN,06,24,3281,197,Concrete,0,0,,,,,
LRCS,11,29,6562,148,Concrete,0,0,45.4236,22.2419,45.4178,22.2661,109
LRCT,15,33,8202,164,Concrete,1,0,46.5126,23.8793,46.4920,23.8926,156
LRCV,08,26,8203,148,Concrete,1,0,44.3179,23.8729,44.3184,23.9041,89
LRFL,10,28,1968,,Concrete,0,0,,,,,
LRIA,14,32,7874,148,Concrete,1,0,47.1895,27.6127,47.1710,27.6291,154
LROD,01,19,8267,148,Concrete,1,0,47.0173,21.9001,47.0333,21.9047,11
LROP,08L,26R,11484,148,Asphalt,1,0,44.5765,26.0839,44.5798,26.1278,84
LROP,08R,26L,11484,148,Asphalt,1,0,44.5645,26.0766,44.5678,26.1204,84
LRPV,08,26,2461,98,Asphalt,1,0,,,,,
LRPV,09,27,2592,98,Grass,0,0,44.9266,25.9546,44.9262,25.9665,93
LRSB,09,27,8629,148,Concrete,1,0,45.7862,24.0687,45.7856,24.1025,91
LRSM,01,19,8160,148,Concrete,1,0,47.6924,22.8819,47.7141,22.8895,13
LRSV,16,34,8070,148,Concrete,1,0,47.6952,26.3506,47.6798,26.3575,163
LRTC,16,34,6517,98,Concrete,1,0,45.0712,28.7115,45.0538,28.7171,167
LRTM,07,25,6562,98,Concrete,1,0,46.4653,24.4000,46.4703,24.4250,74
LRTR,11,29,11483,148,Concrete,1,0,45.8151,21.3168,45.8045,21.3590,110
LRTZ,04,22,3117,,,0,0,,,,,
LSGB,15,33,2297,98,Grass,0,0,46.2597,6.9849,46.2555,6.9888,
LSGC,05,23,3707,89,Asphalt,1,0,47.0810,6.7870,47.0869,6.7991,54
LSGE,09,27,2625,75,Asphalt,1,0,46.7556,7.0705,46.7550,7.0810,95
LSGG,04,22,12795,164,Concrete,1,0,46.2258,6.0909,46.2504,6.1270,46
LSGG,04L,22R,2700,98,Grass,0,1,46.2348,6.0995,46.2399,6.1072,46
LSGK,08,26,4810,131,Asphalt,1,0,46.4853,7.2393,46.4878,7.2581,81
LSGL,18,36,2871,75,Concrete,0,0,46.5485,6.6170,46.5422,6.6163,
LSGN,05,23,2295,66,Concrete,0,0,,,,,
LSGP,04,22,1837,98,Grass,0,0,46.4043,6.2555,46.4087,6.2608,
LSGR,03,21,2641,59,Asphalt,0,0,46.6109,7.6746,46.6166,7.6812,38
LSGS,07,25,6562,131,Asphalt,1,0,46.2167,7.3146,46.2220,7.3394,73
LSGS,07G,25G,1837,98,Grass,0,0,46.2185,7.3211,46.2200,7.3280,73
LSGS,HEL,,140,140,Grass,0,1,,,,,
LSGT,17,35,2900,98,Grass,0,0,46.5981,7.0937,46.5902,7.0950,
LSGY,04,22,2861,59,Asphalt,1,0,46.7592,6.6091,46.7646,6.6174,
LSGY,05R,23L,2379,66,Grass,0,0,,,,,
LSKV,03,21,2067,98,Grass,0,0,48.0427,17.3519,48.0475,17.3519,
LSMA,01,19,4914,131,Asphalt,1,0,46.9362,8.2818,46.9494,8.2859,11
LSMD,11,29,7726,130,Asphalt,1,0,47.4016,8.6337,47.3953,8.6627,108
LSMD,11R,29L,2130,98,Grass,1,0,47.3996,8.6350,47.3971,8.6462,108
LSME,04,22,8208,130,Asphalt,1,0,47.0835,8.2951,47.1013,8.3152,38
LSMM,10,28,6571,130,Asphalt,1,0,46.7434,8.0959,46.7413,8.1219,95
LSMP,05,23,9376,130,Asphalt,1,0,46.8347,6.9011,46.8517,6.9291,48
LSPA,09,27,2559,98,Grass,0,0,47.5743,9.0435,47.5739,9.0528,
LSPD,11,29,2034,98,Grass,0,0,47.4401,7.4860,47.4382,7.4938,
LSPF,07,25,1772,98,Grass,0,0,47.6896,8.5238,47.6914,8.5305,
LSPG,03,21,2953,131,Asphalt,0,0,46.9038,8.2506,46.9111,8.2558,
LSPH,01,19,2280,98,Grass,0,0,47.5118,8.7707,47.5178,8.7731,
LSPL,05,23,1919,59,Concrete,0,0,47.1814,7.7385,47.1840,7.7435,
LSPL,05R,23L,1099,66,Grass,0,0,47.1820,7.7400,47.1838,7.7435,
LSPM,11,29,4060,131,Concrete,0,0,46.5137,8.6857,46.5110,8.7014,
LSPN,15,33,1870,49,Asphalt,0,0,,,,,
LSPV,08,26,1640,59,Asphalt,0,0,47.2044,8.8641,47.2053,8.8706,74
LSTA,10,28,2751,131,Asphalt,0,0,46.3046,7.8137,46.3044,7.8246,91
LSTB,08,26,1608,164,Grass,0,0,,,,,
LSTO,05,23,1857,98,Grass,0,0,,,,,
LSTR,03,21,2001,131,Grass,0,0,,,,,
LSTS,14,32,5708,131,Asphalt,0,0,46.5035,7.4036,46.4924,7.4196,135
LSTZ,17,35,1925,59,Asphalt,0,0,46.5543,7.3806,46.5543,7.3806,172
LSXG,H1,,82,82,Concrete,0,0,,,,,
LSZA,01,19,4642,98,Asphalt,1,0,45.9985,8.9078,46.0100,8.9134,19
LSZB,14,32,5676,98,Asphalt,1,0,46.9193,7.4908,46.9074,7.5054,140
LSZB,14L,32R,2133,98,Grass,0,0,46.9145,7.4951,46.9100,7.5006,140
LSZB,14R,32L,2125,98,Grass,0,0,46.9142,7.4945,46.9097,7.4999,140
LSZB,16L,34R,500,200,Grass,0,0,46.9107,7.4969,46.9094,7.4976,
LSZB,16R,34L,1690,164,Grass,0,0,46.9130,7.4946,46.9086,7.4970,
LSZC,06,24,6561,130,Asphalt,1,0,46.9707,8.3858,46.9780,8.4081,62
LSZC,07R,25L,2771,130,Asphalt,0,1,46.9690,8.3889,46.9748,8.4066,62
LSZE,12,30,1624,36,Asphalt,0,0,47.0160,9.4791,47.0138,9.4848,
LSZF,08,26,2356,65,Asphalt,0,0,47.4432,8.2294,47.4442,8.2384,
LSZF,08R,26L,2264,66,Grass,0,0,47.4429,8.2305,47.4438,8.2385,
LSZG,06,24,3281,75,Asphalt,1,0,47.1798,7.4114,47.1835,7.4232,64
LSZG,06G,24G,2295,98,Grass,0,0,47.1789,7.4124,47.1815,7.4208,
LSZG,06L,24R,1640,60,Grass,0,0,47.1808,7.4123,47.1822,7.4170,66
LSZG,06R,24L,2297,98,Grass,1,0,47.1793,7.4121,47.1819,7.4205,70
LSZH,01H,19H,1010,91,Grass,0,0,47.4493,8.5477,47.4520,8.5490,
LSZH,10,28,8202,197,Concrete,1,0,47.4589,8.5375,47.4566,8.5704,96
LSZH,14,32,10827,197,Concrete,1,0,47.4831,8.5347,47.4613,8.5645,137
LSZH,16,34,12139,197,Concrete,1,0,47.4756,8.5360,47.4454,8.5567,155
LSZI,07,25,1739,98,Grass,0,0,,,,,
LSZJ,06,24,1837,98,Grass,0,0,47.1823,7.0875,47.1845,7.0942,
LSZK,12,30,2051,59,Grass,0,0,47.3780,8.7541,47.3749,8.7610,
LSZL,08C,26C,2297,98,Grass,0,0,46.1600,8.8746,46.1611,8.8835,78
LSZL,08L,26R,2625,75,Asphalt,0,0,46.1646,8.8727,46.1660,8.8830,78
LSZL,08R,26L,2297,98,Grass,0,0,46.1587,8.8749,46.1599,8.8838,78
LSZM,01,19,5905,130,Asphalt,0,0,47.0709,9.0622,47.0845,9.0668,13
LSZN,09,27,2297,59,Asphalt,0,0,,,,,91
LSZN,09L,27R,2297,98,Grass,0,0,47.2390,8.5110,47.2389,8.5202,91
LSZO,15L,33R,1673,98,Grass,0,0,47.1912,8.2039,47.1880,8.2059,
LSZO,15R,33L,1591,98,Grass,0,0,47.1911,8.2028,47.1872,8.2053,
LSZP,04,22,2264,82,Grass,0,0,47.0861,7.2858,47.0904,7.2923,
LSZQ,07,25,2625,59,Asphalt,0,0,,,,,
LSZR,10,28,4774,98,Asphalt,1,0,47.4860,9.5516,47.4842,9.5690,99
LSZR,10L,28R,2657,65,Grass,0,0,47.4864,9.5574,47.4853,9.5680,99
LSZR,XX,,,,,0,1,,,,,
LSZS,03,21,5905,130,Asphalt,1,0,46.5270,9.8781,46.5415,9.8898,29
LSZT,06,24,1800,96,Grass,0,0,47.5235,9.0003,47.5257,9.0068,63
LSZU,16,34,2215,98,Grass,0,0,,,,,
LSZV,07,25,1575,66,Grass,0,0,47.5085,9.2596,47.5095,9.2658,
LSZW,14,32,2625,98,Grass,0,0,46.7591,7.5971,46.7535,7.6038,
LSZX,16,34,1706,49,Concrete,0,0,,,,,
LTAB,06,24,6608,98,Asphalt,1,0,39.9306,32.7294,39.9386,32.7506,60
LTAB,09,27,2854,98,Asphalt,0,1,39.9388,32.7398,39.9388,32.7501,90
LTAC,03L,21R,12303,148,Asphalt,1,0,40.1178,32.9837,40.1424,33.0072,36
LTAC,03R,21L,12303,197,Asphalt,1,0,40.1141,32.9832,40.1413,33.0091,35
LTAD,11L,29R,9045,138,Asphalt,1,0,39.9569,32.6712,39.9475,32.6992,113
LTAD,11R,29L,4951,148,Asphalt,0,1,39.9510,32.6819,39.9455,32.6981,113
LTAE,03,21,10991,148,Asphalt,1,0,40.0662,32.5550,40.0916,32.5763,33
LTAF,05,23,9022,148,Asphalt,1,0,36.9748,35.2680,36.9895,35.2928,54
LTAG,05,23,10000,148,Concrete,1,0,36.9937,35.4122,37.0103,35.4395,53
LTAH,13L,31R,12008,148,Concrete,1,0,38.7373,30.5878,38.7145,30.6184,133
LTAH,13R,31L,9843,148,Concrete,1,0,38.7363,30.5866,38.7176,30.6116,134
LTAI,18C,36C,11155,148,Concrete,1,0,36.9155,30.7947,36.8851,30.7906,186
LTAI,18L,36R,11155,148,Concrete,1,0,36.9114,30.8114,36.8809,30.8072,186
LTAI,18R,36L,9811,148,Asphalt,1,0,36.9157,30.7924,36.8890,30.7887,186
LTAJ,10L,28R,9842,157,Permeable,1,0,36.9511,37.4643,36.9446,37.4946,105
LTAJ,10R,28L,9842,100,Concrete,1,1,36.9501,37.4615,36.9431,37.4941,105
LTAL,18,36,7382,148,Asphalt,0,0,41.3238,33.7973,41.3042,33.7945,182
LTAN,01L,19R,10990,148,Permeable,1,0,37.9651,32.5541,37.9940,32.5651,17
LTAN,01R,19L,10990,148,Permeable,1,0,37.9646,32.5563,37.9934,32.5674,17
LTAO,04L,22R,7874,148,Asphalt,1,0,38.3466,38.2440,38.3608,38.2635,47
LTAO,04R,22L,7219,98,Asphalt,0,0,38.3459,38.2461,38.3591,38.2643,47
LTAO,H,,82,82,Asphalt,1,0,,,,,
LTAP,05,23,9600,148,Asphalt,1,0,40.8217,35.5079,40.8370,35.5361,55
LTAR,01,19,12503,148,Concrete,1,0,39.7975,36.8967,39.8302,36.9103,18
LTAS,18,36,6991,148,Concrete,0,0,41.5145,32.0897,41.4977,32.0876,
LTAT,03,21,10990,148,Asphalt,1,0,38.4225,38.0810,38.4482,38.1010,31
LTAU,07,25,9841,145,Concrete,1,0,38.7672,35.4787,38.7736,35.5122,76
LTAV,11,29,11156,98,Asphalt,1,0,39.4575,31.3469,39.4454,31.3832,113
LTAW,04,22,5298,98,Asphalt,0,0,40.3014,36.3582,40.3127,36.3753,49
LTAW,06,24,8858,148,Concrete,0,0,40.3208,36.3753,40.3291,36.4052,
LTAY,05,23,9842,148,Asphalt,1,0,37.7786,29.6867,37.7925,29.7159,59
LTAZ,11,29,9842,148,Concrete,1,0,38.7780,34.5193,38.7657,34.5498,117
LTBA,05,23,8530,197,Asphalt,1,0,40.9663,28.8114,40.9778,28.8362,59
LTBA,17L,35R,9843,148,Concrete,1,1,40.9964,28.8085,40.9695,28.8095,178
LTBA,17R,35L,9843,148,Concrete,1,1,40.9964,28.8060,40.9693,28.8070,178
LTBD,09,27,4708,98,Concrete,0,0,37.8153,27.8795,37.8137,27.8953,86
LTBF,18,36,9810,144,Asphalt,1,0,39.6327,27.9266,39.6058,27.9253,182
LTBG,18,36,9875,151,Asphalt,1,0,40.3317,27.9781,40.3047,27.9774,181
LTBH,04,22,7710,148,Concrete,1,0,40.1274,26.4153,40.1433,26.4335,41
LTBI,08,26,10006,150,Asphalt,1,0,39.7841,30.5641,39.7843,30.5997,90
LTBJ,16L,34R,10630,147,Asphalt,1,0,38.3066,27.1527,38.2782,27.1612,167
LTBJ,16R,34L,10630,147,Concrete,1,0,38.3062,27.1506,38.2778,27.1592,167
LTBK,17,35,4453,131,Asphalt,1,0,38.3251,27.1577,38.3131,27.1610,168
LTBL,17,35,9821,147,Asphalt,1,0,38.5265,27.0087,38.4996,27.0114,176
LTBM,14,32,3283,95,Asphalt,0,0,37.7892,30.5788,37.7816,30.5848,148
LTBN,16,34,4950,132,Asphalt,1,0,39.4330,30.0137,39.4204,30.0201,159
LTBO,09,27,8390,148,Concrete,1,0,38.6817,29.4570,38.6813,29.4864,91
LTBP,08,26,4603,130,Asphalt,0,0,40.6841,29.3720,40.6851,29.3885,85
LTBP,18,36,4425,130,Asphalt,0,0,40.6944,29.3764,40.6822,29.3756,183
LTBQ,09,27,9842,98,Asphalt,1,0,40.7365,30.0657,40.7336,30.1008,96
LTBR,07L,25R,9818,148,Concrete,1,0,40.2522,29.5454,40.2594,29.5793,75
LTBR,07R,25L,9818,98,Concrete,1,0,40.2510,29.5458,40.2582,29.5797,75
LTBS,01,19,9842,148,Concrete,1,0,36.7001,28.7881,36.7262,28.7969,15
LTBT,14L,32R,9815,148,Concrete,1,0,38.8195,27.8231,38.7992,27.8458,139
LTBT,14R,32L,9815,98,Concrete,0,0,38.8187,27.8218,38.7984,27.8445,139
LTBU,04,22,9844,148,Concrete,1,0,41.1294,27.9053,41.1471,27.9326,49
LTBV,06,24,5151,98,Asphalt,0,0,37.1372,27.6616,37.1430,27.6776,66
LTBW,05,23,1755,59,Asphalt,0,0,41.1018,28.5444,41.1050,28.5504,
LTBX,04,22,2506,50,Concrete,0,0,40.9906,29.2133,40.9955,29.2197,45
LTBX,18,36,4528,98,Concrete,0,0,40.9993,29.2165,40.9866,29.2166,180
LTBY,09,27,8261,98,Asphalt,1,0,39.8105,30.5047,39.8094,30.5341,93
LTBZ,13,31,9843,148,Concrete,0,0,39.1203,30.1172,39.1026,30.1433,
LTCA,07,25,9843,148,Concrete,1,0,38.5944,39.2648,38.6009,39.2982,71
LTCA,13,31,9843,148,Asphalt,0,1,,,,,
LTCB,10,28,9848,148,Asphalt,0,0,40.9696,38.0689,40.9641,38.1036,102
LTCC,16L,34R,11644,148,Concrete,1,0,37.9092,40.1950,37.8786,40.2071,163
LTCC,16R,34L,11644,148,Concrete,1,0,37.9086,40.1927,37.8781,40.2048,163
LTCD,10,28,9843,148,Concrete,1,0,39.7158,39.5106,39.7062,39.5434,111
LTCD,13,31,5800,137,Concrete,0,1,39.7152,39.5069,39.7055,39.5236,127
LTCE,05,23,3051,49,Asphalt,1,1,39.9409,41.1659,39.9464,41.1739,48
LTCE,08L,26R,12499,148,Concrete,1,0,39.9568,41.1479,39.9580,41.1925,88
LTCE,08R,26L,12500,98,Concrete,1,0,39.9551,41.1480,39.9562,41.1925,88
LTCF,06,24,11483,148,Concrete,1,0,40.5553,43.0964,40.5689,43.1336,64
LTCG,11,29,8661,148,Asphalt,1,0,40.9995,39.7752,40.9906,39.8042,112
LTCI,03,21,9022,148,Asphalt,1,0,38.4584,43.3227,38.4780,43.3419,38
LTCJ,02,20,10000,150,Asphalt,1,0,37.9166,41.1091,37.9414,41.1241,26
LTCK,11,29,11649,148,Asphalt,1,0,38.7548,41.6429,38.7407,41.6795,116
LTCL,06,24,5905,98,Concrete,0,0,37.9759,41.8309,37.9819,41.8500,68
LTCM,05,23,6482,148,Asphalt,0,0,42.0132,35.0625,42.0238,35.0817,54
LTCN,08,26,7546,98,Asphalt,1,0,37.5364,36.9408,37.5416,36.9660,76
LTCO,16,34,9843,148,Asphalt,1,0,39.6715,43.0202,39.6455,43.0295,165
LTCP,04,22,8153,148,Concrete,1,0,37.7240,38.4582,37.7387,38.4797,49
LTCR,03,21,8204,148,Concrete,1,0,37.2144,40.6231,37.2323,40.6402,37
LTCS,04,22,13123,148,Asphalt,1,0,37.4347,38.8833,37.4615,38.9135,36
LTCT,12,30,9843,148,Concrete,1,0,,,,,120
LTCU,11,29,7546,148,Concrete,0,0,38.8655,40.5831,38.8549,40.6058,
LTCV,11,29,9843,148,Concrete,0,0,,,,,
LTCW,11,29,10499,148,Concrete,0,0,37.5567,44.2217,37.5430,44.2537,
LTDA,04,22,6830,148,Concrete,1,0,36.3525,36.2762,36.3723,36.2988,42
LTDB,03L,21R,11482,197,Concrete,1,0,,,,,
LTDB,03R,21L,11482,197,Concrete,1,0,,,,,
LTFA,17,35,9844,141,Asphalt,1,0,38.5302,26.9738,38.5031,26.9783,173
LTFB,09,27,5151,98,Concrete,0,0,37.9506,27.3200,37.9509,27.3379,89
LTFC,05,23,9843,148,Concrete,1,0,37.8466,30.3554,37.8642,30.3814,50
LTFD,05,23,9842,147,Concrete,1,0,39.5489,27.0042,39.5600,27.0237,54
LTFE,10L,28R,9843,148,Concrete,1,0,37.2550,27.6492,37.2473,27.6815,104
LTFE,10R,28L,9646,148,Concrete,1,0,37.2534,27.6486,37.2469,27.6756,
LTFG,08,26,7710,148,Concrete,0,0,36.2978,32.2885,36.3005,32.3105,77
LTFH,13,31,9843,148,Concrete,1,0,41.2637,36.5542,41.2452,36.5800,134
LTFJ,06L,24R,9843,148,Concrete,1,0,40.8927,29.2934,40.9044,29.3250,64
LTFJ,06R,24L,11614,197,Concrete,0,0,40.8848,29.3026,40.8988,29.3404,
LTFK,01,19,7050,150,Permeable,0,1,40.1967,25.8807,40.2153,25.8875,16
LTFK,02,20,3915,100,Concrete,0,0,40.2032,25.8870,40.2127,25.8935,28
LTFM,09,27,9250,148,Concrete,1,0,41.2537,28.7663,41.2541,28.8000,89
LTFM,16L,34R,12303,147,Asphalt,1,0,41.2986,28.7092,41.2649,28.7099,174
LTFM,16R,34L,12303,196,Asphalt,1,0,41.2986,28.7068,41.2648,28.7074,174
LTFM,17L,35R,13451,196,Asphalt,1,0,41.2988,28.7270,41.2619,28.7278,174
LTFM,17R,35L,13451,147,Asphalt,1,0,41.2988,28.7245,41.2619,28.7253,174
LTFM,18,36,10039,148,Concrete,1,0,41.2898,28.7562,41.2622,28.7567,179
LTFO,06,24,9843,148,Asphalt,1,0,41.1755,40.8320,41.1842,40.8658,
LUBL,15,33,7251,140,Concrete,1,0,47.8470,27.7749,47.8292,27.7881,153
LUBM,07,25,8235,129,Concrete,0,0,47.8590,28.1969,47.8664,28.2287,71
LUKK,08,26,11778,148,Concrete,1,0,46.9273,28.9074,46.9283,28.9545,88
LUKK,09,27,7818,148,Concrete,1,0,46.9327,28.9202,46.9301,28.9513,
LUTR,16,34,8202,145,Concrete,0,1,,,,,
LWOH,01,19,8366,148,Asphalt,1,0,41.1690,20.7377,41.1908,20.7469,18
LWSK,16,34,9678,148,Asphalt,1,0,41.9723,21.6177,41.9510,21.6251,165
LXGB,09,27,6000,150,Asphalt,1,0,36.1508,-5.3596,36.1515,-5.3401,88
LYBE,12L,30R,11155,148,Asphalt,1,0,44.8265,20.2910,44.8103,20.3275,122
LYBE,12R,30L,11483,148,Asphalt,1,0,44.8250,20.2899,44.8083,20.3275,
LYBJ,14,32,3281,164,Grass,0,0,,,,,
LYBT,12,30,3232,191,Grass,0,0,44.9342,20.2503,44.9291,20.2605,125
LYBT,12L,30R,8181,148,Asphalt,0,0,44.9475,20.2377,44.9345,20.2635,125
LYBT,12R,30L,7999,148,Asphalt,1,1,44.9360,20.2518,44.9233,20.2770,125
LYCA,12L,30R,2130,200,Grass,0,0,,,,,
LYCA,12R,30L,722,39,Paved,0,0,,,,,
LYKI,14,32,2953,166,Grass,0,0,,,,,
LYKS,15,33,4000,99,,0,0,,,,,
LYKV,13,31,7431,98,Asphalt,0,0,43.8255,20.5769,43.8103,20.5958,133
LYLE,18,36,3609,328,Gravel,0,0,43.0255,21.9333,43.0155,21.9327,182
LYNI,11,29,8202,148,Asphalt,1,0,43.3412,21.8413,43.3323,21.8695,113
LYNK,15,33,3937,,Grass,0,0,,,,,
LYPG,18,36,8202,148,Asphalt,1,0,42.3706,19.2530,42.3482,19.2507,184
LYPO,18L,36R,2790,148,Grass,0,0,,,,,
LYPO,18R,36L,2624,88,Asphalt,0,0,,,,,
LYSM,09,27,3625,190,Grass,0,0,45.0376,19.6536,45.0373,19.6677,92
LYSU,14,32,3934,328,Grass,0,0,46.0266,19.7028,46.0190,19.7100,
LYTV,14,32,8208,148,Asphalt,1,0,42.4131,18.7133,42.3962,18.7333,139
LYUZ,11,29,10130,148,Asphalt,0,0,43.9030,19.6793,43.8948,19.7160,107
LYVA,08,26,4100,150,Grass,0,0,,,,,
LYVR,01L,19R,2738,230,Grass,0,0,45.1442,21.3077,45.1516,21.3099,12
LYVR,01R,19L,3280,72,Asphalt,1,0,45.1425,21.3086,45.1513,21.3112,12
LYVR,16,34,1520,110,Grass,0,0,45.1508,21.3068,45.1468,21.3088,161
LZDB,05L,23R,3609,,,0,0,,,,,
LZDB,05R,23L,3609,,,0,0,,,,,
LZHL,04,22,4264,430,Grass,0,0,48.8063,17.1274,48.8144,17.1403,
LZIB,04,22,9515,197,Concrete,1,0,48.1608,17.1994,48.1796,17.2265,44
LZIB,13,31,10466,148,Concrete,1,0,48.1757,17.2040,48.1558,17.2348,134
LZJS,08,26,1785,49,Asphalt,0,0,,,,,
LZKC,07,25,2854,98,,0,0,48.9354,21.9885,48.9374,22.0000,
LZKZ,01,19,10171,148,Asphalt,1,0,48.6494,21.2364,48.6766,21.2459,13
LZMA,18L,36R,2625,,,0,0,,,,,
LZMA,18R,36L,2625,,,0,0,,,,,
LZMC,01,19,8202,197,Concrete,1,0,48.3913,17.1133,48.4127,17.1234,18
LZNI,15L,33R,3543,,,0,0,,,,,
LZNI,15R,33L,3543,,,0,0,,,,,
LZNZ,16,34,3284,226,Grass,0,0,,,,,
LZOC,08L,26R,2545,130,Grass,0,0,48.5949,19.2607,48.5961,19.2710,
LZOC,08R,26L,2543,99,Grass,0,0,48.5946,19.2608,48.5958,19.2712,80
LZPE,04L,22R,3117,,,0,0,,,,,
LZPE,04R,22L,3117,,,0,0,,,,,
LZPP,01,19,6562,98,Asphalt,1,0,48.6165,17.8252,48.6340,17.8317,14
LZPT,07L,25R,3609,164,graas,0,0,,,,,
LZPT,07R,25L,3609,164,GRAAS,0,0,,,,,
LZPW,05,23,961,66,Grass,0,0,49.0258,21.3034,49.0273,21.3067,
LZRU,06,24,3083,131,Grass,0,0,,,,,
LZSK,01,19,3937,,,0,0,,,,,
LZSL,18,36,7874,187,Concrete,1,0,48.6489,19.1347,48.6273,19.1336,182
LZSV,12L,30R,4469,,Grass,0,0,,,,,
LZSV,12R,30L,4469,,Grass,0,0,,,,,
LZTN,03,21,3230,215,Grass,0,0,48.8668,18.0041,48.8742,18.0114,33
LZTN,04,22,6562,98,Concrete,0,0,48.8584,17.9830,48.8716,18.0015,43
LZTT,07L,25R,2493,98,Grass,0,0,,,,,
LZTT,07R,25L,2493,98,Grass,0,0,,,,,
LZTT,09,27,8530,148,Concrete,1,0,49.0744,20.2235,49.0728,20.2588,94
LZZI,06,24,3773,98,Concrete,1,0,49.2293,18.6064,49.2337,18.6205,65
MBGT,11,29,6362,151,Asphalt,1,0,21.4467,-71.1514,21.4424,-71.1333,104
MBMC,12,30,2894,,,0,0,,,,,
MBNC,08,26,4245,75,Asphalt,1,0,21.9155,-71.9454,21.9195,-71.9337,70
MBPI,11,29,2533,,,0,0,,,,,
MBPV,10,28,9199,148,Asphalt,1,0,21.7744,-72.2822,21.7731,-72.2551,93
MBSC,11,29,6335,98,Asphalt,1,0,21.5170,-71.5383,21.5146,-71.5198,98
MDAB,11,29,3830,82,Asphalt,0,0,19.1995,-69.4352,19.1977,-69.4243,100
MDAN,12,30,2953,,,0,0,,,,,
MDBC,09,27,3281,,,0,0,,,,,
MDBH,12,30,9843,148,Asphalt,1,0,18.2577,-71.1330,18.2452,-71.1078,118
MDCR,11,29,4950,98,Asphalt,0,0,17.9312,-71.6515,17.9267,-71.6381,109
MDCY,07,25,9843,148,Asphalt,1,0,,,,,74
MDCZ,08,26,6234,75,,0,0,,,,,
MDDJ,07,25,5249,,,0,0,,,,,
MDES,11,29,2395,33,Gravel,0,0,,,,,
MDJB,01,19,5412,100,Asphalt,1,0,18.5651,-69.9865,18.5799,-69.9847,6
MDLR,11,29,9678,148,Concrete,1,0,18.4541,-68.9252,18.4541,-68.9252,109
MDMC,05,23,2625,,,0,0,,,,,
MDPC,08,26,10171,148,Asphalt,1,0,18.5703,-68.3831,18.5781,-68.3548,74
MDPC,09,27,10171,148,Asphalt,1,0,18.5661,-68.3781,18.5686,-68.3488,83
MDPP,08,26,10108,151,Asphalt,1,0,19.7538,-70.5841,19.7620,-70.5560,73
MDSD,17,35,11000,200,Asphalt,1,0,18.4440,-69.6742,18.4154,-69.6637,161
MDSD,18,36,9813,148,Asphalt,0,0,18.4414,-69.6752,18.4159,-69.6658,173
MDSI,03,21,7000,200,Asphalt,1,0,18.4951,-69.7661,18.5123,-69.7573,26
MDST,11,29,8595,148,Asphalt,1,0,19.4088,-70.6169,19.4034,-70.5925,103
MGBN,09,27,3236,33,Concrete,0,0,15.4744,-88.8417,15.4725,-88.8328,103
MGCB,03,21,3340,50,Asphalt,0,0,15.4651,-90.4092,15.4729,-90.4043,31
MGGT,02,20,9800,196,Asphalt,1,0,14.5704,-90.5316,14.5961,-90.5233,17
MGPB,12,30,8880,110,Concrete,0,0,15.7383,-88.5937,15.7234,-88.5738,128
MGPP,09,27,8000,,Dirt/Gravel,0,0,,,,,
MGQC,17,35,4090,,Asphalt,0,0,,,,,
MGQZ,05,23,6900,,Asphalt,0,0,,,,,
MGRB,08,26,4690,70,Asphalt,0,0,15.9918,-90.4520,15.9922,-90.4386,88
MGRT,04,22,5065,100,Asphalt,0,0,14.5165,-91.7027,14.5255,-91.6918,50
MGSJ,15,33,6595,150,Asphalt,0,0,13.9446,-90.8395,13.9278,-90.8322,157
MGTK,11,29,9842,148,Concrete,1,0,16.9187,-89.8795,16.9090,-89.8532,111
MHAC,N75E,N75E,2624,72,Gravel,0,0,,,,,
MHAG,N85E,N85E,700,20,Gravel,0,0,,,,,
MHCA,07,25,5075,100,Asphalt,0,0,,,,,70
MHGE,07,25,5052,85,Asphalt,0,0,,,,,
MHLC,07,25,9875,147,Asphalt,1,0,15.7372,-86.8660,15.7478,-86.8401,67
MHLG,N65E,N65E,2296,72,GRVL-GRASS,0,0,,,,,
MHLM,04,22,9203,148,Concrete,1,0,15.4423,-87.9326,15.4616,-87.9157,40
MHML,N80E,N80E,2296,98,Grass,0,0,,,,,
MHMN,N75E,N75E,3280,23,Grass,0,0,,,,,
MHNC,05,23,3469,60,Gravel,0,0,13.3162,-87.1531,13.3226,-87.1459,
MHNJ,12,30,3990,66,Asphalt,0,0,16.4477,-85.9118,16.4430,-85.9014,115
MHPI,N50E,N50E,2296,66,Gravel,0,0,,,,,
MHRO,07,25,7349,148,Asphalt,1,0,16.3126,-86.5325,16.3211,-86.5134,66
MHSC,17,35,8064,148,Asphalt,1,0,14.3932,-87.6232,14.3715,-87.6191,170
MHTE,06,24,4415,98,Asphalt,0,0,15.7726,-87.4811,15.7791,-87.4705,58
MHTG,02,20,6112,148,Asphalt,1,0,14.0529,-87.2200,14.0688,-87.2144,19
MHTJ,06,24,3515,95,Asphalt,0,0,15.9245,-85.9426,15.9292,-85.9339,61
MKBS,09,27,4769,75,Asphalt,1,0,18.4039,-76.9733,18.4046,-76.9647,86
MKJP,12,30,8900,150,Asphalt,1,0,17.9403,-76.7995,17.9311,-76.7757,112
MKJS,07,25,10039,148,Asphalt,1,0,18.4987,-77.9248,18.5087,-77.9019,66
MKKJ,09,27,3412,76,Asphalt,0,0,18.1986,-76.5396,18.1991,-76.5297,87
MKNG,05,23,2300,75,Asphalt,0,0,,,,,
MKTP,14,32,4300,110,Asphalt,1,0,17.9924,-76.8284,17.9847,-76.8191,131
MLIP,5,23,2850,75,Turf,0,0,,,,,
MMAA,06,24,5579,115,Concrete,1,0,16.7536,-99.7624,16.7596,-99.7477,67
MMAA,10,28,10832,148,Concrete,1,0,16.7600,-99.7632,16.7507,-99.7338,108
MMAL,02,20,9350,108,Asphalt,1,0,26.3228,-99.5496,26.3451,-99.5353,30
MMAN,02,20,6598,148,Asphalt,1,0,25.8560,-100.2440,25.8714,-100.2330,32
MMAN,11,29,5049,148,Asphalt,1,0,25.8716,-100.2480,25.8642,-100.2350,122
MMAS,04,22,3478,98,Asphalt,0,1,21.7038,-102.3200,21.7100,-102.3120,49
MMAS,18,36,9843,148,Asphalt,1,0,21.7146,-102.3170,21.6875,-102.3190,183
MMBT,07,25,8858,148,Asphalt,1,0,15.7730,-96.2750,15.7776,-96.2502,79
MMCA,18,36,5520,95,Asphalt,0,0,,,,,
MMCB,03,21,9180,148,Asphalt,1,0,18.8237,-99.2684,18.8459,-99.2542,31
MMCC,13,31,5910,100,Asphalt,0,0,29.3395,-101.1080,29.3284,-101.0940,133
MMCE,13,31,7218,148,Asphalt,1,0,18.6595,-91.8062,18.6443,-91.7927,140
MMCG,04,22,2350,95,Gravel,0,0,30.3999,-107.8760,30.4031,-107.8700,60
MMCG,13,31,6075,65,Asphalt,0,0,30.4047,-107.8800,30.3902,-107.8700,150
MMCH,15,33,4615,65,Asphalt,0,0,17.5796,-99.5170,17.5679,-99.5117,157
MMCL,03,21,7365,148,Asphalt,1,0,24.7564,-107.4814,24.7733,-107.4692,33
MMCM,10,28,7244,151,Asphalt,1,0,18.5077,-88.3367,18.5016,-88.3169,108
MMCN,13,31,7546,148,Asphalt,1,0,27.4002,-109.8410,27.3850,-109.8250,137
MMCO,09,27,5774,,,0,0,,,,,
MMCP,16,34,8202,148,Asphalt,1,0,19.8278,-90.5032,19.8058,-90.4974,166
MMCS,03,21,8858,148,Asphalt,1,0,31.6283,-106.4360,31.6474,-106.4180,39
MMCS,14,32,5741,98,Asphalt,0,0,31.6432,-106.4320,31.6287,-106.4250,156
MMCT,10,28,9186,148,Concrete,1,0,20.6435,-88.4594,20.6390,-88.4330,100
MMCU,05,23,3609,98,Asphalt,0,0,28.6967,-105.9720,28.7023,-105.9630,56
MMCU,18L,36R,8530,148,Asphalt,1,0,28.7146,-105.9610,28.6916,-105.9660,191
MMCU,18R,36L,7885,75,Asphalt,0,0,28.7133,-105.9630,28.6920,-105.9680,191
MMCV,15,33,7218,148,Asphalt,1,0,23.7125,-98.9608,23.6942,-98.9522,157
MMCV,17,35,4659,98,Asphalt,0,1,23.7165,-98.9664,23.7037,-98.9666,181
MMCY,08,26,6284,98,Asphalt,0,0,20.5467,-100.8960,20.5452,-100.8770,95
MMCZ,05,23,10165,148,Asphalt,1,1,20.5229,-86.9402,20.5388,-86.9158,55
MMCZ,12,30,8858,148,Asphalt,1,0,20.5201,-86.9400,20.5095,-86.9166,116
MMDA,12,30,5249,,,0,0,,,,,
MMDO,03,21,9514,148,Asphalt,1,0,24.1139,-104.5370,24.1345,-104.5190,38
MMEP,02,20,10171,148,Asphalt,1,0,21.4102,-104.8470,21.4287,-104.8380,26
MMES,11,29,4892,115,Asphalt,1,0,31.7990,-116.6090,31.7916,-116.5960,123
MMGD,05,23,3900,,crushed rock and asphalt,0,0,,,,,
MMGL,02,20,5906,98,Asphalt,0,1,20.5209,-103.3117,20.5349,-103.3030,30
MMGL,11L,29R,11608,148,Asphalt,1,0,20.5310,-103.3267,20.5180,-103.2957,
MMGL,11R,29L,13123,197,Asphalt,1,0,20.5288,-103.3277,20.5141,-103.2927,113
MMGM,02,20,7710,148,Asphalt,1,0,27.9598,-110.9310,27.9782,-110.9190,29
MMGR,12,30,7216,131,Asphalt,0,0,28.0329,-114.0320,28.0192,-114.0160,134
MMHC,13,31,6530,115,Asphalt,1,0,18.5043,-97.4256,18.4900,-97.4142,143
MMHO,05,23,7546,148,Asphalt,1,0,29.0880,-111.0630,29.0988,-111.0420,59
MMHO,11,29,3609,98,Asphalt,0,1,29.0999,-111.0540,29.0942,-111.0450,126
MMIA,07,25,7546,148,Asphalt,1,0,19.2741,-103.5880,19.2799,-103.5670,74
MMIM,15,33,3445,82,Asphalt,0,0,21.2493,-86.7422,21.2408,-86.7377,153
MMIO,03,21,3471,148,Asphalt,0,1,25.5422,-100.9350,25.5495,-100.9290,40
MMIO,17,35,9506,148,Asphalt,1,0,25.5515,-100.9280,25.5253,-100.9290,180
MMIT,17,35,7640,148,Asphalt,1,0,16.4599,-95.0937,16.4388,-95.0937,180
MMJA,08,26,5577,82,Asphalt,1,0,19.4746,-96.8056,19.4756,-96.7894,86
MMJC,04,22,4265,131,Asphalt,0,0,19.5708,-99.2935,19.5789,-99.2842,47
MMLC,01,19,4900,98,Asphalt,0,0,17.9955,-102.2230,18.0079,-102.2180,23
MMLM,09,27,6562,148,Asphalt,1,0,25.6867,-109.0900,25.6836,-109.0710,100
MMLO,13,31,11483,148,Asphalt,1,0,21.0044,-101.4930,20.9825,-101.4690,134
MMLP,18,36,8202,148,Concrete,1,0,24.0839,-110.3610,24.0615,-110.3640,188
MMLT,16,34,7218,148,Asphalt,1,0,25.9991,-111.3500,25.9793,-111.3470,173
MMMA,15,33,7546,151,Asphalt,1,0,25.7794,-97.5299,25.7604,-97.5207,156
MMMD,10,28,10499,151,Asphalt,1,0,20.9376,-89.6603,20.9300,-89.6306,105
MMMD,18,36,7546,151,Asphalt,1,0,20.9407,-89.6576,20.9198,-89.6580,181
MMML,10,28,8530,148,Concrete,1,0,32.6362,-115.2550,32.6251,-115.2300,118
MMMM,05,23,11155,148,Asphalt,1,0,19.8411,-101.0390,19.8588,-101.0120,55
MMMT,01,19,6890,148,Asphalt,1,0,18.0944,-94.5837,18.1125,-94.5776,18
MMMV,06L,24R,4783,66,Asphalt,0,0,26.9555,-101.4760,26.9594,-101.4620,73
MMMV,06R,24L,6890,148,Asphalt,1,0,26.9512,-101.4810,26.9568,-101.4610,73
MMMX,05L,23R,12966,148,Asphalt,1,0,19.4276,-99.0905,19.4457,-99.0582,59
MMMX,05R,23L,12795,148,Asphalt,1,0,19.4270,-99.0858,19.4449,-99.0539,59
MMMY,12,30,9843,148,Asphalt,1,0,25.7841,-100.1170,25.7700,-100.0910,121
MMMY,16,34,5909,98,Asphalt,0,0,25.7881,-100.1100,25.7724,-100.1050,165
MMMZ,09,27,8868,197,Asphalt,1,0,23.1620,-106.2780,23.1607,-106.2520,93
MMNG,16,34,5905,98,Asphalt,1,0,31.2341,-110.9780,31.2181,-110.9760,174
MMNL,14,32,6562,148,Asphalt,1,0,27.4517,-99.5754,27.4359,-99.5655,151
MMOX,01,19,8038,148,Asphalt,1,0,16.9881,-96.7291,17.0094,-96.7228,16
MMPA,08,26,5906,148,Asphalt,1,0,20.6025,-97.4695,20.6028,-97.4522,89
MMPB,17,35,11811,148,Asphalt,1,0,19.1745,-98.3720,19.1418,-98.3709,178
MMPC,03,21,6825,85,Asphalt,0,0,20.0697,-98.7880,20.0852,-98.7769,34
MMPE,18,36,8202,148,Concrete,0,0,,,,,
MMPG,12,30,6655,98,Asphalt,1,0,28.6329,-100.5440,28.6219,-100.5270,127
MMPN,02,20,7874,148,Asphalt,1,0,19.3874,-102.0450,19.4060,-102.0330,31
MMPP,11,29,3335,60,Asphalt,0,0,23.8059,-109.7110,23.8009,-109.7030,123
MMPQ,10,28,8202,148,Asphalt,1,0,17.5360,-92.0269,17.5301,-92.0042,101
MMPR,04,22,10171,148,Asphalt,1,0,20.6705,-105.2650,20.6896,-105.2430,47
MMPS,09,27,7546,148,Asphalt,1,0,15.8774,-97.0999,15.8764,-97.0783,93
MMQT,09,27,11483,148,Concrete,1,0,20.6202,-100.2020,20.6143,-100.1690,101
MMRX,13,31,6243,148,Asphalt,1,0,26.0156,-98.2345,26.0023,-98.2225,141
MMSD,16,34,9843,148,Asphalt,1,0,23.1653,-109.7230,23.1384,-109.7190,174
MMSF,13,31,4921,98,Asphalt,1,0,30.9354,-114.8140,30.9250,-114.8040,140
MMSL,11,29,6998,148,Asphalt,0,0,22.9530,-109.9473,22.9437,-109.9293,119
MMSM,04,22,11385,246,Concrete,1,1,,,,,
MMSM,04C,22C,14764,148,Permeable,1,0,19.7286,-99.0231,19.7551,-98.9906,45
MMSM,04L,22R,14764,148,Permeable,1,0,19.7341,-99.0397,19.7607,-99.0072,45
MMSM,04R,22L,11483,148,Concrete,1,0,19.7258,-99.0206,19.7465,-98.9954,45
MMSP,04,22,3259,98,Asphalt,0,0,22.2524,-100.9330,22.2585,-100.9260,47
MMSP,14,32,9867,148,Asphalt,1,0,22.2736,-100.9430,22.2503,-100.9280,149
MMSZ,18,36,5630,,Asphalt,0,0,,,,,
MMTA,01,19,8175,98,Asphalt,1,0,19.5272,-98.1771,19.5487,-98.1699,18
MMTB,17,35,7065,135,Asphalt,1,0,16.7497,-93.1734,16.7302,-93.1731,179
MMTC,08,26,4813,98,Asphalt,0,0,25.5683,-103.4119,25.5681,-103.3973,91
MMTC,13,31,9039,148,Asphalt,1,0,25.5720,-103.4147,25.5542,-103.3955,136
MMTG,00,00,,,,0,1,,,,,
MMTG,15,33,8202,148,Asphalt,0,0,16.5714,-93.0322,16.5522,-93.0199,148
MMTG,16,34,,,,0,1,,,,,
MMTJ,09,27,9711,144,Concrete,1,0,32.5431,-116.9860,32.5390,-116.9550,99
MMTL,12,30,12139,148,Concrete,1,0,,,,,
MMTM,09,27,3937,98,Asphalt,0,0,22.3025,-97.8732,22.3007,-97.8617,100
MMTM,14,32,8366,148,Asphalt,1,0,22.3020,-97.8741,22.2832,-97.8599,145
MMTM,18,36,4265,98,Asphalt,0,0,22.3006,-97.8623,22.2897,-97.8644,190
MMTN,16,34,4735,75,Asphalt,0,0,22.0448,-98.8071,22.0318,-98.8059,176
MMTO,15,33,13780,148,Asphalt,1,0,19.3545,-99.5739,19.3196,-99.5581,157
MMTP,05,23,6562,148,Asphalt,1,0,14.7892,-92.3777,14.7995,-92.3624,55
MMUN,12L,30R,9186,148,Asphalt,1,0,21.0547,-86.8814,21.0407,-86.8590,124
MMUN,12R,30L,11483,197,Asphalt,1,0,21.0453,-86.8910,21.0278,-86.8629,124
MMVA,08,26,7218,148,Asphalt,1,0,17.9964,-92.8278,17.9976,-92.8069,87
MMVR,09,27,4997,148,Asphalt,0,1,19.1464,-96.1919,19.1438,-96.1776,101
MMVR,19,01,7874,148,Asphalt,1,0,19.1495,-96.1863,19.1281,-96.1907,191
MMZC,02,20,9843,148,Asphalt,1,0,22.8851,-102.6940,22.9091,-102.6800,28
MMZC,08,26,3281,98,Asphalt,0,1,22.8986,-102.6880,22.8989,-102.6780,88
MMZH,09,27,8222,197,Asphalt,1,0,17.6019,-101.4724,17.6013,-101.4488,92
MMZM,18,36,4921,75,Asphalt,0,0,20.0523,-102.2750,20.0389,-102.2770,188
MMZO,10,28,7218,148,Asphalt,1,0,19.1475,-104.5690,19.1420,-104.5490,106
MMZP,08L,26R,3935,95,Asphalt,1,0,20.7615,-103.4730,20.7608,-103.4610,94
MMZP,08R,26L,8860,136,Asphalt,1,0,20.7513,-103.4760,20.7500,-103.4500,93
MNBL,05,23,6625,98,Asphalt,0,0,11.9860,-83.7819,11.9959,-83.7663,57
MNBR,09,27,3061,75,Asphalt,0,0,12.1907,-86.3581,12.1894,-86.3496,99
MNBZ,18,36,4583,,Dirt,0,0,,,,,
MNCE,03,21,5003,98,Asphalt,1,0,11.4219,-86.0374,11.4332,-86.0294,34
MNCI,03,21,6234,,Asphalt,0,0,12.1673,-83.0636,12.1822,-83.0551,29
MNFC,09,27,9862,148,Concrete,0,0,12.3571,-86.1962,12.3496,-86.1697,106
MNLN,09,27,3048,82,Asphalt,0,0,12.4280,-86.9066,12.4281,-86.8981,89
MNMG,10,28,8012,148,Asphalt,1,0,12.1427,-86.1793,12.1402,-86.1570,97
MNMR,05,23,6680,150,Asphalt,0,0,11.7994,-86.5186,11.8109,-86.5041,51
MNMT,09,27,2428,,Grass,0,0,,,,,
MNPC,09,27,8130,167,Asphalt,0,0,14.0463,-83.3981,14.0459,-83.3753,92
MPBO,08,26,4921,85,Asphalt,1,0,9.3405,-82.2577,9.3412,-82.2440,87
MPCE,01,19,4921,66,Asphalt,1,0,7.9813,-80.4111,7.9944,-80.4084,12
MPCH,03,21,3609,82,Asphalt,1,0,9.4545,-82.5178,9.4630,-82.5125,32
MPDA,04,22,8530,148,Asphalt,1,0,8.3799,-82.4437,8.3984,-82.4292,38
MPEJ,18,36,8858,148,Concrete,1,0,9.3728,-79.8669,9.3483,-79.8678,182
MPHO,18,36,8500,148,Asphalt,0,0,8.9265,-79.5996,8.9031,-79.5996,180
MPMG,01,19,5906,98,Asphalt,1,0,8.9653,-79.5563,8.9814,-79.5549,6
MPNU,16,34,3474,36,Asphalt,0,0,7.8619,-80.2777,7.8529,-80.2745,161
MPOA,17,35,2264,33,Asphalt,0,0,,,,,
MPPD,17,35,3281,49,Asphalt,0,0,,,,,
MPSA,17,35,3937,82,Asphalt,0,0,8.0910,-80.9457,8.0802,-80.9448,175
MPSM,17,35,8038,148,Asphalt,1,0,8.3907,-80.1327,8.3694,-80.1266,165
MPTO,03L,21R,8800,200,Asphalt,1,0,9.0728,-79.3873,9.0936,-79.3748,31
MPTO,03R,21L,10006,148,Concrete,1,0,9.0476,-79.3927,9.0716,-79.3790,30
MPVR,05,23,1969,33,Asphalt,0,0,,,,,
MPZL,08,26,3435,33,Asphalt,0,0,9.4265,-82.5674,9.4276,-82.5579,83
MRAN,06,24,2625,,Asphalt,0,0,,,,,
MRAO,02,20,3118,39,Asphalt,0,0,10.4137,-83.6014,10.4218,-83.5985,20
MRBA,01,19,3248,33,Concrete,0,0,9.1590,-83.3310,9.1675,-83.3296,10
MRBC,16,34,3281,39,Asphalt,0,0,10.7731,-83.5868,10.7644,-83.5844,164
MRCC,18,36,3281,66,Asphalt,1,0,8.6061,-82.9686,8.5970,-82.9686,180
MRCH,09,27,4921,50,Asphalt,0,0,9.9822,-84.7795,9.9806,-84.7659,96
MRCV,04,22,3281,33,Asphalt,0,0,10.3522,-85.8559,10.3592,-85.8499,40
MRDC,09,27,3163,39,Asphalt,0,0,10.3516,-83.6349,10.3514,-83.6261,92
MRDK,09,27,2461,,Asphalt,0,0,,,,,
MREC,08,26,3350,33,Asphalt,0,0,10.2012,-83.4768,10.2029,-83.4676,80
MRFI,03,21,4700,75,Asphalt,0,0,8.9109,-83.5108,8.9218,-83.5037,33
MRGF,13,31,4593,66,Asphalt,0,0,8.6585,-83.1867,8.6495,-83.1777,135
MRGP,03,21,3609,30,Concrete,0,0,10.2131,-83.8000,10.2213,-83.7940,36
MRIA,03,21,2625,,,0,0,,,,,
MRLB,07,25,9022,148,Asphalt,1,0,10.5891,-85.5563,10.5975,-85.5325,70
MRLC,06,24,4265,49,Asphalt,0,0,11.0324,-84.7112,11.0382,-84.7010,60
MRLM,14,32,5906,98,Asphalt,1,0,9.9647,-83.0265,9.9512,-83.0175,146
MRNS,04,24,3281,59,Asphalt,0,0,9.9728,-85.6556,9.9802,-85.6503,36
MROC,07,25,9882,151,Asphalt,1,0,9.9890,-84.2219,9.9988,-84.1959,69
MRPD,08,26,3280,65,Asphalt,0,0,9.7316,-82.9877,9.7327,-82.9787,83
MRPJ,16,34,2707,,,0,0,,,,,
MRPM,04,22,4570,60,Asphalt,0,0,8.9457,-83.4720,8.9563,-83.4651,4
MRPV,10,28,5138,75,Asphalt,1,0,9.9577,-84.1471,9.9564,-84.1324,95
MRQP,04,22,3609,36,Asphalt,0,0,9.4394,-84.1330,9.4469,-84.1265,41
MRSG,01,19,3215,36,Asphalt,0,0,10.2838,-83.7140,10.2928,-83.7130,6
MRSV,08,26,3215,36,Asphalt,0,0,8.8254,-82.9633,8.8268,-82.9545,81
MRTM,07,25,2625,,,0,0,,,,,
MRTR,12,30,2723,,Asphalt,0,0,,,,,
MRUP,05,23,3536,59,Asphalt,0,0,10.8889,-85.0194,10.8955,-85.0129,44
MSET,15,33,4400,75,Asphalt,0,0,13.1682,-87.9072,13.1570,-87.9023,157
MSLD,01,19,3280,50,Asphalt,0,0,13.7217,-88.1076,13.7306,-88.1058,11
MSLP,07,25,10500,148,Asphalt,1,0,13.4360,-89.0696,13.4459,-89.0418,70
MSLP,18,36,2625,75,Asphalt,0,1,13.4540,-89.0478,13.4468,-89.0478,180
MSSS,15,33,7349,148,Asphalt,1,0,13.7085,-89.1245,13.6905,-89.1153,154
MTCA,08,26,3220,80,Asphalt,0,0,18.2699,-73.7929,18.2723,-73.7836,75
MTCH,05,23,8701,148,Asphalt,0,0,19.7180,-72.2076,19.7365,-72.1915,39
MTJA,01,19,3300,95,Asphalt,0,0,18.2365,-72.5190,18.2457,-72.5180,5
MTJE,10,28,,,,0,0,,,,,
MTPP,10,28,9974,141,Asphalt,1,0,18.5793,-72.3069,18.5808,-72.2782,87
MTPX,05,23,2100,,Gravel,0,0,,,,,
MUBA,16,34,6070,98,Concrete,0,0,20.3727,-74.5098,20.3580,-74.5026,155
MUBR,09,27,5905,148,Asphalt,0,0,22.6209,-79.1559,22.6216,-79.1384,88
MUBY,07,25,6887,148,Asphalt,0,0,20.3929,-76.6308,20.4000,-76.6122,68
MUCA,07,25,11588,148,Asphalt,1,0,22.0201,-78.8050,22.0340,-78.7743,64
MUCC,08,26,9842,148,Asphalt,1,0,22.4565,-78.3424,22.4653,-78.3148,71
MUCF,02,20,7874,148,Asphalt,1,0,22.1394,-80.4175,22.1603,-80.4111,16
MUCL,12,30,9869,148,Asphalt,1,0,21.6224,-81.5591,21.6105,-81.5329,116
MUCM,07,25,9842,148,Asphalt,1,0,21.4154,-77.8609,21.4253,-77.8339,68
MUCU,10,28,13130,148,Asphalt,1,0,19.9696,-75.8547,19.9700,-75.8165,91
MUCU,19,01,4593,148,Asphalt,0,0,19.9807,-75.8355,19.9690,-75.8354,179
MUFL,08,26,3247,90,Asphalt,0,0,21.4987,-78.2074,21.5007,-78.1981,77
MUGM,10,28,8000,200,Asphalt,1,0,19.9067,-75.2187,19.9062,-75.1954,90
MUGT,17,35,8025,148,Asphalt,1,0,20.0960,-75.1613,20.0746,-75.1555,166
MUHA,06,24,13123,148,Asphalt,1,0,22.9786,-82.4249,22.9997,-82.3932,54
MUHG,05,23,10624,148,Asphalt,1,0,20.7754,-76.3263,20.7957,-76.3039,46
MUKW,06,24,4850,148,Asphalt,0,0,23.1208,-81.3079,23.1272,-81.2953,61
MULB,08,26,6775,165,Asphalt,0,0,23.0927,-82.4481,23.0952,-82.4281,83
MULM,07,25,6562,148,Asphalt,0,0,22.3332,-83.6515,22.3390,-83.6327,71
MUMG,10,28,9334,148,Asphalt,0,0,22.9707,-82.2886,22.9692,-82.2609,93
MUMO,07,25,6102,98,Asphalt,0,0,20.6502,-74.9302,20.6578,-74.9143,63
MUMZ,08,26,7875,148,Asphalt,1,0,20.2852,-77.1003,20.2911,-77.0782,74
MUNB,06,24,3300,100,Asphalt,0,0,22.7536,-81.9250,22.7587,-81.9169,56
MUNG,05,23,8202,148,Asphalt,1,0,21.8272,-82.7928,21.8422,-82.7748,48
MUNG,17,35,5325,98,Asphalt,0,0,21.8417,-82.7803,21.8272,-82.7780,172
MUPB,02,20,7563,148,Asphalt,1,0,23.0230,-82.5835,23.0423,-82.5751,22
MUSA,01,19,7873,150,Concrete,0,0,22.8581,-82.5102,22.8797,-82.5086,4
MUSA,05,23,11799,185,Concrete,0,0,22.8514,-82.5391,22.8705,-82.5107,54
MUSA,12,30,8144,150,Concrete,0,0,22.8791,-82.5280,22.8698,-82.5060,115
MUSC,08,26,9898,148,Asphalt,1,0,22.4889,-79.9578,22.4955,-79.9294,76
MUSL,07,25,5905,98,Asphalt,0,0,21.5069,-77.0286,21.5120,-77.0121,72
MUSN,05,23,5905,98,Asphalt,0,0,21.6370,-82.9622,21.6481,-82.9480,50
MUSS,03,21,5905,95,Asphalt,0,0,21.9631,-79.4466,21.9777,-79.4388,26
MUTD,06,24,5909,98,Asphalt,1,0,21.7836,-80.0042,21.7933,-79.9902,52
MUVR,06,24,11490,148,Asphalt,1,0,23.0255,-81.4494,23.0434,-81.4212,56
MUVT,05,23,5971,148,Asphalt,0,0,20.9818,-76.9420,20.9935,-76.9296,45
MWCB,09,27,6000,148,Asphalt,1,0,19.6862,-79.8914,19.6877,-79.8741,84
MWCL,10,28,3275,,Grass,0,0,,,,,
MWCR,08,26,7867,148,Asphalt,1,0,19.2904,-81.3676,19.2951,-81.3479,81
MYAB,09,27,5000,75,Asphalt,0,0,24.2868,-77.6921,24.2885,-77.6772,83
MYAF,09,27,4058,100,Asphalt,1,0,24.6979,-77.8022,24.6979,-77.7891,90
MYAK,10,28,5300,100,Asphalt,0,0,24.1604,-77.5991,24.1576,-77.5835,101
MYAM,09,27,6100,100,Asphalt,1,0,26.5112,-77.0911,26.5116,-77.0758,88
MYAN,12,30,5025,75,Asphalt,1,0,25.0564,-78.0560,25.0513,-78.0419,112
MYAP,13,31,5000,150,Asphalt,0,0,22.4459,-73.9768,22.4377,-73.9649,127
MYAS,10,28,4500,100,Asphalt,0,0,26.0056,-77.4023,26.0037,-77.3887,99
MYAT,14,32,7001,150,Asphalt,0,0,26.7519,-77.3991,26.7387,-77.3834,133
MYAX,14,32,4402,70,Asphalt,0,0,26.9540,-77.5492,26.9466,-77.5384,127
MYBC,11,29,5000,78,Asphalt,1,0,25.4189,-77.8882,25.4153,-77.8735,105
MYBG,13,31,4536,80,Asphalt,0,0,25.7417,-77.8459,25.7349,-77.8343,123
MYBS,09,27,5409,100,Asphalt,1,0,25.7000,-79.2734,25.7000,-79.2569,90
MYCA,12,30,7015,150,Asphalt,0,0,24.6329,-75.6836,24.6259,-75.6640,111
MYCA,14,32,7000,150,Asphalt,0,0,,,,,
MYCB,09,27,5050,100,Asphalt,0,0,24.3148,-75.4600,24.3158,-75.4447,86
MYCI,09,27,4061,60,Asphalt,0,0,22.7452,-74.1883,22.7459,-74.1764,87
MYCS,11,29,2401,,Asphalt,0,1,,,,,
MYEB,12,30,2500,80,,0,0,,,,,
MYEF,12,30,7051,150,Asphalt,1,0,23.5669,-75.8869,23.5580,-75.8683,118
MYEH,07,25,6020,100,Asphalt,1,0,25.4725,-76.6898,25.4787,-76.6729,68
MYEM,15,33,8024,150,Asphalt,1,0,25.2937,-76.3380,25.2757,-76.3240,145
MYEN,03,21,4703,80,Asphalt,0,0,24.5905,-76.8221,24.5980,-76.8183,25
MYER,09,27,7213,150,Asphalt,1,0,24.8913,-76.1886,24.8921,-76.1669,88
MYES,17,35,3030,75,Asphalt,0,0,24.1731,-76.4403,24.1651,-76.4378,164
MYEY,10,28,5300,100,Asphalt,0,0,23.3998,-75.5055,23.3957,-75.4908,
MYGF,06,24,11019,151,Asphalt,1,0,26.5513,-78.7103,26.5660,-78.6808,61
MYIG,09,27,7016,89,Asphalt,0,0,20.9758,-73.6771,20.9742,-73.6566,95
MYIG,10,28,7020,100,Asphalt,0,0,,,,,
MYLD,09,27,4000,100,Asphalt,0,0,23.1792,-75.0996,23.1789,-75.0876,92
MYLS,13,31,4000,75,Asphalt,0,0,23.5845,-75.2754,23.5784,-75.2655,123
MYMM,06,24,7297,150,Asphalt,0,0,22.3739,-73.0225,22.3851,-73.0045,56
MYNN,10,28,8273,150,Asphalt,1,0,25.0359,-77.4820,25.0361,-77.4569,90
MYNN,14,32,11353,150,Asphalt,1,0,25.0518,-77.4756,25.0305,-77.4520,135
MYRD,13,31,3800,75,Asphalt,0,0,22.1852,-75.7338,22.1785,-75.7251,130
MYRP,09,27,4500,100,Asphalt,0,0,23.6844,-74.8429,23.6844,-74.8295,90
MYSM,10,28,8000,150,Asphalt,1,0,24.0643,-74.5359,24.0623,-74.5120,95
MYXD,09,27,1200,,Gravel,0,0,,,,,
MZBZ,07,25,9678,148,Asphalt,1,0,17.5369,-88.3181,17.5429,-88.2910,77
MZHR,12,30,2400,40,Asphalt,0,0,,,,,
MZMF,unknown,unknown,2135,31,,0,0,,,,,
MZPL,08,26,2133,65,Asphalt,0,0,,,,,
NCAI,09,27,4555,180,Coral,0,1,-18.8275,-159.7770,-18.8311,-159.7630,106
NCAI,14,32,5920,100,Asphalt,1,0,-18.8302,-159.7650,-18.8449,-159.7570,154
NCAT,09,27,3947,,,0,0,,,,,
NCMG,13,31,3274,,,0,0,,,,,
NCMH,14,32,3937,,,0,0,,,,,
NCMK,10,28,4921,,,0,0,,,,,
NCPY,14,32,7077,98,,0,0,-9.0064,-158.0365,-9.0236,-158.0273,
NCRG,08,26,7638,150,Concrete,1,0,-21.2027,-159.8170,-21.2027,-159.7940,90
NFFN,02,20,10739,150,Asphalt,1,0,-17.7737,177.4280,-17.7504,177.4470,38
NFFN,09,27,7007,150,Asphalt,1,0,-17.7535,177.4360,-17.7583,177.4550,104
NFNA,10,28,7047,148,Asphalt,1,0,-18.0409,178.5520,-18.0473,178.5711,109
NFND,14,32,2395,50,Asphalt,0,0,-18.2525,178.0480,-18.2582,178.0510,155
NFNL,13,31,3507,98,Asphalt,0,0,-16.4627,179.3370,-16.4708,179.3430,146
NFNM,11,29,3232,75,,0,0,-16.6885,-179.8813,-16.6928,-179.8732,
NFNR,07,25,4806,,,0,0,,,,,
NFNS,14,32,2833,59,,0,0,-16.7994,179.3388,-16.8065,179.3421,
NFSW,03,21,1950,,Dirt,0,0,,,,,
NFTE,34,16,2650,65,Asphalt,0,0,,,,,
NFTF,11,29,8795,147,Asphalt,1,0,-21.2348,-175.1610,-21.2476,-175.1390,122
NFTF,17,35,4951,195,Grass,0,0,-21.2377,-175.1390,-21.2513,-175.1390,181
NFTL,11,29,3937,98,Asphalt,1,0,-19.7743,-174.3460,-19.7798,-174.3360,120
NFTO,08,26,3937,,,0,0,,,,,
NFTV,08,26,5593,98,Asphalt,1,0,-18.5843,-173.9700,-18.5860,-173.9540,96
NGFU,03,21,5040,78,Asphalt,0,0,,,,,
NGTA,09,27,6598,135,Asphalt,1,0,1.3828,173.1380,1.3805,173.1560,97
NGTE,14,32,3365,103,Coral,0,0,-1.2204,174.7730,-1.2286,174.7780,153
NIUE,10,28,7660,148,Asphalt,1,0,-19.0764,-169.9360,-19.0836,-169.9150,110
NLWF,07,25,3609,98,,0,0,-14.3122,-178.0715,-14.3110,-178.0614,
NLWW,08,26,6890,148,Asphalt,1,0,-13.2383,-176.2090,-13.2383,-176.1900,90
NSAS,08,26,2000,60,Concrete,0,0,-14.1840,-169.6730,-14.1847,-169.6670,98
NSFA,08,26,9843,148,Asphalt,1,0,-13.8302,-172.0220,-13.8297,-171.9940,89
NSFI,10,28,2198,,Asphalt,0,0,,,,,
NSFQ,12,30,3190,75,Concrete,1,0,-14.2142,-169.4290,-14.2203,-169.4220,134
NSTU,05,23,10000,150,Asphalt,1,0,-14.3405,-170.7250,-14.3268,-170.7010,60
NSTU,08,26,3800,100,Asphalt,1,0,-14.3269,-170.7130,-14.3269,-170.7020,90
NTAA,04,22,11360,148,Asphalt,1,0,-17.5629,-149.6200,-17.5446,-149.5940,54
NTAM,07,25,4565,,,0,0,,,,,
NTAR,09,27,4757,59,Asphalt,1,0,-22.4318,-151.3680,-22.4358,-151.3540,108
NTAT,03,21,4921,75,Asphalt,1,0,-23.3699,-149.5300,-23.3609,-149.5190,48
NTAV,06,24,4592,100,Asphalt,1,0,-23.8871,-147.6680,-23.8833,-147.6550,73
NTGA,14,32,4921,60,Asphalt,0,0,-17.3467,-145.5140,-17.3585,-145.5060,150
NTGB,07,25,3936,50,Asphalt,0,0,-15.8204,-140.8930,-15.8195,-140.8820,85
NTGC,06,24,3937,98,Asphalt,0,0,-15.1210,-148.2360,-15.1182,-148.2250,75
NTGD,12,30,2854,,,0,0,,,,,
NTGE,11,29,3008,59,Asphalt,0,0,-18.4634,-136.4430,-18.4683,-136.4360,126
NTGF,05,23,4596,98,Asphalt,1,0,-16.0564,-145.6620,-16.0519,-145.6520,65
NTGI,05,23,3051,98,Asphalt,0,0,-14.4391,-146.0740,-14.4344,-146.0660,56
NTGJ,12,30,6562,98,Asphalt,1,0,-23.0733,-134.8970,-23.0864,-134.8840,137
NTGK,02,20,3543,66,Asphalt,0,0,-15.6676,-146.8870,-15.6590,-146.8820,29
NTGM,11,29,4920,98,Asphalt,0,0,-16.5802,-143.6640,-16.5877,-143.6520,123
NTGP,10,28,3051,49,Asphalt,0,0,-14.8078,-138.8170,-14.8111,-138.8090,113
NTGS,05,23,4250,,,0,0,,,,,
NTGT,07,25,3018,65,Asphalt,0,0,-14.7103,-145.2500,-14.7088,-145.2420,80
NTGU,10,28,4268,98,Asphalt,0,0,-15.2457,-146.6220,-15.2509,-146.6110,117
NTGV,01,19,3937,98,Asphalt,0,0,-14.8775,-148.7155,-14.8671,-148.7122,197
NTGY,18,36,4921,100,Asphalt,0,0,-20.7804,-138.5610,-20.7903,-138.5693,192
NTHE,06,24,4068,80,Asphalt,0,0,-14.4299,-146.2620,-14.4262,-146.2520,71
NTKF,08,26,3890,75,Asphalt,0,0,-16.6869,-145.3350,-16.6866,-145.3240,89
NTKK,08,26,4150,75,Asphalt,0,0,-15.4853,-145.4700,-15.4839,-145.4580,83
NTKR,07,25,3452,66,Asphalt,0,0,-14.4561,-145.0290,-14.4555,-145.0200,86
NTMD,06,24,5578,98,Asphalt,1,0,-8.7984,-140.2360,-8.7928,-140.2220,69
NTMN,02,20,3986,75,Asphalt,1,0,-9.7734,-139.0140,-9.7641,-139.0080,31
NTMP,14,32,2723,59,Asphalt,0,0,,,,,
NTMU,09,27,2477,66,Asphalt,0,0,,,,,
NTTB,11,29,4921,72,Asphalt,1,0,-16.4405,-151.7570,-16.4482,-151.7450,124
NTTB,17,35,3000,140,Coral,0,1,-16.4391,-151.7570,-16.4472,-151.7590,192
NTTG,09,27,6890,98,Asphalt,1,0,-14.9516,-147.6700,-14.9570,-147.6510,107
NTTH,07,25,4921,66,Asphalt,1,0,-16.6885,-151.0290,-16.6860,-151.0150,80
NTTM,12,30,4035,98,Asphalt,1,0,-17.4862,-149.7660,-17.4937,-149.7580,135
NTTO,12,30,11089,148,Asphalt,1,0,-18.0641,-140.9570,-18.0856,-140.9350,135
NTTP,08,26,3135,75,Asphalt,0,0,-16.4266,-152.2480,-16.4264,-152.2390,89
NTTR,07,25,4593,98,Asphalt,1,0,-16.7235,-151.4720,-16.7222,-151.4590,84
NTTX,08,26,,,,0,0,,,,,
NVSA,13,31,2953,82,Coral,0,0,,,,,
NVSC,15,33,2723,98,Grass,0,0,,,,,
NVSD,10,28,2789,82,Grass,0,0,,,,,
NVSE,14,32,2307,98,Grass,0,0,,,,,
NVSF,11,29,2674,69,,0,0,,,,,
NVSG,04,22,2887,92,Grass,0,0,,,,,
NVSH,13,31,1969,98,Coral,0,0,,,,,
NVSI,07,25,1968,98,Grass,0,0,,,,,
NVSM,14,32,2789,79,Grass,0,0,,,,,
NVSN,14,32,2789,98,Grass,0,0,,,,,
NVSO,15,33,2175,66,Grass,0,0,,,,,
NVSP,13,31,2972,49,Asphalt,0,0,,,,,
NVSQ,13,31,2802,59,Grass,0,0,,,,,
NVSR,11,29,2165,75,Grass,0,0,,,,,
NVSS,12,30,6523,98,Asphalt,1,0,-15.4994,167.2130,-15.5106,167.2270,129
NVST,11,29,2329,75,Grass,0,0,,,,,
NVSU,09,27,2789,98,Volcanic ash/soil,0,0,,,,,
NVSV,15,33,2625,98,Grass,0,0,,,,,
NVSW,16,34,2379,115,Grass,0,0,,,,,
NVSX,14,32,2674,98,Grass,0,0,,,,,
NVSZ,14,32,2362,82,Grass,0,0,,,,,
NVVA,05,23,2001,75,Grass,0,0,,,,,
NVVB,16,34,2625,82,Grass,0,0,,,,,
NVVD,10,28,2428,98,Grass,0,0,,,,,
NVVF,14,32,2297,115,Coral,0,0,,,,,
NVVI,12,30,2995,98,Grass on coral,0,0,,,,,
NVVK,14,32,2953,105,Grass,0,0,,,,,
NVVV,11,29,8530,148,Asphalt,1,0,-17.6927,168.3070,-17.7037,168.3280,118
NVVV,11R,29L,3310,105,Grass,0,0,-17.6952,168.3110,-17.6995,168.3190,118
NVVW,15,33,4035,98,Asphalt,0,0,-19.4500,169.2220,-19.4603,169.2260,158
NWWB,09,27,2625,98,Paved/Compacted schist,0,0,,,,,
NWWC,09,27,1969,66,Asphalt,0,0,-19.7198,163.6580,-19.7213,163.6630,107
NWWD,09,27,3281,66,Macadam,1,0,-21.0535,164.8320,-21.0550,164.8420,100
NWWE,10,28,3608,76,Asphalt,1,0,-22.5868,167.4510,-22.5909,167.4610,114
NWWH,13,31,3281,,,0,0,,,,,
NWWK,06,24,3616,85,Asphalt,1,0,-20.5482,164.2510,-20.5444,164.2610,68
NWWL,12,30,3609,98,Macadam,1,0,-20.7713,167.2360,-20.7783,167.2440,135
NWWM,17,35,4101,98,Asphalt,1,0,-22.2526,166.4730,-22.2640,166.4730,179
NWWR,13,31,3281,82,Asphalt,1,0,-21.4783,168.0340,-21.4851,168.0410,139
NWWT,13,31,2625,98,Paved/Gravel,1,0,,,,,
NWWU,13,31,3609,98,Asphalt,1,0,-20.7859,165.2570,-20.7941,165.2620,146
NWWV,13,31,3609,98,Asphalt,1,0,-20.6366,166.5700,-20.6445,166.5760,143
NWWW,11,29,10663,148,Asphalt,1,0,-22.0070,166.1990,-22.0221,166.2260,121
NZAA,05L,23R,10197,148,Concrete,0,1,-37.0138,174.7710,-37.0049,174.8050,71
NZAA,05R,23L,11926,148,Concrete,1,0,-37.0171,174.7670,-37.0067,174.8050,72
NZAP,10,28,2198,105,Grass,0,0,,,,,131
NZAP,17,35,4547,98,Asphalt,1,0,-38.7343,176.0870,-38.7465,176.0820,196
NZAR,03,21,4630,148,Asphalt,1,0,-37.0352,174.9689,-37.0263,174.9802,48
NZAR,03L,21R,1700,59,Grass,0,0,,,,,48
NZAR,07,25,1960,59,Grass,0,0,,,,,92
NZAS,02,20,2943,197,Grass,0,0,,,,,47
NZAS,06,24,4554,295,Grass,0,0,,,,,88
NZAS,11,29,3360,295,Grass,0,0,,,,,132
NZAS,16,34,3543,148,Grass,1,0,,,,,181
NZBA,07,25,2185,76,Grass,0,0,,,,,101
NZCB,16,34,2251,197,Grass,0,0,,,,,
NZCH,01,19,1690,229,Grass,0,0,-43.4866,172.5310,-43.4827,172.5350,38
NZCH,02,20,10787,148,Asphalt,1,0,-43.4976,172.5220,-43.4750,172.5480,41
NZCH,11,29,5587,148,Asphalt,1,0,-43.4846,172.5250,-43.4947,172.5410,131
NZCI,05,23,4462,148,Asphalt,1,0,-43.8138,-176.4730,-43.8100,-176.4570,72
NZCX,12,30,2044,39,Grass,1,0,,,,,
NZDA,04,22,3281,39,Limestone,0,0,,,,,
NZDA,04G,22G,3281,69,Grass,0,0,,,,,
NZDC,H,,30,30,Concrete,1,0,,,,,
NZDH,H,,43,43,Concrete,1,0,,,,,
NZDN,03,21,6234,150,Asphalt,1,0,-45.9339,170.1870,-45.9244,170.2080,56
NZDV,02,20,3937,98,Grass,0,0,,,,,18
NZDV,08,26,2283,82,Grass,0,0,,,,,
NZDY,18,36,3281,115,Grass,0,0,,,,,
NZFF,05,23,2395,164,Grass,0,0,,,,,
NZFF,10,28,2461,164,Grass,0,0,,,,,
NZFF,18,36,3281,131,Grass,0,0,,,,,
NZFG,H,XX,16,16,Concrete,0,0,,,,,
NZFI,10,28,3376,46,Asphalt,1,0,-40.2536,175.6000,-40.2581,175.6110,119
NZFJ,10,28,2628,30,Asphalt,0,0,,,,,
NZFT,17,35,1640,39,Grass,0,0,,,,,
NZFX,15,33,10000,200,Snow,0,0,-77.9699,166.7703,-77.9440,166.7289,
NZGA,01,19,3953,196,Grass,0,0,,,,,
NZGB,10,28,3051,30,Sealed,0,0,,,,,
NZGM,01,19,3579,,Concrete,1,0,-42.4661,171.1872,-42.4587,171.1933,348
NZGS,03,21,3773,197,Grass,0,0,-38.6681,177.9720,-38.6611,177.9810,48
NZGS,09,27,3839,197,Grass,0,0,-38.6611,177.9700,-38.6658,177.9820,117
NZGS,14,32,,,,0,0,,,,,
NZGS,14L,32R,2503,197,Grass,0,0,-38.6600,177.9790,-38.6667,177.9810,166
NZGS,14R,32L,4298,148,Asphalt,1,0,-38.6579,177.9750,-38.6693,177.9790,165
NZGT,15,33,3166,98,Asphalt,0,0,-43.9061,170.1270,-43.9147,170.1290,171
NZGY,14,32,2215,98,Grass,0,0,,,,,
NZHA,14,32,3166,,,0,0,,,,,
NZHC,H,,44,44,Concrete,0,0,,,,,
NZHK,03,21,4311,98,Asphalt,1,0,-42.7138,170.9794,-42.7074,170.9929,58
NZHK,12,30,3858,59,Asphalt,0,0,-42.7106,170.9840,-42.7197,170.9920,147
NZHN,07,25,2033,98,Grass,0,0,-37.8624,175.3250,-37.8629,175.3330,95
NZHN,07R,25L,2033,197,Delete duplicate,0,0,-37.8629,175.3250,-37.8634,175.3330,95
NZHN,18,36,,,Delete,0,0,,,,,
NZHN,18L,36R,6755,148,Asphalt,1,0,-37.8582,175.3350,-37.8751,175.3290,196
NZHN,18R,36L,2871,197,Asphalt,0,0,-37.8628,175.3320,-37.8704,175.3290,196
NZHS,01,19,3525,45,Asphalt,1,0,,,,,27
NZHS,01R,19L,2887,197,Grass,0,0,,,,,31
NZHS,11,29,2900,197,B/Gr,0,0,,,,,131
NZHT,16,34,2297,197,Gravel,0,0,,,,,
NZJE,H,,25,25,Concrete,1,0,,,,,
NZJU,H,,20,20,Concrete,0,0,,,,,
NZJY,H,,18,18,Bitumen,0,0,,,,,
NZKC,05,23,2297,115,Grass,0,0,,,,,
NZKD,04,22,1796,98,Grass,0,0,,,,,
NZKE,17,35,2066,98,Grass,0,0,-36.8000,175.0860,-36.8120,175.0860,
NZKF,07,25,2753,98,Grass,0,0,,,,,
NZKI,05L,23R,2018,82,Grass,0,0,,,,,
NZKI,05R,23L,2297,33,Asphalt,0,0,,,,,
NZKK,02,20,1608,121,Grass,0,0,-35.2656,173.9140,-35.2621,173.9170,39
NZKK,15,33,,,,0,0,,,,,
NZKK,15L,33R,2247,66,Grass,0,0,-35.2583,173.9130,-35.2644,173.9140,169
NZKK,15R,33L,3904,98,Asphalt,1,0,-35.2520,173.9110,-35.2626,173.9140,166
NZKT,12,30,4600,98,Asphalt,1,0,-35.0643,173.2810,-35.0745,173.2910,143
NZKT,18,36,4190,98,Gravel,0,0,-35.0694,173.2880,-35.0806,173.2840,201
NZKY,09,27,2418,197,Gr,0,0,,,,,
NZLX,01,19,2139,197,Grass,0,0,-45.2133,169.3680,-45.2078,169.3720,34
NZLX,14L,32R,3937,197,Grass,0,0,-45.2058,169.3700,-45.2158,169.3750,160
NZLX,14R,32L,3937,98,Asphalt,0,0,-45.2056,169.3690,-45.2159,169.3740,160
NZMA,28,10,3572,449,Grass,0,0,,,,,
NZMC,13,31,5157,98,Asphalt,0,0,-43.7600,170.1300,-43.7728,170.1380,155
NZMF,11,29,2598,69,Asphalt,0,0,,,,,
NZMJ,02,20,1312,66,Grass,0,0,,,,,
NZMK,02,20,2562,36,Asphalt,0,0,,,,,
NZMK,02R,20L,2405,98,Grass,0,0,,,,,
NZMO,08,26,3547,98,Asphalt,0,0,-45.5317,167.6430,-45.5334,167.6560,102
NZMS,06,24,,,,0,0,,,,,
NZMS,06C,24C,4101,75,Asphalt,1,0,-40.9741,175.6280,-40.9718,175.6420,78
NZMS,06L,24R,1476,66,Grass,0,0,-40.9740,175.6280,-40.9739,175.6330,87
NZMS,06R,24L,3478,98,Grass,0,0,-40.9772,175.6300,-40.9747,175.6410,74
NZMS,10,28,3419,98,Grass,0,0,-40.9722,175.6270,-40.9772,175.6380,122
NZMT,11,29,2457,98,Gravel,0,0,,,,,
NZMW,15,33,1969,98,Grass,0,0,,,,,
NZNE,03,21,2660,,Concrete,1,0,,,,,
NZNE,09,27,1870,,Gravel,0,0,,,,,
NZNP,05L,23R,4298,148,Asphalt,1,0,-39.0104,174.1700,-39.0054,174.1840,67
NZNP,05R,23L,3281,98,Grass,0,0,-39.0131,174.1690,-39.0095,174.1800,66
NZNP,14,32,3937,131,Grass,0,0,-39.0003,174.1790,-39.0103,174.1840,157
NZNR,07,25,4000,98,Composite,0,0,-39.4646,176.8570,-39.4643,176.8720,89
NZNR,10,28,1837,115,Grass,0,1,,,,,
NZNR,16,34,5741,148,Asphalt,1,0,-39.4620,176.8680,-39.4777,176.8663,
NZNR,16L,34R,2513,200,Grass,0,1,,,,,186
NZNR,16R,34L,5740,148,Asphalt,1,1,-39.4629,176.8680,-39.4743,176.8660,185
NZNS,02,20,4420,148,Asphalt,1,0,-41.3027,173.2200,-41.2936,173.2300,42
NZNS,02L,20R,2398,197,Grass,0,0,,,,,42
NZNS,06,24,1726,79,Grass,0,0,-41.2961,173.2170,-41.2955,173.2242,83
NZNS,17,35,1970,197,Grass,0,0,,,,,187
NZNV,04,22,7251,148,Asphalt,1,0,-46.4188,168.3010,-46.4104,168.3270,65
NZNV,04R,22L,2280,66,Grass,0,0,-46.4139,168.3130,-46.4114,168.3210,65
NZNV,07,25,1398,66,Grass,0,0,-46.4116,168.3190,-46.4117,168.3240,93
NZNV,12,30,2996,82,Grass,0,0,-46.4097,168.3130,-46.4158,168.3200,141
NZOH,09,27,8028,148,Asphalt,1,0,-40.2022,175.3730,-40.2094,175.4000,109
NZOH,09L,27R,1887,89,Grass,0,0,,,,,109
NZOH,15,33,6998,148,Asphalt,1,0,-40.1983,175.3850,-40.2168,175.3900,168
NZOM,01,19,,,Grass,0,0,,,,,
NZOM,07,25,,,Grass,0,0,,,,,
NZOM,12,30,,,Grass,0,0,,,,,
NZOU,02,20,2775,164,Gravel,0,0,-44.9683,171.0830,-44.9631,171.0900,43
NZOU,11,29,3107,164,Gravel,0,0,-44.9683,171.0830,-44.9742,171.0910,137
NZOU,18,36,4210,98,Asphalt,1,0,-44.9619,171.0851,-44.9721,171.0779,207
NZOX,18,36,2644,30,Sealed,0,0,,,,,
NZPI,07,25,2493,23,Asphalt,0,0,,,,,
NZPM,07,25,6240,148,,0,0,,,,,
NZPM,07L,25R,6240,148,Asphalt,1,0,-40.3214,175.6030,-40.3214,175.6260,90
NZPM,07R,25L,1995,197,Grass,0,0,,,,,90
NZPN,18,36,2755,,,0,0,,,,,
NZPP,11L,29R,3366,98,Asphalt,0,0,-40.8986,174.9850,-40.9049,174.9940,134
NZPP,11R,29L,1345,295,Grass,0,0,,,,,134
NZPP,16,34,,,,0,0,,,,,
NZPP,16L,34R,2001,295,Grass,0,0,,,,,181
NZPP,16R,34L,4429,148,Asphalt,1,0,-40.8974,174.9880,-40.9099,174.9890,181
NZQN,05,23,6204,148,Asphalt,1,0,-45.0201,168.7349,-45.0164,168.7584,76
NZQN,14,32,2920,33,BITUM,0,0,-45.0172,168.7409,-45.0248,168.7446,165
NZRC,04,22,2625,52,bitumen/gravel,1,0,,,,,65
NZRI,03,21,1788,164,Grass,0,0,,,,,
NZRI,12,30,3412,98,Grass,0,0,,,,,
NZRK,16,34,4934,42,Grass,0,0,,,,,
NZRO,18,36,,,,0,0,,,,,
NZRO,18L,36R,2732,164,Grass,0,0,-38.1017,176.3210,-38.1083,176.3160,206
NZRO,18R,36L,5321,98,Asphalt,1,0,-38.1004,176.3200,-38.1132,176.3130,205
NZRT,04,22,1690,115,Grass,0,0,,,,,
NZRT,07,25,3871,197,Grass,0,0,,,,,
NZRT,10,28,1913,197,Grass,0,0,,,,,
NZRU,13,31,3917,98,Asphalt,0,0,-39.4364,175.6520,-39.4456,175.6600,145
NZSL,16,34,2854,,,0,0,,,,,
NZSP,02T,20T,12013,220,Snow,1,0,-89.9659,-150.0593,-89.9950,-77.0693,129
NZTE,05,23,3224,49,Grass,0,0,,,,,
NZTG,04,22,2100,197,Gravel,0,0,-37.6731,176.1880,-37.6694,176.1940,52
NZTG,07,25,5988,148,Asphalt,0,0,,,,,94
NZTG,07L,25R,2460,180,Grass,0,0,-37.6733,176.1950,-37.6742,176.2040,94
NZTG,07R,25L,5988,148,Asphalt,1,0,-37.6738,176.1880,-37.6756,176.2090,96
NZTG,16,34,1886,148,Gravel,0,0,-37.6711,176.1950,-37.6774,176.1940,184
NZTL,11,29,3116,36,Paved,0,0,,,,,
NZTO,13,31,2789,,,0,0,,,,,
NZTT,16,34,2841,,,0,0,,,,,
NZTU,02,20,4200,148,Asphalt,1,0,-44.3031,171.2210,-44.2945,171.2310,43
NZTU,02L,20R,3898,197,Grass,0,0,-44.3014,171.2210,-44.2934,171.2310,40
NZTU,11,29,3652,295,Grass,0,0,-44.3003,171.2250,-44.3070,171.2350,133
NZUK,15,33,3550,51,Asphalt,0,0,-44.2336,170.1180,-44.2431,170.1200,172
NZUN,05,23,2782,177,Grass,0,0,,,,,50
NZWB,06L,24R,4675,197,Gravel,0,0,-41.5163,173.8610,-41.5158,173.8780,88
NZWB,06R,24L,4675,148,Asphalt,1,0,-41.5183,173.8610,-41.5174,173.8780,86
NZWB,10,28,3878,295,Gravel,0,0,-41.5136,173.8640,-41.5197,173.8750,126
NZWD,07,25,10000,220,SNO,1,0,,,,,206
NZWD,15,33,10000,220,SNO,1,0,,,,,296
NZWF,11,29,3937,98,Asphalt,0,0,-44.7181,169.2420,-44.7262,169.2510,139
NZWK,09,27,,,,0,0,,,,,
NZWK,09L,27R,4200,100,Asphalt,1,0,-37.9166,176.9090,-37.9215,176.9220,113
NZWK,09R,27L,2461,98,Grass,0,0,,,,,113
NZWL,04,22,3271,266,Grass,0,0,,,,,64
NZWL,04B,22B,2008,49,Bitumen,0,0,,,,,64
NZWL,11,29,2087,295,Grass,0,0,,,,,134
NZWL,17,35,2264,263,Grass,0,0,,,,,194
NZWN,16,34,6352,148,Asphalt,1,0,-41.3174,174.8070,-41.3348,174.8060,183
NZWO,16,34,3000,98,Asphalt,1,0,-39.0074,177.4040,-39.0154,177.4050,175
NZWP,03,21,6665,148,Asphalt,1,0,-36.7962,174.6210,-36.7851,174.6390,53
NZWP,08,26,5187,148,Concrete,1,0,-36.7838,174.6240,-36.7858,174.6410,98
NZWP,08L,26R,2789,148,Grass,0,0,-36.7832,174.6260,-36.7845,174.6350,100
NZWQ,17,35,2549,49,Grass,0,0,,,,,
NZWR,06,24,3599,98,Asphalt,1,0,-35.7682,174.3580,-35.7666,174.3700,81
NZWR,14,32,1558,197,Grass,0,0,,,,,164
NZWS,04,22,4200,98,Asphalt,1,0,-41.7417,171.5730,-41.7350,171.5860,58
NZWT,04,22,4744,98,Grass,0,0,,,,,
NZWT,16,34,2421,98,Grass,0,0,,,,,
NZWU,08,26,1739,98,Gravel,0,0,-39.9625,175.0201,-39.9636,175.0262,103
NZWU,11,29,4501,148,Asphalt,0,0,-39.9598,175.0180,-39.9672,175.0309,127
NZWU,11C,29C,4521,148,Asphalt,1,0,-39.9596,175.0180,-39.9671,175.0310,131
NZWU,11L,29R,1654,1,Gravel,0,0,,,,,128
NZWU,11R,29L,2756,279,Gravel,0,0,,,,,128
NZWU,14,32,2297,98,Gravel,0,0,,,,,157
NZWV,13,31,1916,92,Grass,0,0,,,,,
NZYP,02,20,3461,,Gr,0,0,,,,,42
OABT,01,19,7549,101,Asphalt,0,0,31.5519,64.3725,31.5706,64.3772,5
OAEM,14,32,2940,,Asphalt,0,0,,,,,
OAFZ,18,36,6049,,Matting,0,0,,,,,
OAHR,18,36,9888,150,Asphalt,0,0,34.2212,62.2300,34.1988,62.2266,187
OAIX,03L,21R,9687,85,Concrete,1,0,34.9317,69.2561,34.9599,69.2757,29
OAIX,03R,21L,11820,151,Concrete,1,0,34.9347,69.2570,34.9578,69.2731,29
OAJL,13,31,7262,148,Asphalt,1,0,34.4064,70.4896,34.3932,70.5076,131
OAKB,11,29,11483,164,Asphalt,1,0,34.5705,69.1943,34.5612,69.2305,107
OAKN,05,23,10532,148,Asphalt,1,0,31.4975,65.8339,31.5140,65.8617,55
OAKS,06,24,8740,148,Asphalt,1,0,,,,,
OALP,07,25,3858,72,Dirt,0,0,,,,,
OAMN,14,32,5090,76,Gravel,0,0,35.9364,64.7558,35.9252,64.7661,143
OAMS,06L,24R,10437,146,CONCRETE AND ASP,1,1,36.7010,67.1935,36.7128,67.2259,66
OAMS,06R,24L,9843,147,Asphalt,1,0,36.7008,67.2010,36.7118,67.2315,66
OASD,18,36,9140,160,Concrete,0,0,33.4039,62.2617,33.3788,62.2604,183
OASG,06,24,4582,70,Asphalt,0,0,36.7496,65.9089,36.7548,65.9231,66
OATN,12,30,7300,90,Concrete,0,0,32.6139,65.8644,32.6000,65.8775,122
OAUZ,11,29,6558,148,Asphalt,0,0,36.6688,68.9006,36.6617,68.9211,113
OBBI,12L,30R,12979,197,Asphalt,1,0,26.2804,50.6170,26.2613,50.6502,123
OBBI,12R,30L,8302,148,Asphalt,1,0,26.2710,50.6299,26.2587,50.6513,123
OBBS,15,33,12467,147,Asphalt,1,0,25.9337,50.5821,25.9030,50.5990,154
OBKH,17,35,10499,148,Asphalt,0,0,,,,,
OEAA,15,33,4956,90,Asphalt,0,0,27.3249,49.5832,27.3132,49.5910,149
OEAB,13,31,10991,148,Asphalt,1,0,18.2499,42.6443,18.2308,42.6690,129
OEAH,16,34,10039,148,Asphalt,1,0,25.2986,49.4812,25.2720,49.4891,165
OEAO,12,30,10007,164,Asphalt,1,0,,,,,
OEBA,07,25,10991,148,Asphalt,1,0,20.2912,41.6191,20.3011,41.6494,71
OEBH,18,36,10007,147,Asphalt,1,0,19.9979,42.6243,19.9704,42.6214,186
OEBQ,15,33,6075,111,Asphalt,1,0,25.9185,49.5866,25.9040,49.5958,150
OEDF,16L,34R,13124,197,Asphalt,1,0,26.4886,49.8037,26.4538,49.8144,165
OEDF,16R,34L,13124,197,Asphalt,1,0,26.4886,49.7814,26.4538,49.7921,165
OEDM,15,33,10006,147,Asphalt,1,0,24.4622,44.1145,24.4375,44.1278,154
OEDR,16L,34R,11811,148,Asphalt,1,0,26.2882,50.1641,26.2568,50.1734,165
OEDR,16R,34L,12008,148,Asphalt,1,0,26.2686,50.1326,26.2367,50.1421,165
OEGN,15,33,10006,148,Asphalt,1,0,16.9130,42.5786,16.8891,42.5929,150
OEGS,15,33,9843,147,Asphalt,1,0,26.3148,43.7670,26.2908,43.7808,153
OEGT,10,28,10007,147,Asphalt,1,0,31.4158,37.2641,31.4081,37.2949,106
OEHL,18,36,12204,148,Asphalt,1,0,27.4547,41.6875,27.4212,41.6851,184
OEHR,16,34,8006,,,0,0,,,,,
OEHW,15,33,8497,98,Asphalt,1,0,22.9780,46.8931,22.9575,46.9057,150
OEJB,17,35,13124,148,Asphalt,1,0,27.0566,49.4006,27.0215,49.4096,167
OEJF,15,33,8964,148,Asphalt,0,0,21.3593,39.1676,21.3368,39.1785,155
OEJN,16C,34C,13123,197,Asphalt,1,0,21.6951,39.1515,21.6612,39.1649,160
OEJN,16L,34R,13123,197,Asphalt,1,0,21.7004,39.1671,21.6665,39.1805,160
OEJN,16R,34L,12467,197,Asphalt,1,0,21.7027,39.1269,21.6705,39.1396,160
OEKF,15L,33R,12139,148,Asphalt,0,0,26.1005,45.1939,26.0715,45.2124,150
OEKF,15R,33L,8203,148,Asphalt,0,0,26.0936,45.1808,26.0741,45.1932,150
OEKK,13,31,12005,148,Asphalt,1,0,27.9115,45.5139,27.8903,45.5425,130
OEKM,06,24,12467,148,Asphalt,1,0,18.2877,42.7734,18.3048,42.8047,60
OEKM,14,32,12467,148,Asphalt,1,0,18.3115,42.8065,18.2849,42.8293,141
OEKR,16,34,6250,98,Asphalt,0,0,25.0777,48.1921,25.0614,48.1978,163
OEMA,17,35,14222,197,Asphalt,1,0,24.5764,39.7033,24.5380,39.7115,169
OEMA,18,36,10039,147,Asphalt,1,0,24.5635,39.7040,24.5360,39.7020,184
OENG,06,24,10007,147,Asphalt,1,0,17.6045,44.4067,17.6183,44.4316,60
OENN,15,33,12326,164,Asphalt,1,0,27.9355,35.2846,27.9197,35.2929,155
OEPA,16,34,10007,148,Asphalt,1,0,28.3489,46.1212,28.3233,46.1328,158
OEPC,14,32,8005,115,Asphalt,1,0,25.1832,47.4810,25.1659,47.4958,142
OEPF,17,35,8005,115,Asphalt,1,0,24.7211,44.9621,24.6996,44.9670,168
OEPI,17,35,8008,98,Asphalt,1,0,24.2869,42.1412,24.2653,42.1463,168
OEPJ,18,36,6398,115,Asphalt,1,0,24.1160,41.0358,24.0984,41.0363,178
OEPK,16,34,6007,98,Asphalt,1,0,27.9621,46.7400,27.9463,46.7453,164
OEPS,17L,35R,13123,148,Asphalt,1,0,24.0810,47.5791,24.0450,47.5822,175
OEPS,17R,35L,13123,148,Asphalt,0,0,24.0958,47.5421,24.0598,47.5453,
OERB,15,33,7741,105,Asphalt,1,0,22.7121,39.0646,22.6932,39.0751,153
OERF,11,29,9834,147,Asphalt,1,0,29.6317,43.4765,29.6210,43.5049,114
OERK,15L,33R,13796,197,Asphalt,1,0,24.9769,46.7020,24.9440,46.7228,150
OERK,15R,33L,13796,197,Asphalt,1,0,24.9709,46.6749,24.9380,46.6957,150
OERM,16,34,11058,98,Asphalt,1,0,28.0942,48.6061,28.0650,48.6158,164
OERR,10,28,10007,148,Asphalt,1,0,30.9102,41.1228,30.9031,41.1537,105
OERT,15,33,7063,98,Asphalt,1,0,26.7317,50.0258,26.7145,50.0358,152
OERY,01,19,13288,147,Asphalt,1,0,24.7051,46.7245,24.7418,46.7302,8
OERY,15,33,11778,147,Asphalt,1,1,24.7227,46.6978,24.7078,46.7293,118
OESB,08,26,6082,80,Sand,0,0,22.5167,53.9844,22.5178,54.0024,86
OESB,09,27,10005,98,Concrete,1,0,22.5139,53.9493,22.5152,53.9789,87
OESH,08,26,11975,147,Asphalt,1,0,17.4653,47.1042,17.4684,47.1386,85
OESK,10,28,12011,147,Asphalt,1,0,29.7879,40.0813,29.7823,40.1187,100
OESL,10,28,9860,148,Asphalt,0,0,20.4674,45.6055,20.4621,45.6338,101
OETB,06,24,10991,148,Asphalt,1,0,28.3692,36.6199,28.3820,36.6509,65
OETB,13,31,10007,148,Asphalt,1,0,28.3812,36.5940,28.3622,36.6171,133
OETF,07,25,12254,148,Asphalt,1,0,21.4773,40.5206,21.4863,40.5555,75
OETF,17,35,10991,148,Asphalt,1,0,21.5064,40.5409,21.4764,40.5454,172
OETH,17,35,13170,200,Asphalt,1,0,25.2309,46.6378,25.1951,46.6441,171
OETN,15,33,8005,98,Asphalt,1,0,27.8778,48.7637,27.8579,48.7746,154
OETR,10,28,9843,148,Asphalt,1,0,31.6963,38.7160,31.6892,38.7465,105
OEUD,18,36,7171,98,Asphalt,1,0,25.1609,49.3286,25.1412,49.3289,179
OEUM,14,32,8200,197,Earth,0,0,25.2943,37.1913,25.2775,37.2072,140
OEWD,10,28,10007,147,Asphalt,1,0,20.5071,45.1853,20.5014,45.2138,102
OEWJ,15,33,10007,148,Asphalt,1,0,26.2105,36.4686,26.1866,36.4836,151
OEYN,10,28,10532,148,Asphalt,1,0,24.1475,38.0480,24.1409,38.0788,103
OIAA,14L,32R,7437,115,Asphalt,0,0,30.3713,48.2291,30.3547,48.2427,145
OIAA,14R,32L,10169,148,Asphalt,1,0,30.3787,48.2213,30.3559,48.2400,145
OIAD,14L,32R,11729,148,Asphalt,1,0,32.4479,48.3864,32.4230,48.4105,141
OIAD,14R,32L,12641,115,Asphalt,1,0,32.4465,48.3844,32.4197,48.4104,141
OIAG,13,31,6933,148,Asphalt,0,0,30.7524,49.6685,30.7385,49.6837,137
OIAH,12,30,6070,148,Asphalt,0,0,30.3423,50.8200,30.3328,50.8359,125
OIAI,12,30,4656,98,Asphalt,0,0,32.0060,49.2659,31.9991,49.2786,122
OIAI,14,32,5907,98,Asphalt,0,0,32.0081,49.2620,31.9962,49.2749,137
OIAJ,12L,30R,11500,148,Asphalt,1,0,30.8455,49.5232,30.8265,49.5522,125
OIAJ,12R,30L,13500,148,Asphalt,1,0,30.8455,49.5150,30.8232,49.5493,125
OIAM,14,32,8874,148,Asphalt,1,0,30.5651,49.1424,30.5473,49.1614,137
OIAW,12,30,11149,148,Asphalt,1,0,31.3460,48.7472,31.3288,48.7767,124
OIBA,08,26,9796,148,Asphalt,0,0,25.8742,55.0182,25.8773,55.0478,83
OIBB,13L,31R,14663,148,Asphalt,1,0,28.9591,50.8184,28.9322,50.8525,132
OIBB,13R,31L,14664,148,Asphalt,1,0,28.9575,50.8168,28.9306,50.8508,132
OIBH,07,25,4500,100,Asphalt,0,0,27.2110,54.3119,27.2144,54.3252,74
OIBJ,11,29,7711,148,Asphalt,1,0,27.8250,52.3413,27.8161,52.3630,115
OIBK,09L,27R,12004,215,Asphalt,0,1,26.5301,53.9620,26.5273,53.9986,95
OIBK,09R,27L,12004,148,Asphalt,1,0,26.5276,53.9619,26.5248,53.9985,95
OIBL,08,26,8203,148,Asphalt,0,0,26.5304,54.8124,26.5341,54.8372,82
OIBP,13,31,13115,148,Asphalt,0,0,27.3909,52.7219,27.3683,52.7534,129
OIBQ,14,32,5922,148,Asphalt,0,0,29.2660,50.3172,29.2545,50.3304,135
OIBS,12,30,8345,175,Asphalt,0,0,25.9162,54.5294,25.9021,54.5495,128
OIBV,11,29,6815,148,Asphalt,0,0,26.8137,53.3466,26.8069,53.3660,111
OICC,11L,29R,9656,98,Asphalt,0,0,34.3527,47.1458,34.3411,47.1745,
OICC,11R,29L,11213,148,Asphalt,1,0,34.3526,47.1414,34.3391,47.1748,116
OICI,14,32,9183,148,Asphalt,1,0,33.5966,46.3955,33.5767,46.4141,142
OICK,11,29,10498,148,Asphalt,1,0,33.4410,48.2670,33.4297,48.2987,113
OICS,01,19,8660,148,Asphalt,1,0,35.2346,47.0047,35.2572,47.0138,18
OIFE,07,25,9830,148,Asphalt,1,0,32.9265,51.5454,32.9326,51.5766,77
OIFE,09,27,1091,40,Concrete,0,0,32.9139,51.5534,32.9138,51.5569,92
OIFH,06,24,3215,75,Permeable,0,0,32.5655,51.6866,32.5686,51.6966,70
OIFH,07,25,4095,165,Gravel,0,0,32.5623,51.6840,32.5650,51.6969,76
OIFK,11,29,8845,145,Asphalt,0,0,33.8996,51.5634,33.8910,51.5907,111
OIFM,07L,25R,14425,148,Asphalt,1,0,32.7487,51.8378,32.7570,51.8837,78
OIFM,07R,25L,14425,148,Asphalt,1,0,32.7447,51.8389,32.7530,51.8847,78
OIFP,08L,26R,10920,140,Asphalt,1,0,32.6199,51.6794,32.6224,51.7147,85
OIFP,08R,26L,1467,97,Asphalt,0,0,32.6189,51.6846,32.6192,51.6894,86
OIFS,14,32,10819,148,Asphalt,0,0,32.3092,50.8321,32.2844,50.8513,147
OIGG,09,27,9571,148,Asphalt,1,0,37.3264,49.5891,37.3247,49.6220,94
OIHH,10,28,10611,148,Asphalt,1,0,34.8711,48.5393,34.8636,48.5734,105
OIHR,08,26,9811,148,Asphalt,0,0,34.1356,49.8314,34.1407,49.8632,79
OIHS,05,23,12915,148,Asphalt,1,0,35.1953,48.6202,35.2135,48.6573,59
OIHS,13,31,14625,148,Asphalt,1,1,35.2149,48.6563,35.1890,48.6940,130
OIHS,13R,31L,14300,148,Asphalt,1,0,35.2111,48.6543,35.1860,48.6911,130
OIIA,10,28,4579,75,Asphalt,0,0,35.9534,50.4432,35.9508,50.4584,102
OIIC,11,29,10607,148,Asphalt,0,0,34.9895,50.7898,34.9784,50.8226,112
OIID,04,22,7550,148,Asphalt,0,0,35.6958,51.4657,35.7101,51.4846,47
OIIE,11L,29R,13772,148,Asphalt,1,0,35.4253,51.1222,35.4131,51.1660,109
OIIE,11R,29L,13425,148,Asphalt,1,0,35.4237,51.1215,35.4114,51.1658,109
OIII,09,27,1554,130,Concrete,0,1,35.6987,51.3238,35.6988,51.3291,89
OIII,11L,29R,13087,148,Asphalt,1,0,35.6956,51.2957,35.6845,51.3337,109
OIII,11R,29L,13258,197,Asphalt,1,0,35.6947,51.2916,35.6824,51.3336,109
OIIK,10,28,3670,131,Asphalt,0,0,36.2409,50.0410,36.2392,50.0533,100
OIIM,13,31,3630,65,Asphalt,0,0,35.7800,50.8770,35.7725,50.8851,139
OIIP,12,30,12005,197,Asphalt,1,0,35.7861,50.8109,35.7658,50.8429,128
OIIS,04,22,11739,148,Asphalt,0,0,,,,,
OIKB,03L,21R,11341,98,Asphalt,0,0,27.2050,56.3686,27.2327,56.3849,28
OIKB,03R,21L,12008,148,Asphalt,1,0,27.2032,56.3704,27.2324,56.3876,28
OIKJ,13,31,7236,98,Asphalt,0,0,28.7332,57.6615,28.7208,57.6791,129
OIKK,16L,34R,12635,148,Asphalt,1,0,30.2894,56.9441,30.2571,56.9589,158
OIKK,16R,34L,12631,148,Asphalt,1,0,30.2888,56.9421,30.2565,56.9569,
OIKM,12,30,11107,148,Asphalt,1,0,29.0924,58.4354,29.0759,58.4647,123
OIKP,08,26,8525,115,Asphalt,1,0,27.1560,56.1593,27.1605,56.1850,79
OIKQ,05,23,13864,148,Asphalt,1,0,26.7423,55.8862,26.7670,55.9185,50
OIKR,11,29,9814,148,Asphalt,1,0,30.3028,56.0367,30.2927,56.0656,112
OIKY,14,32,12356,148,Asphalt,1,0,29.5622,55.6582,29.5397,55.6872,132
OIMB,08,26,7093,82,Asphalt,0,0,32.8950,59.2551,32.8989,59.2777,79
OIMB,10,28,9521,148,Asphalt,0,0,32.8965,59.2697,32.8925,59.3003,99
OIMC,14,32,13076,148,Asphalt,0,0,36.5159,61.0522,36.4864,61.0776,145
OIMJ,07,25,9157,148,Asphalt,0,0,36.4209,55.0901,36.4290,55.1196,71
OIMM,13L,31R,12503,148,Asphalt,1,0,36.2478,59.6264,36.2241,59.6571,134
OIMM,13R,31L,12877,148,Asphalt,1,0,36.2468,59.6244,36.2224,59.6560,134
OIMN,07,25,10582,148,Asphalt,0,0,37.4881,57.2911,37.4979,57.3254,70
OIMS,09,27,10428,148,Asphalt,0,0,36.1693,57.5776,36.1669,57.6128,95
OIMT,15,33,9977,148,Asphalt,0,0,33.6799,56.8847,33.6556,56.9000,152
OINE,10,28,7277,92,Asphalt,0,0,37.3858,55.4399,37.3807,55.4641,105
OING,13,31,10827,148,Asphalt,1,0,36.9229,54.3839,36.9022,54.4106,134
OINJ,09,27,3235,98,Asphalt,0,0,36.6543,52.3442,36.6560,52.3550,79
OINN,10,28,6677,115,Asphalt,1,0,36.6666,51.4544,36.6607,51.4760,109
OINR,12,30,7448,148,Concrete,1,0,36.9124,50.6773,36.9012,50.6986,
OINR,13,31,4920,98,Asphalt,1,0,36.9143,50.6732,36.9055,50.6860,130
OINZ,16,34,8688,148,Asphalt,1,0,36.6559,53.1838,36.6333,53.1935,161
OISF,14,32,6502,100,Asphalt,0,0,28.8989,53.7164,28.8858,53.7303,140
OISJ,08,26,7899,98,Asphalt,0,0,28.5852,53.5670,28.5882,53.5913,82
OISL,09,27,10397,148,Asphalt,0,0,27.6745,54.3673,27.6749,54.3992,89
OISR,11,29,10020,148,Asphalt,0,0,27.3787,53.1744,27.3675,53.2027,114
OISS,11L,29R,14345,148,Asphalt,1,0,29.5493,52.5701,29.5329,52.6112,114
OISS,11R,29L,14051,148,Asphalt,1,0,29.5453,52.5688,29.5294,52.6091,114
OISY,13,31,8522,148,Asphalt,1,0,30.7084,51.5351,30.6926,51.5551,133
OITK,15,33,9190,98,Asphalt,0,0,38.4391,44.9673,38.4158,44.9799,157
OITL,15,33,10823,148,Permeable,1,0,38.3385,48.4149,38.3128,48.4338,150
OITM,08,26,9614,98,Asphalt,1,0,37.3469,46.1114,37.3492,46.1444,85
OITP,11,29,8515,115,Asphalt,0,0,39.6078,47.8674,39.5995,47.8957,111
OITR,03,21,10658,148,Asphalt,1,0,37.6558,45.0587,37.6804,45.0787,33
OITT,12L,30R,11825,148,Concrete,1,0,38.1439,46.2196,38.1235,46.2515,129
OITT,12R,30L,11537,98,Asphalt,0,0,38.1423,46.2187,38.1224,46.2499,129
OITU,13,31,10827,148,Asphalt,1,0,,,,,
OITZ,12,30,9840,148,Asphalt,0,0,36.7817,48.3459,36.7656,48.3729,127
OIYY,13,31,13446,148,Asphalt,1,0,31.9175,54.2607,31.8923,54.2923,133
OIZB,16,34,9848,148,Asphalt,1,0,31.1103,61.5405,31.0840,61.5477,167
OIZC,09L,27R,12514,150,Asphalt,1,0,25.4457,60.3652,25.4451,60.4031,91
OIZC,09R,27L,9844,150,Asphalt,0,0,25.4415,60.3652,25.4411,60.3950,91
OIZH,17L,35R,14042,148,Asphalt,1,0,29.4949,60.9047,29.4588,60.9099,173
OIZH,17R,35L,14042,148,Asphalt,1,0,29.4946,60.9022,29.4589,60.9074,173
OIZI,17,35,7711,150,Asphalt,1,0,27.2466,60.7182,27.2256,60.7219,171
OIZS,13,31,7103,98,Asphalt,0,0,27.4259,62.3077,27.4126,62.3238,133
OJAI,08L,26R,12008,200,Asphalt,1,0,31.7267,35.9696,31.7322,36.0075,81
OJAI,08R,26L,12008,200,Concrete,1,0,31.7144,35.9806,31.7199,36.0185,81
OJAM,06,24,10745,148,Asphalt,1,0,31.9663,35.9760,31.9791,36.0072,65
OJAQ,01,19,9855,148,Asphalt,1,0,29.5980,35.0133,29.6240,35.0224,19
OJHF,13,31,9802,140,Asphalt,1,0,32.1696,37.1374,32.1519,37.1614,131
OJHR,10,28,8215,98,Asphalt,0,0,32.5417,38.1820,32.5368,38.2080,102
OJMF,13,31,9819,148,Asphalt,1,0,32.3652,36.2472,32.3477,36.2714,130
OJMS,08,26,9015,148,Asphalt,0,0,31.8157,36.7658,31.8200,36.7943,80
OJMS,13,31,9777,148,Asphalt,1,0,31.8421,36.7719,31.8244,36.7958,131
OKAS,12L,30R,9805,132,Permeable,0,0,29.3545,47.5081,29.3409,47.5347,120
OKAS,12R,30L,9805,146,Permeable,1,0,29.3525,47.5068,29.3390,47.5334,120
OKDI,18,36,5215,80,Asphalt,1,0,29.7048,47.4362,29.6905,47.4358,181
OKKK,15L,33R,11483,148,Asphalt,1,0,29.2412,47.9834,29.2126,47.9987,155
OKKK,15R,33L,11155,148,Concrete,1,0,29.2405,47.9615,29.2127,47.9763,155
OKKK,16,34,15026,197,Asphalt,1,0,29.2283,47.9419,29.1909,47.9618,155
OLBA,03,21,12467,148,Concrete,1,0,33.7982,35.4809,33.8269,35.5031,33
OLBA,16,34,11138,148,Concrete,1,0,33.8401,35.4789,33.8105,35.4878,166
OLBA,17,35,10663,197,Asphalt,1,0,33.8382,35.4871,33.8093,35.4889,177
OLKA,06,24,9843,148,Concrete,1,0,34.5830,35.9969,34.5958,36.0259,62
OLRA,04,22,9740,148,Concrete,1,0,33.8415,35.9762,33.8600,35.9993,46
OMAA,13L,31R,13451,197,Asphalt,1,0,24.4650,54.6383,24.4423,54.6702,128
OMAA,13R,31L,13471,197,Asphalt,1,0,24.4444,54.6352,24.4217,54.6672,128
OMAD,13,31,10499,150,Asphalt,1,0,24.4372,54.4456,24.4194,54.4705,128
OMAH,17,35,8205,148,Asphalt,0,0,24.0851,52.4614,24.0629,52.4658,170
OMAJ,13,31,7218,151,Macadam,1,0,24.1943,52.6062,24.1806,52.6218,134
OMAL,01,19,13123,148,Asphalt,1,0,24.2438,55.6066,24.2796,55.6117,7
OMAM,13,31,,,,0,0,,,,,
OMAM,13L,31R,12012,150,Asphalt,1,0,24.2582,54.5333,24.2383,54.5621,127
OMAM,13R,31L,12012,150,Asphalt,1,0,24.2408,54.5367,24.2210,54.5655,127
OMAR,13,31,3438,72,Macadam,1,0,24.7836,52.5560,24.7774,52.5639,131
OMAS,13,31,7081,148,Asphalt,1,0,25.1428,52.8686,25.1340,52.8799,131
OMAS,15,33,3537,98,Asphalt,1,1,25.1503,52.8709,25.1421,52.8766,147
OMAZ,13,31,3937,98,Asphalt,1,0,24.8652,53.0735,24.8579,53.0822,133
OMBY,13,31,9272,148,Asphalt,0,0,24.2922,52.5701,24.2750,52.5907,
OMDB,12L,30R,14275,197,Asphalt,1,0,25.2646,55.3504,25.2477,55.3809,121
OMDB,12R,30L,14590,197,Asphalt,1,0,25.2528,55.3644,25.2359,55.3949,121
OMDL,17,35,8202,154,Asphalt,1,0,24.5212,52.3340,24.4987,52.3365,170
OMDM,09,27,12970,148,Asphalt,1,0,25.0265,55.3466,25.0272,55.3858,89
OMDW,12,30,14764,197,Asphalt,1,0,24.9071,55.1421,24.8861,55.1801,120
OMDW,13,31,6030,98,Asphalt,0,0,24.8707,55.1524,24.8621,55.1680,121
OMFJ,11R,29L,10007,148,Asphalt,1,0,25.1143,56.3126,25.1038,56.3406,112
OMRK,16,34,12336,148,Asphalt,1,0,25.6297,55.9339,25.5970,55.9438,165
OMRS,15,33,2625,49,,0,0,25.7588,55.9583,25.7523,55.9620,153
OMSJ,12,30,13320,197,Asphalt,1,0,25.3385,55.5048,25.3224,55.5326,122
OOFD,13,31,8399,148,Concrete,0,0,22.3618,56.4753,22.3470,56.4943,
OOKB,01,19,8202,75,Asphalt,0,0,26.1600,56.2376,26.1820,56.2436,14
OOMA,07,25,8446,148,Asphalt,1,0,20.6714,58.8807,20.6805,58.9033,67
OOMA,17,35,10005,148,Asphalt,1,0,20.6845,58.8882,20.6578,58.8948,167
OOMS,08L,26R,13123,197,Asphalt,1,0,23.6059,58.2580,23.6089,58.2955,85
OOMS,08R,26L,13386,148,Asphalt,1,0,23.5917,58.2669,23.5945,58.3019,85
OOMX,06,24,5782,175,Gravel,0,0,18.1297,55.1683,18.1366,55.1833,65
OOMX,13,31,8635,190,Gravel,0,0,18.1478,55.1703,18.1307,55.1875,136
OOSA,07,25,13123,197,Asphalt,1,0,17.0344,54.0697,17.0463,54.1052,71
OOSA,17,35,4196,59,Gravel,0,1,17.0403,54.1013,17.0288,54.1026,174
OOSH,15,33,13173,194,Asphalt,1,0,,,,,
OOTH,17,35,13123,148,Asphalt,1,0,17.6839,54.0222,17.6481,54.0270,173
OPBG,07,25,8970,90,Asphalt,0,0,32.0519,72.9348,32.0603,72.9620,70
OPBG,16,34,5020,150,Concrete,0,1,32.0632,72.9460,32.0500,72.9508,163
OPBN,07,25,6001,,,0,0,,,,,
OPBW,08,26,9345,98,Asphalt,0,0,29.3456,71.7036,29.3506,71.7324,79
OPCH,02,20,5741,98,Asphalt,0,0,35.8796,71.7961,35.8936,71.8050,27
OPDG,18,36,6499,98,Asphalt,0,0,29.9699,70.4861,29.9521,70.4858,181
OPDI,12,30,5000,75,Asphalt,0,0,31.9127,70.8896,31.9061,70.9036,119
OPFA,03L,21R,8999,98,Concrete,1,0,31.3561,72.9865,31.3760,73.0035,
OPFA,03R,21L,9324,150,Asphalt,1,0,31.3549,72.9867,31.3756,73.0044,36
OPGD,07,25,12000,148,Concrete,1,0,25.2908,62.4818,25.3026,62.5157,69
OPGT,07,25,5400,98,Asphalt,0,0,35.9164,74.3250,35.9211,74.3423,72
OPGT,09,27,983,49,Concrete,0,0,35.9180,74.3428,35.9181,74.3461,90
OPGW,06,24,6503,75,Asphalt,0,0,25.2302,62.3228,25.2365,62.3362,63
OPIS,10L,28R,12001,147,Asphalt,1,0,33.5530,72.8066,33.5470,72.8452,101
OPIS,10R,28L,12001,197,Asphalt,1,0,33.5512,72.8061,33.5451,72.8448,100
OPJA,15,33,10040,148,Asphalt,1,0,28.2957,68.4414,28.2727,68.4581,147
OPJA,15L,33R,10081,80,Asphalt,0,0,28.2960,68.4428,28.2727,68.4597,147
OPKC,07L,25R,10500,151,Concrete,1,0,24.9047,67.1476,24.9124,67.1780,75
OPKC,07R,25L,11155,151,Concrete,1,0,24.9004,67.1426,24.9087,67.1750,74
OPKD,02,20,6998,98,Asphalt,0,0,,,,,
OPKH,12,30,6001,,,0,0,,,,,
OPLA,18L,36R,11024,151,Concrete,1,0,31.5366,74.4048,31.5065,74.4043,181
OPLA,18R,36L,9000,151,Asphalt,1,0,31.5339,74.4028,31.5092,74.4024,181
OPLH,14,32,4390,150,Concrete,0,0,31.4992,74.3414,31.4904,74.3511,137
OPMA,14,32,5000,100,Asphalt,0,0,33.0550,73.6327,33.0452,73.6441,136
OPMF,13,31,3000,75,Asphalt,0,0,34.3417,73.5050,34.3363,73.5123,132
OPMI,06L,24R,10348,97,Asphalt,0,0,32.5569,71.5557,32.5707,71.5851,61
OPMI,06R,24L,10161,156,Asphalt,1,0,32.5557,71.5566,32.5691,71.5854,61
OPMJ,08,26,6512,98,Asphalt,1,0,27.3331,68.1334,27.3372,68.1527,77
OPMR,04,22,8622,120,Asphalt,1,0,24.8802,66.9311,24.8968,66.9494,45
OPMR,09,27,9022,200,Concrete,1,0,24.8985,66.9263,24.8985,66.9535,90
OPMS,12,30,9950,165,Asphalt,0,0,33.8762,72.3869,33.8620,72.4149,121
OPMT,18,36,12353,148,Asphalt,1,0,30.2198,71.4202,30.1910,71.4183,183
OPNH,02,20,8999,150,Concrete,1,0,26.2078,68.3852,26.2310,68.3949,21
OPOK,18,36,10995,80,Asphalt,0,0,30.7562,73.3578,30.7259,73.3577,180
OPOR,06,24,5000,,,0,0,,,,,
OPPC,16,34,3999,,,0,0,,,,,
OPPG,13,31,5000,75,Asphalt,0,0,26.9591,64.1268,26.9500,64.1382,132
OPPI,06,24,8999,151,Permeable,1,0,25.2837,63.3329,25.2966,63.3560,58
OPPS,17,35,9000,150,Asphalt,1,0,34.0060,71.5135,33.9814,71.5157,176
OPQS,14,32,6693,148,Asphalt,1,0,33.5675,73.0266,33.5529,73.0399,143
OPQT,13L,31R,11962,150,Concrete,1,0,30.2641,66.9256,30.2402,66.9518,136
OPQT,13R,31L,12001,110,Asphalt,1,0,30.2626,66.9238,30.2388,66.9500,136
OPRK,01,19,9842,148,Asphalt,1,0,28.3708,70.2757,28.3970,70.2834,15
OPRN,12,30,10785,150,Asphalt,1,0,33.6238,73.0832,33.6098,73.1145,118
OPRQ,15,33,10000,160,Asphalt,0,0,30.7704,72.2757,30.7466,72.2913,150
OPRQ,15R,33L,9621,100,Asphalt,0,0,30.7691,72.2737,30.7457,72.2890,150
OPRS,09L,27R,5840,164,Asphalt,0,0,34.0832,71.9642,34.0821,71.9835,92
OPRS,09R,27L,9085,164,Asphalt,1,0,34.0803,71.9564,34.0787,71.9863,92
OPRT,01,19,2958,75,Asphalt,0,0,33.8457,73.7970,33.8536,73.7993,13
OPSD,14L,32R,11995,101,Asphalt,1,0,35.3384,75.5268,35.3226,75.5369,153
OPSD,14R,32L,11995,150,Asphalt,1,0,35.3533,75.5305,35.3257,75.5523,147
OPSF,08,26,8060,150,Asphalt,1,0,24.8721,67.1066,24.8763,67.1304,79
OPSK,14,32,9000,98,Asphalt,1,0,27.7315,68.7828,27.7124,68.8006,141
OPSN,17,35,6562,,Concrete,0,0,,,,,
OPSS,05,23,5745,151,Asphalt,0,0,34.8087,72.3453,34.8184,72.3603,52
OPST,22L,04R,11811,150,Asphalt,1,0,,,,,
OPSU,01,19,4975,150,Sand,0,0,28.6380,69.1765,28.6516,69.1782,6
OPSU,01L,19R,6000,100,Asphalt,0,0,28.6373,69.1755,28.6537,69.1775,6
OPSW,03,21,5462,100,Asphalt,0,0,,,,,
OPTH,06,24,8968,75,Asphalt,0,0,24.8355,68.8266,24.8476,68.8502,61
OPTU,08L,26R,6000,98,Asphalt,1,0,25.9854,63.0212,25.9874,63.0392,83
OPTU,08R,26L,9022,148,Asphalt,1,0,,,,,
OPWN,09,27,2993,100,Asphalt,0,0,32.3048,69.5656,32.3045,69.5753,92
OPZB,10,28,6001,98,Asphalt,0,0,31.3598,69.4545,31.3570,69.4728,100
ORAA,08,26,10125,338,Gravel,0,0,33.7721,42.4115,33.7728,42.4448,89
ORAA,09L,27R,13124,197,Asphalt,1,0,33.7895,42.4330,33.7904,42.4762,89
ORAA,09R,27L,13123,148,Asphalt,1,0,33.7808,42.4062,33.7817,42.4494,89
ORAT,12L,30R,12087,150,Permeable,1,0,33.3472,43.5815,33.3309,43.6161,119
ORAT,12R,30L,13186,200,Concrete,1,0,33.3459,43.5766,33.3281,43.6142,119
ORBD,12,30,11495,149,Permeable,0,0,33.9456,44.3415,33.9272,44.3723,126
ORBD,14,32,11490,197,Concrete,1,0,33.9570,44.3555,33.9309,44.3768,146
ORBI,15L,33R,13124,197,Concrete,1,0,33.2838,44.2312,33.2526,44.2526,150
ORBI,15R,33L,10830,148,Concrete,0,0,33.2686,44.2169,33.2428,44.2346,150
ORBM,15,33,8695,147,Concrete,1,0,36.3168,43.1418,36.2947,43.1530,158
ORBR,13,31,7333,150,Asphalt,0,0,36.5413,44.3317,36.5261,44.3481,139
ORER,15,33,9197,95,Asphalt,1,1,36.2487,43.9558,36.2265,43.9706,152
ORER,15L,33R,4085,105,Asphalt,0,1,36.2408,43.9643,36.2309,43.9709,152
ORER,15R,33L,,,,0,1,,,,,
ORER,18,36,15748,246,Concrete,1,0,36.2597,43.9468,36.2165,43.9465,180
ORKK,13,31,9809,148,Concrete,1,0,35.4789,44.3345,35.4605,44.3585,133
ORKK,14,32,8535,160,Asphalt,1,0,35.4789,44.3436,35.4596,44.3599,145
ORMM,14,32,13124,148,Concrete,1,0,30.5622,47.6485,30.5355,47.6763,138
ORNI,10,28,9842,148,Asphalt,1,0,31.9931,44.3890,31.9866,44.4196,97
ORQW,15,33,11486,197,Concrete,0,0,35.7802,43.1131,35.7522,43.1310,153
ORQW,16,34,12088,98,Permeable,0,1,35.7840,43.1222,35.7522,43.1338,164
ORSH,14L,32R,7341,165,Asphalt,0,1,34.6883,43.5450,34.6723,43.5599,142
ORSH,14R,32L,10225,150,Concrete,0,0,34.6793,43.5259,34.6570,43.5466,143
ORSU,13,31,11481,148,Concrete,1,0,35.5716,45.3005,35.5501,45.3288,133
ORTF,13,31,9842,147,Permeable,0,0,36.2932,42.3920,36.2730,42.4141,139
ORTI,16,34,5770,164,Permeable,0,0,33.5313,44.2536,33.5164,44.2599,161
ORTL,12L,30R,10935,148,Concrete,0,0,30.9447,46.0759,30.9304,46.1066,118
ORTL,12R,30L,9991,148,Concrete,0,0,30.9401,46.0748,30.9271,46.1028,119
ORUB,11L,29R,10174,148,Concrete,0,0,32.4882,45.7405,32.4793,45.7718,109
ORUB,11R,29L,11666,148,Asphalt,0,0,32.4856,45.7400,32.4754,45.7759,109
OSAP,09,27,9547,148,Asphalt,1,0,36.1823,37.2084,36.1790,37.2403,97
OSDI,05L,23R,9843,148,Asphalt,1,1,33.4186,36.5088,33.4363,36.5327,48
OSDI,05R,23L,11811,148,Asphalt,1,0,33.3850,36.4961,33.4063,36.5247,48
OSDZ,10,28,,,,0,0,,,,,
OSDZ,10L,28R,9843,148,Asphalt,0,0,35.2900,40.1605,35.2808,40.1915,110
OSDZ,10R,28L,11000,148,Sand,0,1,35.2866,40.1529,35.2770,40.1879,109
OSKL,03,21,11860,150,Asphalt,0,0,37.0079,41.1786,37.0333,41.2042,39
OSLK,17,35,9175,148,Asphalt,1,0,35.4139,35.9475,35.3887,35.9494,177
OSPR,08,26,9449,148,Asphalt,1,0,34.5560,38.3013,34.5587,38.3325,83
OTBD,15,33,15000,151,Asphalt,1,0,25.2802,51.5565,25.2419,51.5735,158
OTBH,16,34,12303,148,Asphalt,1,0,25.1330,51.3080,25.1016,51.3219,158
OTBK,14,32,5249,98,Asphalt,0,0,25.6351,51.5016,25.6240,51.5118,140
OTHH,16L,34R,15912,197,Asphalt,1,0,25.2961,51.6088,25.2554,51.6268,156
OTHH,16R,34L,13944,197,Asphalt,1,0,25.2910,51.5897,25.2553,51.6054,156
OYAA,08,26,10171,148,Asphalt,1,0,12.8264,45.0148,12.8327,45.0428,77
OYAB,09,27,8202,,Dirt,0,0,,,,,
OYAT,13,31,9482,164,Asphalt,1,0,14.5604,46.8168,14.5419,46.8358,135
OYBA,06,24,9962,148,Asphalt,0,0,18.7122,50.8246,18.7262,50.8493,59
OYBN,17,35,5480,75,Asphalt,0,0,14.7895,45.7191,14.7745,45.7210,173
OYGD,08,26,8858,148,Asphalt,1,0,16.1915,52.1607,16.1949,52.1858,82
OYHD,03,21,9843,148,Asphalt,1,1,14.7408,42.9701,14.7652,42.9825,26
OYKM,18,36,5906,,,0,0,,,,,
OYMB,17,35,9843,,,0,0,,,,,
OYRN,06,24,9843,148,Asphalt,1,0,14.6563,49.3627,14.6690,49.3873,62
OYSH,18,36,11483,,,0,0,,,,,
OYSN,18,36,10669,148,Asphalt,1,0,15.4910,44.2196,15.4615,44.2198,180
OYSQ,03,21,10827,148,Asphalt,1,0,12.6174,53.8989,12.6439,53.9123,26
OYSY,07,25,9843,120,Asphalt,0,0,15.9611,48.7753,15.9710,48.8014,69
OYTZ,01,19,10040,148,Asphalt,0,0,13.6723,44.1372,13.6997,44.1409,8
OYZM,17,35,8186,,,0,0,,,,,
PAAD,05,23,5000,150,Gravel,1,0,70.1337,-146.3090,70.1383,-146.2711,71
PAAK,16,34,4500,100,Asphalt,1,0,52.2265,-174.2090,52.2146,-174.2040,165
PAAL,01,19,3500,100,Gravel,0,0,,,,,
PAAM,14,32,3500,100,Gravel,0,0,,,,,
PAAN,09,27,2558,17,Gravel,0,0,64.2005,-147.9350,64.1974,-147.9200,
PAAP,N,S,3000,300,Water,0,0,,,,,
PAAQ,09,27,3617,75,Asphalt,1,0,61.5950,-149.1010,61.5911,-149.0820,113
PAAQ,16,34,6006,100,Asphalt,1,0,61.6040,-149.0870,61.5876,-149.0870,180
PAAQ,16S,34S,1560,60,Gravel,0,0,61.5981,-149.0880,61.5938,-149.0880,180
PAAT,02,20,5998,150,Asphalt,0,0,52.8208,173.1760,52.8359,173.1840,18
PABA,07,25,4500,100,GRAVEL-P,0,0,70.1343,-143.6010,70.1337,-143.5630,93
PABE,01L,19R,6400,150,Asphalt,1,0,60.7718,-161.8440,60.7878,-161.8290,23
PABE,01R,19L,4000,75,Asphalt,0,0,60.7710,-161.8400,60.7810,-161.8310,23
PABE,12,30,1858,75,Gravel,1,0,60.7813,-161.8480,60.7781,-161.8400,128
PABG,01,19,5002,60,Gravel,1,0,,,,,
PABG,09,27,2505,60,Gravel,0,0,,,,,
PABI,01,19,9000,150,Asphalt,0,0,63.9864,-145.7350,64.0077,-145.7070,30
PABI,07,25,4057,88,Asphalt,0,0,63.9915,-145.7330,63.9910,-145.7040,92
PABI,10,28,6115,150,Asphalt,0,0,63.9997,-145.7350,63.9902,-145.7040,125
PABL,11,29,3200,75,Gravel,0,0,65.9839,-161.1580,65.9793,-161.1400,122
PABM,07,25,4200,145,Gravel,0,0,59.3617,-155.2680,59.3616,-155.2460,91
PABP,04,22,5100,75,Gravel,1,0,,,,,
PABR,08,26,7100,150,Asphalt,1,0,71.2849,-156.7988,71.2849,-156.7384,90
PABT,01,19,5190,150,Gravel,1,0,66.9079,-151.5390,66.9199,-151.5190,32
PABU,15,33,3520,100,Gravel,0,0,,,,,
PABV,02L,20R,4012,100,Asphalt,1,0,61.4118,-149.5160,61.4202,-149.5020,39
PABV,02R,20L,1802,50,Gravel,0,0,61.4109,-149.5120,61.4164,-149.5070,24
PACD,08,26,4900,150,Asphalt,1,0,55.1990,-162.7270,55.1978,-162.7030,95
PACD,15,33,10179,150,Asphalt,1,0,55.2224,-162.7380,55.1959,-162.7200,158
PACE,07,25,2782,60,Gravel,0,0,65.5748,-144.7900,65.5731,-144.7720,
PACI,04,22,4000,75,Gravel,1,0,66.6418,-143.7510,66.6483,-143.7290,53
PACK,15,33,3720,150,Gravel,0,1,60.1418,-164.2800,60.1317,-164.2785,177
PACK,16,34,3230,60,Gravel,1,0,,,,,181
PACL,01,19,3997,100,Asphalt,1,0,64.2967,-149.1270,64.3058,-149.1130,34
PACM,04W,22W,10000,500,WATER-E,0,1,,,,,
PACM,11,29,3001,75,Dirt,1,0,61.8462,-165.5820,61.8429,-165.5660,113
PACR,15,33,2979,60,Gravel,0,0,65.8320,-144.0760,65.8239,-144.0760,
PACS,06,24,1900,90,Gravel,0,0,,,,,
PACS,16,34,3500,120,Gravel,0,0,,,,,
PACV,09,27,7500,150,Asphalt,1,0,60.4967,-145.4970,60.4883,-145.4590,114
PACV,16,34,1934,30,Gravel,0,0,60.4915,-145.4770,60.4863,-145.4770,181
PACX,02,20,4011,75,Gravel,1,0,67.2476,-150.2110,67.2568,-150.1960,32
PACY,08,26,4350,75,Turf,0,0,,,,,
PACZ,02,20,3955,135,Gravel,1,0,61.7758,-166.0460,61.7844,-166.0320,37
PADE,03,21,3320,75,Gravel,1,0,66.0652,-162.7740,66.0723,-162.7600,38
PADE,12,30,2660,75,Gravel,1,0,66.0717,-162.7740,66.0674,-162.7600,127
PADG,03,21,6312,100,Asphalt,0,0,68.0256,-162.9140,68.0386,-162.8840,42
PADK,05,23,7790,200,Asphalt,0,0,51.8783,-176.6580,51.8888,-176.6270,61
PADK,18,36,7605,200,Asphalt,0,1,51.8827,-176.6480,51.8620,-176.6510,185
PADL,01,19,6400,150,Asphalt,1,0,59.0368,-158.5130,59.0525,-158.4980,27
PADM,07,25,3200,100,Gravel,1,0,61.8638,-162.0350,61.8646,-162.0170,85
PADQ,01,19,5010,150,Asphalt,1,0,57.7403,-152.4930,57.7529,-152.4830,22
PADQ,08,26,7534,150,Asphalt,1,0,57.7522,-152.5190,57.7515,-152.4800,92
PADQ,11,29,5400,150,Asphalt,1,0,57.7549,-152.5020,57.7460,-152.4800,127
PADU,13,31,4500,100,Asphalt,1,0,53.9029,-166.5510,53.8953,-166.5390,136
PADY,01,19,2400,75,Gravel,0,0,59.9584,-162.8830,59.9632,-162.8790,21
PAED,06,24,10000,200,Permeable,1,0,61.2486,-149.8440,61.2534,-149.7880,80
PAED,17,35,7493,150,Asphalt,1,0,61.2621,-149.7930,61.2415,-149.7930,180
PAEE,17,35,3243,60,Gravel,0,0,60.2181,-162.0420,60.2093,-162.0450,189
PAEG,07,25,3600,75,Gravel,0,0,64.7783,-141.1610,64.7779,-141.1380,
PAEH,15,33,3945,150,Gravel,1,0,58.6516,-162.0660,58.6413,-162.0600,162
PAEI,14,32,14530,150,Concrete,0,0,64.6842,-147.1180,64.6471,-147.0850,159
PAEL,NW,SE,10000,1500,WATER-E,0,0,,,,,
PAEM,16,34,4601,100,Gravel,1,0,62.7924,-164.4920,62.7799,-164.4900,177
PAEN,02L,20R,7855,150,Asphalt,1,0,60.5631,-151.2580,60.5809,-151.2370,31
PAEN,02R,20L,1980,75,Gravel,0,0,60.5750,-151.2380,60.5796,-151.2330,31
PAEN,2W,20W,4600,240,WATER-E,0,0,,,,,
PAEW,12,30,3300,75,Gravel,1,0,60.8133,-164.5065,60.8075,-164.4924,130
PAFA,02,20,2900,75,Gravel,0,0,64.8161,-147.8470,64.8223,-147.8350,38
PAFA,02L,20R,11800,150,Asphalt,0,0,64.8026,-147.8860,64.8280,-147.8390,38
PAFA,02R,20L,4510,75,Asphalt,0,0,64.8002,-147.8760,64.8142,-147.8500,38
PAFA,02W,20W,5400,100,Water,0,0,64.8161,-147.8550,64.8277,-147.8330,38
PAFB,07,25,8575,150,ASPH-CONC,0,0,64.8374,-147.6420,64.8378,-147.5870,89
PAFE,11,29,4000,100,Asphalt,0,0,56.9649,-133.9180,56.9579,-133.9030,130
PAFK,NW,SE,5000,500,WATER-E,0,0,,,,,
PAFL,13,31,2000,12,GRAVEL-P,0,0,,,,,
PAFM,01,19,4000,75,Gravel,1,0,67.1011,-157.8590,67.1087,-157.8510,23
PAFM,10,28,2400,60,Gravel,1,0,67.1093,-157.8680,67.1068,-157.8520,112
PAFR,17,35,4175,100,Asphalt,0,0,,,,,
PAFS,04,22,4003,75,Gravel,0,0,63.0161,-154.3690,63.0210,-154.3480,63
PAGA,06,24,2600,50,Gravel,0,0,64.7366,-156.9480,64.7366,-156.9300,90
PAGA,08,26,6000,100,Permeable,1,0,64.7359,-156.9600,64.7361,-156.9140,90
PAGB,13,31,5182,150,Gravel,0,0,68.4859,-149.4990,68.4734,-149.4810,152
PAGG,15,33,1835,40,Gravel,0,0,59.8798,-163.1700,59.8732,-163.1670,165
PAGH,09,27,4000,60,Gravel,1,0,66.8905,-157.1750,66.8856,-157.1500,117
PAGK,15,33,5001,100,Asphalt,0,0,62.1617,-145.4570,62.1482,-145.4520,171
PAGL,03,21,4000,75,Gravel,1,0,64.5460,-163.0150,64.5549,-163.0000,36
PAGM,16,34,4500,100,Asphalt,1,0,63.7727,-171.7350,63.7605,-171.7310,172
PAGN,NW,SE,10000,900,Water,0,0,,,,,
PAGQ,07,25,2450,70,Gravel,0,0,61.5351,-149.8210,61.5351,-149.8070,90
PAGS,02,20,3010,60,Asphalt,0,0,58.4201,-135.7180,58.4263,-135.7080,41
PAGS,11,29,6720,150,Asphalt,1,0,58.4327,-135.7170,58.4197,-135.6920,135
PAGT,03,21,3200,75,Gravel,0,0,60.4658,-164.7098,60.4725,-164.6980,40
PAGY,02,20,3550,75,Asphalt,0,0,59.4566,-135.3220,59.4636,-135.3090,44
PAGZ,17,35,3873,111,Gravel,0,0,65.4074,-161.2810,65.3968,-161.2820,181
PAHC,02,20,4000,100,Gravel,1,0,62.1836,-159.7810,62.1930,-159.7690,31
PAHL,03,21,4000,75,Gravel,1,0,65.6944,-156.3620,65.7013,-156.3410,51
PAHN,08,26,4000,100,Asphalt,1,0,59.2457,-135.5340,59.2419,-135.5140,110
PAHO,04,22,6701,150,Asphalt,1,0,59.6403,-151.4910,59.6508,-151.4620,55
PAHP,13,31,3300,75,Asphalt,1,0,61.5277,-166.1520,61.5200,-166.1420,149
PAHU,17,35,3380,100,Gravel,0,0,66.0436,-154.2620,66.0346,-154.2670,193
PAHV,15,33,2910,60,Asphalt,0,0,63.8715,-148.9700,63.8636,-148.9680,
PAHX,16,34,3400,75,Gravel,0,0,62.6970,-159.5690,62.6877,-159.5690,179
PAHX,18W,36W,5000,1000,Water,0,0,,,,,
PAHY,E,W,5000,2000,Water,0,0,,,,,
PAIG,05,23,3000,75,Gravel,0,0,59.3228,-155.9090,59.3253,-155.8940,72
PAII,03,21,1500,75,Gravel,1,0,58.1843,-157.3750,58.1869,-157.3690,50
PAII,12,30,5600,100,Gravel,1,0,58.1913,-157.3860,58.1796,-157.3670,140
PAIK,07,25,4000,75,Gravel,1,0,66.9753,-160.4480,66.9766,-160.4250,82
PAIL,08,26,5086,100,Asphalt,1,0,59.7519,-154.9240,59.7513,-154.8970,92
PAIL,18,36,4800,100,Asphalt,1,0,59.7626,-154.9100,59.7497,-154.9140,189
PAIL,E,W,2998,400,Water,0,0,59.7603,-154.9370,59.7592,-154.9210,277
PAIL,N,S,2892,400,Water,0,0,59.7536,-154.9320,59.7611,-154.9270,198
PAIM,07,25,4100,150,Gravel,1,0,65.9919,-153.7170,65.9933,-153.6900,83
PAIN,16,34,3000,68,Gravel,0,0,,,,,
PAIW,18,36,3990,75,Gravel,0,0,65.6280,-168.0930,65.6172,-168.0970,189
PAJC,02,20,2600,60,Gravel,0,0,56.3085,-158.3770,56.3144,-158.3700,
PAJN,08,26,8857,150,Asphalt,1,0,58.3579,-134.5980,58.3520,-134.5550,105
PAJN,08W,26W,4800,150,Water,0,0,,,,,
PAJZ,09,27,3300,75,Gravel,0,0,59.7278,-157.2670,59.7255,-157.2520,106
PAKD,02,20,2475,40,ASPH-GRVL-F,0,0,,,,,
PAKF,13,31,2100,75,Gravel,0,0,,,,,
PAKH,04,22,3120,50,Gravel,0,0,56.9366,-154.1900,56.9406,-154.1760,62
PAKI,17,35,3200,60,Gravel,0,0,59.9358,-164.0320,59.9301,-164.0290,166
PAKK,01,19,3002,60,Gravel,0,0,64.9358,-161.1580,64.9433,-161.1500,24
PAKL,07,25,4400,110,Gravel,0,0,,,,,
PAKL,18W,36W,5000,,Water,0,0,,,,,
PAKN,12,30,8901,150,Asphalt,0,0,58.6839,-156.6650,58.6677,-156.6300,132
PAKN,18,36,4017,100,Asphalt,1,0,58.6833,-156.6490,58.6727,-156.6550,196
PAKN,NW,SE,4000,500,Water,0,0,,,,,
PAKO,08,26,3512,135,Gravel,0,0,52.9416,-168.8570,52.9415,-168.8410,90
PAKP,02,20,4800,100,Gravel,0,0,68.1285,-151.7540,68.1387,-151.7320,38
PAKT,11,29,7500,150,Asphalt,1,0,55.3614,-131.7240,55.3467,-131.6990,136
PAKT,ESE,WNW,9500,1500,Water,0,1,,,,,
PAKU,05,23,6000,130,Gravel,0,0,,,,,
PAKV,03,21,3986,100,Gravel,0,0,64.3152,-158.7500,64.3227,-158.7320,47
PAKW,02,20,5000,100,Asphalt,1,0,55.5736,-133.0830,55.5848,-133.0690,35
PAKY,10,28,2000,60,Gravel,0,0,,,,,
PALB,04,22,2690,75,Gravel,0,0,57.5330,-153.9820,57.5371,-153.9710,
PALG,07,25,3198,75,Gravel,1,0,61.5356,-160.3500,61.5369,-160.3320,81
PALH,E,W,4541,188,Water,0,0,61.1809,-149.9767,61.1770,-149.9459,
PALH,S,N,1930,200,Water,0,0,61.1865,-149.9690,61.1790,-149.9756,
PALH,SE,NW,1370,150,Water,0,0,61.1838,-149.9772,61.1790,-149.9672,
PALJ,05,23,3000,100,DIRT-GRVL,0,0,,,,,
PALN,07,25,5000,100,Gravel,1,0,,,,,
PALP,04,22,5005,100,Gravel,1,0,,,,,
PALR,04,22,3000,60,Gravel,0,0,,,,,
PALU,09,27,4800,135,Gravel,0,0,68.8764,-166.1290,68.8739,-166.0910,101
PAMB,03,21,3300,75,Gravel,0,0,58.9286,-158.9080,58.9355,-158.8960,40
PAMC,05,23,2000,60,Gravel,0,0,62.9570,-155.6190,62.9589,-155.6080,68
PAMC,16,34,5936,100,Asphalt,0,0,62.9592,-155.6050,62.9430,-155.6050,179
PAMD,02,20,3158,115,GRVL-E,0,0,59.4442,-146.3130,59.4513,-146.3030,34
PAMD,13,31,1500,125,GRVL-E,0,0,59.4563,-146.3070,59.4527,-146.3030,149
PAMH,03,21,4184,100,Gravel,0,0,63.8819,-152.3110,63.8901,-152.2930,45
PAMK,02,20,4001,75,Gravel,0,0,63.4855,-162.1170,63.4946,-162.1040,32
PAML,18,36,3400,60,GRAVEL-F,1,0,,,,,
PAMM,E,W,5000,,Water,0,0,,,,,
PAMM,N,S,5000,,Water,0,0,,,,,
PAMO,02,20,3501,75,Gravel,0,0,62.0908,-163.6880,62.0988,-163.6770,32
PAMR,04,22,2000,60,Gravel,0,0,61.2097,-149.8450,61.2119,-149.8350,66
PAMR,08,26,4000,100,Asphalt,1,0,61.2159,-149.8530,61.2159,-149.8310,90
PAMR,17,35,2640,75,Asphalt,1,0,61.2157,-149.8530,61.2085,-149.8530,180
PAMX,01,19,3501,60,Gravel,0,0,,,,,
PAMY,05,23,3070,75,Gravel,1,0,60.3698,-166.2780,60.3731,-166.2630,67
PANA,16,34,3248,60,GRAVEL-F,0,0,60.6948,-161.9790,60.6859,-161.9780,175
PANC,07L,25R,10600,150,Asphalt,1,0,61.1698,-150.0083,61.1698,-149.9483,90
PANC,07R,25L,12400,200,Asphalt,1,0,61.1678,-150.0429,61.1679,-149.9726,90
PANC,15,33,10865,200,Asphalt,1,0,61.1997,-150.0145,61.1710,-149.9985,165
PANI,05W,23W,3000,400,Water,0,1,,,,,
PANI,11,29,6200,100,Asphalt,0,0,61.5858,-159.5580,61.5773,-159.5280,121
PANN,04L,22R,4600,100,Asphalt,1,0,64.5456,-149.0870,64.5521,-149.0620,59
PANN,04R,22L,1980,80,Grass,1,0,64.5455,-149.0840,64.5491,-149.0700,59
PANN,04W,22W,3601,100,Water,0,0,64.5426,-149.0810,64.5482,-149.0620,56
PANO,02,20,2800,75,Gravel,0,0,59.9772,-154.8440,59.9833,-154.8350,38
PANR,NE,SW,10500,500,WATER-E,0,0,,,,,
PANT,02,20,5709,150,Gravel,0,0,,,,,47
PANT,12,30,7493,150,Asphalt,0,0,55.0453,-131.5820,55.0280,-131.5630,148
PANU,03,21,4011,100,Gravel,1,0,64.7253,-158.0830,64.7334,-158.0660,42
PANV,17,35,4000,75,Gravel,1,0,62.6507,-160.1900,62.6427,-160.1920,187
PANW,14,32,3281,75,Gravel,0,0,59.4555,-157.3770,59.4475,-157.3690,153
PAOB,09,27,4020,75,Gravel,0,0,66.9139,-156.9110,66.9108,-156.8840,106
PAOC,01,19,1470,60,Gravel,0,0,,,,,
PAOC,09,27,1920,60,Gravel,0,0,,,,,
PAOH,06,24,3367,75,Asphalt,0,0,58.0952,-135.4170,58.0970,-135.4020,78
PAOM,03,21,6176,150,Asphalt,1,0,64.5072,-165.4520,64.5186,-165.4280,42
PAOM,10,28,6009,150,Asphalt,1,0,64.5143,-165.4680,64.5088,-165.4320,110
PAOO,16,34,3200,75,Gravel,1,0,60.5457,-165.0880,60.5369,-165.0870,177
PAOR,05,23,5100,100,GRVL-DIRT-G,0,0,62.9595,-141.9430,62.9628,-141.9130,76
PAOT,09,27,6300,150,Asphalt,1,0,66.8894,-162.6090,66.8861,-162.5678,102
PAOT,17,35,3800,90,Gravel,1,0,66.8851,-162.6090,66.8748,-162.6160,194
PAOU,08,26,4003,75,TURF-GRVL - F,0,0,56.0081,-161.1700,56.0070,-161.1510,96
PAPB,11,29,4982,150,Gravel,1,0,56.5806,-169.6750,56.5741,-169.6530,118
PAPC,16,34,4497,120,Asphalt,0,0,,,,,
PAPE,02,20,3300,75,Gravel,0,0,55.9030,-159.1650,55.9104,-159.1560,35
PAPG,05,23,6400,150,Asphalt,1,0,56.7989,-132.9590,56.8044,-132.9310,71
PAPH,05,23,5000,100,Gravel,1,0,56.9569,-158.6340,56.9615,-158.6110,70
PAPH,13,31,4000,100,Gravel,1,0,56.9636,-158.6520,56.9544,-158.6420,147
PAPK,02,20,3000,60,Gravel,1,0,60.6994,-161.7830,60.7064,-161.7740,31
PAPK,09W,27W,15000,2000,Water,0,1,,,,,
PAPM,09,27,1924,50,Gravel,0,1,59.0119,-161.8250,59.0103,-161.8150,108
PAPM,14,32,5000,75,Gravel,1,0,59.0156,-161.8230,59.0074,-161.8160,154
PAPN,07,25,3280,75,Gravel,0,0,57.5804,-157.5800,57.5804,-157.5640,90
PAPO,03,21,4000,75,Asphalt,1,0,68.3438,-166.8050,68.3539,-166.7940,22
PAPR,01,19,4968,150,Gravel,0,0,66.8083,-150.6530,66.8198,-150.6340,32
PAQH,12,30,4000,75,Gravel,0,0,59.7589,-161.8530,59.7513,-161.8380,134
PAQT,04,22,4343,90,Gravel,1,0,70.2079,-151.0220,70.2120,-150.9890,70
PARC,02,20,4500,75,Gravel,1,0,68.1103,-145.5910,68.1190,-145.5680,45
PARS,17,35,3600,100,Gravel,0,0,61.7798,-161.3180,61.7700,-161.3210,188
PARS,18W,36W,3000,500,Water,0,0,,,,,
PARY,03,21,4000,100,Gravel,1,0,64.7238,-155.4800,64.7307,-155.4600,51
PASA,05,23,4400,100,Gravel,1,0,63.6828,-170.5080,63.6889,-170.4850,60
PASC,05,23,6500,150,Asphalt,0,0,70.1925,-148.4900,70.1971,-148.4400,75
PASD,13,31,4000,150,Asphalt,1,0,55.3197,-160.5280,55.3104,-160.5180,149
PASH,05,23,4997,73,Asphalt,1,0,66.2465,-166.1050,66.2526,-166.0740,63
PASI,11,29,7200,150,Asphalt,1,0,57.0535,-135.3730,57.0408,-135.3500,136
PASK,04,22,3002,60,Gravel,0,0,66.5973,-159.9920,66.6022,-159.9760,53
PASK,09,27,2659,60,Gravel,1,0,66.6016,-159.9970,66.5995,-159.9790,106
PASL,14,32,3100,60,Gravel,0,0,61.7046,-157.1680,61.6964,-157.1640,167
PASM,07,25,1520,60,Gravel,1,0,62.0531,-163.3120,62.0542,-163.3010,77
PASM,17,35,5997,150,Gravel,1,0,62.0709,-163.3000,62.0545,-163.3010,182
PASN,18,36,6500,150,Asphalt,1,0,57.1761,-170.2180,57.1586,-170.2230,190
PASO,16,34,1845,80,Gravel,0,0,,,,,
PASP,05,23,2270,10,GRVL-DIRT-P,0,0,,,,,
PAST,03,21,3814,80,GRAVEL-P,0,0,,,,,
PASV,17,35,4200,150,Gravel,1,0,61.1030,-155.5740,61.0918,-155.5750,182
PASW,10,28,3400,75,Gravel,1,0,,,,,
PASX,07,25,5001,130,Asphalt,1,0,60.4750,-151.0520,60.4750,-151.0240,90
PASY,10,28,10004,150,Asphalt,1,0,52.7162,174.0920,52.7082,174.1350,107
PATA,07,25,4400,100,Gravel,0,0,65.1743,-152.1220,65.1745,-152.0940,89
PATC,17,35,4702,100,Gravel,0,0,65.5704,-167.9240,65.5576,-167.9210,175
PATE,08,26,2983,60,Gravel,1,0,65.2403,-166.3490,65.2404,-166.3300,89
PATG,03,21,4400,75,Gravel,1,0,59.0489,-160.4050,59.0569,-160.3890,46
PATG,10,28,982,59,Gravel,0,0,59.0561,-160.3930,59.0550,-160.3870,111
PATK,1,19,3500,75,Asphalt,1,0,62.3171,-150.0974,62.3256,-150.0881,207
PATL,17,35,3820,150,Gravel,1,0,62.8997,-155.9770,62.8892,-155.9760,179
PATQ,07,25,4370,90,Gravel,1,0,70.4662,-157.4530,70.4680,-157.4180,81
PATW,04,22,2080,30,GRVL-DIRT-F,0,0,,,,,
PAUK,16,34,4000,75,GRVL-DIRT-G,1,0,,,,,
PAUM,06,24,5583,100,Gravel,0,0,69.3702,-152.1560,69.3721,-152.1140,83
PAUN,09,27,1900,75,Asphalt,1,0,63.8835,-160.7990,63.8827,-160.7870,98
PAUN,15,33,5900,150,Asphalt,1,0,63.8980,-160.8060,63.8822,-160.7960,164
PAUO,13,31,4400,75,Gravel,0,0,61.7598,-150.0570,61.7491,-150.0460,154
PAUT,09,27,4500,75,Asphalt,1,0,54.1455,-165.6145,54.1437,-165.5937,99
PAVA,02,20,3220,75,Gravel,0,0,61.5372,-165.6060,61.5445,-165.5960,33
PAVA,18W,36W,2000,400,WATER-E,0,1,,,,,
PAVC,08,26,3500,115,TURF-GRVL - G,1,0,55.1162,-162.2750,55.1165,-162.2580,88
PAVD,06,24,6500,150,Asphalt,1,0,61.1326,-146.2670,61.1353,-146.2300,81
PAVE,04,22,4000,75,GRVL-DIRT-E,0,0,67.0061,-146.3790,67.0112,-146.3540,62
PAVL,12,30,3000,60,Gravel,1,0,67.7392,-164.5710,67.7331,-164.5560,137
PAWB,05,23,3934,75,Gravel,0,0,66.3606,-147.4190,66.3638,-147.3940,73
PAWD,13,31,4249,100,Asphalt,1,0,60.1374,-149.4270,60.1281,-149.4130,144
PAWD,16,34,2289,75,Asphalt,0,0,,,,,174
PAWG,10,28,6000,150,Asphalt,1,0,56.4886,-132.3830,56.4800,-132.3570,121
PAWI,05,23,4494,90,Gravel,1,0,70.6357,-160.0120,70.6404,-159.9780,67
PAWM,15,33,3000,60,Gravel,0,0,64.6931,-163.4150,64.6852,-163.4100,164
PAWN,01,19,3992,60,Gravel,0,0,67.5560,-162.9860,67.5661,-162.9750,22
PAWR,04,22,1480,60,GRAVEL-F,0,0,,,,,
PAWS,04,22,3700,75,Asphalt,0,0,61.5688,-149.5490,61.5745,-149.5310,56
PAWS,04S,22S,1690,60,TURF-GRVL-G,0,0,61.5714,-149.5420,61.5740,-149.5340,56
PAWT,3,21,3000,100,Gravel,1,0,70.6119,-159.8720,70.6148,-159.8490,69
PAXK,13,31,1900,12,GRVL-DIRT-P,0,0,,,,,
PAYA,02,20,6475,150,Concrete,0,0,59.4963,-139.6850,59.5088,-139.6600,45
PAYA,11,29,7732,150,Asphalt,0,0,59.5115,-139.6650,59.4965,-139.6350,135
PCIS,09,27,6230,140,Asphalt,0,1,-2.7664,-171.7190,-2.7699,-171.7020,102
PFAK,03,21,3200,76,Gravel,0,0,60.8999,-161.2370,60.9059,-161.2240,47
PFAL,05,23,4000,100,Gravel,0,0,66.5503,-152.6350,66.5534,-152.6090,73
PFCB,15,33,3000,75,Gravel,0,0,,,,,
PFCL,18,36,3200,60,Gravel,0,0,58.8378,-158.5270,58.8295,-158.5320,
PFEL,01,19,3401,60,Gravel,0,0,64.6109,-162.2760,64.6190,-162.2650,
PFKA,17,35,3000,60,Gravel,0,0,60.8774,-162.5230,60.8693,-162.5250,
PFKK,07,25,3300,75,Gravel,1,0,59.4326,-154.8110,59.4340,-154.7940,81
PFKO,02,20,4400,100,Gravel,0,0,63.0255,-163.5400,63.0357,-163.5250,32
PFKT,04,22,2110,75,Gravel,0,0,65.3303,-166.4730,65.3337,-166.4620,55
PFKT,11,29,2990,100,GRVL-E,0,0,65.3335,-166.4720,65.3282,-166.4570,130
PFKU,07,25,4000,75,GRVL-DIRT-G,1,0,64.8748,-157.7430,64.8769,-157.7180,78
PFKW,18,36,3199,75,Gravel,0,0,60.7945,-161.4410,60.7861,-161.4460,
PFNO,06,24,4000,100,GRVL-E,0,0,66.8161,-161.0360,66.8189,-161.0090,75
PFSH,14,32,4001,75,Gravel,0,0,64.3762,-161.2290,64.3660,-161.2190,
PFTO,07,25,2509,50,Asphalt,0,0,63.3301,-142.9610,63.3290,-142.9460,99
PFWS,04,22,2264,60,Gravel,0,0,58.7026,-157.0090,58.7056,-156.9980,
PFWS,12,30,3314,60,GRVL-DIRT-F,0,0,58.7041,-157.0080,58.6973,-156.9960,
PFYU,04,22,5000,100,Gravel,0,0,66.5676,-145.2680,66.5754,-145.2330,60
PGRO,09,27,6000,150,Asphalt,1,0,14.1746,145.2340,14.1741,145.2510,92
PGSN,07,25,8700,200,Asphalt,1,0,15.1145,145.7180,15.1235,145.7410,68
PGUA,06L,24R,10558,200,Permeable,1,0,13.5803,144.9160,13.5922,144.9430,66
PGUA,06R,24L,11185,200,Permeable,1,0,13.5753,144.9160,13.5879,144.9450,66
PGUM,06L,24R,12015,150,Asphalt,1,0,13.4789,144.7840,13.4906,144.8100,65
PGUM,06R,24L,10014,150,Asphalt,1,0,13.4772,144.7850,13.4865,144.8050,65
PGWT,08,26,8600,150,Permeable,1,0,14.9970,145.6070,15.0014,145.6310,79
PHBK,16,34,6002,150,Asphalt,1,0,22.0309,-159.7870,22.0146,-159.7840,170
PHDH,08,26,9007,75,Asphalt,0,0,21.5797,-158.2110,21.5793,-158.1840,91
PHHF,06,24,3000,200,Coral,0,0,23.8628,-166.2890,23.8653,-166.2800,72
PHHI,06,24,5608,100,Asphalt,1,0,21.4805,-158.0470,21.4865,-158.0320,67
PHHN,08,26,3606,100,Asphalt,1,0,20.7956,-156.0200,20.7956,-156.0090,90
PHJH,02,20,3000,100,Asphalt,0,0,20.9593,-156.6750,20.9666,-156.6710,28
PHJR,04L,22R,4505,200,Asphalt,1,0,21.3068,-158.0720,21.3139,-158.0610,55
PHJR,04R,22L,7989,200,Asphalt,1,0,21.2999,-158.0790,21.3125,-158.0600,55
PHJR,11,29,8365,200,Asphalt,1,0,21.3105,-158.0810,21.3027,-158.0660,118
PHKO,17,35,11000,150,Asphalt,1,0,19.7539,-156.0440,19.7237,-156.0470,185
PHLI,03,21,6500,150,Asphalt,1,0,21.9729,-159.3490,21.9856,-159.3350,45
PHLI,17,35,6500,150,Asphalt,1,0,21.9817,-159.3360,21.9638,-159.3360,180
PHLU,05,23,2700,75,Asphalt,0,0,21.2093,-156.9770,21.2128,-156.9700,61
PHMK,05,23,4494,100,Asphalt,1,0,21.1496,-157.1010,21.1557,-157.0900,60
PHMK,17,35,3118,100,Asphalt,1,0,21.1575,-157.0980,21.1489,-157.0980,180
PHMU,04,22,5197,100,Asphalt,1,0,19.9969,-155.6740,20.0057,-155.6620,52
PHNG,04,22,7771,200,Asphalt,1,0,21.4438,-157.7770,21.4571,-157.7590,52
PHNL,04L,22R,6955,150,Asphalt,0,0,21.3183,-157.9230,21.3298,-157.9070,53
PHNL,04R,22L,9002,150,Asphalt,0,0,21.3139,-157.9270,21.3288,-157.9060,53
PHNL,04W,22W,3000,150,Water,0,0,21.3147,-157.9130,21.3199,-157.9060,51
PHNL,08L,26R,12360,200,Asphalt,0,0,21.3252,-157.9430,21.3252,-157.9070,90
PHNL,08R,26L,12000,200,Asphalt,0,0,21.3068,-157.9460,21.3068,-157.9110,90
PHNL,08W,26W,5090,300,Water,0,0,21.3113,-157.9170,21.3111,-157.9020,91
PHNP,04,22,4000,150,Asphalt,0,0,21.3614,-157.9640,21.3684,-157.9550,51
PHNY,03,21,5001,150,Asphalt,1,0,20.7807,-156.9570,20.7906,-156.9460,44
PHOG,02,20,6998,150,Asphalt,1,0,20.8891,-156.4360,20.9049,-156.4250,35
PHOG,05,23,4980,150,Asphalt,1,0,20.8980,-156.4370,20.9038,-156.4240,56
PHPA,09,27,2450,60,Asphalt,0,0,21.8975,-159.6070,21.8964,-159.6000,100
PHSF,09,27,3696,90,Asphalt,1,0,19.7610,-155.5590,19.7591,-155.5480,101
PHTO,03,21,5600,150,Asphalt,1,0,19.7125,-155.0620,19.7242,-155.0520,41
PHTO,08,26,9800,150,Asphalt,1,0,19.7214,-155.0580,19.7214,-155.0290,90
PHUP,07,25,3800,75,Asphalt,1,0,20.2640,-155.8650,20.2665,-155.8550,76
PKMA,06,24,7700,148,Asphalt,0,0,11.3358,162.3180,11.3456,162.3370,62
PKMJ,07,25,7897,150,Asphalt,1,0,7.0622,171.2610,7.0674,171.2830,76
PKRO,04,22,4499,150,Asphalt,1,0,9.3928,167.4660,9.4010,167.4760,48
PKWA,06,24,6668,198,Asphalt,1,0,8.7174,167.7230,8.7228,167.7400,73
PLCH,08,26,6900,98,Asphalt,1,0,1.9863,-157.3590,1.9863,-157.3410,90
PLPA,6,24,5000,150,Coral/Soil,0,0,,,,,
PMDY,06,24,7904,200,Asphalt,1,0,28.1975,-177.3930,28.2054,-177.3700,69
PMDY,15,33,,,,0,1,,,,,
PPIZ,05,23,3519,80,Gravel,1,0,69.7303,-163.0240,69.7338,-162.9980,69
PTKK,04,22,6006,150,Asphalt,1,0,7.4561,151.8370,7.4676,151.8490,46
PTPN,09,27,6600,150,Asphalt,1,0,6.9851,158.2007,6.9851,158.2189,90
PTRO,09,27,7200,150,Asphalt,1,0,7.3679,134.5340,7.3674,134.5540,91
PTSA,05,23,5750,150,Asphalt,1,0,5.3525,162.9520,5.3614,162.9650,56
PTYA,07,25,6000,150,Asphalt,1,0,9.4963,138.0750,9.5015,138.0900,72
PWAK,10,28,9843,150,Asphalt,1,0,19.2849,166.6220,19.2793,166.6500,95
RCAY,18,36,,,,0,0,,,,,
RCAY,18L,36R,7435,145,Asphalt,1,0,22.7936,120.2640,22.7731,120.2640,181
RCAY,18R,36L,8019,145,Concrete,1,0,22.7928,120.2620,22.7707,120.2610,181
RCBS,06,24,9843,148,Asphalt,1,0,24.4218,118.3460,24.4339,118.3720,64
RCDC,09,27,7828,148,Permeable,1,0,22.6720,120.4500,22.6728,120.4730,88
RCDI,04H,22H,3260,100,Asphalt,1,0,24.8514,121.2350,24.8588,121.2400,35
RCFG,03,21,5180,98,Concrete,1,0,26.1534,119.9550,26.1662,119.9620,26
RCFN,04,22,7999,148,Permeable,1,0,22.7464,121.0940,22.7636,121.1090,39
RCGI,17,35,3255,75,Asphalt,0,0,22.6784,121.4650,22.6693,121.4680,164
RCKH,09,27,10335,197,Concrete,1,0,22.5776,120.3350,22.5766,120.3650,92
RCKU,18,36,,,,0,0,,,,,
RCKU,18L,36R,5307,74,Asphalt,0,0,23.4673,120.3950,23.4527,120.3950,179
RCKU,18R,36L,10007,148,Concrete,1,0,23.4773,120.3900,23.4499,120.3910,180
RCKW,14,32,5577,98,Concrete,1,0,22.0468,120.7250,22.0353,120.7360,139
RCLM,11,29,5085,,Concrete,0,0,,,,,
RCLY,13,31,3852,79,Concrete,0,0,22.0325,121.5290,22.0252,121.5380,130
RCMQ,18,36,12000,148,Concrete,1,0,24.2815,120.6200,24.2485,120.6220,177
RCMT,03,21,3773,98,Concrete,1,0,26.2195,120.0000,26.2288,120.0050,27
RCNN,18L,36R,10007,148,Concrete,1,0,22.9643,120.2070,22.9367,120.2080,179
RCNN,18R,36L,10007,148,Concrete,1,0,22.9641,120.2040,22.9366,120.2040,179
RCPO,05,23,11955,148,Permeable,1,0,24.8064,120.9270,24.8297,120.9520,45
RCQC,02,20,9843,148,Concrete,1,0,23.5558,119.6240,23.5815,119.6330,18
RCQS,04,22,11055,147,Concrete,1,0,22.7808,121.1730,22.8054,121.1910,35
RCSP,07,25,3935,,,0,0,,,,,
RCSQ,08,26,8012,148,Concrete,1,0,22.6977,120.4710,22.7023,120.4940,78
RCSS,10,28,8547,197,Asphalt,1,0,25.0699,121.5400,25.0691,121.5660,92
RCTP,05L,23R,12008,197,Concrete,1,0,25.0729,121.2160,25.0945,121.2434,49
RCTP,05R,23L,10991,197,Concrete,1,0,25.0608,121.2235,25.0833,121.2520,49
RCWA,02,20,3051,76,Concrete,1,0,23.3653,119.5020,23.3731,119.5050,21
RCYU,03,21,9022,148,Permeable,0,0,24.0126,121.6110,24.0347,121.6230,26
RCYU,03R,21L,9005,75,Asphalt,0,0,24.0110,121.6130,24.0334,121.6250,26
RCYU,XX,XX,,,,1,1,,,,,
RJAA,16L,34R,8202,196,Asphalt,1,0,35.8027,140.3800,35.7858,140.3920,150
RJAA,16R,34L,13123,196,Asphalt,1,0,35.7744,140.3680,35.7433,140.3910,150
RJAF,18,36,6560,150,Asphalt,1,0,36.1757,137.9210,36.1579,137.9240,171
RJAH,03L,21R,8858,150,Asphalt,1,0,,,,,
RJAH,03R,21L,8858,150,Concrete,1,0,36.1696,140.4100,36.1925,140.4210,20
RJAM,05,23,4500,145,Asphalt,1,0,24.2853,153.9740,24.2941,153.9840,46
RJAN,11,29,2625,,,0,0,,,,,
RJAW,07,25,8700,200,Asphalt,1,0,24.7795,141.3110,24.7884,141.3350,68
RJAZ,11,29,2625,,,0,0,,,,,
RJBB,06L,24R,13123,196,Asphalt,1,0,34.4285,135.2062,34.4513,135.2400,51
RJBB,06R,24L,11483,196,Asphalt,1,0,34.4174,135.2290,34.4372,135.2590,51
RJBD,15,33,6560,148,Asphalt,1,0,33.6693,135.3580,33.6553,135.3710,141
RJBD,16,34,4327,98,Asphalt,0,1,33.6711,135.3530,33.6601,135.3580,157
RJBE,09,27,8202,200,Asphalt,1,0,34.6316,135.2100,34.6338,135.2370,85
RJBH,04,22,5906,148,Asphalt,1,0,34.3596,132.4090,34.3739,132.4190,29
RJBK,09,27,4327,100,Asphalt,1,0,34.5904,133.9260,34.5913,133.9400,86
RJBT,01,19,3937,98,Asphalt,1,0,35.5075,134.7870,35.5183,134.7870,3
RJCA,08,26,2624,164,Grass,0,0,43.7932,142.3600,43.7953,142.3690,73
RJCB,17,35,8202,150,Asphalt,1,0,42.7441,143.2120,42.7231,143.2230,159
RJCC,01L,19R,9843,200,Asphalt,1,0,42.7616,141.6930,42.7884,141.6880,353
RJCC,01R,19L,9843,200,Asphalt,1,0,42.7620,141.6960,42.7888,141.6920,353
RJCH,12,30,9842,148,Asphalt,1,0,41.7743,140.8050,41.7660,140.8390,108
RJCJ,18L,36R,13124,200,Concrete,1,0,42.8110,141.6660,42.7753,141.6720,173
RJCJ,18R,36L,8860,148,Asphalt,1,0,42.8106,141.6620,42.7866,141.6660,173
RJCK,17,35,8202,150,Asphalt,1,0,43.0515,144.1870,43.0305,144.1990,159
RJCM,18,36,8202,150,Asphalt,1,0,43.8918,144.1630,43.8694,144.1650,175
RJCN,08,26,6560,150,Asphalt,1,0,43.5745,144.9480,43.5804,144.9710,71
RJCO,14,32,4920,148,Asphalt,1,0,43.1206,141.3740,43.1117,141.3860,135
RJCR,14,32,2625,,Asphalt,0,0,,,,,
RJCT,13,31,4920,150,Asphalt,1,0,42.8942,143.1510,42.8868,143.1660,123
RJCT,13L,31R,1308,75,Gravel,0,0,42.8945,143.1590,42.8925,143.1630,124
RJCW,08,26,6560,150,Asphalt,1,0,45.4009,141.7890,45.4073,141.8130,69
RJDA,13,31,3281,99,Asphalt,1,0,32.4851,130.1540,32.4799,130.1630,125
RJDB,02,20,4331,100,Asphalt,1,0,33.7432,129.7850,33.7550,129.7870,9
RJDC,07,25,8200,150,Asphalt,1,0,33.9247,131.2670,33.9352,131.2910,62
RJDK,17,35,2625,,,0,0,,,,,
RJDO,03,21,2625,,,0,0,,,,,
RJDT,14,32,6234,150,Asphalt,1,0,34.2911,129.3230,34.2787,129.3380,136
RJEB,14,32,6562,148,Asphalt,1,0,44.3099,143.3950,44.2979,143.4130,132
RJEC,16,34,8200,200,Asphalt,1,0,43.6808,142.4410,43.6606,142.4540,154
RJEO,13,31,4922,147,Asphalt,1,0,42.0750,139.4250,42.0682,139.4410,121
RJER,07,25,5906,148,Asphalt,1,0,45.2376,141.1780,45.2464,141.1970,57
RJFA,12,30,5380,150,Asphalt,1,0,33.8859,130.6460,33.8795,130.6620,116
RJFC,14,32,4921,148,Asphalt,1,0,30.3902,130.6540,30.3809,130.6650,134
RJFE,03,21,6561,150,Asphalt,1,0,32.6581,128.8280,32.6744,128.8370,26
RJFF,16L,34R,9186,197,Asphalt,1,0,33.5969,130.4430,33.5750,130.4580,150
RJFF,16R,34L,8202,197,Asphalt,1,0,33.5960,130.4412,33.5764,130.4546,
RJFG,13,31,6544,147,Asphalt,1,0,30.6100,130.9820,30.6001,131.0000,123
RJFK,16,34,9840,150,Asphalt,1,0,31.8151,130.7110,31.7917,130.7270,150
RJFM,09,27,8200,150,Asphalt,1,0,31.8762,131.4350,31.8781,131.4620,85
RJFN,10,28,8860,150,Concrete,1,0,32.0863,131.4380,32.0813,131.4660,102
RJFO,01,19,9840,150,Asphalt,1,0,33.4660,131.7370,33.4930,131.7370,0
RJFR,18,36,8202,197,Asphalt,1,0,33.8566,131.0327,33.8345,131.0373,170
RJFS,11,29,6562,148,Asphalt,1,0,33.1512,130.2920,33.1483,130.3130,99
RJFT,07,25,9840,150,Asphalt,1,0,32.8315,130.8410,32.8431,130.8700,65
RJFU,14,32,9840,200,Asphalt,1,0,32.9270,129.9030,32.9069,129.9240,138
RJFU,18,36,4350,100,Asphalt,1,1,32.9340,129.9330,32.9221,129.9340,174
RJFY,08L,26R,3937,131,Concrete,0,0,31.3676,130.8300,31.3696,130.8420,79
RJFY,08R,26L,7382,148,Concrete,1,0,31.3649,130.8270,31.3686,130.8510,79
RJFZ,07,25,7870,150,Concrete,1,0,33.6818,131.0290,33.6891,131.0530,70
RJGG,18,36,11483,197,Permeable,1,0,34.8739,136.8020,34.8429,136.8090,169
RJKA,03,21,6560,150,Asphalt,1,0,28.4225,129.7080,28.4387,129.7170,26
RJKB,04,22,4430,147,Asphalt,1,0,27.4258,128.7010,27.4348,128.7080,34
RJKI,07,25,4307,98,Asphalt,1,0,28.3184,129.9210,28.3233,129.9330,66
RJKN,01,19,6561,150,Asphalt,1,0,27.8274,128.8800,27.8454,128.8820,6
RJNA,16,34,8990,150,Asphalt,1,0,35.2664,136.9170,35.2445,136.9310,153
RJNF,18,36,4329,100,Asphalt,1,0,36.1488,136.2230,36.1369,136.2240,176
RJNG,10,28,8860,150,Concrete,1,0,35.3946,136.8550,35.3936,136.8840,92
RJNH,09,27,8366,148,Concrete,1,0,34.7504,137.6890,34.7501,137.7170,91
RJNK,06,24,8860,150,Permeable,1,1,36.3870,136.3950,36.4008,136.4200,56
RJNK,06T,24T,8876,148,Asphalt,1,0,36.3877,136.3940,36.4015,136.4190,56
RJNO,07,25,,,,0,0,,,,,
RJNO,08,26,6531,148,Asphalt,1,0,36.1750,133.3130,36.1840,133.3320,60
RJNS,12,30,7218,197,asphalt concrete,0,0,,,,,128
RJNT,02,20,6562,150,Asphalt,1,0,36.6397,137.1850,36.6572,137.1900,14
RJNW,07,25,6562,148,Asphalt,1,0,37.2896,136.9520,37.2967,136.9720,67
RJNY,09,27,4920,150,Asphalt,1,0,34.8123,138.2900,34.8130,138.3060,87
RJOA,10,28,9842,200,Asphalt,1,0,34.4360,132.9030,34.4360,132.9360,90
RJOB,07,25,9843,150,Asphalt,1,0,34.7500,133.8410,34.7639,133.8700,59
RJOC,07,25,6562,148,Asphalt,1,0,35.4091,132.8800,35.4183,132.8990,59
RJOF,01,19,3871,197,Asphalt,1,0,34.0274,131.5490,34.0380,131.5490,359
RJOF,12,30,4856,148,Concrete,1,0,34.0380,131.5370,34.0337,131.5520,109
RJOH,07,25,8202,98,Asphalt,1,0,35.4875,133.2260,35.4954,133.2460,64
RJOI,02,20,8000,150,Concrete,1,0,34.1340,132.2448,34.1558,132.2490,9
RJOI,02R,20L,1200,150,Concrete,0,0,34.1396,132.2370,34.1428,132.2370,9
RJOK,14,32,8203,148,Asphalt,1,0,33.5533,133.6590,33.5387,133.6800,131
RJOM,14,32,8200,150,Asphalt,1,0,33.8346,132.6890,33.8199,132.7100,131
RJOO,14L,32R,5997,150,Asphalt,1,0,34.7953,135.4290,34.7836,135.4430,135
RJOO,14R,32L,9840,200,Concrete,1,0,34.7913,135.4290,34.7722,135.4520,135
RJOR,10,28,6562,150,Asphalt,1,0,35.5306,134.1540,35.5295,134.1760,94
RJOS,11,29,6560,150,Asphalt,1,0,34.1347,134.5960,34.1309,134.6170,102
RJOT,08,26,8200,200,Asphalt,1,0,34.2107,134.0030,34.2174,134.0290,73
RJOW,11,29,6562,148,Asphalt,1,0,34.6787,131.7800,34.6741,131.8010,105
RJOY,09,27,4890,150,Asphalt,1,0,34.5956,135.5890,34.5964,135.6060,87
RJOY,13,31,3940,100,Asphalt,0,0,34.6007,135.5960,34.5942,135.6060,127
RJOZ,12,30,2950,150,Permeable,1,0,34.0460,131.0500,34.0426,131.0590,114
RJOZ,17,35,3940,200,Asphalt,1,0,34.0549,131.0480,34.0448,131.0520,161
RJSA,06,24,9846,200,Asphalt,1,0,40.7249,140.6750,40.7416,140.7030,52
RJSC,01,19,6560,150,Asphalt,1,0,38.4029,140.3700,38.4208,140.3730,7
RJSD,10,28,3390,85,Asphalt,1,0,38.0607,138.4080,38.0597,138.4200,96
RJSF,01,19,8202,197,Asphalt,1,0,37.2162,140.4270,37.2387,140.4290,2
RJSH,06,24,2548,45,Asphalt,0,0,40.5541,141.4610,40.5587,141.4670,48
RJSH,07,25,7380,148,Asphalt,1,0,40.5476,141.4550,40.5566,141.4790,64
RJSH,12,30,1180,50,Asphalt,0,0,40.5592,141.4680,40.5581,141.4720,109
RJSI,02,20,8202,148,Asphalt,1,0,39.4177,141.1330,39.4398,141.1380,11
RJSK,10,28,8200,200,Asphalt,1,0,39.6169,140.2040,39.6143,140.2330,97
RJSM,10,28,10000,150,Asphalt,1,0,40.7044,141.3500,40.7020,141.3860,95
RJSN,04,22,4300,150,Asphalt,1,0,37.9483,139.1150,37.9583,139.1230,32
RJSN,10,28,8200,150,Asphalt,1,0,37.9568,139.0960,37.9558,139.1240,93
RJSR,11,29,6562,148,Asphalt,1,0,40.1934,140.3600,40.1903,140.3830,100
RJSS,09,27,9842,150,Asphalt,1,0,38.1388,140.8990,38.1423,140.9330,83
RJSS,12,30,3940,150,Asphalt,1,0,38.1395,140.9150,38.1344,140.9270,118
RJST,07,25,8860,150,Concrete,1,0,38.3952,141.1980,38.4081,141.2250,58
RJST,15,33,4920,150,Concrete,0,0,38.4137,141.2100,38.4034,141.2210,140
RJSY,09,27,6560,150,Asphalt,1,0,38.8107,139.7760,38.8140,139.7990,79
RJTA,01,19,8000,150,Concrete,1,0,35.4436,139.4500,35.4656,139.4500,359
RJTC,01,19,2953,,,0,0,,,,,
RJTE,09,27,984,148,Concrete,1,0,34.9869,139.8270,34.9871,139.8310,85
RJTF,17,35,2625,,Asphalt,0,0,,,,,
RJTH,08,26,6563,148,Asphalt,1,0,33.1120,139.7760,33.1183,139.7960,70
RJTJ,17,35,6562,148,Asphalt,1,0,35.8500,139.4070,35.8332,139.4150,160
RJTK,02,20,6004,150,Asphalt,1,0,35.3903,139.9070,35.4062,139.9130,15
RJTL,01,19,7380,150,Concrete,1,0,35.7888,140.0120,35.8091,140.0120,359
RJTO,03,21,5905,150,Asphalt,1,0,34.7742,139.3570,34.7897,139.3640,20
RJTQ,02,20,4350,100,Asphalt,1,0,34.0664,139.5580,34.0779,139.5620,17
RJTR,02,20,1910,52,Asphalt,1,0,35.5112,139.3930,35.5164,139.3940,9
RJTT,04,22,8202,200,Asphalt,1,0,35.5490,139.7613,35.5675,139.7771,35
RJTT,05,23,8202,200,Asphalt,1,0,35.5240,139.8035,35.5406,139.8221,57
RJTT,16L,34R,11024,200,Asphalt,1,0,35.5659,139.7866,35.5397,139.8051,150
RJTT,16R,34L,9843,200,Asphalt,1,0,35.5605,139.7687,35.5366,139.7857,150
RJTU,01,19,5570,150,Concrete,0,0,36.5069,139.8700,36.5222,139.8720,4
RJTY,18,36,11000,200,Concrete,1,0,35.7634,139.3450,35.7336,139.3520,170
RKJB,01,19,9186,,Concrete,1,0,34.9788,126.3829,35.0040,126.3827,14
RKJJ,04L,22R,9300,150,Concrete,1,0,35.1157,126.8000,35.1373,126.8170,32
RKJJ,04R,22L,9300,150,Concrete,1,0,35.1148,126.8020,35.1369,126.8180,30
RKJK,18,36,9000,150,Concrete,1,0,35.9159,126.6130,35.8916,126.6190,169
RKJM,06,24,5249,98,Asphalt,1,0,34.7543,126.3730,34.7635,126.3870,50
RKJU,07,25,4800,100,Asphalt,0,0,35.8760,127.1120,35.8809,127.1270,69
RKJY,17,35,6890,148,Asphalt,1,0,34.8511,127.6130,34.8336,127.6210,158
RKNN,08,26,9000,150,Concrete,1,0,37.7490,128.9290,37.7581,128.9580,68
RKNW,03,21,9000,150,Concrete,1,0,37.4270,127.9540,37.4491,127.9670,26
RKNY,15,33,8202,148,Concrete,1,0,38.0701,128.6600,38.0526,128.6780,141
RKPC,07,25,10433,148,Asphalt,1,0,33.5004,126.4690,33.5145,126.4970,59
RKPC,13,31,6268,148,Asphalt,1,0,33.5155,126.4870,33.5055,126.5040,126
RKPD,01,19,7589,149,Asphalt,1,0,33.3829,126.7120,33.4037,126.7120,360
RKPD,15,33,4974,80,Asphalt,0,0,33.4039,126.7080,33.3931,126.7180,142
RKPE,18,36,3766,78,Asphalt,1,0,35.1458,128.6950,35.1361,128.6970,169
RKPK,18L,36R,9007,150,Asphalt,1,0,35.1941,128.9370,35.1695,128.9410,174
RKPK,18R,36L,10499,197,Concrete,1,0,35.1939,128.9350,35.1652,128.9390,174
RKPS,06L,24R,9000,150,Concrete,1,0,35.0822,128.0570,35.0962,128.0820,55
RKPS,06R,24L,9000,150,Concrete,1,0,35.0813,128.0600,35.0952,128.0850,56
RKPU,18,36,6561,148,Asphalt,1,0,35.6025,129.3510,35.5845,129.3520,176
RKRA,18,36,3915,115,Asphalt,0,0,37.8358,126.9890,37.8251,126.9900,177
RKRB,17,35,1608,92,Asphalt,1,0,37.4769,126.7460,37.4730,126.7480,163
RKRG,15,33,1600,100,Asphalt,0,0,37.5033,127.6280,37.4997,127.6310,146
RKRK,16,34,1515,76,Concrete,1,0,37.8136,127.3560,37.8097,127.3580,160
RKRN,10L,28R,5314,98,Concrete,1,0,37.1974,127.4660,37.1975,127.4840,90
RKRN,10R,28L,1640,98,Concrete,1,0,37.1964,127.4710,37.1964,127.4760,90
RKRP,16,34,1620,55,Asphalt,0,0,37.7646,126.7920,37.7606,126.7940,155
RKRS,14,32,3680,64,Asphalt,0,0,,,,,
RKSG,14,32,8217,150,Asphalt,1,0,36.9697,127.0210,36.9548,127.0420,132
RKSI,15L,33R,12303,197,Asphalt,1,0,37.4839,126.4400,37.4564,126.4650,145
RKSI,15R,33L,12303,197,Asphalt,1,0,37.4818,126.4360,37.4542,126.4610,145
RKSI,16L,34R,13123,197,Asphalt,1,0,37.4727,126.4156,37.4434,126.4417,145
RKSI,16R,34L,12303,197,Asphalt,1,0,37.4687,126.4134,37.4413,126.4379,145
RKSM,01,19,9000,150,Concrete,1,0,37.4339,127.1160,37.4588,127.1160,359
RKSM,02,20,9700,150,Concrete,1,0,37.4325,127.1110,37.4588,127.1150,8
RKSO,09L,27R,9004,150,Concrete,1,0,37.0912,127.0140,37.0938,127.0447,84
RKSO,09R,27L,9004,150,Concrete,1,0,37.0893,127.0142,37.0919,127.0449,84
RKSS,14L,32R,11811,148,Asphalt,1,0,37.5703,126.7780,37.5474,126.8070,135
RKSS,14R,32L,10499,197,Asphalt,1,0,37.5680,126.7760,37.5476,126.8010,135
RKSW,15L,33R,9000,150,Asphalt,1,0,37.2496,126.9980,37.2301,127.0170,142
RKSW,15R,33L,9000,150,Asphalt,1,0,37.2487,126.9970,37.2292,127.0160,142
RKSW,16,34,7535,143,Asphalt,0,0,37.2371,127.0200,37.2179,127.0290,158
RKTA,16,34,3871,82,,0,0,,,,,158
RKTE,16,34,4000,120,Concrete,1,0,36.5732,127.4970,36.5631,127.5030,157
RKTH,10,28,7000,150,Concrete,1,0,35.9877,129.4090,35.9880,129.4320,89
RKTI,18L,36R,9021,200,Concrete,1,0,37.0424,127.8850,37.0177,127.8880,176
RKTI,18R,36L,9330,120,Concrete,1,0,37.0427,127.8830,37.0172,127.8850,176
RKTN,13L,31R,9000,150,Concrete,1,0,35.9016,128.6470,35.8876,128.6720,124
RKTN,13R,31L,9039,150,Concrete,1,0,35.9006,128.6460,35.8867,128.6710,124
RKTP,03L,21R,9000,150,Concrete,1,0,36.6940,126.4790,36.7163,126.4910,25
RKTP,03R,21L,9000,150,Concrete,1,0,36.6932,126.4810,36.7156,126.4940,25
RKTU,06L,24R,9000,200,Concrete,1,0,36.7101,127.4870,36.7253,127.5110,52
RKTU,06R,24L,9000,150,Concrete,1,0,36.7079,127.4880,36.7229,127.5110,52
RKTY,10,28,9000,150,Concrete,1,0,36.6317,128.3400,36.6322,128.3700,89
RKUC,14,32,3100,120,Asphalt,1,0,36.5745,127.2920,36.5686,127.2990,133
RKUL,11L,29R,3937,150,Concrete,1,0,36.2707,127.1070,36.2682,127.1200,104
RKUL,11R,29L,1476,105,Concrete,1,0,36.2693,127.1080,36.2679,127.1130,110
RKUY,09,27,1047,100,Concrete,0,0,,,,,
ROAH,18L,36R,9840,150,Asphalt,1,0,26.2093,127.6450,26.1823,127.6460,177
ROAH,18R,36L,8858,197,Asphalt,0,0,26.2031,127.6320,26.1787,127.6340,177
RODE,04,22,4780,150,Coral,0,0,26.7209,127.7590,26.7322,127.7710,42
RODE,05,23,1200,180,Matting,0,0,26.7298,127.7570,26.7322,127.7600,43
RODN,05L,23R,12100,300,Asphalt,1,0,26.3462,127.7510,26.3672,127.7800,51
RODN,05R,23L,12100,200,Concrete,1,0,26.3440,127.7550,26.3650,127.7840,51
ROIG,04,22,6562,148,Concrete,1,0,,,,,
ROKJ,03,21,6562,148,Asphalt,1,0,26.3551,126.7100,26.3719,126.7170,21
ROKR,02,20,2625,82,ASPH-CONC,0,0,,,,,
ROMD,02,20,4921,148,Asphalt,1,0,25.8400,131.2610,25.8530,131.2660,16
ROMY,04,22,6560,150,Asphalt,1,0,24.7757,125.2890,24.7899,125.3010,38
RORA,01,19,2625,,,0,0,,,,,
RORE,04,22,4920,150,Asphalt,0,0,26.7176,127.7810,26.7281,127.7910,39
RORE,05,23,4961,92,,0,1,26.7166,127.7730,26.7266,127.7830,42
RORH,02,20,2625,,,0,0,,,,,
RORK,03,21,4921,148,Asphalt,1,0,25.9380,131.3200,25.9498,131.3280,29
RORS,17,35,9842,200,Asphalt,1,0,24.8400,125.1410,24.8138,125.1490,166
RORT,18,36,4921,148,Asphalt,1,0,24.6606,124.6740,24.6472,124.6760,172
RORY,14,32,4340,100,Asphalt,1,0,27.0484,128.3970,27.0395,128.4060,138
ROTM,06,24,9000,150,Asphalt,1,0,26.2669,127.7450,26.2814,127.7680,55
ROYN,08,26,4920,150,Asphalt,1,0,24.4652,122.9710,24.4687,122.9850,75
RPEN,15,33,3280,,Concrete,0,0,,,,,
RPLA,01,19,3937,98,Concrete,0,0,12.9805,121.4250,12.9913,121.4270,6
RPLB,07,25,9003,148,Asphalt,1,0,14.7897,120.2600,14.7992,120.2830,67
RPLC,02L,20R,10499,148,Concrete,0,1,15.1706,120.5520,15.1976,120.5630,21
RPLC,02R,20L,10499,197,Concrete,1,0,15.1744,120.5580,15.2014,120.5690,21
RPLE,05,23,5010,100,Concrete,0,0,14.4137,122.0348,14.4240,122.0444,41
RPLH,04,22,6890,148,Concrete,1,0,,,,,
RPLI,01,19,9120,148,Concrete,1,0,18.1636,120.5300,18.1886,120.5320,5
RPLJ,05,23,3400,200,unpaved,0,0,14.7006,122.3264,14.7061,122.3336,53
RPLK,05,23,8202,148,Permeable,1,0,,,,,
RPLL,06,24,12261,197,Concrete,1,0,14.4978,121.0000,14.5145,121.0300,60
RPLL,13,31,7408,148,Concrete,1,0,14.5242,121.0030,14.5098,121.0180,135
RPLN,02,20,3280,,Macadam,0,0,,,,,
RPLS,07,25,7769,150,Asphalt,0,0,14.4913,120.8940,14.4994,120.9140,68
RPLT,18,36,2628,,Concrete,0,0,,,,,
RPLU,07,25,4135,100,Asphalt,0,0,13.8531,120.1000,13.8578,120.1110,65
RPLV,05,23,5249,78,Asphalt,0,0,15.4301,121.0860,15.4393,121.0970,49
RPMA,16,34,4396,59,Asphalt,0,0,6.3719,124.7490,6.3609,124.7540,155
RPMB,01,19,5577,98,Asphalt,0,0,6.0990,125.2330,6.1139,125.2370,15
RPMC,10,28,6234,148,Asphalt,1,0,7.1673,124.2010,7.1632,124.2180,104
RPMD,05,23,9842,148,Asphalt,1,0,7.1167,125.6350,7.1344,125.6560,49
RPME,12,30,6877,148,Concrete,1,0,8.9553,125.4700,8.9474,125.4860,117
RPMF,05,23,3937,98,Concrete,0,0,8.1926,126.3170,8.1993,126.3260,52
RPMG,02,20,6273,98,Concrete,1,0,8.5930,123.3320,8.6095,123.3370,18
RPMH,07,25,3945,98,Asphalt,0,0,9.2517,124.7020,9.2553,124.7120,71
RPMI,02,20,4593,60,Concrete,0,0,8.1246,124.2130,8.1364,124.2170,20
RPMJ,09,27,4144,98,Asphalt,0,0,6.0535,121.0050,6.0538,121.0170,89
RPML,01,19,8050,118,Asphalt,1,0,8.4048,124.6090,8.4264,124.6140,13
RPMN,02,20,6102,98,Permeable,0,0,5.0404,119.7410,5.0536,119.7450,18
RPMO,03,21,5720,148,Permeable,0,0,8.1719,123.8370,8.1851,123.8460,33
RPMP,02,20,6574,147,Asphalt,0,0,7.8197,123.4560,7.8346,123.4600,17
RPMQ,14,32,5330,105,Concrete,0,0,6.9549,126.2680,6.9439,126.2780,139
RPMR,17,35,10587,148,Concrete,1,0,6.0726,125.0940,6.0436,125.0980,173
RPMS,18,36,5603,98,Concrete,1,0,9.7652,125.4780,9.7499,125.4800,172
RPMW,03,21,4765,98,Concrete,0,0,9.0662,126.1690,9.0780,126.1740,26
RPMY,09,27,6890,148,Concrete,1,0,8.6115,124.4470,8.6129,124.4660,86
RPMZ,09,27,8560,144,Asphalt,1,0,6.9232,122.0480,6.9216,122.0710,94
RPNS,01,19,4167,98,Concrete,0,0,9.8535,126.0130,9.8647,126.0150,10
RPSB,16,34,3529,58,Concrete,0,0,,,,,
RPSM,16,34,3642,98,Concrete,0,0,10.1922,124.7810,10.1825,124.7840,165
RPSP,03,21,8202,,Asphalt,0,0,,,,,
RPSV,04,22,5915,,Concrete,0,0,,,,,
RPUA,13,31,,,,0,0,,,,,
RPUB,09,27,5912,115,Concrete,1,0,16.3749,120.6110,16.3753,120.6280,88
RPUD,06,24,3773,98,Asphalt,0,0,14.1265,122.9760,14.1318,122.9850,58
RPUF,03,21,8433,140,Asphalt,1,0,14.9763,120.4870,14.9968,120.4980,27
RPUG,08,26,3422,98,Asphalt,0,0,16.0335,120.2360,16.0361,120.2460,74
RPUH,10,28,6024,98,Concrete,1,0,12.3637,121.0380,12.3594,121.0550,105
RPUI,14,32,2970,99,Paved,0,0,,,,,14
RPUL,03,21,4953,148,Permeable,1,0,13.9492,121.1210,13.9609,121.1290,31
RPUM,16,34,4265,98,Asphalt,1,0,13.2138,120.6040,13.2024,120.6070,165
RPUN,04,22,4599,98,Concrete,1,0,13.5804,123.2660,13.5894,123.2750,45
RPUO,06,24,4101,98,Asphalt,0,0,20.4483,121.9750,20.4544,121.9840,55
RPUQ,02,20,3890,90,Asphalt,0,0,17.5502,120.3540,17.5605,120.3570,15
RPUR,05,23,3937,98,Asphalt,1,0,15.7265,121.4960,15.7332,121.5040,50
RPUS,01,19,3937,98,Concrete,0,0,16.5902,120.3030,16.6010,120.3040,5
RPUT,17,35,6455,98,Concrete,1,0,17.6525,121.7330,17.6349,121.7350,172
RPUV,06,24,5118,98,Concrete,1,0,13.5729,124.1990,13.5800,124.2120,60
RPUW,16,34,4785,95,Asphalt,1,0,13.3672,121.8230,13.3547,121.8280,162
RPUX,17,35,2953,30,Paved,0,0,,,,,
RPUY,12,30,6890,118,Concrete,1,0,16.9337,121.7470,16.9229,121.7630,126
RPUZ,09,27,3937,95,Composite,0,0,16.6191,121.2470,16.6193,121.2580,89
RPVA,18,36,7014,148,Asphalt,1,0,11.2373,125.0280,11.2180,125.0270,184
RPVB,03,21,6562,148,Concrete,1,0,,,,,
RPVC,17,35,4843,98,Concrete,1,0,12.0792,124.5430,12.0662,124.5470,166
RPVD,09,27,6220,118,Asphalt,1,0,9.3344,123.2974,9.3337,123.3105,93
RPVE,06,24,5905,98,Concrete,0,0,11.9226,121.9500,11.9265,121.9580,64
RPVF,04,22,4429,98,Concrete,0,0,12.4980,124.6310,12.5068,124.6400,44
RPVG,07,25,7919,148,Asphalt,0,0,11.0317,125.7330,11.0394,125.7500,66
RPVI,02,20,8202,148,Asphalt,1,0,10.8223,122.4894,10.8436,122.4973,24
RPVJ,04,22,4199,98,ASP/CON,0,0,12.3651,123.6260,12.3737,123.6330,38
RPVK,05,23,7175,148,Concrete,1,0,11.6729,122.3690,11.6860,122.3840,49
RPVM,04L,22R,8399,148,Concrete,0,0,10.3025,123.9717,10.3189,123.9881,44
RPVM,04R,22L,10860,148,Asphalt,1,0,10.2970,123.9688,10.3182,123.9901,45
RPVO,18,36,6120,118,Concrete,0,0,11.0664,124.5660,11.0496,124.5650,184
RPVP,09,27,8530,148,Concrete,1,0,9.7426,118.7470,9.7416,118.7710,93
RPVR,14,32,6201,148,Concrete,1,0,11.6047,122.7470,11.5907,122.7570,145
RPVS,18,36,3937,98,Permeable,0,0,10.7715,121.9330,10.7606,121.9330,180
RPVU,03,21,4560,98,Permeable,0,0,12.3053,122.0820,12.3166,122.0870,25
RPVV,08,26,3300,98,Composite,0,0,12.1210,120.0950,12.1219,120.1050,84
RPVW,02,20,3935,95,Concrete,0,0,11.6693,125.4770,11.6794,125.4810,21
SAAA,6,24,2953,75,Gravel,0,1,,,,,
SAAC,4,22,5249,98,Asphalt,1,0,-31.3033,-58.0006,-31.2905,-57.9927,28
SAAG,03,21,,,,0,0,,,,,
SAAG,1,19,4364,98,Asphalt,1,0,-33.0117,-58.6138,-32.9998,-58.6134,1
SAAN,13,31,2854,75,Gravel,0,0,-33.9142,-60.6563,-33.9193,-60.6498,133
SAAN,4,22,3937,98,Asphalt,1,0,-33.9228,-60.6524,-33.9151,-60.6435,44
SAAP,1,19,6890,148,Asphalt,1,0,-31.8041,-60.4820,-31.7854,-60.4787,8
SAAR,02,20,9842,148,Concrete,1,0,-32.9168,-60.7876,-32.8903,-60.7816,10
SAAU,18,36,3904,98,Gravel,0,0,,,,,
SAAV,3,21,7628,98,Asphalt,1,0,-31.7204,-60.8161,-31.7011,-60.8066,24
SABE,13,31,7710,148,Permeable,1,0,-34.5539,-58.4251,-34.5645,-58.4061,124
SACA,16,34,4232,98,Asphalt,1,0,-31.4365,-64.2607,-31.4473,-64.2558,159
SACC,14,32,4101,148,Gravel,0,0,,,,,
SACD,05,23,3806,164,Gravel,0,0,,,,,
SACE,02,20,4400,160,Asphalt,0,0,,,,,
SACE,07,25,5134,147,Dirt,0,0,,,,,
SACO,01,19,10499,148,Concrete,1,0,-31.3244,-64.2080,-31.2958,-64.2081,358
SACO,05,23,7218,148,Asphalt,1,0,-31.3248,-64.2093,-31.3089,-64.1912,43
SACV,3,21,3609,98,Gravel,0,0,,,,,
SADF,5,23,5909,98,Asphalt,1,0,-34.4598,-58.5971,-34.4474,-58.5828,44
SADJ,16,34,7874,131,Asphalt,1,1,-34.5504,-58.7940,-34.5709,-58.7852,161
SADL,14,32,3904,75,Asphalt,0,1,-34.9703,-57.9015,-34.9801,-57.8911,139
SADL,2,20,4682,148,Asphalt,1,0,-34.9755,-57.8950,-34.9630,-57.8912,14
SADM,02,20,9350,131,Asphalt,0,0,-34.6888,-58.6464,-34.6638,-58.6391,13
SADO,18,36,5905,98,Asphalt,1,0,-34.5265,-58.6723,-34.5424,-58.6712,177
SADP,17,35,6923,147,Concrete,1,0,-34.6012,-58.6170,-34.6187,-58.6082,165
SADQ,18,36,3281,98,Gravel,0,0,,,,,
SADZ,17,35,3396,164,Gravel,0,0,,,,,
SADZ,9,27,2133,75,Gravel,0,0,,,,,
SAEA,4,22,2953,75,Asphalt,0,0,,,,,
SAEL,1,19,3281,98,Gravel,0,0,,,,,
SAEL,9,27,3609,98,Gravel,0,0,,,,,
SAET,2,20,3934,98,Asphalt,0,0,-35.9765,-62.7748,-35.9664,-62.7701,21
SAEZ,11,29,10827,197,Asphalt,1,0,-34.8191,-58.5535,-34.8254,-58.5182,102
SAEZ,17,35,10187,148,Asphalt,1,0,-34.8083,-58.5339,-34.8352,-58.5246,164
SAFR,01L,19R,3632,144,Gravel,0,0,-31.2860,-61.5101,-31.2762,-61.5079,11
SAFR,01R,19L,3691,75,Concrete,1,0,-31.2875,-61.5029,-31.2775,-61.5006,11
SAFR,6,24,3606,138,Gravel,0,0,-31.2857,-61.5110,-31.2799,-61.5017,54
SAFS,11,29,6562,98,Concrete,1,0,,,,,
SAHC,12,30,4921,98,Asphalt,0,0,-37.4408,-70.2295,-37.4486,-70.2154,125
SAHE,4,22,5249,98,Gravel,0,0,,,,,
SAHR,9,27,7073,148,Asphalt,1,0,-38.9999,-67.6329,-39.0014,-67.6081,94
SAHS,10,28,4921,98,Asphalt,1,0,-37.3891,-68.9128,-37.3921,-68.8956,102
SAHZ,9,27,7218,131,Asphalt,0,0,-38.9741,-70.1262,-38.9769,-70.1010,98
SAMA,17,35,4921,98,Gravel,0,0,,,,,
SAME,18,36,9301,177,Concrete,1,0,-32.8192,-68.7927,-32.8443,-68.7931,181
SAMM,14,32,8694,98,Asphalt,1,0,-35.4839,-69.5828,-35.5033,-69.5658,145
SAMM,9,27,4757,66,Asphalt,1,0,-35.4841,-69.5829,-35.4858,-69.5637,96
SAMR,11,29,6923,98,Asphalt,1,0,-34.5845,-68.4155,-34.5913,-68.3911,108
SANC,02,20,9186,98,Asphalt,1,0,-28.6078,-65.7546,-28.5833,-65.7487,18
SANE,3,21,7946,148,Asphalt,0,0,-27.7753,-64.3158,-27.7560,-64.3044,28
SANL,3,21,9383,98,Asphalt,1,0,-29.3929,-66.8028,-29.3703,-66.7888,28
SANO,17,35,6890,112,Asphalt,0,0,-29.2145,-67.4401,-29.2333,-67.4375,173
SANR,01,19,8232,98,Asphalt,0,0,-27.5081,-64.9366,-27.4855,-64.9361,8
SANT,02,20,11483,148,Concrete,1,0,-26.8538,-65.1073,-26.8280,-65.1023,10
SANU,18,36,8071,148,Asphalt,1,0,-31.5604,-68.4183,-31.5826,-68.4181,180
SANW,5,23,4429,148,Gravel,0,0,,,,,
SAOC,05,23,7431,148,Asphalt,0,0,-33.0995,-64.2778,-33.0849,-64.2608,178
SAOC,18,36,6808,131,Asphalt,0,0,-33.0836,-64.2615,-33.1023,-64.2612,
SAOD,02,20,3122,131,Gravel,1,1,-31.9511,-65.1500,-31.9428,-65.1474,15
SAOD,17,35,4593,75,Asphalt,1,0,-31.9388,-65.1468,-31.9515,-65.1457,176
SAOE,18,36,3182,98,Gravel,0,0,,,,,
SAOL,16,34,8769,95,Asphalt,0,0,-22.1509,-65.5776,-22.1730,-65.5666,155
SAOM,7,25,3937,98,Asphalt,1,0,-32.6856,-62.1638,-32.6817,-62.1518,69
SAOR,10,28,7874,148,Asphalt,1,0,-33.7298,-65.3885,-33.7339,-65.3630,101
SAOR,6,24,7874,164,Asphalt,1,0,-33.7309,-65.3891,-33.7195,-65.3671,58
SAOS,2,20,8366,148,Concrete,1,0,-32.3956,-65.1898,-32.3737,-65.1833,14
SAOU,19,01,9678,98,Asphalt,1,0,-33.2600,-66.3546,-33.2864,-66.3583,187
SARC,2,20,6890,148,Concrete,1,0,-27.4548,-58.7633,-27.4362,-58.7604,8
SARE,3,21,9088,148,Asphalt,1,0,-27.4617,-59.0611,-27.4383,-59.0511,21
SARF,4,22,5905,131,Asphalt,1,0,-26.2201,-58.2319,-26.2054,-58.2243,25
SARI,13,31,10827,148,Asphalt,1,0,-25.7310,-54.4884,-25.7435,-54.4585,115
SARL,18,36,7415,148,Asphalt,1,0,-29.6793,-57.1539,-29.6995,-57.1502,171
SARM,18,36,4068,98,Gravel,0,0,-30.2667,-57.6409,-30.2771,-57.6395,173
SARM,18L,36R,4323,98,Gravel,0,0,-30.2646,-57.6399,-30.2764,-57.6385,173
SARP,02,20,7388,98,Asphalt,1,0,-27.3960,-55.9706,-27.3757,-55.9709,359
SARS,03,21,5905,108,Concrete,1,0,,,,,30
SARV,13,31,3937,98,Gravel,0,0,,,,,
SASA,02,20,9842,148,Asphalt,1,0,-24.8728,-65.4899,-24.8464,-65.4841,11
SASA,06,24,7874,98,Asphalt,1,0,-24.8581,-65.4896,-24.8448,-65.4708,52
SASJ,16,34,9698,131,Asphalt,1,0,-24.3812,-65.1051,-24.4043,-65.0906,149
SASO,1,19,4839,98,Asphalt,1,0,-23.1593,-64.3305,-23.1462,-64.3281,10
SASQ,16,34,8858,98,Asphalt,0,0,-22.1511,-65.5756,-22.1736,-65.5642,154
SAST,02,20,4921,98,Asphalt,0,0,-22.6264,-63.7946,-22.6130,-63.7927,7
SATC,1,19,3937,98,Gravel,0,0,,,,,
SATD,1,19,4695,98,Asphalt,0,0,-26.4039,-54.5742,-26.3911,-54.5750,357
SATG,4,22,7415,148,Asphalt,1,0,-29.1141,-59.2258,-29.0980,-59.2115,38
SATI,2,20,2297,98,Gravel,0,0,,,,,
SATM,03,21,5909,98,Asphalt,0,0,,,,,
SATO,17,35,5905,98,Asphalt,0,0,-27.5104,-55.1271,-27.5259,-55.1212,161
SATR,02,20,4101,112,Concrete,1,0,-29.2102,-59.6909,-29.1989,-59.6892,7
SATR,10,28,9186,164,Concrete,1,0,-29.2104,-59.6943,-29.2102,-59.6655,90
SATU,01,19,7054,98,Asphalt,1,0,-29.7801,-57.9790,-29.7607,-57.9786,1
SAVA,5,23,3494,66,Gravel,0,0,,,,,
SAVB,18,36,4265,98,Asphalt,0,0,-41.9378,-71.5317,-41.9494,-71.5341,189
SAVC,7,25,9219,164,Concrete,1,0,-45.7878,-67.4834,-45.7829,-67.4477,79
SAVD,10,28,3478,98,Gravel,0,0,,,,,
SAVD,2,20,3150,98,Gravel,0,0,,,,,
SAVD,6,24,4961,98,Gravel,0,0,,,,,
SAVE,5,23,7874,131,Asphalt,1,0,-42.9098,-71.1480,-42.8980,-71.1233,57
SAVE,8,26,3937,98,Gravel,0,0,-42.9120,-71.1512,-42.9120,-71.1353,90
SAVH,9,27,4593,56,Asphalt,1,0,-46.5379,-68.9755,-46.5390,-68.9564,95
SAVJ,7,25,6890,98,Asphalt,0,0,-41.3225,-69.5872,-41.3193,-69.5626,80
SAVM,09,27,3219,98,Gravel,0,0,,,,,109
SAVM,14,32,3937,98,Gravel,0,1,,,,,
SAVN,12,30,5905,98,Asphalt,0,0,-40.7465,-65.0431,-40.7559,-65.0257,125
SAVQ,6,24,3773,98,Gravel,0,0,,,,,
SAVR,8,26,4593,131,Gravel,0,0,,,,,
SAVS,2,20,4593,98,Gravel,0,0,,,,,
SAVT,07,25,8399,148,Concrete,1,0,-43.2146,-65.2850,-43.2064,-65.2556,69
SAVV,10,28,8366,148,Asphalt,1,0,-40.8670,-63.0111,-40.8731,-62.9820,106
SAVV,2,20,4954,148,Asphalt,0,0,-40.8709,-63.0014,-40.8591,-62.9939,26
SAVY,5,23,8202,148,Asphalt,1,0,-42.7651,-65.1157,-42.7532,-65.0898,58
SAWB,06,24,4134,115,Gravel,0,0,-64.2401,-56.6432,-64.2365,-56.6185,72
SAWC,7,25,8366,148,Concrete,1,0,-50.2814,-72.0709,-50.2792,-72.0353,85
SAWD,6,24,4921,98,Asphalt,1,0,-47.7381,-65.9132,-47.7324,-65.8950,65
SAWE,7,25,6562,131,Asphalt,1,0,-53.7781,-67.7645,-53.7773,-67.7343,88
SAWG,08,26,9022,148,Concrete,1,0,-51.6095,-69.3267,-51.6076,-69.2871,86
SAWH,7,25,9186,148,Concrete,1,0,-54.8442,-68.3175,-54.8424,-68.2740,86
SAWJ,07,25,6562,131,Concrete,1,0,-49.3085,-67.8161,-49.3050,-67.7891,79
SAWM,9,27,4921,98,Gravel,0,0,,,,,
SAWP,07,25,2790,130,Gravel,0,0,-46.5361,-70.9819,-46.5357,-70.9708,87
SAWP,10,28,5577,98,Asphalt,1,0,-46.5352,-70.9890,-46.5408,-70.9684,112
SAWP,11,29,4405,100,Gravel,0,0,-46.5375,-70.9827,-46.5448,-70.9687,127
SAWR,9,27,4921,98,Gravel,0,0,,,,,
SAWS,6,24,3937,98,Gravel,0,0,,,,,
SAWS,9,27,4921,98,Gravel,0,0,,,,,
SAWT,06,24,6340,100,Asphalt,0,0,,,,,71
SAWT,14,32,3937,98,Gravel,0,1,,,,,
SAWT,18,36,3937,98,Gravel,0,1,,,,,
SAWU,07,25,6561,98,Asphalt,1,0,-50.0190,-68.5928,-50.0152,-68.5656,78
SAWU,08,26,3960,164,Gravel,0,1,-50.0193,-68.5914,-50.0197,-68.5746,92
SAWU,11,29,2977,150,Gravel,0,1,-50.0192,-68.5914,-50.0239,-68.5810,125
SAWU,17,35,4227,166,Gravel,0,1,-50.0131,-68.5825,-50.0246,-68.5822,179
SAWU,7Z,25Z,6562,98,Asphalt,0,1,-50.0233,-68.5847,-50.0076,-68.5602,45
SAZA,17,35,4593,98,Grass,0,0,-36.8308,-59.8818,-36.8428,-59.8798,
SAZA,9,27,1968,98,Grass,0,0,-36.8367,-59.8888,-36.8372,-59.8799,
SAZB,06,24,6496,98,Asphalt,1,0,-38.7275,-62.1806,-38.7188,-62.1607,61
SAZB,17L,35R,7907,148,Asphalt,1,0,-38.7167,-62.1574,-38.7375,-62.1496,164
SAZB,17R,35L,4915,98,Asphalt,0,0,-38.7197,-62.1843,-38.7327,-62.1796,164
SAZC,17,35,4265,98,Asphalt,1,0,-37.4403,-61.8907,-37.4520,-61.8879,170
SAZD,19,01,3799,98,Gravel,0,0,,,,,
SAZD,5,23,2821,98,Gravel,0,0,,,,,
SAZE,18,36,4856,98,Gravel,0,0,,,,,
SAZE,4,22,3642,98,Gravel,0,0,,,,,
SAZF,04,22,7218,148,Asphalt,1,0,-36.8975,-60.2247,-36.8826,-60.2085,42
SAZF,13,31,3478,148,Gravel,0,0,-36.8855,-60.2279,-36.8904,-60.2191,125
SAZG,03,21,2789,164,Gravel,0,0,-35.6956,-63.7684,-35.6892,-63.7635,32
SAZG,16,34,7710,148,Asphalt,1,0,-35.6862,-63.7628,-35.7062,-63.7538,160
SAZH,14,32,2953,75,Gravel,0,0,-38.3801,-60.3305,-38.3857,-60.3231,134
SAZH,18,36,3934,98,Asphalt,0,0,-38.3815,-60.3302,-38.3923,-60.3290,175
SAZH,4,22,2461,75,Gravel,0,0,-38.3903,-60.3280,-38.3857,-60.3224,43
SAZI,14,32,3689,85,Gravel,0,0,-36.1822,-61.0737,-36.1892,-61.0647,134
SAZI,2,20,3937,98,Asphalt,1,0,-36.1918,-61.0782,-36.1814,-61.0746,15
SAZJ,18,36,3478,98,Gravel,0,0,,,,,
SAZJ,8,26,3379,98,Gravel,0,0,,,,,
SAZL,17,35,4921,98,Asphalt,1,0,-36.5357,-56.7232,-36.5490,-56.7203,170
SAZM,13,31,7218,148,Asphalt,1,0,-37.9289,-57.5839,-37.9395,-57.5629,123
SAZN,9,27,8432,148,Asphalt,1,0,-38.9490,-68.1705,-38.9490,-68.1409,90
SAZO,13,31,2621,59,Gravel,0,0,-38.4897,-58.8143,-38.4943,-58.8072,130
SAZO,17,35,3609,98,Gravel,0,0,-38.4851,-58.8092,-38.4949,-58.8080,175
SAZO,18,36,4921,98,Asphalt,1,0,-38.4829,-58.8156,-38.4964,-58.8166,183
SAZP,18,36,4921,98,Asphalt,1,0,-35.8378,-61.8576,-35.8513,-61.8576,180
SAZQ,11,29,2231,98,Gravel,0,0,,,,,
SAZQ,5,23,4528,98,Gravel,0,0,,,,,
SAZR,1,19,7546,98,Asphalt,1,0,-36.5985,-64.2782,-36.5782,-64.2732,11
SAZS,11,29,7703,157,Asphalt,1,0,-41.1468,-71.1703,-41.1556,-71.1448,115
SAZT,1,19,8366,157,Concrete,1,0,-37.2457,-59.2299,-37.2229,-59.2274,5
SAZV,11,29,5220,92,Asphalt,1,0,-37.2336,-57.0394,-37.2370,-57.0194,102
SAZW,3,21,4052,98,Asphalt,0,0,-38.9446,-69.2735,-38.9358,-69.2643,39
SAZW,7,25,5558,98,Asphalt,1,0,-38.9406,-69.2743,-38.9388,-69.2550,83
SAZX,13,31,3934,98,Gravel,0,0,,,,,
SAZX,18,36,2621,98,Gravel,0,0,,,,,
SAZY,06,24,8205,148,Asphalt,0,0,-40.0796,-71.1509,-40.0712,-71.1236,68
SBAA,8,26,5906,98,Asphalt,0,0,,,,,
SBAC,09,27,5906,98,Asphalt,1,0,-4.5716,-37.8127,-4.5662,-37.7974,71
SBAE,17,35,6594,148,Asphalt,0,0,-22.1526,-49.0746,-22.1689,-49.0661,191
SBAF,8,26,6565,171,Concrete,0,0,,,,,
SBAM,7,25,5003,148,Asphalt,0,0,,,,,
SBAN,06L,24R,10827,148,Asphalt,0,0,,,,,
SBAN,06R,24L,7326,72,Asphalt,0,0,,,,,
SBAQ,17,35,5907,99,Asphalt,1,0,-21.8049,-48.1377,-21.8187,-48.1286,186
SBAR,12,30,7218,148,Asphalt,0,0,-10.9837,-37.0803,-10.9844,-37.0603,
SBAT,3,21,8202,98,Asphalt,0,0,,,,,
SBAU,5,23,6955,115,Asphalt,1,0,,,,,28
SBAX,16,34,6234,98,Asphalt,1,0,,,,,
SBBE,03,21,6004,148,Asphalt,0,0,-1.3906,-48.4772,-1.3741,-48.4757,5
SBBE,07,20,108,108,Concrete,0,1,,,,,
SBBE,07,25,9186,148,Asphalt,0,0,-1.3880,-48.4850,-1.3703,-48.4671,46
SBBG,14,32,3770,148,Grass,0,0,,,,,
SBBG,6,24,4921,98,Concrete,1,0,-31.3951,-54.1178,-31.3858,-54.1064,46
SBBH,13,31,8333,148,Asphalt,1,0,-19.8471,-43.9605,-19.8546,-43.9394,111
SBBI,18,36,4560,98,Asphalt,1,0,-25.3993,-49.2346,-25.4109,-49.2294,155
SBBP,16,34,3936,98,Asphalt,1,0,-22.9792,-46.5375,-22.9792,-46.5375,
SBBQ,18,36,5774,98,Asphalt,0,0,,,,,
SBBR,11L,29R,10499,148,Asphalt,1,0,-15.8636,-47.9235,-15.8617,-47.8977,86
SBBR,11R,29L,10827,148,Asphalt,1,0,-15.8807,-47.9400,-15.8787,-47.9092,86
SBBT,08,26,5906,98,Asphalt,1,0,,,,,
SBBU,14,32,4921,115,Asphalt,1,0,-22.3423,-49.0583,-22.3487,-49.0476,123
SBBV,8,26,8858,148,Asphalt,0,0,,,,,
SBBW,7,25,5243,98,Asphalt,0,0,,,,,
SBBZ,7,25,4265,98,Asphalt,0,0,,,,,
SBCA,15,33,5810,148,Asphalt,0,0,-24.9945,-53.5075,-25.0058,-53.4951,
SBCB,10,28,8366,148,Asphalt,0,0,-22.9238,-42.0839,-22.9190,-42.0597,
SBCC,12,30,8527,148,Asphalt,0,0,,,,,
SBCD,2,20,5331,98,Asphalt,0,0,,,,,
SBCF,16,34,11811,148,Asphalt,1,0,-19.6235,-43.9782,-19.6480,-43.9556,139
SBCG,06,24,8530,148,Concrete,0,0,-20.4787,-54.6823,-20.4613,-54.6656,
SBCG,H06,,74,74,Concrete,1,0,,,,,
SBCH,11,29,6758,148,Asphalt,1,0,,,,,
SBCI,11,29,5906,148,Asphalt,0,0,,,,,
SBCJ,10,28,6562,148,Asphalt,0,0,-6.1189,-50.0125,-6.1169,-49.9944,83
SBCM,9,27,4882,98,Asphalt,0,0,,,,,
SBCN,9,27,6890,98,Asphalt,0,0,,,,,
SBCO,13,31,9026,148,Asphalt,1,0,,,,,
SBCP,07,25,5066,148,Asphalt,1,0,,,,,
SBCR,09,27,4921,148,Asphalt,0,0,-19.0132,-57.6776,-19.0096,-57.6638,
SBCT,11,29,5899,148,Asphalt,0,0,-25.5283,-49.1802,-25.5288,-49.1623,
SBCT,15,33,7277,148,Asphalt,1,0,-25.5221,-49.1829,-25.5361,-49.1672,136
SBCV,6,24,5020,164,Asphalt,0,0,,,,,
SBCX,15,33,5479,98,Asphalt,0,0,-29.1925,-51.1928,-29.2033,-51.1805,134
SBCY,17,35,7546,148,Asphalt,1,0,-15.6437,-56.1216,-15.6622,-56.1118,153
SBCZ,10,28,7874,148,Asphalt,0,0,,,,,
SBDB,18,36,6562,98,Asphalt,0,0,,,,,
SBDN,12,30,6923,115,Asphalt,0,0,-22.1736,-51.4348,-22.1764,-51.4147,137
SBDO,06,24,6398,98,Asphalt,1,0,-22.2087,-54.9327,-22.1950,-54.9208,
SBEG,11,29,8858,148,ASPH 71/F/C/X/T,1,0,-3.0386,-60.0619,-3.0386,-60.0376,106
SBEK,8,26,5249,98,Asphalt,0,0,,,,,
SBES,7,25,5906,92,Concrete,0,0,,,,,
SBFI,15,33,8875,148,Asphalt,0,0,-25.5858,-54.5001,-25.6018,-54.4797,130
SBFL,03,21,4331,148,Concrete,0,0,-27.6753,-48.5542,-27.6647,-48.5517,12
SBFL,14,32,7874,148,Asphalt,1,0,-27.6657,-48.5512,-27.6769,-48.5304,159
SBFN,12,30,6053,148,Asphalt,0,0,,,,,
SBFS,13,31,144,141,Concrete,0,0,,,,,
SBFZ,13,31,9039,148,Asphalt,1,0,-3.7730,-38.5449,-3.7794,-38.5210,105
SBGL,10,28,13123,148,Concrete,1,0,-22.8018,-43.2552,-22.7922,-43.2177,74
SBGL,15,33,10433,154,Asphalt,1,0,-22.8124,-43.2637,-22.8291,-43.2385,125
SBGM,17,35,5889,148,Asphalt,0,0,,,,,
SBGO,14,32,7500,148,Asphalt,0,0,-16.6263,-49.2312,-16.6376,-49.2110,120
SBGP,02L,20R,5906,98,Asphalt,0,0,-21.7725,-48.4047,-21.7563,-48.4047,
SBGP,02R,20L,9843,148,Asphalt,0,0,-21.7784,-48.4049,-21.7513,-48.4054,
SBGR,10L,28R,12139,148,Asphalt,1,0,-23.4341,-46.4825,-23.4250,-46.4492,74
SBGR,10R,28L,9843,148,Asphalt,1,0,-23.4388,-46.4870,-23.4312,-46.4589,74
SBGU,8,26,5315,98,Asphalt,0,0,,,,,
SBGV,07,25,5581,98,Asphalt,1,0,-18.9017,-41.9889,-18.8907,-41.9776,45
SBGW,2,20,5089,98,Asphalt,1,0,,,,,
SBHT,7,25,6572,125,Asphalt,0,0,,,,,
SBIC,14,32,4970,98,Asphalt,0,0,,,,,
SBIH,05,23,5577,98,Asphalt,1,0,-4.2480,-56.0051,-4.2359,-55.9958,33
SBIL,11,29,5174,148,Asphalt,0,0,,,,,
SBIP,05,23,6575,148,Asphalt,1,0,,,,,31
SBIT,18,36,5741,98,Asphalt,0,0,,,,,
SBIZ,7,25,5899,148,Asphalt,0,0,,,,,
SBJA,05,23,8199,98,Asphalt,0,0,-28.6846,-49.0667,-28.6659,-49.0524,
SBJD,18,36,4593,98,Asphalt,1,0,-23.1750,-46.9466,-23.1866,-46.9413,157
SBJE,08,26,7218,148,Asphalt,1,0,-2.9109,-40.3662,-2.9020,-40.3485,63
SBJF,03,21,5036,98,Asphalt,1,0,,,,,
SBJH,12,30,8104,108,Asphalt,1,0,-23.4260,-47.1780,-23.4277,-47.1539,94
SBJI,3,21,5906,148,Asphalt,0,0,,,,,
SBJP,16,34,8251,148,Asphalt,0,0,,,,,
SBJR,03,21,2952,98,Asphalt,1,0,-22.9908,-43.3725,-22.9828,-43.3719,
SBJU,13,31,6365,148,Asphalt,0,0,,,,,
SBJV,15,33,5381,148,Asphalt,1,0,,,,,
SBKG,15,33,5135,138,Asphalt,0,0,,,,,
SBKP,15,33,10630,148,Asphalt,1,0,-22.9985,-47.1470,-23.0164,-47.1220,128
SBLE,14,32,6831,98,Asphalt,0,0,,,,,
SBLJ,16,34,5020,98,Asphalt,0,0,,,,,
SBLN,14,32,5577,105,Asphalt,0,0,,,,,
SBLO,13,31,6890,148,Asphalt,1,0,-23.3304,-51.1397,-23.3369,-51.1204,112
SBLP,18,36,3973,98,Asphalt,0,0,,,,,
SBLS,13,31,6037,98,Asphalt,0,0,,,,,
SBMA,7,25,6562,148,Asphalt,0,0,-5.3744,-49.1450,-5.3628,-49.1311,50
SBMC,5,23,4183,98,Asphalt,0,0,,,,,
SBMD,8,26,5906,98,Asphalt,0,0,,,,,
SBME,6,24,3937,98,Asphalt,0,0,,,,,
SBMG,10,28,7783,148,Asphalt,1,0,-23.4786,-52.0292,-23.4741,-52.0065,78
SBMK,12,30,6890,148,Asphalt,1,0,-16.7058,-43.8289,-16.7081,-43.8092,
SBML,3,21,4921,115,Asphalt,0,0,,,,,
SBMN,9,27,7119,148,Asphalt,0,0,,,,,
SBMO,12,30,8537,148,Asphalt,0,0,,,,,100
SBMQ,8,26,6890,148,Asphalt,0,0,,,,,
SBMS,5,23,6562,98,Asphalt,0,0,,,,,
SBMT,12,30,5249,147,Asphalt,1,0,-23.5083,-46.6425,-23.5102,-46.6314,100
SBMY,5,23,4199,98,Asphalt,0,0,,,,,
SBNF,08,26,5906,148,Asphalt,1,0,-26.8837,-48.6580,-26.8751,-48.6439,
SBNM,12,30,5331,98,Asphalt,1,0,-28.2811,-54.1778,-28.2839,-54.1615,
SBNT,12,30,5987,148,Asphalt,0,0,,,,,99
SBNT,16L,34R,8530,148,Asphalt,0,0,,,,,141
SBNT,16R,34L,5905,148,Asphalt,0,0,,,,,141
SBOD,07,25,4921,66,Asphalt,0,0,,,,,
SBOE,12,30,3117,75,Earth,0,0,,,,,
SBOI,3,21,3937,98,Asphalt,0,0,,,,,
SBOL,13,31,4265,75,Earth,0,0,,,,,
SBOO,08,26,3182,49,Earth,0,0,,,,,
SBOP,25,-,69,69,Asphalt,1,0,,,,,
SBOR,18,36,3346,59,Asphalt,0,0,,,,,
SBOU,09,27,3281,98,Earth,0,0,,,,,
SBOW,12,30,3117,59,Gravel,0,0,,,,,
SBOX,06,24,3281,59,Grass,0,0,,,,,
SBOY,15,33,1968,59,Grass,0,0,,,,,
SBPA,11,29,10499,148,Asphalt,1,0,-29.9944,-51.1830,-29.9949,-51.1594,91
SBPB,9,27,6890,148,Asphalt,0,0,,,,,
SBPC,9,27,4970,98,Asphalt,0,0,,,,,
SBPF,09,27,5512,98,Asphalt,0,0,-28.2470,-52.3364,-28.2414,-52.3205,
SBPG,08,26,4692,98,Asphalt,0,0,,,,,
SBPJ,14,32,8202,148,Asphalt,1,0,-10.2853,-48.3665,-10.2978,-48.3475,
SBPK,07,25,6496,138,Concrete,1,0,-31.7219,-52.3347,-31.7117,-52.3199,51
SBPK,15,33,4035,125,Earth,0,1,,,,,
SBPL,13,31,9055,148,Asphalt,0,0,-9.3591,-40.5788,-9.3673,-40.5551,110
SBPN,5,23,5577,98,Asphalt,0,0,,,,,
SBPO,07,25,5318,98,Asphalt,0,0,-26.2213,-52.7010,-26.2129,-52.6878,
SBPP,04,22,6562,148,Asphalt,0,0,,,,,20
SBPR,9,27,3045,59,Asphalt,0,0,,,,,
SBPS,10,28,6562,148,Asphalt,1,0,-16.4407,-39.0888,-16.4363,-39.0726,74
SBPV,1,19,7874,148,Asphalt,1,0,,,,,
SBQB,09,27,5906,82,Earth,0,0,,,,,
SBQC,12,30,3937,59,Gravel,0,0,,,,,
SBQH,11,29,3937,66,Gravel,0,0,,,,,
SBQN,16,34,3281,59,Earth,0,0,,,,,
SBQO,09,27,1968,49,Earth,0,0,,,,,
SBQP,10,28,3500,82,Earth,0,0,,,,,
SBQR,17,35,3934,66,Earth,0,0,,,,,
SBQT,09,27,3281,59,Gravel,0,0,,,,,
SBQX,18,36,3281,59,Earth,0,0,,,,,
SBQY,01,22,87,87,Concrete,1,0,,,,,
SBQZ,20,-,66,66,Concrete,1,0,,,,,
SBRB,07,25,7080,148,Asphalt,1,0,-9.8743,-67.9022,-9.8637,-67.8857,
SBRD,02,20,6070,98,Asphalt,1,0,,,,,
SBRF,18,36,9865,148,Asphalt,0,0,,,,,162
SBRJ,02L,20R,4134,98,Asphalt,1,0,-22.9158,-43.1633,-22.9047,-43.1639,357
SBRJ,02R,20L,4341,138,Asphalt,1,0,-22.9164,-43.1625,-22.9047,-43.1633,357
SBRP,18,36,6890,148,Asphalt,0,0,-21.1268,-47.7765,-21.1424,-47.7715,160
SBRR,11,29,,,Asphalt,0,0,,,,,
SBSC,5,23,8986,148,Asphalt,0,0,,,,,
SBSG,12,30,9843,197,Asphalt,1,0,-5.7676,-35.3799,-5.7720,-35.3532,99
SBSI,3,21,5348,98,Asphalt,0,0,,,,,
SBSJ,16,34,8780,148,Asphalt,1,0,-23.2197,-45.8720,-23.2368,-45.8535,135
SBSL,06,24,7828,148,Asphalt,1,0,,,,,39
SBSL,09,27,4803,148,Asphalt,1,0,,,,,70
SBSM,02,20,4638,98,Asphalt,1,0,,,,,
SBSM,11,29,8839,148,Concrete,1,0,,,,,
SBSN,10,28,7874,148,Asphalt,1,0,,,,,
SBSO,05,23,5577,,Asphalt,0,0,,,,,
SBSP,17L,35R,4905,148,Asphalt,1,0,-23.6208,-46.6580,-23.6317,-46.6505,147
SBSP,17R,35L,6365,148,Asphalt,1,0,-23.6210,-46.6604,-23.6343,-46.6512,147
SBSR,7,25,5381,115,Asphalt,0,0,-20.8216,-49.4129,-20.8124,-49.4006,51
SBST,17,35,4560,148,Asphalt,0,0,,,,,
SBSV,10,28,9859,148,Asphalt,1,0,,,,,78
SBSV,17,35,4987,148,Asphalt,1,0,,,,,143
SBTA,08,26,6170,98,Asphalt,0,0,-23.0438,-45.5220,-23.0363,-45.5100,77
SBTB,9,27,5249,98,Asphalt,0,0,,,,,
SBTC,2,20,6234,98,Asphalt,0,0,,,,,
SBTD,2,20,5479,98,Asphalt,0,0,,,,,
SBTE,2,20,7218,148,Asphalt,0,0,,,,,
SBTF,15,33,7218,148,Asphalt,0,0,,,,,
SBTG,07,25,6562,98,Asphalt,1,0,-20.7580,-51.6896,-20.7473,-51.6896,53
SBTK,14,32,3707,46,Asphalt,0,0,,,,,
SBTL,2,20,5906,98,Asphalt,0,0,,,,,
SBTR,05,23,4944,98,Asphalt,1,0,-29.4150,-49.8100,-29.4150,-49.8100,
SBTS,10,28,6562,115,Asphalt,0,0,2.2235,-55.9516,2.2261,-55.9338,
SBTT,12,30,7054,107,Asphalt,1,0,,,,,
SBTU,2,20,6562,148,CON/ASP,0,0,,,,,
SBTV,15,33,4921,98,Asphalt,1,0,-16.5368,-39.1134,-16.5449,-39.1021,127
SBUA,5,23,8530,148,Asphalt,0,0,,,,,
SBUF,14,32,5906,148,Asphalt,0,0,,,,,
SBUG,4,22,2625,164,Grass,0,0,,,,,
SBUG,9,27,4921,98,Asphalt,0,0,,,,,
SBUL,4,22,6398,148,Asphalt,0,0,,,,,
SBUR,17,35,5771,148,Asphalt,0,0,,,,,
SBUY,09,27,4331,98,Asphalt,0,0,-4.8855,-65.3612,-4.8830,-65.3497,
SBVG,04,22,6890,98,Asphalt,0,0,-21.6002,-45.4777,-21.5863,-45.4720,21
SBVH,03,21,8530,98,Asphalt,0,0,,,,,
SBVT,02,20,6752,148,Asphalt,1,0,-20.2658,-40.2783,-20.2475,-40.2811,
SBVT,06,24,5742,148,Asphalt,1,0,-20.2644,-40.2911,-20.2508,-40.2822,
SBYA,6,24,5249,98,Asphalt,0,0,,,,,
SBYS,02C,20C,6923,148,Asphalt,0,0,-21.9938,-47.3412,-21.9754,-47.3412,2
SBYS,02L,20R,6916,148,Asphalt,0,0,-21.9938,-47.3427,-21.9754,-47.3427,2
SBYS,02R,20L,6916,148,Asphalt,0,0,-21.9930,-47.3268,-21.9764,-47.3269,2
SBZM,08,26,8284,148,Asphalt,0,0,,,,,
SBZM,8,26,8284,148,Asphalt,1,0,,,,,
SCAA,16,34,1969,59,Grass,0,0,,,,,
SCAB,9,27,1673,56,Grass,0,0,,,,,
SCAC,17,35,3937,98,CON/PAD,0,0,,,,,
SCAD,7,25,2297,59,Gravel,0,0,,,,,
SCAE,09,27,3937,98,Asphalt,0,0,-18.5093,-70.2963,-18.5085,-70.2850,
SCAG,18,36,3281,59,Gravel,0,0,,,,,
SCAH,17,35,2460,46,Gravel,0,0,,,,,
SCAJ,2,20,1739,98,Grass,0,0,,,,,
SCAK,13,31,2133,82,Grass,0,0,,,,,
SCAL,11,29,1641,49,Grass,0,0,,,,,
SCAL,6,24,1641,49,Grass,0,0,,,,,
SCAM,12,30,2215,59,GRV/GRASS,0,0,,,,,
SCAN,5,23,2467,59,Asphalt,0,0,,,,,
SCAO,8,26,2690,59,Grass,0,0,,,,,
SCAP,07,25,2874,59,Asphalt,0,0,-43.6119,-71.8113,-43.6111,-71.7995,
SCAQ,9,27,2756,66,Grass,0,0,,,,,
SCAR,03,21,9186,148,Asphalt,1,0,-18.3632,-70.3441,-18.3392,-70.3353,19
SCAS,7,25,4167,75,Asphalt,0,0,,,,,
SCAT,17,35,7218,148,Asphalt,1,0,-27.2514,-70.7801,-27.2711,-70.7783,175
SCAU,18,36,1946,49,Gravel,0,0,,,,,
SCAY,3,21,2067,59,PAD,0,0,,,,,
SCAZ,10,28,1641,49,Grass,0,0,,,,,
SCBA,09,27,8205,148,Asphalt,1,0,-45.9142,-71.7054,-45.9179,-71.6735,100
SCBB,1,19,2146,59,GRV/PAD,0,0,,,,,
SCBC,11,29,1969,59,Grass,0,0,,,,,
SCBD,11,29,2461,59,GRV/GRASS,0,0,,,,,
SCBE,14,31,5380,95,Asphalt,0,0,-22.1359,-70.0680,-22.1463,-70.0578,138
SCBI,8,26,2625,66,Asphalt,0,0,,,,,
SCBL,12,30,1640,52,Dirt,0,0,,,,,
SCBN,17,35,1969,59,Grass,0,0,,,,,
SCBQ,02,20,6024,131,Concrete,1,0,-33.5690,-70.6932,-33.5546,-70.6836,29
SCBR,7,25,2756,98,Grass,0,0,,,,,
SCBS,7,25,3281,98,Gravel,0,0,,,,,
SCBT,7,25,1322,49,Grass,0,0,,,,,
SCBV,18,36,2133,59,GRV/GRASS,0,0,,,,,
SCCA,18,36,2858,59,Asphalt,0,0,,,,,
SCCA,9,27,2297,66,GRV/GRASS,0,0,,,,,
SCCB,1,19,2953,98,Gravel,0,0,,,,,
SCCC,12,30,3937,75,Asphalt,0,0,-46.5794,-71.6928,-46.5873,-71.6820,137
SCCE,2,20,2330,59,Gravel,0,0,,,,,
SCCF,10,28,9974,148,Asphalt,1,0,-22.4991,-68.9178,-22.5011,-68.8883,94
SCCG,10,28,1969,98,Gravel,0,0,,,,,
SCCH,04,22,5740,98,Asphalt,1,0,-36.5881,-72.0383,-36.5769,-72.0245,45
SCCI,01,19,5504,148,Asphalt,1,0,-53.0080,-70.8550,-52.9948,-70.8430,29
SCCI,07,25,9154,148,Asphalt,1,0,-53.0012,-70.8753,-53.0006,-70.8338,89
SCCI,12,30,7875,148,Asphalt,1,0,-52.9975,-70.8687,-53.0138,-70.8452,139
SCCK,6,24,1903,59,PAD,0,0,,,,,
SCCL,11,29,3936,75,Asphalt,0,0,-27.0763,-70.8011,-27.0798,-70.7895,108
SCCM,8,26,2756,59,Asphalt,0,0,,,,,
SCCN,18,36,2297,59,Gravel,0,0,,,,,
SCCQ,2,20,2461,59,Gravel,0,0,,,,,
SCCR,4,22,1969,59,PAD,0,0,,,,,
SCCS,3,21,2297,59,Grass,0,0,,,,,
SCCT,6,24,2625,59,Gravel,0,0,,,,,
SCCU,18,36,4922,115,Grass,0,0,,,,,
SCCV,11,29,2625,59,Asphalt,0,0,,,,,
SCCY,03,21,5072,98,Asphalt,0,0,-45.5990,-72.1132,-45.5894,-72.0991,46
SCDA,01,19,10991,148,Asphalt,1,0,-20.5503,-70.1822,-20.5202,-70.1805,6
SCDD,15,33,1936,49,Gravel,0,0,,,,,
SCDH,9,27,1641,49,Gravel,0,0,,,,,
SCDI,4,22,1969,59,Gravel,0,0,,,,,
SCDL,16,34,1476,49,Gravel,0,0,,,,,
SCDM,2,20,1870,59,Gravel,0,0,,,,,
SCDQ,14,32,3117,98,Grass,0,0,,,,,
SCDS,5,23,1641,52,Gravel,0,0,,,,,
SCDW,04,22,3937,98,Asphalt,0,0,-53.6161,-70.4821,-53.6098,-70.4686,52
SCDW,12,30,4905,92,Asphalt,0,0,-53.6019,-70.4840,-53.6119,-70.4687,138
SCEA,1,19,1641,49,Gravel,0,0,,,,,
SCEB,12,30,1969,59,PAD,0,0,,,,,
SCEC,02,20,4199,100,Asphalt,0,0,-29.1502,-70.8905,-29.1393,-70.8851,24
SCED,1,19,2789,59,Gravel,0,0,,,,,
SCED,8,26,2789,59,Gravel,0,0,,,,,
SCEG,11,29,1641,52,Gravel,0,0,,,,,
SCEK,14,32,2133,59,Gravel,0,0,,,,,
SCEL,17L,35R,12303,180,Asphalt,1,0,-33.3761,-70.7867,-33.4099,-70.7852,178
SCEL,17R,35L,12303,148,Asphalt,1,0,-33.3719,-70.8037,-33.4069,-70.8019,177
SCEO,3,21,1969,52,Gravel,0,0,,,,,
SCEP,7,25,1739,59,Gravel,0,0,,,,,
SCER,02,20,3937,164,Concrete,0,0,-32.7952,-71.5241,-32.7852,-71.5194,22
SCER,18,36,8038,95,Concrete,0,0,-32.7872,-71.5180,-32.8090,-71.5208,
SCES,09,27,7546,98,Asphalt,1,0,-26.3113,-69.7767,-26.3109,-69.7537,89
SCEV,10,28,1706,59,Grass,0,0,,,,,
SCEX,7,25,2133,59,PAD,0,0,,,,,
SCEY,11,29,1805,59,PAD,0,0,,,,,
SCFA,01,19,9186,164,Asphalt,1,0,-23.4579,-70.4467,-23.4327,-70.4436,7
SCFC,5,23,2559,66,GRV/GRASS,0,0,,,,,
SCFF,12,30,2297,66,Gravel,0,0,,,,,
SCFI,3,21,1641,49,Grass,0,0,,,,,
SCFJ,4,22,1476,49,Gravel,0,0,,,,,
SCFK,9,27,1969,59,GRV/GRASS,0,0,,,,,
SCFL,3,21,2953,64,Gravel,0,0,,,,,
SCFM,03,21,2614,98,Gravel,0,0,-53.2511,-70.3331,-53.2452,-70.3227,47
SCFM,09,27,8202,98,Asphalt,1,0,-53.2498,-70.3369,-53.2576,-70.3015,110
SCFO,11,29,2133,59,Gravel,0,0,,,,,
SCFR,18,36,2690,59,Grass,0,0,,,,,
SCFS,8,26,2067,49,Gravel,0,0,,,,,
SCFT,09,27,3110,59,Asphalt,0,0,-43.1882,-71.8570,-43.1902,-71.8453,103
SCFU,13,31,3117,66,PAD,0,0,,,,,
SCFX,11,29,6562,98,Asphalt,1,0,-26.2892,-80.1047,-26.2986,-80.0877,121
SCGA,18,36,1641,52,Grass,0,0,,,,,
SCGB,9,27,1641,59,Grass,0,0,,,,,
SCGC,18,36,9843,164,Ice,0,0,,,,,
SCGE,18,36,5577,98,Asphalt,1,0,-37.3941,-72.4246,-37.4094,-72.4263,185
SCGF,11,29,1641,59,Gravel,0,0,,,,,
SCGH,18,36,1969,59,Gravel,0,0,,,,,
SCGI,17,35,2297,98,GRV/MAICILLO,0,0,,,,,
SCGL,18,36,2625,98,PAD,0,0,,,,,
SCGM,2,20,1854,49,Gravel,0,0,,,,,
SCGN,14,32,1887,49,GRV/GRASS,0,0,,,,,
SCGO,18,36,2625,59,Asphalt,0,0,,,,,
SCGS,16,34,3117,82,CLAY,0,0,,,,,
SCGU,13,31,3937,59,Gravel,0,0,,,,,
SCGV,4,22,1821,59,Gravel,0,0,,,,,
SCGY,17,35,1965,59,Grass,0,0,,,,,
SCGZ,08,26,4724,95,Asphalt,1,0,-54.9310,-67.6375,-54.9312,-67.6150,91
SCHA,9,27,5446,92,Asphalt,0,0,,,,,
SCHC,5,23,3281,98,Gravel,0,0,,,,,
SCHD,2,20,1641,49,PAD,0,0,,,,,
SCHE,18,36,2461,66,Grass,0,0,,,,,
SCHG,10,28,1969,59,Gravel,0,0,,,,,
SCHK,17,35,1641,82,Grass,0,0,,,,,
SCHL,6,24,2008,59,Gravel,0,0,,,,,
SCHM,11,29,2297,59,SAND/GRASS,0,0,,,,,
SCHN,1,19,2625,82,Grass,0,0,,,,,
SCHO,4,22,1969,98,Gravel,0,0,,,,,
SCHP,3,21,3232,59,Grass,0,0,,,,,
SCHR,07,25,3346,75,Asphalt,0,0,-47.2441,-72.5951,-47.2436,-72.5817,87
SCHT,2,20,1591,49,GRV/GRASS,0,0,,,,,
SCHU,4,22,2297,59,Gravel,0,0,,,,,
SCHW,14,32,1870,59,PAD,0,0,,,,,
SCIA,16,34,1969,59,PAD,0,0,,,,,
SCIB,16,34,1969,59,PAD,0,0,,,,,
SCIC,01,19,2625,59,Asphalt,0,0,,,,,
SCID,5,23,2264,98,PAD,0,0,,,,,
SCIE,02,20,8530,148,Asphalt,1,0,-36.7820,-73.0686,-36.7608,-73.0562,25
SCIE,02R,20L,6470,98,Asphalt,1,0,,,,,25
SCIF,11,29,1969,82,Grass,0,0,,,,,
SCIH,12,30,2231,59,Asphalt,0,0,,,,,
SCII,15,33,2067,66,Grass,0,0,,,,,
SCIK,17,35,2477,59,Grass,0,0,,,,,
SCIL,02,20,3740,72,Asphalt,0,0,-31.5824,-71.1134,-31.5732,-71.1083,26
SCIM,18,36,2625,59,Concrete,0,0,,,,,
SCIO,4,22,1969,59,PAD,0,0,,,,,
SCIP,10,28,10827,148,Asphalt,1,0,-27.1580,-109.4370,-27.1716,-109.4070,117
SCIR,14,32,2822,59,Asphalt,0,0,,,,,
SCIS,2,20,2625,59,Concrete,0,0,,,,,
SCIT,8,26,2198,59,PAD,0,0,,,,,
SCJC,7,25,1641,59,Gravel,0,0,,,,,
SCJK,8,26,2198,66,Grass,0,0,,,,,
SCJO,15,33,6398,118,Asphalt,1,0,-40.6023,-73.0661,-40.6182,-73.0565,155
SCJS,02,20,1640,49,Grass,0,0,,,,,
SCKA,6,24,1870,59,GRV/GRASS,0,0,,,,,
SCKB,7,25,1641,59,Grass,0,0,,,,,
SCKD,7,25,4134,59,Asphalt,0,0,,,,,
SCKE,4,22,2083,59,Gravel,0,0,,,,,
SCKI,3,21,1969,59,Gravel,0,0,,,,,
SCKL,16,34,1476,49,Gravel,0,0,,,,,
SCKM,17,35,1772,66,Gravel,0,0,,,,,
SCKO,18,36,1969,52,GRV/GRASS,0,0,,,,,
SCKP,10,28,3393,66,Asphalt,0,0,-20.7353,-68.6884,-20.7365,-68.6786,98
SCKP,17,35,10499,98,Asphalt,1,0,-20.7375,-68.6852,-20.7659,-68.6797,170
SCKQ,9,27,2034,66,Grass,0,0,,,,,
SCKT,13,31,1969,66,Gravel,0,0,,,,,
SCLB,18,36,2625,59,Asphalt,0,0,,,,,
SCLC,08,26,1805,33,Asphalt,0,0,,,,,
SCLD,12,30,3445,75,Asphalt,0,0,,,,,
SCLE,10,28,7874,98,PAD,0,0,,,,,
SCLF,12,30,1969,66,Grass,0,0,,,,,
SCLG,4,22,2461,59,Gravel,0,0,,,,,
SCLI,2,20,2477,33,Asphalt,0,0,,,,,
SCLJ,18,36,2953,59,Gravel,0,0,,,,,
SCLK,11,29,2494,66,Grass,0,0,,,,,
SCLL,10,28,4624,98,Asphalt,1,0,-28.5955,-70.7631,-28.5973,-70.7489,98
SCLM,16,34,2379,59,Grass,0,0,,,,,
SCLN,1,19,3281,59,Gravel,0,0,,,,,
SCLO,14,32,1969,59,PAD,0,0,,,,,
SCLQ,8,26,2526,66,Gravel,1,0,,,,,
SCLR,8,26,1641,49,PAD,0,0,,,,,
SCLS,18,36,1739,52,Grass,0,0,,,,,
SCLT,08,24,2204,61,Dirt,0,0,,,,,
SCLU,1,19,1969,59,Gravel,0,0,,,,,
SCLV,17,35,1641,59,Gravel,0,0,,,,,
SCLY,5,23,3143,59,PAD/GRASS,0,0,,,,,
SCMA,8,26,1969,98,Grass,0,0,,,,,
SCME,8,26,1837,66,Gravel,0,0,,,,,
SCMF,6,24,2461,66,Grass,0,0,,,,,
SCMG,18,36,2674,66,Grass,0,0,,,,,
SCMH,17,35,2297,66,PAD,0,0,,,,,
SCMK,18,36,2625,59,Asphalt,0,0,,,,,
SCML,6,24,3281,59,Gravel,0,0,,,,,
SCMO,4,22,2362,59,Gravel,0,0,,,,,
SCMP,8,26,1745,59,Gravel,0,0,,,,,
SCMR,18,36,2625,49,Gravel,0,0,,,,,
SCMS,2,20,1969,59,Grass,0,0,,,,,
SCMU,5,23,2274,72,Gravel,0,0,,,,,
SCMV,3,21,2690,56,Gravel,0,0,,,,,
SCMZ,3,21,1739,49,Gravel,0,0,,,,,
SCNA,4,22,2854,59,Gravel,0,0,,,,,
SCND,16,34,2083,59,Grass,0,0,,,,,
SCNH,10,28,1641,59,Grass,0,0,,,,,
SCNI,2,20,2133,66,Grass,0,0,,,,,
SCNK,2,20,2953,66,Asphalt,0,0,,,,,
SCNM,18,36,2953,75,Grass,0,0,,,,,
SCNO,13,31,2297,98,Grass,0,0,,,,,
SCNT,10,28,5786,98,Asphalt,1,0,-51.6676,-72.5394,-51.6754,-72.5173,120
SCNY,11,29,2067,59,Grass,0,0,,,,,
SCOA,17,35,1969,59,Gravel,0,0,,,,,
SCOB,8,26,1969,59,Gravel,0,0,,,,,
SCOC,17,35,1969,59,Grass,0,0,,,,,
SCOE,9,27,1641,46,Gravel,0,0,,,,,
SCOH,16,34,4265,75,Asphalt,0,0,,,,,
SCOL,11,29,1641,59,GRV/GRASS,0,0,,,,,
SCOM,5,23,1640,49,Grass,0,0,,,,,
SCON,4,22,3937,79,Asphalt,0,0,,,,,
SCOO,12,30,1969,59,PAD,0,0,,,,,
SCOP,18,36,1870,59,Grass,0,0,,,,,
SCOT,07,25,3084,39,Asphalt,0,0,-30.6780,-71.4056,-30.6751,-71.3963,70
SCOV,04,22,3773,75,,0,0,-30.5633,-71.1800,-30.5554,-71.1721,
SCOY,15,33,2920,66,GRV/PAD,0,0,,,,,
SCPA,1,19,3937,59,Gravel,0,0,,,,,
SCPB,5,23,1887,59,Concrete,0,0,,,,,
SCPC,09,27,5576,98,Asphalt,1,0,-39.2911,-71.9256,-39.2945,-71.9061,103
SCPE,14,32,6560,75,Asphalt,0,0,-22.9156,-68.1653,-22.9279,-68.1515,134
SCPF,1,19,3281,33,PAD/CON,0,0,,,,,
SCPG,2,20,2198,85,Grass,0,0,,,,,
SCPH,18,36,3445,59,PAD,0,0,,,,,
SCPI,2,20,3281,59,GRAIN,0,0,,,,,
SCPK,13,31,1969,59,PAD,0,0,,,,,
SCPL,17,35,2198,59,Gravel,0,0,,,,,
SCPM,04,22,1939,59,Asphalt,0,0,,,,,
SCPN,1,19,1247,49,Gravel,0,0,,,,,
SCPO,2,20,1641,49,Gravel,0,0,,,,,
SCPQ,17,35,6562,148,Asphalt,0,0,-42.3314,-73.7147,-42.3494,-73.7166,167
SCPR,1,19,1969,85,Grass,0,0,,,,,
SCPS,7,25,5289,59,Asphalt,0,0,,,,,
SCPT,17,35,2198,59,Gravel,0,0,,,,,
SCPU,2,20,2080,59,Grass,0,0,,,,,
SCPV,15,33,2559,59,Asphalt,0,0,,,,,
SCPW,10,28,2001,59,Gravel,0,0,,,,,
SCPY,7,25,2953,98,Grass,0,0,,,,,
SCQC,3,21,2625,98,Grass,0,0,,,,,
SCQE,13,31,1969,82,PAD,0,0,,,,,
SCQI,7,25,2395,66,Gravel,0,0,,,,,
SCQK,18,36,2385,59,Asphalt,0,0,,,,,
SCQL,1,19,1640,32,Grass,0,0,,,,,
SCQM,14,32,1969,49,GRV/GRASS,0,0,,,,,
SCQO,5,23,1969,59,Gravel,0,0,,,,,
SCQP,01,19,8005,148,Asphalt,1,0,-38.9364,-72.6557,-38.9154,-72.6474,
SCQR,17,35,2297,46,Sand,0,0,,,,,
SCQT,17,35,3590,66,Asphalt,0,0,-30.0915,-71.3646,-30.1013,-71.3636,175
SCQW,18,36,1772,59,PAD,0,0,,,,,
SCQX,2,20,2034,59,PAD,0,0,,,,,
SCQY,09,27,3084,59,Asphalt,0,0,-38.4498,-71.3607,-38.4499,-71.3490,91
SCRA,09,27,3985,98,Asphalt,0,0,-26.3318,-70.6133,-26.3333,-70.6013,97
SCRB,9,27,2297,59,PAD,0,0,,,,,
SCRC,6,24,2953,59,PAD,0,0,,,,,
SCRD,18,36,2789,66,Asphalt,0,0,-33.0646,-71.5567,-33.0721,-71.5583,
SCRE,5,23,2625,59,PAD,0,0,,,,,
SCRF,1,19,2953,59,Asphalt,0,0,,,,,
SCRG,03,21,5258,75,Asphalt,0,0,-34.1799,-70.7811,-34.1676,-70.7703,36
SCRH,15,33,1641,49,Gravel,0,0,,,,,
SCRI,12,30,1841,66,PAD,0,0,,,,,
SCRL,17,35,1969,148,Grass,0,0,,,,,
SCRM,11,29,4238,125,Gravel,1,0,-62.1878,-58.9972,-62.1939,-58.9761,122
SCRN,2,20,2165,59,PAD/GRASS,0,0,,,,,
SCRO,9,27,1969,59,Gravel,0,0,,,,,
SCRP,16,34,3019,98,Gravel,0,0,,,,,
SCRQ,18,36,1969,59,Grass,0,0,,,,,
SCRR,15,33,1969,59,Grass,0,0,,,,,
SCRS,11,29,3281,59,,0,0,,,,,
SCRT,18,36,2559,66,Gravel,0,0,,,,,
SCRU,17,35,1969,69,PAD,0,0,,,,,
SCRV,8,26,2625,59,Grass,0,0,,,,,
SCRW,3,21,2953,49,Gravel,0,0,,,,,
SCRZ,11,29,1805,59,Grass,0,0,,,,,
SCSA,17,35,1312,49,Gravel,0,0,,,,,
SCSB,01,19,3937,98,Gravel,0,0,,,,,
SCSB,07,25,4921,131,Gravel,0,0,,,,,
SCSD,02,20,3117,59,GRV/ASP,0,0,,,,,
SCSE,12,30,6358,148,Asphalt,1,0,-29.9124,-71.2085,-29.9200,-71.1905,116
SCSF,16,34,3445,98,Asphalt,0,0,,,,,
SCSG,9,27,1641,49,Gravel,0,0,,,,,
SCSH,2,20,2658,92,Grass,0,0,,,,,
SCSJ,17,35,1923,49,Asphalt,0,0,,,,,
SCSK,17,35,2297,59,Grass,0,0,,,,,
SCSM,9,27,9187,59,Gravel,0,0,,,,,
SCSN,05,23,2625,59,Asphalt,1,0,-33.6587,-71.6193,-33.6547,-71.6121,53
SCSO,14,32,2110,98,PAD/GRASS,0,0,,,,,
SCSP,11,29,2034,59,Gravel,0,0,,,,,
SCSQ,6,24,1673,52,Grass,0,0,,,,,
SCSR,7,25,1969,59,PAD,0,0,,,,,
SCSS,8,26,3609,82,PAD,0,0,,,,,
SCST,15,33,3281,59,GRASS/PAD,0,0,,,,,
SCSU,8,26,1969,59,Grass,0,0,,,,,
SCSV,16,34,2198,59,Gravel,0,0,,,,,
SCSZ,12,30,2133,66,PAD,0,0,,,,,
SCTA,16,34,1969,59,GRV/GRASS,0,0,,,,,
SCTB,01,19,3280,98,Asphalt,1,0,-33.4613,-70.5480,-33.4512,-70.5453,13
SCTC,06,24,5577,147,Asphalt,1,0,-38.7698,-72.6461,-38.7638,-72.6281,67
SCTE,17,35,8694,148,Concrete,1,0,-41.4270,-73.0935,-41.4508,-73.0944,182
SCTH,5,23,2576,59,Grass,0,0,,,,,
SCTL,03,21,3660,80,Asphalt,0,0,-35.3817,-71.6055,-35.3739,-71.5978,39
SCTM,10,28,2625,59,Gravel,0,0,,,,,
SCTN,01,19,3937,98,Asphalt,1,0,-42.7867,-72.8375,-42.7758,-72.8317,21
SCTO,01,19,3478,59,Asphalt,0,0,-38.2501,-72.3504,-38.2410,-72.3468,18
SCTP,12,30,2297,59,PAD,0,0,,,,,
SCTQ,13,31,2854,59,Gravel,0,0,,,,,
SCTR,18,36,2625,59,Asphalt,0,0,,,,,
SCTS,1,19,2625,59,Gravel,0,0,,,,,
SCTT,15,33,3920,66,Asphalt,0,0,-25.5593,-70.3782,-25.5693,-70.3736,157
SCTU,3,21,2083,66,Gravel,0,0,,,,,
SCTW,3,21,1641,49,GRV/GRASS,0,0,,,,,
SCUI,15,33,1969,59,Gravel,0,0,,,,,
SCUL,17,35,1969,98,Gravel,0,0,,,,,
SCUM,3,21,1641,59,Grass,0,0,,,,,
SCUN,4,22,2786,59,Gravel,0,0,,,,,
SCUP,3,21,2756,66,Grass,0,0,,,,,
SCUR,1,19,2625,66,Grass,0,0,,,,,
SCUT,16,34,2756,59,Gravel,0,0,,,,,
SCUZ,13,31,2149,56,Gravel,0,0,,,,,
SCVA,1,19,1936,49,Gravel,0,0,,,,,
SCVB,11,29,2297,66,GRV/GRASS,0,0,,,,,
SCVC,3,21,2953,59,Gravel,0,0,,,,,
SCVD,17,35,6870,148,Asphalt,1,0,-39.6405,-73.0865,-39.6594,-73.0858,178
SCVE,4,22,2723,66,PAD,0,0,,,,,
SCVF,16,34,2756,59,Gravel,0,0,,,,,
SCVG,6,24,1870,59,Grass,0,0,,,,,
SCVH,3,21,3281,66,Gravel,0,0,,,,,
SCVI,15,33,3281,59,Asphalt,0,0,,,,,
SCVJ,11,29,1969,59,Gravel,0,0,,,,,
SCVK,13,31,2625,59,Gravel,0,0,,,,,
SCVL,17L,35R,4101,54,Concrete,0,0,-39.7911,-73.2411,-39.8028,-73.2419,183
SCVM,05,23,5760,98,Asphalt,1,0,-32.9544,-71.4860,-32.9448,-71.4712,52
SCVN,10,28,2658,82,Asphalt,0,0,,,,,
SCVO,6,24,2133,66,Grass,0,0,,,,,
SCVQ,7,25,1969,52,Grass,0,0,,,,,
SCVS,18,36,1969,59,PAD,0,0,,,,,
SCVT,9,27,2182,59,GRV/ASP,0,0,,,,,
SCVV,18,36,2297,59,Grass,0,0,,,,,
SCXA,15,33,1969,56,Gravel,0,0,,,,,
SCXB,9,27,2625,89,Gravel,0,0,,,,,
SCXR,12,30,2133,59,Grass,0,0,,,,,
SCYB,18,36,3281,59,,0,0,,,,,
SCYC,18,36,1641,49,Gravel,0,0,,,,,
SCYL,17,35,1969,82,Grass,0,0,,,,,
SCYR,3,21,2297,49,Grass,0,0,,,,,
SCYU,2,20,1641,59,Grass,0,0,,,,,
SCZB,12,30,2461,59,Asphalt,0,0,,,,,
SCZC,7,25,1476,49,Gravel,0,0,,,,,
SCZE,16,34,2149,59,Gravel,0,0,,,,,
SDAA,12,30,3773,98,Asphalt,0,0,,,,,
SDAC,5,-,75,75,Concrete,1,0,,,,,
SDAD,9,27,3773,59,Asphalt,0,0,,,,,
SDAE,14,32,3281,82,Gravel,0,0,,,,,
SDAF,10,28,3281,59,Asphalt,0,0,,,,,
SDAG,10,28,2995,98,Asphalt,0,0,,,,,
SDAH,17,,66,66,Concrete,0,0,,,,,
SDAI,12,30,3609,59,Asphalt,1,0,,,,,
SDAJ,13,31,5020,75,Asphalt,0,1,,,,,
SDAJ,17,35,3609,164,Grass,0,0,,,,,
SDAM,16,34,3937,98,Asphalt,0,0,-22.8552,-47.1121,-22.8631,-47.1041,
SDAN,12,30,2625,72,Asphalt,0,0,,,,,
SDAP,18,31,69,69,Concrete,0,0,,,,,
SDAS,7,25,4199,66,Asphalt,0,0,,,,,
SDAU,4,22,62,62,Concrete,0,0,,,,,
SDAW,14,27,66,66,Concrete,0,0,,,,,
SDAX,24,33,66,66,Metal,0,0,,,,,
SDBA,13,31,3609,98,Earth,0,0,,,,,
SDBB,13,31,4921,75,Asphalt,0,0,,,,,
SDBC,9,36,79,79,Concrete,0,0,,,,,
SDBF,7,25,66,66,Metal,0,0,,,,,
SDBG,4,14,59,59,Grass,0,0,,,,,
SDBH,2,12,59,59,Concrete,0,0,,,,,
SDBK,1,19,3281,98,Asphalt,0,0,,,,,
SDBL,18,27,69,69,Concrete,0,0,,,,,
SDBM,27,,66,66,Metal,0,0,,,,,
SDBN,01,19,2001,66,Asphalt,1,0,,,,,
SDBO,23,,69,69,Concrete,0,0,,,,,
SDBP,16,34,3937,98,Asphalt,0,0,,,,,
SDBQ,H1,,59,59,Concrete,1,0,,,,,
SDBV,16,34,1969,59,Grass,0,0,,,,,
SDBW,16,29,59,59,Concrete,0,0,,,,,
SDBY,11,29,4823,98,Earth,0,0,,,,,
SDCA,16,34,3527,66,Asphalt,0,0,,,,,
SDCD,6,24,3232,66,Asphalt,0,0,,,,,
SDCG,4,22,3937,75,Concrete,0,0,,,,,
SDCL,2,20,1969,75,Gravel,0,0,,,,,
SDCM,9,27,4265,66,Gravel,0,0,,,,,
SDCN,16,,33,59,Concrete,0,0,,,,,
SDCO,01,19,5348,98,Asphalt,0,0,-23.4845,-47.4878,-23.4717,-47.4922,
SDCP,5,16,79,79,Grass,0,0,,,,,
SDCQ,3,12,66,66,Concrete,0,0,,,,,
SDCR,9,27,1837,59,Gravel,0,0,,,,,
SDCS,9,27,98,98,Concrete,0,0,,,,,
SDCT,1,19,1640,66,Gravel,0,0,,,,,
SDCU,11,29,2592,59,Asphalt,0,0,,,,,
SDCV,27,36,62,62,Metal,0,0,,,,,
SDCW,14,32,3281,82,Gravel,0,0,,,,,
SDCY,16,30,75,75,Concrete,0,0,,,,,
SDCZ,11,29,3904,75,Grass,0,0,-22.9350,-44.0980,-22.9349,-44.0855,
SDDB,15,33,3281,66,Gravel,0,0,,,,,
SDDE,01,19,3281,59,Gravel,0,0,,,,,
SDDG,15,,59,59,Concrete,0,0,,,,,
SDDH,27,,79,79,Concrete,0,0,,,,,
SDDJ,18,36,2953,98,Grass,0,0,,,,,
SDDK,7,25,2625,66,Grass,0,0,,,,,
SDDN,11,29,4921,98,Asphalt,0,0,,,,,
SDDO,17,H1,59,59,Concrete,0,0,,,,,
SDDR,9,27,4921,98,Asphalt,0,0,,,,,
SDDT,8,35,85,85,Concrete,0,0,,,,,
SDDV,7,25,2493,59,Gravel,0,0,,,,,
SDDX,08,26,4432,75,Asphalt,0,0,,,,,
SDDX,10,28,2461,75,Gravel,0,1,,,,,
SDDY,7,34,79,79,Grass,0,0,,,,,
SDEA,1,14,66,66,Concrete,0,0,,,,,
SDED,13,31,1969,66,Grass,0,0,,,,,
SDEH,4,30,79,79,Concrete,0,0,,,,,
SDEI,06,21,69,69,Concrete,1,0,,,,,
SDEJ,6,24,1903,59,Asphalt,0,0,,,,,
SDEK,7,24,69,69,Grass,0,0,,,,,
SDEL,13,31,59,59,Concrete,0,0,,,,,
SDEM,18,36,2297,98,Grass,0,0,,,,,
SDEN,15,33,4067,75,Asphalt,1,0,-27.1628,-48.6267,-27.1701,-48.6172,131
SDEO,17,35,4921,82,Asphalt,0,0,,,,,
SDEP,5,23,3314,59,Asphalt,0,0,,,,,
SDEQ,30,35,69,69,Concrete,0,0,,,,,
SDER,15,33,1640,75,Gravel,0,0,,,,,
SDES,1,19,3369,98,Gravel,0,0,,,,,
SDET,02,20,2789,98,Gravel,0,0,,,,,
SDEU,03,,59,59,Concrete,0,0,,,,,
SDEW,H1,H1,66,66,Concrete,1,0,,,,,
SDEX,09D,27A,4449,66,Dirt,0,0,,,,,
SDEY,26,,69,69,Concrete,1,0,,,,,
SDEZ,1,19,75,75,Concrete,0,0,,,,,
SDFC,18,36,3281,75,Gravel,0,0,,,,,
SDFD,8,26,3281,82,Asphalt,0,0,,,,,
SDFH,11,29,3281,98,Grass,0,0,,,,,
SDFJ,H1,,69,69,Concrete,1,0,,,,,
SDFK,11,29,2625,98,Grass,0,0,,,,,
SDFL,16,34,2133,75,Gravel,0,0,,,,,
SDFN,5,23,2461,75,TER,0,0,,,,,
SDFO,13,22,72,72,Grass,0,0,,,,,
SDFP,7,,59,59,Concrete,0,0,,,,,
SDFQ,10,28,69,69,CON/MET-ROOF,0,0,,,,,
SDFS,7,34,69,69,CON/GRS,0,0,,,,,
SDFT,15,33,1640,75,Asphalt,0,0,,,,,
SDFU,3,21,1969,59,Gravel,0,0,,,,,
SDFV,7,16,59,59,Metal,0,0,,,,,
SDFW,08,23,69,69,Concrete,0,0,,,,,
SDFX,12,30,3609,66,Asphalt,0,0,,,,,
SDGA,15,33,59,59,Concrete,0,0,,,,,
SDGB,13,31,3445,98,Gravel,0,0,,,,,
SDGC,01,19,3281,98,Eartth,0,0,,,,,
SDGD,22,31,79,79,CON/GRS,0,0,,,,,
SDGE,7,31,66,66,Metal,0,0,,,,,
SDGG,H1,,69,69,Concrete,1,0,,,,,
SDGI,11,20,79,79,Concrete,0,0,,,,,
SDGJ,16,34,2461,59,Grass,0,0,,,,,
SDGK,07,25,1969,59,Grass,0,0,,,,,
SDGL,1,28,69,69,Concrete,0,0,,,,,
SDGO,36,,72,72,Concrete,0,0,,,,,
SDGS,09,36,59,59,Concrete,1,0,,,,,
SDGW,5,28,69,69,Concrete,0,0,,,,,
SDGY,15,33,1969,75,Grass,0,0,,,,,
SDGZ,7,27,69,69,Metal,0,0,,,,,
SDHA,H1,H1,66,66,Concrete,0,0,,,,,
SDHB,9,,69,69,Concrete,0,0,,,,,
SDHC,17,35,1640,59,Grass,0,0,,,,,
SDHD,15,29,62,62,Asphalt,0,0,,,,,
SDHE,5,23,1804,98,Gravel,0,0,,,,,
SDHF,H1,H1,64,64,Concrete,0,0,,,,,
SDHG,16,29,79,79,Grass,0,0,,,,,
SDHI,3,18,69,69,Metal,0,0,,,,,
SDHJ,2,12,79,79,Concrete,1,0,,,,,
SDHL,5,18,59,59,Concrete,0,0,,,,,
SDHN,13,26,59,59,Concrete,0,0,,,,,
SDHO,9,32,75,75,Concrete,0,0,,,,,
SDHQ,7,34,59,59,Asphalt,0,0,,,,,
SDHR,14,32,2461,75,Gravel,0,0,,,,,
SDHT,2,11,59,59,Concrete,0,0,,,,,
SDHU,9,36,59,59,Concrete,0,0,,,,,
SDHV,06,,63,63,Concrete,1,0,,,,,
SDHW,22-28,35,59,59,Concrete,0,0,,,,,
SDHX,15,33,1494,59,Dirt,0,0,-30.7482,-51.5366,-30.7513,-51.5334,
SDHY,16,25,66,66,Concrete,0,0,,,,,
SDHZ,10,19,66,66,Concrete,0,0,,,,,
SDIB,3,21,2789,59,ASP/GRS,0,0,,,,,
SDIC,01,19,2297,66,Asphalt,0,0,,,,,
SDIG,13,31,3937,59,Asphalt,0,0,,,,,
SDIH,13,31,2461,75,Gravel,0,0,,,,,
SDII,09,30,79,79,Concrete,1,0,,,,,
SDIL,6,24,3445,59,Asphalt,0,0,,,,,
SDIM,15,33,4429,98,Asphalt,1,0,,,,,
SDIO,1,19,4265,82,Asphalt,0,0,,,,,
SDIP,08,26,1969,66,Grass,0,0,,,,,
SDIQ,24,33,62,62,Grass,0,0,,,,,
SDIS,13,,69,69,Concrete,0,0,,,,,
SDIT,04,14,69,69,Metal,1,0,,,,,
SDIV,17,35,4429,75,Asphalt,0,0,,,,,
SDIW,10,22,59,59,Concrete,0,0,,,,,
SDIX,11,23,69,69,Concrete,0,0,,,,,
SDIY,13,31,4921,98,Asphalt,0,0,,,,,
SDJA,7,25,4593,69,Asphalt,0,0,,,,,
SDJB,27,H1,69,69,Concrete,0,0,,,,,
SDJC,07,25,3150,75,Earth,0,0,,,,,
SDJF,12,30,2297,98,Gravel,0,0,,,,,
SDJH,H1,H1,66,66,Concrete,1,0,,,,,
SDJI,5,14,85,85,Concrete,0,0,,,,,
SDJJ,9,18,59,59,Concrete,0,0,,,,,
SDJL,2,20,3478,62,Asphalt,0,0,,,,,
SDJM,4,31,59,59,Grass,0,0,,,,,
SDJN,16,34,1969,75,Grass,0,0,,,,,
SDJO,14,32,4508,75,Asphalt,0,0,,,,,
SDJP,11,29,59,59,Asphalt,1,0,,,,,
SDJQ,5,23,4593,75,Asphalt,0,0,,,,,
SDJS,13,31,2691,66,Dirt,0,0,,,,,
SDJT,21,,59,59,Concrete,1,0,,,,,
SDJU,02,,66,66,Metal,1,0,,,,,
SDJV,4,22,4101,98,Asphalt,0,0,,,,,
SDJW,4,25,66,66,Concrete,0,0,,,,,
SDJX,03,21,3293,62,Dirt,0,0,-13.1089,-48.3827,-13.1000,-48.3812,
SDJX,17,35,4593,75,Earth,0,0,,,,,
SDJZ,10,28,3281,98,Gravel,0,0,,,,,
SDKA,13,31,1418,39,Dirt,0,0,4.1658,-59.8368,4.1642,-59.8332,
SDKB,09,27,3786,66,Graded Earth,0,0,,,,,
SDKD,15,24,59,59,Concrete,0,0,,,,,
SDKG,16,34,1969,66,Gravel,0,0,,,,,
SDKI,27,36,69,69,Metal,0,0,,,,,
SDKJ,13,31,4593,98,Asphalt,0,0,,,,,
SDKK,4,22,3281,98,Gravel,0,0,,,,,
SDKL,13,31,3280,66,Gravel,0,0,,,,,
SDKM,2,15,62,62,Metal,0,0,,,,,
SDKO,18,36,3937,75,Asphalt,0,0,,,,,
SDKP,18,36,2953,98,Grass,0,0,,,,,
SDKQ,11,29,2428,66,Grass,0,0,,,,,
SDKT,15,35,62,62,CON/MET,0,0,,,,,
SDKV,3,21,69,69,Concrete,0,0,,,,,
SDKW,7,25,2625,66,TER,0,0,,,,,
SDKX,18,36,3937,98,,0,0,,,,,
SDKY,08,,69,69,Concrete,1,0,,,,,
SDKZ,11,29,2017,66,Gravel,0,0,,,,,
SDLA,16,34,66,66,CON/GRS,0,0,,,,,
SDLB,20,29,59,59,Metal,0,0,,,,,
SDLC,09,27,3386,118,Grass,0,0,,,,,
SDLD,17,35,66,66,Concrete,0,0,,,,,
SDLE,16,34,3937,98,Gravel,0,0,,,,,
SDLF,8,35,79,79,Concrete,0,0,,,,,
SDLI,12,30,3937,66,Gravel,0,0,,,,,
SDLK,14,32,3937,98,Asphalt,0,1,,,,,
SDLL,09,27,4370,59,Asphalt,0,0,,,,,
SDLO,12,30,2461,59,Concrete,0,0,,,,,
SDLP,07,25,4147,66,Asphalt,0,0,,,,,
SDLU,12,30,4593,82,Asphalt,0,0,,,,,
SDLW,15,33,3281,59,Earth,0,0,,,,,
SDLX,11,29,4265,131,Earth,0,0,,,,,
SDLY,16,34,2461,75,Gravel,0,0,,,,,
SDMA,6,24,1969,75,Grass,0,0,,,,,
SDMB,13,31,59,59,Asphalt,0,0,,,,,
SDMC,09,27,3917,98,Asphalt,0,0,-22.9209,-42.8339,-22.9174,-42.8265,63
SDMD,18,36,2625,98,Gravel,0,0,,,,,
SDME,13,31,3609,66,Asphalt,0,0,,,,,
SDMF,35,,66,66,Concrete,0,0,,,,,
SDMG,18,36,1690,62,Grass,0,0,,,,,
SDMH,07,25,3281,98,Earth,0,0,,,,,
SDMI,19,28,66,66,Metal,0,0,,,,,
SDMJ,12,30,4921,98,Gravel,0,0,,,,,
SDMM,02,20,1686,39,Gravel,0,0,,,,,
SDMO,17,35,3181,96,TER,0,0,,,,,148
SDMP,8,17,62,62,Grass,0,0,,,,,
SDMR,5,23,2205,128,Sand,0,0,,,,,
SDMS,12,33,69,69,Grass,0,0,,,,,
SDMT,18,,59,59,Metal,0,0,,,,,
SDMU,33,,64,64,Concrete,0,0,,,,,
SDMV,02,20,5089,98,Asphalt,0,0,-22.2782,-48.6041,-22.2698,-48.6044,358
SDMW,12,30,1969,66,TER,0,0,,,,,
SDMX,6,24,3609,59,Gravel,0,0,,,,,
SDMY,09,27,4921,98,Asphalt,0,0,,,,,
SDMZ,14,36,69,69,Concrete,0,0,,,,,
SDNA,09,27,4265,75,Asphalt,0,0,,,,,
SDND,03,21,1968,75,Earth,0,0,,,,,
SDNE,14,32,2133,75,Grass,0,0,,,,,
SDNH,13,31,3281,98,Grass,0,0,,,,,
SDNI,18,36,2100,66,Asphalt,0,0,,,,,
SDNJ,6,24,2887,66,Earth,0,0,,,,,
SDNK,11,29,3281,59,Asphalt,0,0,,,,,
SDNM,05,23,5052,79,Asphalt,0,0,,,,,
SDNN,23,32,59,59,Concrete,0,0,,,,,
SDNO,13,31,3281,66,Asphalt,0,0,,,,,
SDNP,9,18,59,59,Concrete,0,0,,,,,
SDNQ,09,27,3281,66,Grass,0,1,,,,,
SDNQ,11,29,3117,59,Asphalt,0,0,,,,,
SDNR,2,25,59,59,Concrete,0,0,,,,,
SDNT,03,21,3970,66,Asphalt,1,0,,,,,
SDNU,20,35,69,69,Concrete,0,0,,,,,
SDNV,3,21,2953,59,Grass,0,0,,,,,
SDOA,12,30,2624,59,Earth,0,0,,,,,
SDOB,13,31,4068,75,Asphalt,0,0,,,,,
SDOC,12,35,59,59,Concrete,0,0,,,,,
SDOD,11,29,2297,59,Earth,0,0,,,,,
SDOE,09,27,1968,59,Earth,0,0,,,,,
SDOF,14,,66,66,Concrete,0,0,,,,,
SDOG,26,35,62,62,Concrete,0,0,,,,,
SDOH,2,11,66,66,Concrete,0,0,,,,,
SDOI,6,24,2297,98,Gravel,0,0,,,,,
SDOK,12,35,64,64,Concrete,0,0,,,,,
SDOL,01,19,3609,59,Asphalt,1,0,,,,,
SDON,16,34,59,59,Concrete,0,0,,,,,
SDOP,9,36,66,66,Metal,0,0,,,,,
SDOQ,12,30,3609,66,Earth,0,0,,,,,
SDOR,16,34,2953,79,Gravel,0,0,,,,,
SDOT,2,29,62,62,Concrete,0,0,,,,,
SDOU,16,34,4921,98,Asphalt,0,0,,,,,
SDOV,17,35,4921,98,Asphalt,0,0,,,,,
SDOW,14,32,3937,98,Asphalt,0,0,,,,,
SDOX,11,29,2953,66,Concrete,0,0,,,,,
SDOZ,06,24,3281,79,Gravel,0,0,,,,,
SDPA,03,21,4167,98,Asphalt,0,0,,,,,
SDPB,8,35,79,79,Concrete,0,0,,,,,
SDPC,11,29,2624,66,TER,0,0,,,,,
SDPD,6,24,2461,98,Grass,0,0,,,,,
SDPI,15,33,1740,62,Dirt,0,0,4.6895,-60.2464,4.6861,-60.2430,
SDPK,14,,62,62,Concrete,0,0,,,,,
SDPL,2,22,79,79,Concrete,0,0,,,,,
SDPM,06,27,98,98,Concrete,1,0,,,,,
SDPN,15,33,4921,98,Asphalt,0,0,,,,,
SDPO,13,22,59,59,Concrete,0,0,,,,,
SDPT,16,25,62,62,Concrete,0,0,,,,,
SDPU,3,12,92,92,Concrete,0,0,,,,,
SDPV,14,32,3937,98,Gravel,0,0,,,,,
SDPW,17,35,3937,98,Asphalt,0,0,,,,,
SDPX,12,30,1995,43,Gravel,0,0,,,,,
SDPY,3,21,2822,98,Gravel,0,0,,,,,
SDPZ,17,35,2625,66,Gravel,0,0,,,,,
SDQC,1,19,69,69,Concrete,0,0,,,,,
SDQD,3,30,62,62,Concrete,0,0,,,,,
SDQF,9,18,39,39,Concrete,0,0,,,,,
SDQG,5,23,3609,66,Grass,0,0,,,,,
SDQI,24,,72,72,Concrete,1,0,,,,,
SDQJ,15,25,66,66,Concrete,0,0,,,,,
SDQK,05,23,3281,82,Grass,0,0,,,,,
SDQL,2,20,3609,131,Asphalt,0,0,,,,,
SDQM,4,28,69,69,Asphalt,0,0,,,,,
SDQO,11,24,62,62,Concrete,0,0,,,,,
SDQP,12,33,59,59,Concrete,1,0,,,,,
SDQQ,15,33,3609,59,Asphalt,0,0,,,,,
SDQT,20,30,62,62,Concrete,0,0,,,,,
SDQV,3,21,3281,82,Gravel,0,0,,,,,
SDQX,13,31,2297,66,TER,0,0,,,,,
SDQY,21,30,69,69,Concrete,0,0,,,,,
SDQZ,11,29,4593,66,Asphalt,0,0,,,,,
SDRA,16,34,2454,59,Grass,0,0,-23.8724,-48.0530,-23.8800,-48.0498,
SDRB,12,36,59,59,Concrete,0,0,,,,,
SDRC,4,22,2953,59,Asphalt,0,0,,,,,
SDRE,9,27,59,59,Concrete,0,0,,,,,
SDRF,5,23,2789,66,Grass,0,0,,,,,
SDRG,1,10,82,82,Grass,0,0,,,,,
SDRH,16,34,2625,66,Gravel,0,0,,,,,
SDRI,17,35,69,69,Concrete,0,0,,,,,
SDRJ,9,18,79,79,Asphalt,0,0,,,,,
SDRK,03,21,3435,131,Earth,0,0,,,,,
SDRK,04,,69,69,Grass,1,0,,,,,
SDRM,13,31,1398,56,Grass,0,0,,,,,
SDRN,5,20,75,75,Metal,0,0,,,,,
SDRP,07,25,1312,52,Gravel,0,0,,,,,
SDRR,15,33,4856,98,Asphalt,0,0,,,,,
SDRS,8,26,4265,98,Asphalt,0,0,,,,,
SDRT,08,26,2855,66,Dirt,0,0,4.6464,-60.7913,4.6497,-60.7842,
SDRU,15,33,31,66,Asphalt,0,0,,,,,
SDRY,02,20,2953,59,Gravel,0,0,,,,,
SDRZ,6,24,3609,82,Grass,0,0,,,,,
SDSA,09,27,3937,132,Grass,0,0,,,,,
SDSC,2,20,4790,98,Asphalt,0,0,,,,,
SDSD,12,30,1968,49,Earth,0,0,,,,,
SDSE,17,35,1969,82,Grass,0,0,,,,,
SDSM,11,29,2854,59,ASP/GRS,0,0,,,,,
SDSN,1,19,69,69,Concrete,0,0,,,,,
SDSQ,03,21,2953,79,Asphalt,0,0,,,,,
SDSR,20,,112,112,Concrete,1,0,,,,,
SDST,9,27,2625,75,Gravel,0,0,,,,,
SDSU,7,28,66,66,Grass,0,0,,,,,
SDSV,15,33,2625,66,Gravel,0,0,,,,,
SDSX,H1,,79,79,Metal,1,0,,,,,
SDSZ,20,,79,79,Metal,1,0,,,,,
SDTB,2,20,2625,98,Gravel,0,0,,,,,
SDTC,15,35,59,59,Metal,0,0,,,,,
SDTE,17,35,3740,59,Asphalt,0,0,,,,,
SDTF,14,32,3609,98,Asphalt,0,0,,,,,
SDTG,4,27,69,69,Metal,0,0,,,,,
SDTI,06,24,2461,75,Grass,0,0,,,,,
SDTJ,27,36,69,69,Metal,0,0,,,,,
SDTK,10,28,2297,75,Asphalt,0,0,,,,,
SDTM,13,31,59,59,Concrete,0,0,,,,,
SDTN,11,29,1969,59,Gravel,0,0,,,,,
SDTO,17,35,2789,75,Grass,0,0,,,,,
SDTP,06,24,4921,115,Asphalt,1,0,,,,,
SDTQ,13,31,3281,98,Gravel,0,0,,,,,
SDTS,2,20,3150,131,Grass,0,0,,,,,
SDTT,1,,62,62,Concrete,0,0,,,,,
SDTU,3,14,79,79,Metal,0,0,,,,,
SDTV,9,27,5906,98,Gravel,0,0,,,,,
SDTX,3,21,2625,98,Grass,0,0,,,,,
SDTY,12,30,5249,98,Asphalt,0,0,,,,,
SDUB,9,27,3084,98,Asphalt,0,0,,,,,
SDUD,7,25,3281,59,Asphalt,0,0,,,,,
SDUF,4,22,2953,115,Gravel,0,0,,,,,
SDUI,2,21,66,66,Metal,0,0,,,,,
SDUJ,4,16,59,59,Metal,0,0,,,,,
SDUK,18,36,3281,82,Asphalt,0,0,,,,,
SDUL,18,36,3116,60,Asphalt,1,0,,,,,
SDUM,6,24,66,66,Metal,0,0,,,,,
SDUN,07,25,3937,92,Asphalt,0,0,,,,,
SDUQ,5,23,3934,98,Gravel,0,0,,,,,
SDUT,25,,69,69,Grass,0,0,,,,,
SDUU,13,31,2953,98,TER,0,0,,,,,
SDUV,H1,,59,59,Concrete,0,0,,,,,
SDUW,7,,79,79,Concrete,0,0,,,,,
SDUX,05,14,59,59,Concrete,1,0,,,,,
SDUY,2,17,79,79,Concrete,0,0,,,,,
SDUZ,8,26,2953,75,Gravel,0,0,,,,,
SDVA,16,34,1969,75,Gravel,0,0,,,,,
SDVB,2,20,66,66,Concrete,0,0,,,,,
SDVC,11,20,66,66,Concrete,0,0,,,,,
SDVD,12,,62,62,Grass,0,0,,,,,
SDVE,14,32,2526,66,Asphalt,0,0,,,,,
SDVF,12,30,2258,66,Dirt,0,0,4.5905,-60.1844,4.5889,-60.1784,
SDVG,5,23,4921,98,Asphalt,0,0,,,,,
SDVH,4,22,2428,66,Asphalt,0,0,,,,,
SDVI,15,33,2297,82,Gravel,0,0,,,,,
SDVJ,9,27,3281,59,Gravel,0,0,,,,,
SDVP,07,25,2083,66,Grass,0,0,,,,,
SDVQ,2,20,3445,59,Grass,0,0,,,,,
SDVS,17,35,2953,75,Gravel,0,0,,,,,
SDVT,1,10,62,62,CON/MET,0,0,,,,,
SDVV,23,32,69,69,Concrete,0,0,,,,,
SDVW,3,21,79,79,Grass,0,0,,,,,
SDWA,12,21,59,59,Concrete,0,0,,,,,
SDWB,2,,69,69,Metal,0,0,,,,,
SDWC,10,28,2625,59,Gravel,0,0,,,,,
SDWH,1,19,4921,98,Asphalt,0,0,,,,,
SDWI,14,32,2654,62,Asphalt,0,0,,,,,
SDWK,2,20,2365,59,Asphalt,0,0,,,,,
SDWL,6,24,1345,59,Asphalt,0,0,,,,,
SDWN,9,27,3281,98,Gravel,0,0,,,,,
SDWO,15,33,1476,49,Grass,0,0,,,,,
SDWS,2,11,59,59,Concrete,0,0,,,,,
SDWT,23,27,79,79,Concrete,0,0,,,,,
SDWU,1,19,3937,59,Asphalt,0,0,,,,,
SDWV,12,30,3232,59,Clay,0,0,,,,,
SDWX,03,21,1969,66,Earth,0,1,,,,,
SDWZ,16,34,2625,98,Grass,0,0,,,,,
SDXA,05,23,1730,43,Dirt,0,0,4.2100,-60.0058,4.2139,-60.0031,
SDXD,7,25,59,59,Concrete,0,0,,,,,
SDXE,5,23,2461,59,Asphalt,0,0,,,,,
SDXF,9,27,3937,98,Asphalt,0,0,,,,,
SDXH,27,,66,66,Concrete,1,0,,,,,
SDXJ,09,27,4265,75,Asphalt,0,0,,,,,
SDXK,11,29,1477,49,Dirt,0,0,4.4135,-60.1187,4.4132,-60.1146,
SDXN,H1,,66,66,Concrete,0,0,,,,,
SDXP,5,18,79,79,Concrete,0,0,,,,,
SDXR,15,33,3937,66,Asphalt,0,0,,,,,
SDXS,28,35,59,59,Concrete,0,0,,,,,
SDXV,22,,69,69,Concrete,0,0,,,,,
SDXW,10,28,3281,66,Gravel,0,0,,,,,
SDXX,7,34,69,69,Concrete,0,0,,,,,
SDYA,H1,H1,59,59,Concrete,0,0,,,,,
SDYB,11,29,3609,66,Asphalt,1,0,,,,,
SDYC,6,15,62,62,Grass,0,0,,,,,
SDYD,2,11,59,59,Grass,0,0,,,,,
SDYE,4,13,79,79,Grass,0,0,,,,,
SDYF,1,19,4265,66,Asphalt,0,0,,,,,
SDYH,5,14,66,66,Concrete,0,0,,,,,
SDYI,17,35,2493,66,Gravel,0,0,,,,,
SDYJ,8,26,2625,66,Gravel,0,0,,,,,
SDYK,23,32,59,59,Concrete,0,0,,,,,
SDYL,23,14,69,69,Concrete,0,0,,,,,
SDYN,9,27,2625,66,Grass,0,0,,,,,
SDYO,16,25,62,62,Concrete,0,0,,,,,
SDYP,25,34,66,66,Concrete,0,0,,,,,
SDYR,17,-,59,59,Concrete,0,0,,,,,
SDYS,05,23,1804,82,Grass,0,0,,,,,
SDYT,15,33,1641,62,Dirt,0,0,3.7655,-63.9885,3.7622,-63.9854,
SDYV,6,32,59,59,Concrete,1,0,,,,,
SDYW,12,30,4265,98,Asphalt,0,0,,,,,
SDYX,13,31,3937,59,Asphalt,0,0,,,,,
SDYZ,18,36,59,59,Concrete,0,0,,,,,
SDZB,33,,69,69,Concrete,0,0,,,,,
SDZC,01,19,1378,52,Dirt,0,0,2.7062,-62.6688,2.7099,-62.6690,
SDZD,24,32,79,79,Grass,0,0,,,,,
SDZF,04,22,1600,59,Gravel,0,0,,,,,
SDZH,4,22,4593,59,Asphalt,0,0,,,,,
SDZK,13,31,1148,46,Gravel,0,0,,,,,
SDZM,13,31,4593,75,Asphalt,0,0,,,,,
SDZN,17,35,2592,66,Gravel,0,0,,,,,
SDZO,01,19,1657,59,Gravel,0,0,,,,,
SDZR,3,21,2789,82,Gravel,0,0,,,,,
SDZU,15,33,2953,59,Asphalt,0,0,,,,,
SDZX,10,28,4265,59,Grass,0,0,,,,,
SDZZ,02,20,1919,66,Grass,0,0,,,,,
SEAH,01,19,1424,33,Grass,0,0,,,,,
SEAL,13,31,2953,39,Gravel,0,0,,,,,
SEAM,01,19,6316,82,Asphalt,0,0,-1.2206,-78.5763,-1.2035,-78.5730,11
SEAQ,06,24,2789,82,Gravel,0,0,,,,,
SEAU,18,36,1312,66,Grass,0,0,,,,,
SEAV,16,34,52,52,Concrete,0,0,,,,,
SEAZ,05,23,2953,33,Asphalt,0,0,,,,,
SEBL,03,21,1804,56,Grass,0,0,,,,,
SEBM,09,27,2297,49,Gravel,0,0,,,,,
SEBP,10,28,2297,59,Asphalt,0,0,,,,,
SEBT,18,36,1640,39,Asphalt,0,0,,,,,
SEBU,09,27,1627,56,Grass,0,0,,,,,
SEBW,02,20,1558,49,Gravel,0,0,,,,,
SEBX,05,23,2625,33,Asphalt,0,0,,,,,
SEBZ,05,23,4659,75,Asphalt,0,0,,,,,
SECC,17,35,2392,62,Asphalt,0,0,,,,,
SECD,01,19,2133,66,Asphalt,0,0,,,,,
SECG,03,21,2297,39,Gravel,0,0,,,,,
SECI,01,19,2657,59,Asphalt,0,0,,,,,
SECK,12,30,2625,82,Earth,0,0,,,,,
SECM,01,19,3281,36,Asphalt,0,0,-1.7104,-79.3806,-1.7021,-79.3773,22
SECO,16,34,6760,90,Asphalt,0,0,-0.4526,-76.9919,-0.4693,-76.9837,154
SECQ,15,33,2297,49,Gravel,0,0,,,,,
SECU,06,24,6234,118,Asphalt,1,0,-2.8947,-78.9911,-2.8842,-78.9777,52
SEDA,03,21,2493,59,Gravel,0,0,,,,,
SEDB,15,33,3937,46,Gravel,0,0,,,,,
SEDM,06,24,1670,69,Grass,0,0,,,,,
SEDO,13,31,2297,46,Gravel,0,0,,,,,
SEED,07,25,1640,56,Earth,0,0,,,,,
SEEF,13,31,36,36,Concrete,0,0,,,,,
SEEK,07,25,1640,56,Earth,0,0,,,,,
SEEO,08X,26,1968,49,Gravel,0,0,,,,,
SEEP,07,25,2625,33,Gravel,0,0,,,,,
SEER,04,22,2625,49,Gravel,0,0,,,,,
SEES,01,19,43,43,Concrete,0,0,,,,,
SEET,15,33,1575,82,Earth,0,0,,,,,
SEEU,11,29,2133,49,Earth,0,0,,,,,
SEEX,18,36,2625,59,Gravel,0,0,,,,,
SEEZ,13,31,2461,98,Earth,0,0,,,,,
SEFU,13D,31A,2625,39,Asphalt,0,0,,,,,
SEGL,06,24,1968,33,Asphalt,0,0,,,,,
SEGO,07,25,3937,59,Gravel,0,0,,,,,
SEGS,14,32,7877,115,Asphalt,1,0,-0.4450,-90.2723,-0.4625,-90.2596,144
SEGT,08,26,1552,49,Grass,0,0,,,,,
SEGU,03,21,9154,151,Asphalt,1,0,-2.1683,-79.8899,-2.1466,-79.8772,31
SEGX,14,32,39,39,Concrete,0,0,,,,,
SEGZ,15,33,6601,85,Asphalt,0,0,-3.4149,-78.5706,-3.4315,-78.5634,156
SEHE,13,31,1286,66,Earth,0,0,,,,,
SEHR,14,32,1640,49,Earth,0,0,,,,,
SEHS,01,19,1345,85,Earth,0,0,,,,,
SEHV,08,26,2625,39,Asphalt,0,0,,,,,
SEIA,09,27,2625,43,Asphalt,0,0,,,,,
SEIE,13,31,1608,49,Earth,0,0,,,,,
SEIG,11,29,2618,43,Asphalt,0,0,,,,,
SEIH,11,29,1312,66,Earth,0,0,,,,,
SEII,17,35,4921,98,Asphalt,0,0,-0.9359,-90.9541,-0.9493,-90.9520,171
SEIM,10,28,3117,59,Gravel,0,0,,,,,
SEIP,05,23,1624,59,Earth,0,0,,,,,
SEIR,12,30,1936,66,Earth,0,0,,,,,
SEIT,07,25,1640,82,Earth,0,0,,,,,
SEIU,13,31,1640,59,Earth,0,0,,,,,
SEIV,02,20,2297,46,Gravel,0,0,,,,,
SEIW,12,30,1673,75,Earth,0,0,,,,,
SEIX,10,28,2297,49,Earth,0,0,,,,,
SEIY,02,20,1640,49,Earth,0,0,,,,,
SEJD,09,27,8202,148,Asphalt,0,0,-1.0602,-77.5917,-1.0602,-77.5693,
SEJE,18,36,1312,66,Earth,0,0,,,,,
SEJS,04,22,951,39,Asphalt,0,0,,,,,
SEJT,17,35,1411,66,Earth,0,0,,,,,
SEJZ,17,35,1968,82,Earth,0,0,,,,,
SEKC,06,24,3445,49,Earth,0,0,,,,,
SEKC,12,30,1411,49,Earth,0,0,,,,,
SEKF,11,29,2034,49,Earth,0,0,,,,,
SEKH,05,23,1443,66,Grass,0,0,,,,,
SEKK,17,35,3060,65,Asphalt,0,0,0.1884,-79.3920,0.1800,-79.3919,179
SEKP,16,34,2854,66,Earth,0,0,,,,,
SEKS,18,36,1476,59,Grass,0,0,,,,,
SEKU,07,25,1700,82,Earth,0,0,,,,,
SELJ,03,21,3281,49,Asphalt,0,0,-1.7083,-79.5545,-1.7004,-79.5500,30
SELT,18,36,12117,148,Asphalt,1,0,-0.8902,-78.6145,-0.9235,-78.6170,184
SEMA,01,19,3532,65,Asphalt,0,0,-4.3830,-79.9420,-4.3735,-79.9400,12
SEMC,01,19,8202,98,Asphalt,0,0,-2.3101,-78.1236,-2.2882,-78.1180,15
SEMO,08,26,4725,75,Asphalt,0,0,-2.0675,-76.9822,-2.0663,-76.9693,85
SEMT,05,23,9383,148,Asphalt,1,0,-0.9533,-80.6894,-0.9388,-80.6682,56
SEMX,09,27,3280,26,Asphalt,0,0,-2.8507,-79.8081,-2.8514,-79.7991,94
SEND,06,24,1509,62,Earth,0,0,,,,,
SENF,15,33,2077,49,Earth,0,0,-2.5200,-76.9920,-2.5251,-76.9892,151
SENL,05,23,7546,,,0,0,,,,,
SEOC,18,36,1394,52,Grass,0,0,,,,,
SEOI,18,36,2461,59,Gravel,0,0,,,,,
SEOM,16,34,2548,49,Asphalt,0,0,,,,,
SEON,10,28,2149,52,Gravel,0,0,,,,,
SEOU,02,20,2953,59,Grass,0,0,,,,,
SEPC,02,20,5255,96,Asphalt,0,0,-2.7582,-78.2668,-2.7452,-78.2604,26
SEPI,04,22,1483,59,Grass,0,0,,,,,
SEPK,17,35,2028,98,Earth,0,0,,,,,
SEPS,10,28,3774,57,Asphalt,0,0,-3.3182,-79.7742,-3.3211,-79.7641,106
SEPV,12,30,7451,89,Asphalt,0,0,-1.0353,-80.4803,-1.0480,-80.4641,128
SEQE,18,36,4450,70,Asphalt,0,0,-0.9832,-79.4653,-0.9955,-79.4649,178
SEQM,18,36,13445,148,Concrete,1,0,-0.1056,-78.3552,-0.1426,-78.3536,180
SERB,05,23,5250,95,Asphalt,0,0,-1.6575,-78.6621,-1.6494,-78.6502,56
SERL,12,30,3281,59,Gravel,0,0,,,,,
SERO,07,25,8625,148,Asphalt,0,0,-3.4461,-80.0070,-3.4377,-79.9864,68
SESA,08,26,3707,131,Asphalt,1,0,-2.2035,-80.9922,-2.2020,-80.9823,82
SESA,13,31,8629,165,Asphalt,1,0,-2.2029,-80.9936,-2.2169,-80.9767,129
SESC,17,35,2297,120,Grass,0,0,-2.4707,-78.1694,-2.4769,-78.1686,172
SESD,11,29,3668,82,Asphalt,0,0,-0.2466,-79.2194,-0.2499,-79.2095,108
SESE,12,30,2122,33,Asphalt,0,0,,,,,
SESJ,18,36,2625,33,Gravel,0,0,,,,,180
SESK,17,35,1821,85,Earth,0,0,,,,,
SESL,12,30,3937,66,Asphalt,0,0,,,,,
SESM,12A,30D,5052,82,Asphalt,0,0,-1.5018,-78.0687,-1.5087,-78.0567,119
SESO,02,20,2625,39,Asphalt,0,0,,,,,
SESS,14,32,1444,59,Earth,0,0,,,,,
SEST,16,34,6214,66,Asphalt,0,0,-0.9018,-89.6190,-0.9186,-89.6159,169
SESV,15,33,7227,98,Asphalt,0,0,-0.5994,-80.4074,-0.6169,-80.3979,151
SETA,03,21,10015,145,Asphalt,1,0,-2.2734,-79.6861,-2.2487,-79.6742,26
SETE,10,28,3937,49,Asphalt,0,0,-0.9856,-77.8248,-0.9879,-77.8141,101
SETH,18,36,3602,59,Gravel,0,0,,,,,
SETM,06,24,6725,98,Asphalt,1,0,-4.0000,-79.3802,-3.9918,-79.3637,64
SETN,18,36,7874,148,Asphalt,1,0,0.9894,-79.6262,0.9677,-79.6272,183
SETR,12,30,5151,49,Asphalt,1,0,-0.1190,-76.3438,-0.1269,-76.3317,122
SETS,17,35,1650,66,Grass,0,0,,,,,
SETU,05,23,8071,98,Asphalt,0,0,0.8031,-77.7171,0.8159,-77.6990,55
SETW,03,21,1598,49,Earth,0,0,,,,,
SEUA,18,36,951,39,Asphalt,0,0,,,,,
SEUD,09,27,1673,98,Earth,0,0,,,,,
SEUI,18,36,1706,33,Grass,0,0,,,,,
SEUK,11,29,1476,59,Earth,0,0,,,,,
SEUN,06,24,1837,66,Grass,0,0,,,,,
SEUV,15,33,2329,95,Earth,0,0,,,,,
SEUW,17,35,1509,49,Grass,0,0,,,,,
SEUY,10,28,1640,98,Earth,0,0,,,,,90
SEUZ,02,20,1312,49,Earth,0,0,,,,,
SEWA,07,25,2789,82,Earth,0,0,,,,,
SEWE,10,28,1421,49,Grass,0,0,,,,,
SEWG,01,19,1936,82,Earth,0,0,,,,,
SEWI,06,24,1968,66,Earth,0,0,,,,,
SEWK,02,20,1640,82,Earth,0,0,,,,,
SEWM,03,21,1739,66,Grass,0,0,,,,,
SEWN,09,27,1673,82,Earth,0,0,,,,,
SEWO,13,31,3117,66,Asphalt,0,0,,,,,
SEWR,06,24,1870,52,Gravel,0,0,,,,,
SEWU,06,24,1453,66,Grass,0,0,,,,,
SEWX,07,25,1968,82,Earth,0,0,,,,,
SEXI,14,32,1739,39,Earth,0,0,,,,,
SEXK,16,34,1509,72,Earth,0,0,,,,,
SEXS,06,24,2953,49,Gravel,0,0,,,,,
SEXT,13,31,1640,82,Gravel,0,0,,,,,
SEYH,06,24,1870,49,Earth,0,0,,,,,
SEYJ,10,28,3281,33,Asphalt,0,0,,,,,
SEYK,15,33,1640,89,Earth,0,0,,,,,
SEYM,13,31,1804,49,Earth,0,0,,,,,
SEYN,06,24,1555,59,Earth,0,0,,,,,
SEYP,15,33,1870,52,Grass,0,0,,,,,
SEYS,16,34,1968,66,Earth,0,0,,,,,
SEYT,06,24,1204,69,Earth,0,0,,,,,
SEYW,18,36,1427,59,Earth,0,0,,,,,
SEYX,12,30,1640,98,,0,0,,,,,
SEZA,03,21,2297,66,Grass,0,0,,,,,
SEZD,17,35,46,46,Hard,0,0,,,,,
SEZE,06,24,3051,95,Earth,0,0,,,,,
SEZI,15,33,1706,39,Grass,0,0,,,,,
SEZK,06,24,1804,49,Earth,0,0,,,,,
SEZM,14,32,1739,39,Grass,0,0,,,,,
SEZN,17,34,1919,43,Grass,0,0,,,,,
SEZR,18,36,1968,98,Earth,0,0,,,,,
SFAL,09,27,3013,63,Asphalt,0,0,-51.6860,-57.7804,-51.6859,-57.7671,89
SFAL,18,36,1110,42,Asphalt,0,0,-51.6840,-57.7816,-51.6871,-57.7816,180
SGAS,02,20,10997,148,Asphalt,1,0,-25.2546,-57.5227,-25.2251,-57.5155,10
SGAY,02,20,6070,148,Asphalt,0,0,-27.3789,-56.8556,-27.3624,-56.8523,10
SGCO,03,21,6070,148,Asphalt,1,0,-23.4498,-57.4296,-23.4337,-57.4246,16
SGCU,14,32,,,,0,0,,,,,
SGEN,02,20,7218,148,Asphalt,1,0,,,,,
SGES,05,23,11154,148,Asphalt,1,0,-25.4671,-54.8546,-25.4439,-54.8326,41
SGIB,03,21,4987,75,Asphalt,1,0,-25.4143,-54.6219,-25.4014,-54.6169,19
SGME,01,19,11483,131,Concrete,1,0,-22.0608,-60.6210,-22.0292,-60.6223,358
SGOL,05,23,3281,78,Concrete,0,0,,,,,
SGPI,02,20,4920,62,Concrete,0,0,-26.8882,-58.3187,-26.8747,-58.3174,5
SGPJ,03,21,5908,98,Asphalt,0,0,-22.6493,-55.8322,-22.6336,-55.8278,14
SGST,02,20,5895,65,Asphalt,1,0,-22.6319,-56.6356,-22.6158,-56.6335,7
SHAP,X,,75,57,Concrete,0,1,,,,,
SHCM,15,36,48,48,Concrete,0,0,,,,,
SHHN,H,,85,85,Concrete,1,0,,,,,
SHIC,17,35,63,63,Concrete,1,0,,,,,
SHLJ,04,22,46,46,Concrete,0,0,,,,,
SHPH,04,22,62,62,Concrete,0,0,,,,,
SHSG,03,21,66,66,Concrete,1,0,,,,,
SIAD,7,25,2953,98,Grass,0,0,,,,,
SIAE,13,36,62,62,Concrete,0,0,,,,,
SIAF,16,34,1969,66,Gravel,0,0,,,,,
SIAK,15,24,66,66,Grass,0,0,,,,,
SIAM,17,35,3018,79,Asphalt,0,0,,,,,
SIAN,18,31,79,79,Concrete,0,0,,,,,
SIAP,07,25,2625,59,Asphalt,0,0,,,,,
SIAP,4,22,2559,75,Asphalt,0,1,,,,,
SIAQ,17,35,5105,98,Asphalt,0,0,,,,,
SIAV,23,32,82,92,Concrete,0,0,,,,,
SIAW,12,30,2461,59,Piçarra,0,0,,,,,
SIBB,27,,66,66,Metal,0,0,,,,,
SIBC,8,26,2297,75,Grass,0,0,,,,,
SIBE,13,,59,59,Concrete,0,0,,,,,
SIBG,09,,62,62,Concrete,1,0,,,,,
SIBH,2,17,79,79,Concrete,0,0,,,,,
SIBI,6,15,69,69,Concrete,0,0,,,,,
SIBL,2,,62,62,Metal,0,0,,,,,
SIBM,01,,69,69,Concrete,1,0,,,,,
SIBO,15,33,2297,66,Grass,0,0,,,,,
SIBS,12,,64,64,Concrete,1,0,,,,,
SIBT,15,,66,66,Concrete,0,0,,,,,
SIBU,11,29,3281,59,Asphalt,0,0,,,,,
SIBV,17,35,2625,98,Gravel,0,0,,,,,
SIBW,08,26,3281,89,Asphalt,0,1,,,,,
SIBX,1,19,3445,72,Gravel,0,0,,,,,
SIBY,14,32,3740,98,Asphalt,0,0,,,,,
SIBZ,13,31,3937,89,Asphalt,0,0,,,,,
SICC,1,19,98,98,Concrete,0,0,,,,,
SICD,17,35,59,59,Grass,0,0,,,,,
SICJ,2,20,2625,98,Asphalt,0,0,,,,,
SICK,4,22,3773,75,Asphalt,0,0,,,,,
SICL,26,,69,69,Asphalt,0,0,,,,,
SICM,04,22,2953,98,Gravel,0,0,,,,,
SICN,5,23,2625,98,Grass,0,0,,,,,
SICO,4,22,4265,75,Asphalt,0,0,,,,,
SICP,1,19,2625,66,Grass,0,0,,,,,
SICS,11,29,98,72,Asphalt,0,0,,,,,
SICT,18,27,69,69,Concrete,0,0,,,,,
SICV,5,32,59,59,Concrete,0,0,,,,,
SICW,04,22,2133,59,Earth,0,0,,,,,
SICX,22,31,63,63,Concrete,1,0,,,,,
SICY,04,22,1968,59,Grass,0,0,,,,,
SICZ,5,17,69,69,Concrete,0,0,,,,,
SIDA,27,,59,59,Concrete,0,0,,,,,
SIDB,18,36,3281,59,Asphalt,0,0,,,,,
SIDE,17,35,85,85,Concrete,0,0,,,,,
SIDL,31,,59,59,Concrete,1,0,,,,,
SIDM,02,20,3281,82,Gravel,0,0,,,,,
SIDQ,H1,H1,69,69,Grass,0,0,,,,,
SIDR,18,36,1640,59,Grass,0,0,,,,,
SIDT,21,,79,79,Concrete,0,0,,,,,
SIDV,17,26,64,64,Concrete,0,0,,,,,
SIDX,13,22,69,69,Concrete,0,0,,,,,
SIDY,8,26,1640,75,Grass,0,0,,,,,
SIEA,3,21,3117,75,Grass,0,0,,,,,
SIED,11,29,2625,59,Asphalt,0,0,,,,,
SIEF,9,27,1969,59,Asphalt,0,0,,,,,
SIEH,3,30,66,66,Concrete,0,0,,,,,
SIEJ,18,36,3609,75,Asphalt,0,0,,,,,
SIEL,2,20,2953,82,Asphalt,0,0,,,,,
SIEP,11,20,82,82,Concrete,0,0,,,,,
SIER,20,29,69,69,Concrete,0,0,,,,,
SIEU,23,33,69,69,Concrete,0,0,,,,,
SIEV,15,33,3051,75,Grass,0,0,,,,,
SIEY,10,28,69,69,Concrete,0,0,,,,,
SIFA,13,34,2625,59,Grass,0,0,,,,,
SIFB,23,,75,75,Concrete,0,0,,,,,
SIFG,22,31,59,59,Concrete,0,0,,,,,
SIFK,15,,69,69,Concrete,0,0,,,,,
SIFQ,9,27,2461,59,Gravel,0,0,,,,,
SIFT,1,19,3281,66,Asphalt,0,0,,,,,
SIFU,7,25,1969,59,Grass,0,0,,,,,
SIFV,07,25,5249,98,Asphalt,1,0,,,,,
SIFW,12,30,2297,59,Grass,0,0,,,,,
SIFY,17,35,2664,131,Asphalt,0,0,,,,,
SIFZ,3,12,69,69,Concrete,0,0,,,,,
SIGB,9,18,69,69,Concrete,0,0,,,,,
SIGC,3,,66,66,Concrete,0,0,,,,,
SIGE,16,34,75,75,Grass,0,0,,,,,
SIGI,6,24,62,62,Concrete,0,0,,,,,
SIGJ,5,19,66,66,Concrete,0,0,,,,,
SIGK,16,25,79,79,Concrete,0,0,,,,,
SIGN,6,24,3117,164,Asphalt,0,0,,,,,
SIGO,18,36,4593,59,Asphalt,0,0,,,,,
SIGQ,13,,79,79,Concrete,0,0,,,,,
SIGS,8,26,3609,98,Grass,0,0,,,,,
SIGT,5,23,2297,66,Gravel,0,0,,,,,
SIGU,06,24,3281,59,Earth,0,0,,,,,
SIGV,8,,62,62,Metal,0,0,,,,,
SIGX,6,24,3281,66,Grass,0,0,,,,,
SIGY,11,29,4659,66,Asphalt,1,0,,,,,
SIGZ,8,29,59,59,Concrete,0,0,,,,,
SIHB,5,23,2559,59,Asphalt,0,0,,,,,
SIHC,11,23,66,66,Concrete,0,0,,,,,
SIHD,14,25,69,69,Concrete,0,0,,,,,
SIHI,2,20,2021,59,Asphalt,0,0,,,,,
SIHJ,13,31,2149,59,Gravel,0,0,,,,,
SIHK,7,32,62,62,Concrete,0,0,,,,,
SIHL,9,,92,92,Concrete,0,0,,,,,
SIHM,11,,66,66,Concrete,0,0,,,,,
SIHO,15,33,66,66,Concrete,0,0,,,,,
SIHQ,7,25,92,92,Concrete,0,0,,,,,
SIHS,16,,59,59,Concrete,0,0,,,,,
SIHT,5,14,66,66,Concrete,0,0,,,,,
SIHW,5,23,1804,59,Gravel,0,0,,,,,
SIHX,26,,62,62,Concrete,0,0,,,,,
SIHZ,9,27,66,66,Concrete,0,0,,,,,
SIIA,9,27,4593,59,Asphalt,0,0,,,,,
SIIB,16,25,69,69,CON/GRS,0,0,,,,,
SIIC,6,15,75,75,Concrete,0,0,,,,,
SIID,9,27,2461,59,Gravel,0,0,,,,,
SIIE,11,29,2625,59,Clay,0,0,,,,,
SIIE,11G,29G,2621,197,Gravel,0,1,,,,,
SIIG,2,20,3117,75,Grass,0,0,,,,,
SIIH,17,35,69,69,Concrete,0,0,,,,,
SIII,15,33,3937,66,Gravel,0,0,,,,,
SIIK,16,34,2096,59,Grass,0,0,,,,,
SIIM,13,31,3609,262,Gravel,0,0,,,,,
SIIN,9,27,2789,66,Asphalt,0,0,,,,,
SIIO,7,,85,85,Concrete,0,0,,,,,
SIIP,19,,69,69,Grass,0,0,,,,,
SIIR,0,27,69,69,Concrete,0,0,,,,,
SIIS,02,20,3281,125,Grass,0,0,,,,,3
SIIS,12,30,2041,82,Grass,0,1,,,,,
SIIU,15,33,2625,59,Asphalt,0,0,,,,,
SIIW,23,32,79,79,Concrete,0,0,,,,,
SIIY,17,35,62,62,Concrete,0,0,,,,,
SIIZ,9,27,2625,66,Gravel,0,0,,,,,
SIJC,9,27,69,69,Concrete,0,0,,,,,
SIJD,9,33,79,79,Concrete,0,0,,,,,
SIJE,1,19,2297,98,Asphalt,0,0,,,,,
SIJF,1,15,79,79,Concrete,0,0,,,,,
SIJG,17,35,2953,75,Grass,0,0,,,,,
SIJI,8,H1,46,46,Concrete,0,0,,,,,
SIJK,10,28,2953,72,Asphalt,0,0,,,,,
SIJM,16,34,3445,66,Asphalt,0,0,,,,,
SIJN,01,19,2133,82,Grass,0,0,,,,,
SIJO,5,23,3609,59,Grass,0,0,,,,,
SIJP,21,30,66,66,Concrete,0,0,,,,,
SIJQ,12,32,66,66,Concrete,0,0,,,,,
SIJR,12,30,1640,82,Grass,0,0,,,,,
SIJS,09,27,2624,75,Gravel,0,0,,,,,
SIJT,27,,59,59,Asphalt,0,0,,,,,
SIJU,14,32,2789,98,Gravel,0,0,,,,,
SIJW,34,,66,66,Metal,0,0,,,,,
SIJX,22,33,79,79,Concrete,0,0,,,,,
SIJY,06,24,2297,59,Grass,0,0,,,,,
SIJZ,14,32,2953,82,Asphalt,0,0,,,,,
SIKA,06,24,2953,59,Gravel,0,0,,,,,
SIKB,H,H,,,,0,0,,,,,
SIKC,18,36,3609,66,Gravel,0,0,,,,,
SIKD,31,,79,79,Concrete,0,0,,,,,
SIKE,13,,66,66,Concrete,0,0,,,,,
SIKF,8,,79,79,Concrete,0,0,,,,,
SIKH,24,,59,59,Concrete,0,0,,,,,
SIKI,27,,69,69,Concrete,0,0,,,,,
SIKK,14,32,2920,59,Gravel,0,0,,,,,
SIKL,7,16,66,66,Concrete,0,0,,,,,
SIKM,16,34,2953,59,Asphalt,0,0,,,,,
SIKN,10,28,2690,59,Asphalt,0,0,,,,,
SIKP,2,20,4921,82,Grass,0,0,,,,,
SIKQ,13,31,2297,59,Gravel,0,0,,,,,
SIKS,12,H1,79,79,Concrete,0,0,,,,,
SIKT,9,36,39,39,Concrete,0,0,,,,,
SIKV,2,11,66,66,Concrete,0,0,,,,,
SIKW,18,36,59,59,Grass,0,0,,,,,
SIKX,08,26,3281,98,Grass,0,0,-20.2381,-48.6554,-20.2337,-48.6467,61
SIKZ,17,35,3937,66,Asphalt,0,0,,,,,
SILA,8,26,2461,75,Grass,0,0,,,,,
SILC,08,26,5676,98,Asphalt,1,0,,,,,
SILE,17,32,62,62,Concrete,0,0,,,,,
SILF,9,32,69,69,Concrete,0,0,,,,,
SILG,02,20,3608,82,TER,0,0,,,,,
SILH,18,26,69,69,Asphalt,0,0,,,,,
SILJ,18,36,2789,66,Asphalt,0,0,,,,,
SILK,20,34,62,62,Metal,0,0,,,,,
SILM,3,21,3281,115,Asphalt,0,0,,,,,
SILP,34,,69,69,Concrete,0,0,,,,,
SILQ,08,26,2116,66,Asphalt,0,0,-24.9300,-53.4983,-24.9282,-53.4937,65
SILR,31,,69,69,Concrete,0,0,,,,,
SILT,06,24,3281,66,Asphalt,0,0,-20.2319,-50.9717,-20.2262,-50.9672,37
SILU,3,21,3937,59,Asphalt,0,0,,,,,
SILV,3,,59,59,Concrete,0,0,,,,,
SIMB,9,36,62,62,Concrete,0,0,,,,,
SIMD,27,,62,62,Concrete,0,0,,,,,
SIME,9,27,3445,66,Asphalt,0,0,,,,,
SIMG,1,19,3937,115,Grass,0,0,,,,,
SIMJ,11,29,2913,66,Gravel,0,0,,,,,
SIMK,5,23,6562,98,Asphalt,0,0,,,,,
SIMM,1,19,69,69,Concrete,0,0,,,,,
SIMO,3,21,2625,59,Grass,0,0,,,,,
SIMP,20,29,62,62,Concrete,0,0,,,,,
SIMQ,18,36,2953,98,Grass,0,0,,,,,
SIMR,12,30,4265,59,Asphalt,0,0,,,,,
SIMU,1,19,3284,108,Grass,0,0,,,,,
SIMV,6,24,2986,98,Grass,0,0,,,,,
SIMW,17,35,3967,72,Gravel,0,0,,,,,
SIMX,3,21,2297,59,Grass,0,0,,,,,
SIMY,1,19,2762,131,Gravel,0,0,,,,,
SIMZ,2,20,3871,115,Grass,0,0,,,,,
SINB,14,23,62,62,Grass,0,0,,,,,
SIND,17,35,69,69,Concrete,1,0,,,,,
SINE,31,H1,62,62,Concrete,1,0,,,,,
SING,14,32,2297,66,Gravel,0,0,,,,,
SINH,3,21,3100,141,Grass,0,0,,,,,
SINK,14,32,3281,75,Grass,0,0,,,,,
SINL,14,32,59,59,Concrete,0,0,,,,,
SINN,9,27,3445,59,Asphalt,0,0,,,,,
SINP,7,25,3937,98,Asphalt,0,0,,,,,
SINQ,4,22,3281,82,Asphalt,0,0,,,,,
SINR,12,30,3281,148,Grass,0,0,,,,,
SINT,9,27,2789,98,Gravel,0,0,,,,,
SINU,07,25,2789,82,Earth,0,0,,,,,
SINU,11,29,2789,82,Gravel,0,1,,,,,
SINW,5,30,72,72,Concrete,0,0,,,,,
SINY,2,20,72,72,Concrete,0,0,,,,,
SINZ,14,32,2493,98,Gravel,0,0,,,,,
SIOB,7,25,3937,75,Grass,0,0,,,,,
SIOC,13,31,3609,66,Gravel,0,0,,,,,
SIOE,16,34,1969,131,Grass,0,0,,,,,
SIOH,12,,98,98,Concrete,0,0,,,,,
SIOL,8,26,2625,66,Asphalt,0,0,,,,,
SIOO,4,22,3609,82,Gravel,0,0,,,,,
SIOQ,17,35,3281,98,Grass,0,0,,,,,
SIOR,6,24,1969,66,Grass,0,0,,,,,
SIOS,10,28,3937,115,Gravel,0,0,,,,,
SIOT,12,30,5085,75,Asphalt,0,0,,,,,
SIOW,18,29,62,62,Concrete,0,0,,,,,
SIPA,14,32,3937,59,Asphalt,0,0,,,,,
SIPB,10,28,1804,59,Asphalt,0,0,,,,,
SIPD,10,28,59,59,Metal,0,0,,,,,
SIPE,5,23,5906,98,Asphalt,0,0,,,,,
SIPG,9,27,4757,62,Asphalt,0,0,,,,,
SIPK,1,19,3937,75,Asphalt,0,0,,,,,
SIPN,2,20,2625,59,Asphalt,0,0,,,,,
SIPO,13,31,3609,98,Asphalt,0,0,,,,,
SIPS,5,,69,69,Concrete,0,0,,,,,
SIPT,12,,62,62,Concrete,0,0,,,,,
SIPX,22,,66,66,Concrete,0,0,,,,,
SIPZ,18,31,59,59,Concrete,0,0,,,,,
SIQA,14,32,2854,59,Asphalt,0,0,,,,,
SIQC,06,24,2626,59,Grass,0,0,,,,,
SIQD,4,22,2625,98,Grass,0,0,,,,,
SIQE,14,32,5741,98,Asphalt,0,0,,,,,
SIQF,12,,66,66,Concrete,0,0,,,,,
SIQG,3,21,3281,66,Asphalt,0,0,,,,,
SIQH,7,16,75,75,Concrete,0,0,,,,,
SIQI,3,21,1916,66,Grass,0,0,,,,,
SIQJ,11,29,3937,62,Asphalt,0,0,,,,,
SIQK,14,32,1542,66,Concrete,0,0,,,,,
SIQL,7,29,59,59,Concrete,0,0,,,,,
SIQS,18,36,2297,82,Asphalt,0,0,,,,,
SIQU,1,19,3281,82,Asphalt,0,0,,,,,
SIQV,4,22,3281,75,Asphalt,0,0,,,,,
SIQY,9,27,3117,72,Gravel,0,0,,,,,
SIQZ,3,21,2953,98,Gravel,0,0,,,,,
SIRB,17,35,2953,98,Gravel,0,0,,,,,
SIRC,17,35,3937,82,Asphalt,0,0,,,,,
SIRF,13,31,2625,59,Asphalt,0,0,,,,,
SIRH,4,22,3281,131,Grass,0,0,,,,,
SIRI,11,29,3281,59,Asphalt,0,0,,,,,
SIRJ,12,30,4678,98,Asphalt,0,0,,,,,
SIRL,31,,69,69,Asphalt,0,0,,,,,
SIRN,18,36,4757,62,Asphalt,0,0,,,,,
SIRS,16,34,2789,75,Gravel,0,0,,,,,
SIRU,16,34,3281,75,Asphalt,0,0,,,,,
SIRV,18,36,2592,59,Asphalt,0,0,,,,,
SIRW,9,27,3281,82,Asphalt,0,0,,,,,
SIRX,32,,69,69,Concrete,0,0,,,,,
SIRY,20,34,79,79,Concrete,0,0,,,,,
SIRZ,4,14,62,62,Concrete,0,0,,,,,
SISC,25,,69,69,Concrete,0,0,,,,,
SISD,16,34,3937,75,Asphalt,0,0,,,,,
SISH,13,31,66,66,Concrete,0,0,,,,,
SISJ,6,24,2297,98,Grass,0,0,,,,,
SISL,6,24,2625,98,Grass,0,0,,,,,
SISM,31,H1,59,59,Concrete,0,0,,,,,
SISN,16,34,3609,59,Earth,0,0,,,,,
SISO,9,27,2953,59,Concrete,0,0,,,,,
SISQ,3,,66,66,Concrete,0,0,,,,,
SISW,02,20,3936,66,TER,0,0,,,,,
SISX,7,25,1312,66,Grass,0,0,,,,,
SISY,9,27,1476,59,Asphalt,0,0,,,,,
SITB,12,30,3281,98,Grass,0,0,,,,,
SITE,24,33,62,62,Concrete,0,0,,,,,
SITJ,13,31,2133,59,Asphalt,0,0,,,,,
SITK,2,12,79,79,Metal,0,0,,,,,
SITL,9,27,3281,98,Gravel,0,0,,,,,
SITP,31,,79,79,Concrete,0,0,,,,,
SITQ,8,,79,79,Concrete,0,0,,,,,
SITR,3,21,3609,59,Grass,0,0,,,,,
SITU,15,33,2625,66,Gravel,0,0,,,,,
SITX,15,33,2621,197,Grass,0,0,,,,,
SIUD,13,,79,79,Concrete,0,0,,,,,
SIUE,13,33,69,69,Concrete,0,0,,,,,
SIUF,3,21,3445,75,Asphalt,0,0,,,,,
SIUG,11,29,2461,98,Grass,0,0,,,,,
SIUM,10,28,4265,82,Gravel,0,0,,,,,
SIUO,10,28,3937,59,Grass,0,0,,,,,
SIUP,25,34,95,95,Concrete,0,0,,,,,
SIUQ,7,25,3937,59,Asphalt,0,0,,,,,
SIUR,13,31,2625,131,Gravel,0,0,,,,,
SIUS,1,19,2625,98,Gravel,0,0,,,,,
SIUW,1,19,4265,72,Asphalt,0,0,,,,,
SIVB,14,,69,69,Concrete,0,0,,,,,
SIVC,9,27,2625,62,Gravel,0,0,,,,,
SIVD,8,26,1640,66,Asphalt,0,0,,,,,
SIVE,02,20,2359,66,Grass,0,0,,,,,
SIVG,9,27,1969,66,Grass,0,0,,,,,
SIVH,28,,69,69,Concrete,0,0,,,,,
SIVI,6,31,79,79,Metal,0,0,,,,,
SIVJ,13,31,1640,131,Asphalt,0,0,,,,,
SIVN,5,23,3773,98,Asphalt,0,0,,,,,
SIVO,9,27,2621,59,Asphalt,0,0,,,,,
SIVP,2,20,2953,98,Saibro,0,0,,,,,
SIVQ,11,29,3609,66,Asphalt,0,0,,,,,
SIVR,16,34,4104,59,Gravel,0,0,,,,,
SIVS,7,20,66,66,Grass,0,0,,,,,
SIVT,36,,66,66,Concrete,0,0,,,,,
SIVU,5,23,3150,59,Asphalt,0,0,,,,,
SIVV,3,21,3609,98,Grass,0,0,,,,,
SIVW,8,26,1312,59,Asphalt,0,0,,,,,
SIVX,2,20,89,89,Concrete,0,0,,,,,
SIVZ,18,36,2297,66,Gravel,0,0,,,,,
SIWA,9,27,4429,75,Asphalt,0,0,,,,,
SIWB,7,25,3609,82,Asphalt,0,0,,,,,
SIWE,8,26,3707,59,Asphalt,0,0,,,,,
SIWI,18,36,3937,98,Gravel,0,0,,,,,
SIWJ,15,33,4429,98,Asphalt,0,0,,,,,
SIWK,18,36,2953,75,Asphalt,0,0,,,,,
SIWM,15,33,4101,98,Asphalt,0,1,,,,,
SIWN,3,21,4593,164,Asphalt,0,0,,,,,
SIWQ,5,23,2789,62,Gravel,0,0,,,,,
SIWR,7,25,2625,59,Asphalt,0,0,,,,,
SIWS,1,28,69,69,Concrete,0,0,,,,,
SIWV,7,25,4265,66,Asphalt,0,0,,,,,
SIWX,3,20,75,75,Concrete,0,0,,,,,
SIWY,17,35,2297,131,Grass,0,0,,,,,
SIWZ,7,25,3281,79,Grass,0,0,,,,,
SIXA,13,31,1969,98,Gravel,0,0,,,,,
SIXC,3,15,62,62,Concrete,0,0,,,,,
SIXD,01,19,2034,59,Grass,0,0,,,,,
SIXD,11,29,2526,75,Grass,0,0,,,,,
SIXE,11,29,5249,98,Gravel,0,0,,,,,
SIXF,6,24,2625,59,Gravel,0,0,,,,,
SIXG,6,24,2625,59,Gravel,0,0,,,,,
SIXH,11,,59,59,Concrete,0,0,,,,,
SIXJ,22,,59,59,Concrete,0,0,,,,,
SIXO,9,27,3281,82,Asphalt,0,0,,,,,
SIXP,6,24,4921,98,Asphalt,0,0,,,,,
SIXQ,1,19,2953,66,Grass,0,0,,,,,
SIXV,18,36,4265,131,Gravel,0,0,,,,,
SIYB,8,17,62,62,Concrete,0,0,,,,,
SIYE,5,23,1969,66,Grass,0,0,,,,,
SIYG,13,,66,66,Concrete,0,0,,,,,
SIYH,17,35,1969,66,Grass,0,0,,,,,
SIYK,15,33,2329,59,Asphalt,0,0,,,,,
SIYL,14,23,92,92,Asphalt,0,0,,,,,
SIYN,5,23,3379,66,Asphalt,0,0,,,,,
SIYO,14,32,2625,66,Gravel,0,0,,,,,
SIYU,4,31,69,69,Concrete,0,0,,,,,
SIYV,15,,69,69,Grass,0,0,,,,,
SIYY,18,36,3937,59,Asphalt,0,0,,,,,
SIYZ,5,,59,59,Concrete,0,0,,,,,
SIZB,35,,62,62,Concrete,0,0,,,,,
SIZC,7,25,2303,82,Asphalt,0,0,,,,,
SIZE,23,,66,66,Concrete,0,0,,,,,
SIZF,3,21,3281,98,Asphalt,0,0,,,,,
SIZG,2,20,3281,66,Asphalt,0,0,,,,,
SIZH,1,19,3510,75,Gravel,0,0,,,,,
SIZI,9,27,3937,75,Asphalt,0,0,,,,,
SIZJ,4,,69,69,Concrete,0,0,,,,,
SIZK,01,16,3282,66,Gravel,0,0,,,,,
SIZO,2,20,4921,98,Asphalt,0,0,,,,,
SIZQ,10,28,1969,66,Grass,0,0,,,,,
SIZS,16,34,2625,66,Asphalt,0,0,,,,,
SIZV,9,,69,69,Asphalt,0,0,,,,,
SIZW,13,,59,59,Grass,0,0,,,,,
SIZX,11,29,3937,98,Asphalt,0,0,,,,,
SIZY,16,,98,98,Concrete,0,0,,,,,
SJAB,H1,,64,64,Concrete,0,0,,,,,
SJAC,11,29,3937,197,Asphalt,0,0,,,,,
SJAD,7,28,66,66,Asphalt,0,0,,,,,
SJAF,10,28,2625,66,Asphalt,0,0,,,,,
SJAG,18,36,3937,197,Gravel,0,0,,,,,
SJAI,15,33,2625,66,Gravel,0,0,,,,,
SJAJ,18,,59,59,Concrete,0,0,,,,,
SJAK,7,25,3937,59,Asphalt,0,0,,,,,
SJAM,3,,69,69,Asphalt,0,0,,,,,
SJAN,25,,69,69,Grass,0,0,,,,,
SJAO,12,25,79,79,Concrete,0,0,,,,,
SJAP,18,27,66,66,Grass,0,0,,,,,
SJAQ,6,24,4199,148,Gravel,0,0,,,,,
SJAR,12,30,2133,59,Grass,0,0,,,,,
SJAS,17,35,2953,66,Gravel,0,0,,,,,
SJAU,12,30,459,98,Asphalt,0,0,,,,,
SJAW,18,36,2953,66,Gravel,0,0,,,,,
SJAX,8,26,4462,82,Asphalt,0,0,,,,,
SJAZ,10,28,3281,82,Gravel,0,0,,,,,
SJBA,9,,79,79,Metal,0,0,,,,,
SJBE,10,28,59,59,CON/MET-ROOF,0,0,,,,,
SJBG,21,,66,66,Concrete,0,0,,,,,
SJBH,20,,62,62,Concrete,0,0,,,,,
SJBI,22,31,69,69,Concrete,0,0,,,,,
SJBJ,20,29,69,69,Concrete,0,0,,,,,
SJBK,15,33,3028,79,Gravel,0,0,,,,,
SJBL,32,,69,69,Grass,0,0,,,,,
SJBP,12,,69,69,Concrete,0,0,,,,,
SJBQ,11,29,79,79,Asphalt,0,0,,,,,
SJBT,16,34,1969,98,Gravel,0,0,,,,,
SJBU,11,29,3904,98,Asphalt,0,0,,,,,
SJBX,13,31,2625,66,Grass,0,0,,,,,
SJBY,6,24,4921,98,Asphalt,0,0,,,,,
SJBZ,18,36,2690,62,Gravel,0,0,,,,,
SJCA,5,23,5249,115,Asphalt,0,0,,,,,
SJCB,2,,66,66,Concrete,0,0,,,,,
SJCD,02,20,3609,66,Grass,0,0,,,,,
SJCF,8,26,3281,131,Gravel,0,0,,,,,
SJCG,21,,79,79,Grass,0,0,,,,,
SJCI,22,,62,62,Concrete,0,0,,,,,
SJCL,16,34,3150,66,Gravel,0,0,,,,,
SJCO,3,21,4265,98,Gravel,0,0,,,,,
SJCP,5,23,2953,82,Asphalt,0,0,,,,,
SJCQ,16,34,4921,75,Asphalt,0,0,,,,,
SJCS,32,,69,69,Concrete,0,0,,,,,
SJCV,16,,59,59,Concrete,0,0,,,,,
SJCW,11,29,4413,98,Asphalt,0,0,,,,,
SJCY,12,30,5249,98,Asphalt,0,0,,,,,
SJCZ,7,25,3281,75,Asphalt,0,0,,,,,
SJDE,01,19,3609,66,Grass,0,0,,,,,
SJDF,18,36,85,85,Concrete,0,0,,,,,
SJDI,6,24,3281,131,Grass,0,0,,,,,
SJDJ,12,30,1191,75,Grass,0,0,,,,,
SJDK,27,,66,66,Concrete,0,0,,,,,
SJDL,5,23,2621,197,Grass,0,0,,,,,
SJDN,6,24,1804,66,Grass,0,0,,,,,
SJDO,13,,75,75,Concrete,0,0,,,,,
SJDP,10,,79,79,Asphalt,0,0,,,,,
SJDQ,27,,62,62,Concrete,0,0,,,,,
SJDS,13,31,3543,105,Asphalt,0,0,,,,,
SJDT,6,24,1870,66,Grass,0,0,,,,,
SJDU,9,27,1161,98,Grass,0,0,,,,,
SJDW,17,35,3937,197,Asphalt,0,0,,,,,
SJDX,8,26,1873,66,Grass,0,0,,,,,
SJDY,11,29,2621,197,Grass,0,0,,,,,
SJDZ,11,29,4265,75,Dirt,0,0,,,,,
SJEA,8,26,3609,98,Asphalt,0,0,,,,,
SJEB,12,,69,69,Concrete,0,0,,,,,
SJEF,14,32,1870,98,Grass,0,0,,,,,
SJEG,02,20,2625,66,Grass,0,0,,,,,
SJEH,4,22,3281,82,Asphalt,0,0,,,,,
SJEI,17,,69,69,Concrete,0,0,,,,,
SJEK,3,21,3281,66,Asphalt,0,0,,,,,
SJEM,11,29,3215,66,Asphalt,0,0,,,,,
SJEN,14,32,2297,98,Grass,0,0,,,,,
SJEP,10,19,75,75,Concrete,0,0,,,,,
SJER,3,21,3281,59,Asphalt,0,0,,,,,
SJEX,3,21,3281,82,Gravel,0,0,,,,,
SJFA,12,21,72,72,Concrete,0,0,,,,,
SJFB,9,27,2953,59,Asphalt,0,0,,,,,
SJFC,24,,79,79,Concrete,0,0,,,,,
SJFD,15,,62,62,Concrete,0,0,,,,,
SJFF,6,24,3510,75,Asphalt,0,0,,,,,
SJFH,16,,69,69,Grass,0,0,,,,,
SJFI,1,19,2789,66,Asphalt,0,0,,,,,
SJFJ,10,28,3215,66,Grass,0,0,,,,,
SJFK,10,28,3937,59,Gravel,0,0,,,,,
SJFL,6,24,2625,66,Asphalt,0,0,,,,,
SJFM,4,22,3182,115,Grass,0,0,,,,,
SJFN,18,36,2953,98,Grass,0,0,,,,,
SJFP,18,36,2953,98,Grass,0,0,,,,,
SJFQ,14,32,2953,66,Gravel,0,0,,,,,
SJFR,1,19,3281,66,Gravel,0,0,,,,,
SJFT,9,27,2953,66,Asphalt,0,0,,,,,
SJFU,4,22,2953,66,Asphalt,0,0,,,,,
SJFV,18,36,4160,66,Asphalt,0,0,,,,,
SJGC,9,27,4265,98,Gravel,0,0,,,,,
SJGD,06,24,4921,98,Gravel,0,1,,,,,
SJGD,9,27,3937,66,Gravel,0,0,,,,,
SJGE,11,29,1804,66,Gravel,0,0,,,,,
SJGF,17,35,1253,59,Grass,0,0,,,,,
SJGG,36,,69,69,Concrete,0,0,,,,,
SJGH,7,25,1969,59,Grass,0,0,,,,,
SJGI,1,19,1969,131,Grass,0,0,,,,,
SJGL,1,,59,59,Concrete,0,0,,,,,
SJGM,9,21,62,62,Concrete,0,0,,,,,
SJGN,18,36,3937,66,Asphalt,0,0,,,,,
SJGU,12,30,4921,98,Asphalt,0,0,,,,,
SJGW,7,25,3281,75,Gravel,0,0,,,,,
SJGY,11,29,2625,98,Asphalt,0,0,,,,,
SJGZ,8,26,3281,82,Grass,0,0,,,,,
SJHB,H1,H1,59,59,Concrete,0,0,,,,,
SJHC,7,25,66,66,Grass,0,0,,,,,
SJHE,04,22,2625,82,Gravel,0,0,,,,,
SJHE,18,36,3937,82,Asphalt,0,1,,,,,
SJHG,12,30,3609,98,Asphalt,0,0,,,,,
SJHH,16,34,3281,82,Asphalt,0,0,,,,,
SJHI,12,21,69,69,Concrete,0,0,,,,,
SJHJ,2,20,3117,82,Asphalt,0,0,,,,,
SJHM,4,22,3937,59,Gravel,0,0,,,,,
SJHO,3,21,3937,66,Gravel,0,0,,,,,
SJHQ,2,20,3937,75,Asphalt,0,0,,,,,
SJHS,12,30,3937,98,Gravel,0,0,,,,,
SJHU,18,36,2461,75,Sand,0,0,,,,,
SJHW,5,23,3937,59,Asphalt,0,0,,,,,
SJIA,11,,85,85,Concrete,0,0,,,,,
SJIB,20,,85,85,Concrete,0,0,,,,,
SJIC,12,30,2625,66,Grass,0,0,,,,,
SJID,10,28,3937,98,Gravel,0,0,,,,,
SJIF,18,36,2625,82,Asphalt,0,0,,,,,
SJIL,3,21,1624,66,Grass,0,0,,,,,
SJIR,17,35,3117,98,Asphalt,0,0,,,,,
SJIW,36,,69,69,Concrete,0,0,,,,,
SJIX,8,26,69,69,Concrete,0,0,,,,,
SJIZ,17,35,4593,79,Asphalt,0,0,,,,,
SJJB,15,33,3937,98,Gravel,0,0,,,,,
SJJE,27,,85,85,Concrete,0,0,,,,,
SJJF,2,20,3215,82,Asphalt,0,0,,,,,
SJJG,13,31,3281,66,Asphalt,0,0,,,,,
SJJJ,08,26,3281,98,Grass,0,0,,,,,
SJJK,17,35,3281,98,Asphalt,0,0,,,,,
SJJL,16,34,3543,98,Asphalt,0,0,,,,,
SJJO,9,27,2297,75,Gravel,0,0,,,,,
SJJR,4,22,3281,66,Gravel,0,0,,,,,
SJJS,10,,85,85,Concrete,0,0,,,,,
SJJT,16,34,3281,98,Asphalt,0,0,,,,,
SJJU,17,35,328,82,Asphalt,0,0,,,,,
SJJX,10,28,2625,66,Asphalt,0,0,,,,,
SJJY,6,33,82,82,Concrete,0,0,,,,,
SJJZ,8,23,108,108,Concrete,0,0,,,,,
SJKA,18,36,5528,82,Asphalt,0,0,,,,,
SJKB,1,19,3937,66,Asphalt,0,0,,,,,
SJKD,19,28,59,59,Concrete,0,0,,,,,
SJKF,2,,59,59,Grass,0,0,,,,,
SJKH,10,28,2297,59,Gravel,0,0,,,,,
SJKI,10,28,3609,66,Asphalt,0,0,,,,,
SJKJ,15,33,2621,197,Grass,0,0,,,,,
SJKL,2,20,2133,82,Gravel,0,0,,,,,
SJKM,3,21,2297,66,Gravel,0,0,,,,,
SJKN,12,30,2625,98,Gravel,0,0,,,,,
SJKO,10,28,1969,66,Gravel,0,0,,,,,
SJKP,18,36,2625,66,Gravel,0,0,,,,,
SJKQ,17,35,2297,66,Gravel,0,0,,,,,
SJKS,11,29,2297,98,Grass,0,0,,,,,
SJKT,9,27,2297,66,Gravel,0,0,,,,,
SJKU,1,19,2297,66,Gravel,0,0,,,,,
SJKV,10,28,2625,82,Gravel,0,0,,,,,
SJKW,8,26,2133,66,Gravel,0,0,,,,,
SJKX,11,29,1755,40,Earth,0,0,4.1671,-59.7500,4.1666,-59.7452,97
SJKZ,07,25.,1427,50,Earth,0,0,4.4439,-60.4379,4.4460,-60.4345,58
SJLA,11,29,1903,40,Earth,0,0,4.6667,-60.2929,4.6666,-60.2876,92
SJLB,08,26,3609,79,Gravel,0,0,,,,,
SJLC,12,30,1969,66,Earth,0,0,2.7226,-63.5805,2.7218,-63.5752,99
SJLD,1,19,2920,59,Asphalt,0,0,,,,,
SJLE,9,27,1969,98,Grass,0,0,,,,,
SJLH,9,27,1969,66,Gravel,0,0,,,,,
SJLI,9,27,3150,92,Asphalt,0,0,,,,,
SJLJ,11,29,2297,98,Gravel,0,0,,,,,
SJLK,2,20,1969,66,Gravel,0,0,,,,,
SJLL,8,26,2133,66,Gravel,0,0,,,,,
SJLM,12,30,1969,66,Gravel,0,0,,,,,
SJLN,9,27,2297,66,Gravel,0,0,,,,,
SJLO,9,27,2133,66,Grass,0,0,,,,,
SJLP,1,19,1969,66,Gravel,0,0,,,,,
SJLQ,8,26,1969,66,Gravel,0,0,,,,,
SJLS,18,36,1969,66,Gravel,0,0,,,,,
SJLT,9,27,1969,66,Gravel,0,0,,,,,
SJLU,8,26,2461,98,Asphalt,0,0,,,,,
SJLV,18,36,2297,66,Gravel,0,0,,,,,
SJLW,9,27,1969,66,Gravel,0,0,,,,,
SJLX,9,27,2133,66,Gravel,0,0,,,,,
SJMA,14,32,3281,197,Grass,0,0,,,,,
SJMB,7,16,69,69,Concrete,0,0,,,,,
SJMC,19,,59,59,Concrete,1,0,,,,,
SJMD,17,35,1969,98,Grass,0,0,,,,,
SJME,6,24,2297,82,Asphalt,0,0,,,,,
SJMF,9,27,1969,66,Gravel,0,0,,,,,
SJMH,1,19,2297,98,Grass,0,0,3.3266,-62.9713,3.3318,-62.9711,
SJMI,8,26,1969,98,Grass,0,0,,,,,
SJMJ,4,22,2953,98,Asphalt,0,0,,,,,
SJMK,1,19,2297,98,Grass,0,0,,,,,
SJML,17,35,2297,82,Asphalt,0,0,,,,,
SJMM,3,21,2133,82,Gravel,0,0,,,,,
SJMN,9,27,2625,98,Asphalt,0,0,,,,,
SJMO,12,30,1969,82,Gravel,0,0,,,,,
SJMP,9,27,2133,66,Gravel,0,0,,,,,
SJMQ,8,26,2133,82,Gravel,0,0,,,,,
SJMR,1,19,3281,59,Gravel,0,0,,,,,
SJMS,23,,66,66,Grass,0,0,,,,,
SJMT,10,28,2297,82,Grass,0,0,,,,,
SJMU,18,36,1969,66,Gravel,0,0,,,,,
SJMV,12,30,3937,98,Gravel,0,0,,,,,
SJMW,9,27,1969,82,Gravel,0,0,,,,,
SJMX,10,28,1969,66,Gravel,0,0,,,,,
SJMZ,10,28,3281,82,Asphalt,0,0,,,,,
SJNA,9,27,1969,66,Asphalt,0,0,,,,,
SJNB,10,28,1969,66,Gravel,0,0,,,,,
SJNC,7,25,1969,98,Grass,0,0,,,,,
SJNE,18,36,1969,66,Grass,0,0,,,,,
SJNF,2,20,1804,66,Gravel,0,0,,,,,
SJNG,1,19,2625,98,Grass,0,0,,,,,
SJNK,2,20,3215,118,Asphalt,0,0,,,,,
SJNL,3,21,4980,82,Asphalt,0,0,,,,,
SJNM,2,20,3937,75,Asphalt,0,0,,,,,
SJNO,17,35,2625,59,Grass,0,0,,,,,
SJNP,17,35,3445,92,Asphalt,0,0,,,,,
SJNQ,2,20,4003,98,Gravel,0,0,,,,,
SJNU,14,32,3281,66,Gravel,0,0,,,,,
SJNV,1,19,3773,66,Gravel,0,0,,,,,
SJNW,9,27,4921,131,Gravel,0,0,,,,,
SJNX,5,23,3146,98,Asphalt,0,0,,,,,
SJNY,27,36,69,69,Concrete,0,0,,,,,
SJNZ,1,19,3773,62,Asphalt,0,0,,,,,
SJOA,17,35,66,66,Grass,0,0,,,,,
SJOC,9,,69,69,Concrete,0,0,,,,,
SJOE,04,,66,66,Grass,1,0,,,,,
SJOG,03,21,4285,59,Asphalt,0,0,,,,,
SJOH,7,25,3445,59,Asphalt,0,0,,,,,
SJOJ,6,24,3904,75,Asphalt,0,0,,,,,
SJOL,10,28,66,66,Concrete,0,0,,,,,
SJOO,16,34,3215,98,Asphalt,0,0,,,,,
SJOP,5,,59,59,Concrete,0,0,,,,,
SJOQ,17,,66,66,Concrete,0,0,,,,,
SJOU,01,19,3182,59,Gravel,0,0,,,,,
SJOV,3,13,72,72,Concrete,0,0,,,,,
SJOW,5,23,2953,59,Asphalt,0,0,,,,,
SJOX,9,27,6562,98,Gravel,0,0,,,,,
SJOY,16,34,4921,75,Asphalt,0,0,,,,,
SJOZ,9,,79,79,Concrete,0,0,,,,,
SJPB,7,16,79,79,Grass,0,0,,,,,
SJPD,6,9,72,72,Concrete,0,0,,,,,
SJPE,24,33,62,62,Concrete,0,0,,,,,
SJPF,8,21,82,82,Concrete,0,0,,,,,
SJPI,2,20,2625,59,Gravel,0,0,,,,,
SJPJ,4,13,69,69,Concrete,0,0,,,,,
SJPM,9,18,69,69,Concrete,0,0,,,,,
SJPO,16,34,3068,92,Gravel,0,0,,,,,
SJPP,3,21,3609,98,Asphalt,0,0,,,,,
SJPQ,15,33,2251,59,Gravel,0,1,,,,,
SJPQ,17,35,2328,75,Gravel,0,0,,,,,
SJPV,18,36,3773,59,Asphalt,0,0,,,,,
SJPW,3,21,2461,59,Asphalt,0,0,,,,,
SJPX,3,21,3281,59,Asphalt,0,0,,,,,
SJPZ,9,,59,59,Grass,0,0,,,,,
SJQA,9,27,3609,66,Gravel,0,0,,,,,
SJQC,4,,79,79,Concrete,0,0,,,,,
SJQE,12,30,1969,59,Grass,0,0,,,,,
SJQF,4,22,3937,66,Gravel,0,0,,,,,
SJQG,15,,66,7,Concrete,0,0,,,,,
SJQI,1,19,3937,98,Gravel,0,0,,,,,
SJQK,8,26,3281,59,Gravel,0,0,,,,,
SJQM,9,,59,59,Grass,0,0,,,,,
SJQN,13,31,4921,98,Asphalt,0,0,,,,,
SJQQ,6,24,2756,59,Gravel,0,0,,,,,
SJQR,7,25,3281,131,Grass,0,0,,,,,
SJQT,16,34,2244,69,Grass,0,0,,,,,
SJQW,35,,66,66,Grass,0,0,,,,,
SJQX,12,30,2625,98,Asphalt,0,0,,,,,
SJQY,18,36,108,108,Concrete,0,0,,,,,
SJRB,7,25,4593,98,Asphalt,0,0,,,,,
SJRC,16,34,3937,59,Asphalt,0,0,,,,,
SJRD,7,25,66,66,Grass,0,0,,,,,
SJRE,14,,79,79,Concrete,0,0,,,,,
SJRF,9,,69,69,Concrete,0,0,,,,,
SJRG,6,24,4921,98,Asphalt,0,0,-32.0885,-52.1727,-32.0772,-52.1604,44
SJRH,17,35,3937,82,Grass,0,0,,,,,
SJRI,12,30,4429,79,Asphalt,0,0,,,,,
SJRK,1,19,2772,59,Asphalt,0,0,,,,,
SJRM,35,,79,79,Concrete,0,0,,,,,
SJRN,13,24,69,69,Concrete,0,0,,,,,
SJRO,11,29,3609,66,Gravel,0,0,,,,,
SJRP,6,24,4921,82,Earth,0,0,,,,,
SJRQ,5,24,79,79,Concrete,0,0,,,,,
SJRR,2,20,2625,59,Gravel,0,0,,,,,
SJRS,12,30,3609,66,Gravel,0,0,,,,,
SJRV,1,19,5249,75,Asphalt,0,0,,,,,
SJRW,10,28,5249,75,Asphalt,0,0,,,,,
SJRX,32,,62,62,Concrete,0,0,,,,,
SJRY,11,,62,62,Metal,0,0,,,,,
SJRZ,36,,66,66,Concrete,0,0,,,,,
SJSA,13,31,2953,98,Grass,0,0,,,,,
SJSD,9,27,3937,79,Asphalt,0,0,,,,,
SJSE,4,22,2297,164,Asphalt,0,0,,,,,
SJSG,12,17,62,62,Concrete,0,0,,,,,
SJSH,05,23,4380,75,Asphalt,1,0,-27.3778,-48.6177,-27.3672,-48.6116,27
SJSH,5,23,1896,164,Gravel,0,1,,,,,
SJSL,16,34,2297,66,Gravel,0,0,,,,,
SJSN,11,29,2625,59,Asphalt,0,0,,,,,
SJSO,18,36,3609,59,Gravel,0,0,,,,,
SJSR,1,19,2953,59,Asphalt,0,0,,,,,
SJSS,16,34,3281,66,Asphalt,0,0,,,,,
SJST,7,34,59,59,Concrete,0,0,,,,,
SJSU,11,29,2297,66,Grass,0,0,,,,,
SJTB,7,25,4593,66,Asphalt,0,0,,,,,
SJTD,22,35,69,69,Concrete,0,0,,,,,
SJTF,8,26,3937,66,Asphalt,0,0,,,,,
SJTL,11,29,3281,66,Gravel,0,0,,,,,
SJTM,4,22,3051,66,Gravel,0,0,,,,,
SJTP,17,35,3609,66,Asphalt,0,0,,,,,
SJTS,12,30,3281,75,Asphalt,0,0,,,,,
SJTT,14,32,3281,62,Asphalt,0,0,,,,,
SJTU,6,24,3937,98,Asphalt,0,0,,,,,
SJTV,3,12,59,59,Concrete,0,0,,,,,
SJTX,33,,59,59,Grass,0,0,,,,,
SJTY,4,27,62,62,Concrete,0,0,,,,,
SJTZ,10,28,3281,75,Asphalt,0,0,,,,,
SJUA,2,20,3609,66,Grass,0,0,,,,,
SJUB,18,36,3609,82,Asphalt,0,0,,,,,
SJUE,14,23,79,79,Concrete,0,0,,,,,
SJUF,1,,95,95,Concrete,0,0,,,,,
SJUH,12,30,3281,82,Gravel,0,0,,,,,
SJUI,10,,79,79,Grass,0,0,,,,,
SJUJ,18,36,3937,82,Gravel,0,0,,,,,
SJUL,3,21,3281,98,Gravel,0,0,,,,,
SJUN,14,32,59,59,Concrete,0,0,,,,,
SJUQ,02,20,2789,66,Earth,0,0,,,,,
SJUS,3,21,3937,62,Grass,0,0,,,,,
SJUT,17,35,103,103,Concrete,0,0,,,,,
SJUU,2,20,3117,59,Grass,0,0,,,,,
SJUW,26,35,69,69,Concrete,0,0,,,,,
SJUX,9,,69,69,Concrete,0,0,,,,,
SJUY,2,28,69,69,Concrete,0,0,,,,,
SJUZ,19,28,79,79,Concrete,0,0,,,,,
SJVA,5,,59,59,Concrete,0,0,,,,,
SJVD,14,32,3281,98,Asphalt,0,0,,,,,
SJVE,13,22,79,79,Concrete,0,0,,,,,
SJVH,4,13,62,62,Concrete,0,0,,,,,
SJVI,H1,H1,66,66,Concrete,1,0,,,,,
SJVJ,30,,59,59,Grass,0,0,,,,,
SJVK,04,22,3281,82,Earth,0,0,,,,,
SJVL,8,26,2953,98,Asphalt,0,0,,,,,
SJVM,3,21,2100,66,Gravel,0,0,,,,,
SJVO,10,28,3314,98,Asphalt,0,0,,,,,
SJVP,9,27,5249,131,Asphalt,0,0,,,,,
SJVR,17,35,3281,79,Asphalt,0,0,,,,,
SJVS,1,19,2625,82,Asphalt,0,0,,,,,
SJVT,6,24,75,75,Concrete,0,0,,,,,
SJVX,14,32,2264,59,Grass,0,0,,,,,
SJWE,3,21,4265,98,Asphalt,0,0,,,,,
SJWF,13,,59,59,Grass,1,0,,,,,
SJWG,7,25,1969,66,Grass,0,0,,,,,
SJWI,7,25,3281,66,Gravel,0,0,,,,,
SJWJ,16,28,69,69,Metal,0,0,,,,,
SJWK,13,31,59,59,Concrete,0,0,,,,,
SJWL,1,19,3937,66,Asphalt,0,0,,,,,
SJWN,7,25,2953,98,Gravel,0,0,,,,,
SJWP,09,27,3611,59,Asphalt,0,0,,,,,
SJWQ,13,31,2953,59,Asphalt,0,0,,,,,
SJWR,31,,69,69,Grass,0,0,,,,,
SJWS,10,15,79,79,CON/GRS,0,0,,,,,
SJWV,1,19,3740,66,Asphalt,0,0,,,,,
SJWW,14,32,3937,66,Asphalt,0,0,,,,,
SJWX,9,27,3609,135,Asphalt,0,0,,,,,
SJWY,6,18,59,59,Concrete,0,0,,,,,
SJWZ,7,16,69,69,Concrete,0,0,,,,,
SJXB,3,21,2789,66,Asphalt,0,0,,,,,
SJXC,8,26,4593,98,Asphalt,0,0,,,,,
SJXD,36,,59,59,Concrete,0,0,,,,,
SJXF,31,,62,62,Grass,0,0,,,,,
SJXG,16,34,3281,98,Gravel,0,0,,,,,
SJXJ,11,29,2608,39,Asphalt,0,0,,,,,
SJXM,7,25,2953,98,Gravel,0,0,,,,,
SJXP,32,,59,59,Concrete,0,0,,,,,
SJXQ,1,,59,59,Concrete,0,0,,,,,
SJXR,26,,66,66,Concrete,0,0,,,,,
SJXS,8,26,4921,98,Asphalt,0,0,,,,,
SJXT,23,,69,69,Grass,0,0,,,,,
SJXV,1,19,2953,66,Gravel,0,0,,,,,
SJXX,15,33,3281,66,Gravel,0,0,,,,,
SJXY,34,,64,64,Concrete,1,0,,,,,
SJYD,08,26,3938,39,Asphalt,0,0,,,,,
SJYE,10,28,2953,66,Gravel,0,0,,,,,
SJYF,8,26,3281,82,Asphalt,0,0,,,,,
SJYG,9,27,1969,82,Grass,0,0,,,,,
SJYI,9,27,2297,82,Gravel,0,0,,,,,
SJYJ,8,26,2133,98,Grass,0,0,,,,,
SJYK,17,35,2625,98,Grass,0,0,,,,,
SJYL,17,35,2953,98,Asphalt,0,0,,,,,
SJYM,5,23,1969,66,Gravel,0,0,,,,,
SJYO,16,34,2297,82,Gravel,0,0,,,,,
SJYP,9,27,2625,66,Gravel,0,0,,,,,
SJYQ,09,27,2625,82,Dirt,0,0,4.3299,-60.2890,4.3318,-60.2821,
SJYR,12,30,1969,66,Grass,0,0,,,,,
SJYS,8,26,1969,66,Gravel,0,0,,,,,
SJYT,18,36,3281,98,Gravel,0,0,,,,,
SJYU,8,26,3281,98,Gravel,0,0,,,,,
SJYV,19,,79,79,Concrete,0,0,,,,,
SJYW,11,29,4265,62,Gravel,0,0,,,,,
SJYW,2,20,4265,62,Gravel,0,0,,,,,
SJYX,H1,,66,66,Turf,0,0,,,,,
SJZB,02,20,2953,59,Gravel,0,0,,,,,
SJZC,09,27,3281,92,Gravel,0,0,,,,,
SJZD,8,26,2625,66,Grass,0,0,,,,,
SJZF,12,30,3937,98,Gravel,0,0,,,,,
SJZH,7,25,2953,66,Asphalt,0,0,,,,,
SJZI,12,34,79,79,Concrete,0,0,,,,,
SJZJ,25,,69,69,Grass,0,0,,,,,
SJZK,34,,69,69,Concrete,1,0,,,,,
SJZL,4,23,79,79,Concrete,0,0,,,,,
SJZN,33,-,59,59,Grass,0,0,,,,,
SJZP,3,21,3937,98,Asphalt,0,0,,,,,
SJZS,14,32,2953,59,Asphalt,0,0,,,,,
SJZT,9,27,5577,98,Gravel,0,0,,,,,
SJZU,3,,69,69,Concrete,0,0,,,,,
SJZV,22,,69,69,Asphalt,0,0,,,,,
SJZW,16,34,3281,66,Gravel,0,0,,,,,
SJZY,30,,69,69,Concrete,0,0,,,,,
SJZZ,05,23,3281,59,Earth,0,0,,,,,
SKAG,12,30,3937,148,Asphalt,0,0,,,,,
SKAP,09,27,,,,0,0,,,,,
SKAP,10,28,8204,164,Asphalt,1,0,4.0771,-73.5739,4.0751,-73.5515,95
SKAR,02,20,7045,118,Asphalt,1,0,4.4434,-75.7687,4.4622,-75.7643,13
SKAS,01,19,5331,131,Asphalt,0,0,0.4980,-76.5019,0.5125,-76.4997,9
SKAS,02,20,,,,0,0,,,,,
SKBC,10,28,3985,93,Asphalt,0,0,9.0465,-73.9804,9.0446,-73.9694,100
SKBG,17,35,7381,131,Asphalt,1,0,7.1361,-73.1884,7.1169,-73.1811,159
SKBN,03,21,4935,98,Asphalt,0,0,10.8818,-72.9035,10.8940,-72.8973,27
SKBO,14L,32R,12467,148,Asphalt,1,0,4.7134,-74.1521,4.6927,-74.1247,127
SKBO,14R,32L,12467,148,Asphalt,1,0,4.7105,-74.1692,4.6898,-74.1418,127
SKBQ,05,23,9842,148,Concrete,1,0,10.8792,-74.7897,10.8999,-74.7720,40
SKBS,17,35,,,,0,0,,,,,
SKBS,18,36,3973,78,Asphalt,0,0,6.2084,-77.3953,6.1975,-77.3941,174
SKBU,09,27,3945,76,Asphalt,1,0,3.8192,-76.9952,3.8200,-76.9844,86
SKCC,03,21,6341,148,Asphalt,1,0,7.9179,-72.5145,7.9346,-72.5094,17
SKCC,16,34,7700,148,Asphalt,1,0,7.9403,-72.5196,7.9224,-72.5082,148
SKCD,09,27,3980,72,Asphalt,0,0,,,,,
SKCG,01,19,8530,148,Asphalt,1,0,10.4309,-75.5134,10.4525,-75.5125,2
SKCL,02,20,9842,148,Asphalt,1,0,3.5299,-76.3839,3.5565,-76.3793,10
SKCN,04,22,3675,45,Asphalt,0,0,6.3130,-70.2140,6.3207,-70.2075,40
SKCO,06,24,5249,90,Asphalt,0,0,1.8102,-78.7551,1.8187,-78.7434,54
SKCU,01,19,3794,66,Asphalt,0,0,7.9634,-75.1997,7.9735,-75.1972,14
SKCV,05,23,4396,98,Asphalt,0,0,9.3970,-75.6960,9.4048,-75.6866,50
SKCZ,02,20,4930,98,Asphalt,1,0,9.3264,-75.2879,9.3391,-75.2833,20
SKEB,18,36,4310,40,Asphalt,0,0,7.6024,-74.8085,7.5905,-74.8094,184
SKEJ,04,22,5905,148,Asphalt,1,0,7.0174,-73.8110,7.0313,-73.8026,31
SKFL,12,30,4921,98,Asphalt,1,0,1.5921,-75.5705,1.5862,-75.5583,116
SKGA,06,24,4446,,Gravel,0,0,,,,,
SKGB,06,24,6233,98,Asphalt,1,0,3.4549,-76.5042,3.4631,-76.4891,62
SKGI,02,20,5249,92,Asphalt,1,0,4.2692,-74.7982,4.2833,-74.7951,12
SKGO,01,19,6644,131,Asphalt,1,0,4.7481,-75.9566,4.7681,-75.9549,5
SKGP,01,19,4256,66,Asphalt,1,0,2.5646,-77.9004,2.5757,-77.8968,18
SKGY,10,28,,,,0,0,,,,,
SKGY,11,29,5643,66,Asphalt,0,0,4.8141,-74.0725,4.8106,-74.0574,103
SKIB,14,32,5905,98,Asphalt,1,0,4.4269,-75.1394,4.4163,-75.1272,131
SKIO,06,24,4167,66,Asphalt,0,0,9.2655,-74.6571,9.2720,-74.6476,55
SKIP,06,24,5774,92,Asphalt,1,1,0.8581,-77.6787,0.8658,-77.6648,61
SKIP,08,26,8202,118,Asphalt,1,0,0.8593,-77.6785,0.8637,-77.6565,79
SKJC,17,35,4003,,Asphalt,0,0,,,,,
SKLC,15,33,7153,98,Asphalt,0,0,7.8205,-76.7214,7.8035,-76.7114,150
SKLG,12,30,3937,82,Asphalt,0,0,-0.1798,-74.7756,-0.1848,-74.7660,117
SKLM,09,27,4876,148,Asphalt,1,0,11.2325,-72.4969,11.2325,-72.4833,90
SKLM,10,28,,,,0,0,,,,,
SKLP,15,33,5643,,,0,0,,,,,
SKLT,03,21,6168,131,Asphalt,1,0,-4.2011,-69.9457,-4.1852,-69.9397,21
SKMA,06,24,6070,80,Asphalt,0,0,4.7235,-74.2825,4.7321,-74.2683,59
SKMD,02,20,8202,125,Asphalt,1,0,6.2087,-75.5926,6.2312,-75.5884,16
SKME,05L,23R,1320,65,Concrete,0,0,4.2159,-74.6370,4.2187,-74.6347,40
SKME,05R,23L,3785,92,Asphalt,0,0,4.2125,-74.6385,4.2204,-74.6316,41
SKMG,11,29,4921,70,Asphalt,0,0,9.2861,-74.8528,9.2834,-74.8394,102
SKMJ,07,25,5300,98,Asphalt,0,0,11.3876,-72.2462,11.3922,-72.2321,72
SKML,18,36,3560,82,Asphalt,0,0,7.9766,-75.4330,7.9669,-75.4320,174
SKMP,02,20,4068,48,Asphalt,0,0,9.2533,-74.4395,9.2641,-74.4364,16
SKMR,14,32,7539,150,Asphalt,1,0,8.8302,-75.8317,8.8173,-75.8200,138
SKMU,02,20,5889,66,Asphalt,1,0,1.2457,-70.2355,1.2616,-70.2323,11
SKMZ,09,27,,,,0,0,,,,,
SKMZ,10,28,4835,65,Asphalt,1,0,5.0301,-75.4713,5.0291,-75.4581,95
SKNQ,05,23,3937,,Asphalt,0,0,,,,,
SKNV,02,20,5880,131,Asphalt,1,0,2.9423,-75.2960,2.9580,-75.2920,14
SKOC,01,19,3937,98,Asphalt,0,0,8.3096,-73.3589,8.3205,-73.3577,6
SKOT,16,34,3103,50,Asphalt,0,0,7.0144,-74.7170,7.0064,-74.7140,160
SKPA,05,23,5382,98,Asphalt,0,0,5.7586,-73.1099,5.7705,-73.1010,37
SKPB,09,27,5540,148,Asphalt,1,0,12.2205,-71.9925,12.2224,-71.9771,83
SKPC,07,25,5907,69,Asphalt,1,0,6.1807,-67.5002,6.1887,-67.4861,60
SKPD,17,35,5910,85,Asphalt,0,0,3.8615,-67.9078,3.8455,-67.9046,169
SKPE,08,26,6627,148,Asphalt,1,0,4.8099,-75.7482,4.8154,-75.7308,73
SKPI,06,24,4912,98,Asphalt,0,0,1.8544,-76.0916,1.8611,-76.0799,60
SKPN,06,24,3310,35,Asphalt,0,0,6.2085,-74.5949,6.2115,-74.5863,71
SKPP,07,25,6266,98,Asphalt,1,0,2.4516,-76.6174,2.4572,-76.6014,71
SKPQ,01,19,9987,164,Asphalt,1,0,5.4699,-74.6580,5.4974,-74.6567,3
SKPR,18,36,4230,82,Asphalt,0,0,6.4661,-74.4112,6.4546,-74.4098,173
SKPS,02,20,7585,130,Asphalt,1,0,1.3862,-77.2943,1.4063,-77.2886,16
SKPV,17,35,3832,50,Asphalt,0,0,13.3621,-81.3594,13.3517,-81.3574,169
SKPZ,04,22,4935,98,Asphalt,0,0,5.8705,-71.8903,5.8818,-71.8829,33
SKQU,01,19,5905,164,Asphalt,0,0,5.2044,-74.8840,5.2207,-74.8833,3
SKQU,18,36,,,,0,0,,,,,
SKRA,07,25,3527,,Asphalt,0,0,,,,,
SKRG,01,19,11286,148,Asphalt,1,0,6.1493,-75.4230,6.1804,-75.4232,360
SKRH,09,27,5413,98,Asphalt,0,0,11.5260,-72.9335,11.5264,-72.9184,88
SKRH,10,28,,,,0,0,,,,,
SKSA,16,34,3937,98,Asphalt,0,0,6.9534,-71.8581,6.9412,-71.8545,150
SKSI,04,22,3930,75,Asphalt,0,0,4.7276,-72.3261,4.7367,-72.3202,33
SKSJ,01,19,4897,66,Asphalt,0,0,2.5730,-72.6400,2.5864,-72.6387,5
SKSM,01,19,5577,131,Asphalt,0,0,11.1120,-74.2305,11.1273,-74.2308,359
SKSO,04,22,6171,80,Asphalt,0,0,5.6697,-72.9758,5.6827,-72.9648,40
SKSP,06,24,7808,148,Asphalt,1,0,12.5782,-81.7206,12.5890,-81.7017,59
SKSV,13,31,,,,0,0,,,,,
SKSV,14,32,4921,85,Asphalt,0,0,2.1567,-74.7714,2.1477,-74.7613,132
SKTB,09,27,4921,66,Asphalt,0,0,8.6307,-72.7372,8.6323,-72.7236,83
SKTD,05,23,3609,,,0,0,,,,,
SKTI,04,22,9280,96,Asphalt,1,0,4.2343,-74.6570,4.2553,-74.6428,34
SKTI,04L,22R,1431,65,Concrete,0,0,4.2543,-74.6461,4.2576,-74.6438,35
SKTJ,04,22,3635,66,Asphalt,0,0,5.5373,-73.3473,5.5455,-73.3417,34
SKTL,17,35,4429,,Asphalt,0,0,,,,,
SKTM,07,25,6561,98,Asphalt,1,0,6.4464,-71.7681,6.4557,-71.7524,59
SKTQ,07,25,6220,79,Concrete,0,0,0.7421,-75.2417,0.7497,-75.2264,64
SKUA,03,21,8110,100,Gravel,1,0,5.5179,-68.6815,5.5383,-68.6725,24
SKUA,07,25,6780,145,Asphalt,1,0,5.5203,-68.6939,5.5287,-68.6773,63
SKUB,12,30,2750,,Asphalt,0,0,,,,,
SKUC,11,29,6890,98,Asphalt,1,0,7.0701,-70.7464,7.0676,-70.7275,98
SKUI,13,31,4593,98,Asphalt,1,0,5.6941,-76.6465,5.6874,-76.6358,122
SKUL,01,19,3495,100,Asphalt,1,0,4.0836,-76.2361,4.0931,-76.2342,11
SKVG,16,34,4320,40,Asphalt,0,0,0.9845,-76.6070,0.9730,-76.6041,166
SKVL,15,33,5520,50,Asphalt,0,0,5.9457,-74.4607,5.9324,-74.4532,150
SKVP,02,20,6890,115,Asphalt,1,0,10.4257,-73.2511,10.4444,-73.2479,10
SKVV,05,23,5616,98,Asphalt,1,0,4.1619,-73.6186,4.1739,-73.6089,39
SKYP,05,23,8448,98,Asphalt,1,0,5.3109,-72.3922,5.3273,-72.3757,45
SLAG,16,34,6562,98,Asphalt,0,0,-19.8165,-63.9668,-19.8322,-63.9572,150
SLAL,18,36,11811,148,Asphalt,1,0,,,,,
SLBJ,01,19,4921,118,Asphalt,0,0,-22.7801,-64.3131,-22.7666,-64.3126,2
SLCB,05,23,8692,148,Asphalt,1,0,-17.4298,-66.1841,-17.4108,-66.1689,37
SLCB,14,32,12460,148,Asphalt,1,0,-17.4090,-66.1911,-17.4320,-66.1645,132
SLCE,18,36,2001,,Grass,0,1,,,,,
SLCI,01,19,5108,98,Concrete,0,0,,,,,
SLCO,02,20,6562,98,Asphalt,1,0,-11.0493,-68.7846,-11.0315,-68.7812,11
SLCP,17,35,5653,98,Grass,0,0,-16.1364,-62.0296,-16.1505,-62.0227,
SLET,16,34,9098,131,Asphalt,0,0,-17.8014,-63.1793,-17.8218,-63.1637,144
SLGM,16,34,5767,69,Asphalt,0,0,,,,,
SLGY,17,35,5905,,,0,0,,,,,
SLHI,17,35,4801,67,Asphalt,0,0,-16.9837,-65.1436,-16.9963,-65.1394,162
SLLP,10,28,13123,151,Concrete,1,0,-16.5127,-68.2110,-16.5139,-68.1735,92
SLLP,10L,28R,6725,300,Gravel,0,0,-16.5041,-68.1984,-16.5066,-68.1793,98
SLMG,16,34,4593,,,0,0,,,,,
SLOR,09,27,6125,120,Gravel,0,0,-17.9629,-67.0823,-17.9638,-67.0647,93
SLOR,18,36,8075,75,Asphalt,0,0,-17.9515,-67.0758,-17.9737,-67.0767,182
SLPB,01,19,3838,75,Concrete,0,0,,,,,
SLPO,06,24,9130,98,Asphalt,0,0,-19.5501,-65.7347,-19.5361,-65.7127,56
SLPS,05,23,6562,118,Asphalt,0,0,-18.9830,-57.8256,-18.9676,-57.8156,32
SLRB,18,36,3940,98,Grass,0,0,-18.3224,-59.7671,-18.3328,-59.7639,
SLRI,13,31,5906,,,0,0,,,,,
SLRQ,14,32,4921,,Asphalt,0,0,,,,,
SLRQ,18,36,4757,,Asphalt,0,0,,,,,
SLRY,18,36,4921,,,0,0,,,,,
SLSA,14,32,5013,69,Asphalt,0,0,-13.7570,-65.4398,-13.7674,-65.4305,140
SLSB,18,36,5906,,,0,0,,,,,
SLSI,18,36,3936,98,,0,0,-16.3793,-60.9636,-16.3900,-60.9618,
SLSR,01,19,4925,98,Grass,0,0,-14.0797,-66.7874,-14.0661,-66.7873,
SLSU,05,23,9300,98,Concrete,1,0,-19.0160,-65.2984,-18.9981,-65.2791,46
SLSV,18,36,9055,148,Asphalt,1,0,-16.3890,-61.0475,-16.4134,-61.0428,169
SLTI,03,21,6234,98,Grass,0,0,-16.3472,-58.4037,-16.3304,-58.3997,
SLTJ,13,31,10007,148,Asphalt,1,0,-21.5480,-64.7134,-21.5635,-64.6892,124
SLTR,14,32,7874,98,Asphalt,1,0,-14.8111,-64.9259,-14.8264,-64.9101,135
SLUY,13,31,13123,148,Concrete,0,0,-20.4320,-66.8738,-20.4505,-66.8409,
SLVM,18,36,4918,115,Asphalt,0,0,-21.2479,-63.4062,-21.2614,-63.4050,175
SLVR,16,34,11483,148,Concrete,1,0,-17.6315,-63.1443,-17.6580,-63.1264,147
SLYA,02,20,6890,118,Asphalt,0,0,-21.9698,-63.6552,-21.9520,-63.6481,20
SMJP,11,29,11417,148,Asphalt,1,0,5.4527,-55.2035,5.4529,-55.1721,90
SMZO,11,29,2461,56,Asphalt,0,0,,,,,110
SNAB,13,31,4085,85,Asphalt,0,0,,,,,
SNAC,15,33,2953,59,Asphalt,0,0,,,,,
SNAD,11,29,2625,59,Asphalt,0,0,,,,,
SNAE,15,33,4265,92,Asphalt,0,0,,,,,
SNAG,5,23,4921,98,Asphalt,0,0,,,,,
SNAJ,09,27,2297,59,Shale,0,0,,,,,
SNAK,10,,89,89,Concrete,0,0,,,,,
SNAL,10,28,3051,59,Asphalt,0,0,,,,,
SNAO,09,27,4249,92,Asphalt,0,0,,,,,
SNAO,09H,27H,79,79,Concrete,1,0,,,,,
SNAP,10,28,4921,75,Asphalt,0,0,,,,,
SNAQ,20,29,79,79,Concrete,0,0,,,,,
SNAR,7,25,4593,98,Asphalt,0,0,,,,,
SNAS,6,24,4921,148,Asphalt,0,0,,,,,
SNAU,14,32,3182,164,Asphalt,0,0,,,,,
SNAV,14,32,3281,59,Asphalt,0,0,-9.5030,-40.3732,-9.5061,-40.3657,113
SNAX,12,30,5541,98,Asphalt,1,0,,,,,
SNBB,9,27,5906,98,Asphalt,0,0,,,,,
SNBC,09,27,4101,98,Piçarra,0,0,,,,,
SNBF,12,30,2625,63,Earth,0,0,,,,,
SNBG,11,29,3937,98,Asphalt,0,0,,,,,
SNBH,15,33,79,79,Concrete,0,0,,,,,
SNBI,10,28,5249,98,Asphalt,0,0,,,,,
SNBL,01,19,2625,66,Earth,0,0,,,,,
SNBM,12,30,3740,75,Asphalt,0,0,,,,,
SNBN,2,20,2297,59,Asphalt,0,0,,,,,
SNBQ,H1,,59,59,Concrete,1,0,,,,,
SNBR,8,26,5249,98,Asphalt,0,0,,,,,
SNBS,15,33,4849,82,Asphalt,0,0,-7.5206,-46.0581,-7.5268,-46.0519,136
SNBT,12,30,3281,98,Asphalt,0,0,,,,,
SNBX,6,24,4265,98,Asphalt,0,0,,,,,
SNBZ,18,36,3937,82,Asphalt,0,0,,,,,
SNCA,10,28,4659,98,Asphalt,0,0,,,,,
SNCB,7,25,3182,98,Asphalt,0,0,,,,,
SNCD,13,31,72,72,Concrete,0,0,,,,,
SNCE,10,28,3281,98,Gravel,0,0,,,,,
SNCH,H1,,89,89,Concrete,0,0,,,,,
SNCI,1,19,4429,98,Asphalt,0,0,,,,,
SNCJ,11,29,2841,82,Asphalt,0,0,,,,,
SNCL,04,22,2641,59,Concrete,0,0,,,,,
SNCM,10,H1,66,66,Concrete,0,0,,,,,
SNCP,09,27,5912,98,Asphalt,0,0,-27.6363,-50.3671,-27.6320,-50.3495,
SNCR,11,35,59,59,Concrete,0,0,,,,,
SNCS,11,29,3937,98,Asphalt,0,0,,,,,
SNCT,02,20,3543,75,Asphalt,0,0,,,,,
SNCV,14,32,3281,82,Gravel,0,0,,,,,
SNCW,9,27,98,98,Concrete,0,0,,,,,
SNCX,15,33,4265,98,Asphalt,1,0,,,,,
SNCY,11,29,2297,59,Asphalt,0,0,,,,,
SNCZ,7,25,3478,98,Asphalt,0,0,,,,,
SNDC,5,23,3150,98,Asphalt,0,0,,,,,
SNDD,11,29,2953,66,Asphalt,0,0,,,,,
SNDH,13,31,5020,82,Asphalt,0,0,,,,,
SNDO,5,23,3937,92,Grass,0,0,,,,,
SNDQ,9,27,3937,66,Gravel,0,0,,,,,
SNDR,2,30,4984,98,Asphalt,0,0,,,,,
SNDT,3,21,5282,98,Asphalt,0,0,,,,,
SNDU,03,21,2231,92,Asphalt,0,0,,,,,
SNDV,17,35,5052,98,Asphalt,0,0,-20.1748,-44.8748,-20.1866,-44.8670,
SNDX,16,34,2625,66,Asphalt,0,0,,,,,
SNEB,9,27,4265,75,Asphalt,0,0,,,,,
SNEC,16,34,3117,66,Gravel,0,0,,,,,
SNED,14,32,4396,98,Asphalt,0,0,,,,,
SNEF,30,H1,66,66,Concrete,0,0,,,,,
SNEG,04,22,3937,82,Gravel,0,0,,,,,
SNEO,7,25,1969,59,Asphalt,0,0,,,,,
SNEQ,33,,69,69,CONC/MTAL,0,0,,,,,
SNEU,18,36,3937,72,Asphalt,0,0,,,,,
SNEV,2,,69,69,Concrete,0,0,,,,,
SNEW,11,29,4669,62,Asphalt,0,0,,,,,
SNEZ,6,24,2789,66,Asphalt,0,0,,,,,
SNFA,08,26,3609,75,Asphalt,0,0,,,,,
SNFB,01,19,2789,59,Gravel,0,0,,,,,
SNFE,4,22,5249,98,Asphalt,0,0,,,,,
SNFF,13,31,1804,59,Asphalt,0,0,,,,,
SNFG,11,29,2461,66,Asphalt,0,0,,,,,
SNFH,13,31,3281,66,Grass,0,0,,,,,
SNFI,2,20,4921,85,Asphalt,0,0,,,,,
SNFJ,7,25,4265,62,Asphalt,0,0,,,,,
SNFN,2,20,3281,98,Grass,0,0,,,,,
SNFO,2,20,3379,75,Asphalt,0,0,,,,,
SNFP,10,28,3609,59,Asphalt,0,0,,,,,
SNFQ,4,22,2625,59,Gravel,0,0,,,,,
SNFT,3,21,2297,59,Asphalt,0,0,,,,,
SNFU,7,25,3281,66,Asphalt,0,0,,,,,
SNFW,15,33,3609,98,Asphalt,0,0,,,,,
SNFX,13,31,5249,108,Asphalt,0,0,,,,,
SNFZ,3,21,3707,59,Asphalt,0,0,,,,,
SNGA,06,24,3570,92,Asphalt,1,0,,,,,
SNGB,9,27,3281,98,Asphalt,0,0,,,,,
SNGD,15,33,5249,118,Asphalt,0,0,,,,,
SNGE,08,26,59,59,Concrete,1,0,,,,,
SNGF,12,30,72,72,Concrete,0,0,,,,,
SNGG,16,34,3937,66,Asphalt,0,0,,,,,
SNGI,14,32,5577,98,Asphalt,0,0,,,,,
SNGK,1,19,3937,66,Gravel,0,0,,,,,
SNGL,3,21,98,98,Concrete,0,0,,,,,
SNGN,16,34,4114,92,Asphalt,0,0,,,,,
SNGP,15,33,3281,49,Gravel,0,0,,,,,
SNGR,9,27,2953,148,Grass,0,0,,,,,
SNGS,14,32,2625,69,Asphalt,0,0,,,,,
SNGT,6,24,4265,66,Asphalt,0,0,,,,,
SNGX,12,30,4856,98,Asphalt,0,0,,,,,
SNGY,32,H1,79,79,Concrete,0,0,,,,,
SNGZ,3,29,62,62,Concrete,0,0,,,,,
SNHB,12,32,59,59,Concrete,0,0,,,,,
SNHD,12,30,3609,82,TER,0,0,,,,,
SNHE,10,28,2953,75,Gravel,0,0,,,,,
SNHG,1,19,3281,59,Asphalt,0,0,,,,,
SNHH,2,20,98,98,Concrete,0,0,,,,,
SNHI,12,27,89,89,Concrete,0,0,,,,,
SNHJ,12,30,2690,75,Asphalt,0,0,,,,,
SNHM,11,29,60,60,Ceramic Brick,0,0,,,,,
SNHN,5,14,69,69,Concrete,0,0,,,,,
SNHR,17,35,4921,66,Gravel,0,0,,,,,
SNHS,13,31,5905,98,Asphalt,1,0,,,,,
SNHT,4,14,59,59,Grass,0,0,,,,,
SNHU,7,25,3281,66,TER,0,0,,,,,
SNHV,04,,59,59,Metal,1,0,,,,,
SNHW,8,26,2953,66,Asphalt,0,0,,,,,
SNHY,4,22,59,59,Concrete,0,0,,,,,
SNHZ,10,33,59,59,Concrete,0,0,,,,,
SNIB,14,32,3937,98,Asphalt,0,0,,,,,
SNIC,11,29,4593,98,Asphalt,0,0,,,,,
SNID,5,,69,69,Concrete,0,0,,,,,
SNIE,10,28,3543,98,Asphalt,0,0,,,,,
SNIF,1,19,1804,59,Gravel,0,0,,,,,
SNIG,16,34,4626,98,Asphalt,0,0,,,,,
SNIJ,15,33,98,98,Asphalt,0,0,,,,,
SNIN,8,26,3937,98,Gravel,0,0,,,,,
SNIO,13,31,5118,92,Asphalt,0,0,,,,,
SNIP,11,29,3478,79,Asphalt,0,0,,,,,
SNIQ,H1,,59,59,Concrete,0,0,,,,,
SNIR,8,26,3281,69,Asphalt,0,0,,,,,
SNIS,1,19,3281,69,Asphalt,0,0,,,,,
SNIT,16,34,3937,66,Asphalt,0,0,,,,,
SNIU,15,33,4265,66,Asphalt,0,0,,,,,
SNIV,13,31,2625,66,Gravel,0,0,,,,,
SNIX,2,20,4265,59,Gravel,0,0,,,,,
SNIZ,11,29,4265,59,Gravel,0,0,,,,,
SNJA,10,28,2126,59,Grass,0,0,,,,,
SNJB,14,32,4101,98,Asphalt,0,0,,,,,
SNJE,7,25,4134,75,Clay,0,0,,,,,
SNJF,13,31,3937,75,Asphalt,0,0,,,,,
SNJI,2,20,3937,59,Asphalt,0,0,,,,,
SNJJ,06,24,2953,98,Gravel,0,0,,,,,
SNJK,14,32,4199,98,Asphalt,0,0,,,,,
SNJM,2,20,3839,98,Asphalt,0,0,,,,,
SNJN,8,26,3937,98,Asphalt,0,0,,,,,
SNJP,6,24,4265,75,Asphalt,0,0,,,,,
SNJQ,10,28,3707,75,Asphalt,0,0,,,,,
SNJR,8,26,4593,98,Asphalt,0,0,,,,,
SNJV,9,27,4790,66,Asphalt,0,0,,,,,
SNJX,15,33,69,69,Concrete,0,0,,,,,
SNJZ,18,36,4101,75,Gravel,0,0,,,,,
SNKA,9,27,72,72,Concrete,0,0,,,,,
SNKB,10,28,2625,66,Asphalt,0,0,,,,,
SNKC,6,24,3281,75,Asphalt,0,0,,,,,
SNKD,16,34,3150,75,Asphalt,0,0,,,,,
SNKE,13,31,2625,72,Earth,0,0,,,,,
SNKF,3,21,3150,98,Asphalt,0,0,,,,,
SNKH,15,33,3445,197,Asphalt,0,0,,,,,
SNKI,06,24,3937,98,Asphalt,1,0,,,,,
SNKJ,18,36,4429,66,Asphalt,0,0,,,,,
SNKK,14,32,3281,59,Asphalt,0,0,,,,,
SNKN,11,29,3412,98,Asphalt,0,0,,,,,
SNKO,13,31,3609,72,Asphalt,0,0,,,,,
SNKR,11,29,3281,66,Asphalt,0,0,,,,,
SNKS,8,26,2625,115,Asphalt,0,0,,,,,
SNKU,12,30,2297,262,Gravel,0,0,,,,,
SNKV,7,25,1673,59,Asphalt,0,0,,,,,
SNKY,9,27,2953,59,PIÇ,0,0,,,,,
SNLA,9,27,4836,75,Asphalt,0,0,,,,,
SNLG,6,24,4134,66,Asphalt,0,0,,,,,
SNLI,17,35,3937,98,Asphalt,0,0,,,,,
SNLL,4,22,66,66,Concrete,0,0,,,,,
SNLN,06,24,6102,148,Asphalt,1,0,-19.3601,-40.0733,-19.3502,-40.0658,
SNLO,5,23,3510,98,Asphalt,0,0,,,,,
SNLQ,11,29,4921,66,Asphalt,0,0,,,,,
SNLR,9,27,69,69,Concrete,0,0,,,,,
SNLT,7,25,3478,98,Asphalt,0,0,,,,,
SNLU,1,19,1411,59,Earth,0,0,,,,,
SNLY,5,23,3281,66,Asphalt,0,0,,,,,
SNLZ,12,30,3294,66,Gravel,0,0,,,,,
SNMA,10,28,4675,98,Asphalt,0,0,,,,,
SNMC,12,30,4324,62,Asphalt,0,0,,,,,
SNMD,15,33,2297,66,Concrete,0,0,,,,,
SNME,12,30,2575,59,Asphalt,0,0,,,,,
SNMF,5,23,2615,75,Gravel,0,0,,,,,
SNMG,13,26,59,59,Concrete,0,0,,,,,
SNMI,17,35,5741,118,Asphalt,0,0,,,,,
SNMJ,7,25,4265,66,Asphalt,0,0,,,,,
SNMK,11,29,4987,82,Asphalt,0,0,,,,,
SNML,11,29,3281,59,Gravel,0,0,,,,,
SNMN,15,33,2411,66,Earth,0,0,,,,,
SNMP,15,33,3281,75,Gravel,0,0,,,,,
SNMQ,14,27,59,59,Concrete,0,0,,,,,
SNMR,05,23,2067,59,Sand,0,0,,,,,
SNMU,05,23,4593,59,Asphalt,0,0,,,,,
SNMV,2,20,3281,82,Grass,0,0,,,,,
SNMX,08,26,4429,98,Asphalt,1,0,,,,,
SNMZ,5,23,4298,92,Asphalt,0,0,,,,,
SNNB,11,29,3445,98,Concrete,0,0,,,,,
SNNC,7,25,3281,75,Asphalt,0,0,,,,,
SNNE,12,30,2034,131,Gravel,0,0,,,,,
SNNF,2,20,2953,59,Asphalt,0,0,,,,,
SNNJ,4,22,3937,98,Asphalt,0,0,,,,,
SNNM,15,33,2953,82,Gravel,0,0,,,,,
SNNO,18,36,2789,98,Grass,0,0,,,,,
SNNP,18,36,3937,197,Grass,0,0,,,,,
SNNU,11,29,4003,75,Asphalt,0,0,,,,,
SNNX,14,32,3281,59,Gravel,0,0,,,,,
SNNX,18,36,2887,98,Grass,0,1,-12.8333,-61.3500,-12.8333,-61.3500,
SNOB,10,28,3389,98,Asphalt,0,0,,,,,
SNOC,16,34,3281,82,Asphalt,0,0,,,,,
SNOD,11,29,1906,59,Asphalt,0,0,,,,,
SNOE,11,29,3937,131,Asphalt,0,0,,,,,
SNOF,6,24,3543,164,Grass,0,0,,,,,
SNOG,16,34,3937,66,Asphalt,0,0,,,,,
SNOI,18,36,2953,131,Grass,0,0,,,,,
SNOK,10,28,3117,69,Gravel,0,0,,,,,
SNOL,01,19,4757,98,Gravel,0,0,,,,,
SNOM,18,36,3609,59,Asphalt,0,0,,,,,
SNON,4,31,79,79,Concrete,0,0,,,,,
SNOQ,17,35,3117,59,Earth,0,0,,,,,
SNOS,14,32,4921,75,Asphalt,0,0,,,,,
SNOT,9,27,3937,115,Grass,0,0,,,,,
SNOU,3,21,3937,79,Asphalt,0,0,,,,,
SNOV,16,34,1969,59,Asphalt,0,0,,,,,
SNOW,13,31,3609,66,Gravel,0,0,,,,,
SNOX,17,35,5249,98,Asphalt,0,0,,,,,
SNOZ,9,27,3281,98,Asphalt,0,0,,,,,
SNPA,12,30,4134,75,Asphalt,0,0,,,,,99
SNPC,14,32,5741,97,Asphalt,1,0,,,,,
SNPD,09,27,5577,98,Asphalt,0,0,,,,,
SNPI,18,36,4429,82,Asphalt,0,0,,,,,
SNPJ,5,23,3937,98,Asphalt,0,0,,,,,
SNPK,H1,,64,64,Grass,0,0,,,,,
SNPL,18,36,3609,66,Gravel,0,0,,,,,
SNPN,11,29,3609,66,Gravel,0,0,,,,,
SNPO,15,33,3937,230,Gravel,0,0,,,,,
SNPP,16,34,2690,59,Asphalt,0,0,,,,,
SNPQ,12,30,3281,125,Sand,0,0,,,,,
SNPR,21,35,66,66,Concrete,0,0,,,,,
SNPS,11,29,3937,66,Asphalt,0,0,,,,,
SNPU,7,25,3855,98,Asphalt,0,0,,,,,
SNPV,16,34,1640,75,Grass,0,0,,,,,
SNPX,10,28,4856,98,Asphalt,0,0,,,,,
SNPY,5,23,5249,98,Asphalt,0,0,,,,,
SNPZ,10,28,3281,98,Gravel,0,0,,,,,
SNQA,1,19,2625,59,Asphalt,0,0,,,,,
SNQC,H1,,64,64,Concrete,0,0,,,,,
SNQD,15,33,3937,98,Asphalt,0,0,,,,,
SNQE,1,19,2493,59,Asphalt,0,0,,,,,
SNQG,16,34,5906,148,Asphalt,0,0,,,,,
SNQH,H1,,79,79,Turf,0,0,,,,,
SNQI,17,35,3609,59,Asphalt,0,0,,,,,
SNQK,9,,59,59,Concrete,0,0,,,,,
SNQM,3,21,3937,72,Asphalt,0,0,,,,,
SNQN,06,24,3302,59,Asphalt,0,0,-13.1562,-52.5694,-13.1493,-52.5634,
SNQP,2,20,2953,75,Grass,0,0,,,,,
SNQR,3,21,2625,98,Grass,0,0,,,,,
SNQS,9,27,2953,98,Grass,0,0,,,,,
SNQT,14,32,2789,98,Grass,0,0,,,,,
SNQU,07,25,4593,62,Asphalt,0,0,,,,,
SNQV,9,27,3937,75,Asphalt,0,0,,,,,
SNQW,12,30,3232,82,Asphalt,0,0,,,,,
SNQX,14,32,3937,98,Asphalt,0,0,,,,,
SNQY,5,,59,59,Concrete,0,0,,,,,
SNRB,5,23,3150,59,Asphalt,0,0,,,,,
SNRC,13,31,62,62,Concrete,0,0,,,,,
SNRD,11,29,3822,98,Asphalt,0,0,-17.2971,-39.2761,-17.2968,-39.2661,88
SNRE,10,28,4265,59,Asphalt,0,0,,,,,
SNRF,H1,,69,69,Concrete,1,0,,,,,
SNRG,9,27,62,62,Concrete,0,0,,,,,
SNRI,21,,89,89,Concrete,1,0,,,,,
SNRL,H1,,59,59,Grass,0,0,,,,,
SNRM,11,29,4429,98,Asphalt,0,0,,,,,
SNRN,1,19,3609,66,Gravel,0,0,,,,,
SNRP,16,34,3609,33,Gravel,0,0,,,,,
SNRQ,11,29,2953,59,Gravel,0,0,,,,,
SNRR,4,22,3379,75,Asphalt,0,0,,,,,
SNRU,13,31,5906,98,Asphalt,0,0,,,,,
SNRV,6,24,2625,59,Asphalt,0,0,,,,,
SNRX,12,30,3937,131,Asphalt,0,0,,,,,
SNRY,7,18,59,59,Concrete,0,0,,,,,
SNRZ,03,21,3887,82,Asphalt,0,0,-20.7198,-44.8664,-20.7093,-44.8641,12
SNSC,3,21,3937,98,Gravel,0,0,,,,,
SNSD,9,27,3937,66,Gravel,0,0,,,,,
SNSE,16,34,3609,82,Asphalt,0,0,,,,,
SNSF,11,29,3937,131,Gravel,0,0,,,,,
SNSG,17,35,4265,98,Asphalt,0,0,,,,,
SNSH,9,27,4921,98,Asphalt,0,0,,,,,
SNSI,4,22,2625,59,Gravel,0,0,,,,,
SNSJ,6,24,2625,59,Asphalt,0,0,,,,,
SNSL,07,25,2953,59,Gravel,0,0,,,,,
SNSM,09,27,6102,82,Asphalt,0,0,-0.6985,-47.3430,-0.6935,-47.3291,70
SNSO,2,20,3018,75,Asphalt,0,0,,,,,
SNSQ,3,12,62,62,Concrete,0,0,,,,,
SNSR,3,21,3609,98,Asphalt,0,0,,,,,
SNSS,18,36,4856,98,Asphalt,0,0,,,,,
SNST,17,35,3937,66,Asphalt,0,0,,,,,
SNSU,12,30,3117,59,Gravel,0,0,,,,,
SNSW,6,24,3609,98,Asphalt,0,0,,,,,
SNSX,7,25,2789,131,Grass,0,0,,,,,
SNSY,6,24,2625,98,Grass,0,0,,,,,
SNTA,10,28,3609,66,Gravel,0,0,,,,,
SNTD,9,27,4364,75,Asphalt,0,0,,,,,
SNTE,H1,H1,74,74,Grass,0,0,,,,,
SNTF,11,29,4790,98,Asphalt,1,0,-17.5244,-39.6753,-17.5244,-39.6616,
SNTH,H1,H1,64,64,Concrete,0,0,,,,,
SNTI,9,27,4987,98,Asphalt,0,0,,,,,
SNTK,03,21,2625,59,Earth,0,0,,,,,
SNTK,3Z,21Z,3281,75,Asphalt,0,1,,,,,
SNTL,10,28,2592,66,Graded earth,0,0,,,,,
SNTM,1,19,3281,98,Gravel,0,0,,,,,
SNTO,11,29,3904,75,Asphalt,0,0,,,,,
SNTP,13,31,4265,66,Asphalt,0,0,,,,,
SNTQ,11,29,5249,95,Asphalt,0,0,,,,,
SNTR,10,28,4068,82,Asphalt,0,0,,,,,
SNTS,12,30,5249,98,Asphalt,0,0,,,,,
SNTY,13,31,3937,79,Asphalt,0,0,,,,,
SNUB,16,34,3543,75,Asphalt,0,0,,,,,
SNUC,11,29,4921,52,Asphalt,0,0,,,,,
SNUG,11,29,2625,59,Gravel,0,0,,,,,
SNUH,7,25,3658,98,Grass,0,0,,,,,
SNUI,8,26,3937,98,Asphalt,0,0,,,,,
SNUN,17,35,3871,98,Asphalt,0,0,,,,,
SNUP,13,31,2625,98,Asphalt,0,0,,,,,
SNUQ,8,33,69,69,Metal,0,0,,,,,
SNUS,3,21,2133,66,Asphalt,0,0,,,,,
SNUT,6,24,4659,66,Asphalt,0,0,,,,,
SNUX,11,29,3281,66,Gravel,0,0,,,,,
SNUZ,17,35,2953,66,Piçarra,0,0,,,,,
SNVA,1,19,4035,98,Asphalt,0,0,,,,,
SNVB,04,22,5906,98,Asphalt,0,0,-13.3042,-38.9944,-13.2885,-38.9904,
SNVC,17,35,2953,98,Asphalt,0,0,,,,,
SNVD,10,28,3937,98,Asphalt,0,0,,,,,
SNVF,18,27,59,59,Concrete,1,0,,,,,
SNVH,18,36,2953,66,Asphalt,0,0,,,,,
SNVI,04,22,4265,75,Asphalt,1,0,,,,,
SNVN,8,26,2625,148,Grass,0,0,,,,,
SNVO,16,34,3281,131,Gravel,0,0,,,,,
SNVR,8,26,4265,98,Asphalt,0,0,,,,,
SNVS,07,25,5249,98,Asphalt,0,0,,,,,
SNVT,33,,69,69,Metal,0,0,,,,,
SNVU,09,27,1640,59,Grass,0,0,,,,,
SNVV,11,29,3281,66,Asphalt,0,0,,,,,
SNVW,17,35,2887,59,Grass,0,0,,,,,
SNVX,35,,66,66,Concrete,0,0,,,,,
SNVY,16,34,3281,131,Grass,0,0,,,,,
SNWC,14,32,3117,98,Asphalt,0,0,,,,,
SNWD,15,33,2887,98,Grass,0,0,,,,,
SNWF,6,24,3215,164,Grass,0,0,,,,,
SNWG,2,20,2625,131,Grass,0,0,,,,,
SNWH,16,34,1804,66,Grass,0,0,,,,,
SNWI,18,36,2854,131,Grass,0,0,,,,,
SNWJ,17,35,2953,148,Grass,0,0,,,,,
SNWK,15,33,2625,131,Grass,0,0,,,,,
SNWM,03,21,3281,98,Earth,0,0,,,,,
SNWN,09,27,2625,98,Gravel,0,0,,,,,
SNWO,9,27,2953,98,Gravel,0,0,,,,,
SNWR,17,35,3117,66,Asphalt,0,0,,,,,
SNWS,8,26,4921,98,Asphalt,0,0,,,,,
SNWU,4,22,2887,131,Grass,0,0,,,,,
SNWV,3,21,62,62,Grass,0,0,,,,,
SNWW,18,27,79,79,Grass,0,0,,,,,
SNXB,9,27,4921,98,Asphalt,0,0,,,,,
SNXC,7,16,79,79,Concrete,0,0,,,,,
SNXE,15,33,1969,82,Grass,0,0,,,,,
SNXF,15,33,1969,82,Grass,0,0,,,,,
SNXG,14,32,4593,75,Asphalt,0,0,,,,,
SNXH,9,27,4839,95,Asphalt,0,0,,,,,
SNXJ,10,24,59,59,Metal,0,0,,,,,
SNXK,2,20,3937,75,Asphalt,0,0,,,,,
SNXL,04,22,4921,98,Clay,0,0,,,,,
SNXQ,13,31,4659,66,Asphalt,0,0,,,,,
SNXR,1,19,2625,75,Gravel,0,0,,,,,
SNXV,9,27,4921,98,Asphalt,0,0,,,,,
SNXX,16,34,7218,98,Asphalt,0,0,,,,,
SNXY,5,23,3937,66,Asphalt,0,0,,,,,
SNYA,5,23,3937,98,Piçarra gravel,0,0,,,,,
SNYB,3,21,5906,98,Asphalt,0,0,,,,,
SNYE,9,27,5709,98,Asphalt,0,0,,,,,
SNYF,11,29,3937,98,Asphalt,0,0,,,,,
SNYG,10,20,66,66,Concrete,0,0,,,,,
SNYH,12,30,4593,75,Asphalt,0,0,,,,,
SNYI,16,34,2789,66,Gravel,0,0,,,,,
SNYJ,17,35,1476,59,Gravel,0,0,,,,,
SNYJ,5,23,1969,82,Asphalt,0,1,,,,,
SNYK,18,23,66,66,Concrete,0,0,,,,,
SNYP,12,30,3150,59,Asphalt,0,0,,,,,
SNYR,14,32,3117,59,Gravel,0,0,,,,,
SNYS,2,20,4593,75,Gravel,0,0,,,,,
SNYT,3,21,4921,98,Asphalt,0,0,,,,,
SNYU,18,36,5299,98,Asphalt,0,0,,,,,
SNYV,9,27,3196,66,Asphalt,0,0,,,,,
SNYW,5,23,2625,39,Asphalt,0,0,,,,,
SNZA,1,19,4199,98,Asphalt,0,0,,,,,
SNZC,2,20,2953,98,Grass,0,0,,,,,
SNZE,13,31,2297,59,Asphalt,0,0,,,,,
SNZH,7,25,4593,98,Grass,0,0,,,,,
SNZI,H1,H1,64,64,Concrete,1,0,,,,,
SNZK,12,30,5118,79,Asphalt,0,0,,,,,
SNZM,13,31,66,66,Concrete,0,0,,,,,
SNZO,14,32,2625,66,Asphalt,0,0,,,,,
SNZR,11,29,4921,98,Asphalt,0,0,-17.2431,-46.8900,-17.2423,-46.8760,
SNZT,5,23,2953,66,Asphalt,0,0,,,,,
SNZU,11,29,2854,66,Asphalt,0,0,,,,,
SNZV,7,25,2461,82,Asphalt,0,0,,,,,
SNZW,9,27,2789,66,Asphalt,0,0,,,,,
SNZX,H1,H1,66,66,Concrete,0,0,,,,,
SNZZ,13,31,2625,59,Asphalt,0,0,,,,,
SOCA,08,26,10486,148,Asphalt,1,0,4.8138,-52.3735,4.8258,-52.3474,65
SOOA,07,25,3938,49,Asphalt,0,0,3.6525,-54.0440,3.6588,-54.0352,55
SOOG,04,22,3937,49,Concrete,0,0,3.8924,-51.8058,3.9028,-51.8024,18
SOOM,04,22,3281,75,Asphalt,0,0,,,,,
SOOR,06,24,2625,49,Asphalt,0,0,4.3107,-52.1350,4.3163,-52.1305,39
SOOY,11,29,1640,67,Grass,0,0,5.3736,-52.9477,5.3737,-52.9429,
SPAB,18,36,3600,75,Asphalt,0,0,-5.2518,-79.4430,-5.2617,-79.4427,179
SPAC,02,20,5249,,,0,0,,,,,
SPAS,12,30,6749,131,Asphalt,1,0,-2.7916,-76.4747,-2.8006,-76.4585,119
SPAY,04,22,4921,98,Asphalt,0,0,-10.7339,-73.7714,-10.7244,-73.7617,45
SPBC,12,30,5905,98,Asphalt,0,0,-3.9132,-70.5154,-3.9205,-70.5010,117
SPBL,09,27,3871,59,Asphalt,0,0,,,,,
SPBR,13,31,4429,59,Asphalt,0,0,-11.4080,-69.4937,-11.4152,-69.4837,126
SPCL,02,20,9186,148,Asphalt,1,0,-8.3898,-74.5787,-8.3660,-74.5699,20
SPCM,09,27,2953,59,Asphalt,0,0,-7.3356,-74.9966,-7.3359,-74.9885,90
SPDR,10,28,6075,100,Asphalt,0,0,-3.8040,-75.0474,-3.8081,-75.0312,104
SPEE,13,31,3956,92,Asphalt,0,0,-2.4512,-72.6751,-2.4570,-72.6661,123
SPEO,01,19,5905,98,Asphalt,1,0,-9.1577,-78.5249,-9.1415,-78.5228,7
SPEP,07,25,5922,98,Asphalt,0,0,-9.7707,-70.7143,-9.7655,-70.6987,71
SPEQ,06,24,5905,98,Asphalt,0,0,-17.1823,-70.9385,-17.1757,-70.9231,66
SPGB,17,35,4921,98,Asphalt,0,0,-4.0252,-77.7599,-4.0386,-77.7577,171
SPGM,01,19,6890,98,,0,0,-9.2988,-76.0060,-9.2800,-76.0041,
SPGP,05,23,4219,145,Asphalt,0,0,-0.1232,-75.2521,-0.1149,-75.2438,45
SPHI,01,19,8266,148,Asphalt,1,0,-6.7987,-79.8295,-6.7763,-79.8267,7
SPHO,02,20,9186,148,Asphalt,1,0,-13.1665,-74.2094,-13.1431,-74.1995,23
SPHY,03,21,8202,98,Asphalt,1,0,-13.7162,-73.3566,-13.6966,-73.3442,32
SPHZ,16,34,10007,98,Asphalt,0,0,-9.3345,-77.6027,-9.3604,-77.5941,162
SPIM,16L,34R,11506,148,Concrete,1,0,-12.0076,-77.1214,-12.0313,-77.1097,154
SPIM,16R,34L,11417,148,Concrete,0,0,-12.0121,-77.1311,-12.0351,-77.1198,154
SPJA,16,34,6168,98,Asphalt,1,0,-6.0596,-77.1621,-6.0761,-77.1579,166
SPJE,16,34,7874,148,Asphalt,0,0,-5.5821,-78.7771,-5.6029,-78.7708,163
SPJI,03,21,6562,98,Asphalt,0,0,-7.1770,-76.7339,-7.1612,-76.7232,34
SPJJ,13,31,9220,148,Asphalt,0,0,-11.7753,-75.4836,-11.7909,-75.4632,128
SPJL,12,30,13780,150,Asphalt,1,0,-15.4600,-70.1763,-15.4742,-70.1400,112
SPJN,15,33,6562,148,,0,0,-15.3495,-75.1389,-15.3560,-75.1357,
SPJR,16,34,8201,148,Asphalt,1,0,-7.1288,-78.4937,-7.1496,-78.4851,158
SPLC,17,35,13064,160,Asphalt,0,0,-16.7736,-71.8886,-16.8094,-71.8846,174
SPLN,10,28,5915,98,Asphalt,0,0,-6.3897,-77.5089,-6.3949,-77.4935,109
SPLO,12,30,8202,148,Asphalt,0,0,-17.6903,-71.3547,-17.6998,-71.3332,115
SPLP,02,20,8019,150,Asphalt,1,0,-12.1712,-77.0024,-12.1502,-76.9955,18
SPME,14,32,8202,148,Asphalt,1,0,-3.5434,-80.3881,-3.5611,-80.3741,141
SPMF,15,33,5775,98,Asphalt,0,0,-11.3184,-74.5395,-11.3324,-74.5318,152
SPMS,09,27,5912,98,Asphalt,1,0,-5.8931,-76.1263,-5.8944,-76.1101,94
SPNC,07,25,8202,98,Asphalt,0,0,-9.8831,-76.2154,-9.8745,-76.1942,68
SPON,18,36,3280,59,Natural terrain,0,0,,,,,180
SPOY,11,29,4900,98,Asphalt dirt,0,0,,,,,
SPPH,03,21,2296,59,Clay / Grass,0,0,-7.2038,-75.2957,-7.1984,-75.2924,30
SPPY,13,31,6496,98,Asphalt,0,0,-6.1958,-77.8627,-6.2078,-77.8494,132
SPQT,06,24,8202,148,Concrete,1,0,-3.7910,-73.3182,-3.7785,-73.2994,57
SPQU,10,28,9777,148,Asphalt,1,0,-16.3398,-71.5847,-16.3413,-71.5569,93
SPRM,01,19,3281,59,Asphalt,0,0,-11.1328,-75.3514,-11.1244,-75.3496,13
SPRU,02,20,9920,145,Asphalt,1,0,-8.0945,-79.1128,-8.0683,-79.1048,17
SPSO,04,22,9908,148,Asphalt,1,0,-13.7556,-76.2289,-13.7341,-76.2117,38
SPST,17,35,8530,148,Asphalt,1,0,-6.4972,-76.3753,-6.5203,-76.3712,171
SPTN,02,20,8202,148,Asphalt,1,0,-18.0639,-70.2798,-18.0426,-70.2719,20
SPTU,01,19,11482,148,Concrete,1,0,-12.6289,-69.2288,-12.5973,-69.2276,2
SPUR,01,19,8202,148,Asphalt,1,0,-5.2168,-80.6189,-5.1947,-80.6140,13
SPYL,17,35,8038,148,Asphalt,1,0,-4.5657,-81.2561,-4.5876,-81.2522,170
SPZA,07,25,3355,65,Asphalt,1,0,-14.8558,-74.9659,-14.8521,-74.9572,66
SPZO,10,28,11146,148,Asphalt,1,0,-13.5341,-71.9544,-13.5373,-71.9232,96
SSAA,H1,,64,64,Concrete,0,0,,,,,
SSAB,5,23,3937,59,Asphalt,0,0,,,,,
SSAD,11,29,5906,75,Asphalt,0,0,,,,,
SSAE,6,24,3281,59,Gravel,0,0,,,,,
SSAF,15,33,3281,98,Grass,0,0,,,,,
SSAG,10,28,2953,66,Gravel,0,0,,,,,
SSAK,14,32,2461,197,Grass,0,0,,,,,
SSAK,4,22,2625,197,Grass,0,0,,,,,
SSAN,09,27,3281,75,Asphalt,0,0,,,,,
SSAP,10,28,4593,98,Asphalt,0,0,,,,,
SSAQ,15,33,3543,115,Grass,0,0,,,,,
SSAQ,17,35,3084,59,Grass,0,0,,,,,
SSAR,17,35,2297,59,Gravel,0,0,,,,,
SSAU,14,32,2133,66,Grass,0,0,,,,,
SSAV,18,36,3281,98,Gravel,0,0,,,,,
SSAY,5,23,3281,66,Asphalt,0,0,,,,,
SSAZ,5,23,79,79,Concrete,0,0,,,,,
SSBC,11,29,3937,59,Asphalt,0,0,,,,,
SSBF,7,25,3281,66,Asphalt,0,0,,,,,
SSBG,13,31,3281,98,Gravel,0,0,,,,,
SSBK,1,19,3707,131,Grass,0,0,,,,,
SSBL,19,01,3543,98,Asphalt,0,0,-26.8272,-49.0947,-26.8365,-49.0924,167
SSBN,9,27,3618,75,Asphalt,1,0,-30.1905,-51.1872,-30.1873,-51.1764,71
SSBP,30,,59,59,Concrete,1,0,,,,,
SSBQ,15,33,2369,59,Asphalt,0,0,,,,,
SSBR,16,34,4265,328,Asphalt,0,0,,,,,
SSBT,1,19,3281,59,Earth,0,0,,,,,
SSBU,18,36,2953,59,Earth,0,0,,,,,
SSBV,3,21,4265,75,Asphalt,0,0,,,,,
SSBW,8,26,1804,131,Grass,0,0,,,,,
SSBX,13,31,2461,75,Grass,0,0,,,,,
SSBY,18,36,4593,66,Asphalt,0,0,,,,,
SSCA,8,26,3937,75,Grass,0,0,,,,,
SSCB,12,30,2789,66,Asphalt,0,0,,,,,
SSCD,5,23,6562,98,Asphalt,0,0,,,,,
SSCE,1,19,2100,164,Grass,0,0,,,,,
SSCE,15,27,1969,164,Grass,0,0,,,,,
SSCE,9,27,1870,164,Grass,0,0,,,,,
SSCF,12,30,2953,98,Gravel,0,0,,,,,
SSCH,9,27,3609,75,Gravel,0,0,,,,,
SSCI,2,20,4265,75,Asphalt,0,0,,,,,
SSCJ,01,19,2625,59,Gravel,0,0,,,,,
SSCK,14,32,4856,59,Asphalt,0,0,,,,,
SSCL,13,31,2953,59,Asphalt,0,0,,,,,
SSCM,03,21,3937,75,Asphalt,0,0,,,,,
SSCN,06,24,4134,59,Asphalt,0,0,,,,,
SSCO,3,21,2625,59,Gravel,0,0,,,,,
SSCP,6,24,4593,98,Asphalt,0,0,,,,,
SSCQ,02,20,4921,98,Asphalt,1,0,,,,,
SSCR,1,19,4593,98,Asphalt,0,0,,,,,
SSCT,4,22,3937,75,Asphalt,0,0,,,,,
SSCU,6,24,2953,66,Asphalt,0,0,,,,,
SSCW,4,22,3281,82,Grass,0,0,,,,,
SSCX,17,35,3281,98,Gravel,0,0,,,,,
SSCY,2,28,59,59,Concrete,1,0,,,,,
SSDA,H1,,,,,0,0,,,,,
SSDD,H1,H1,89,89,Concrete,0,0,,,,,
SSDG,16,34,3281,59,Gravel,0,0,,,,,
SSDI,16,34,2953,59,Asphalt,0,0,,,,,
SSDK,11,29,4200,75,Concrete,0,0,,,,,
SSDL,14,32,3281,69,Piçarra,0,0,,,,,
SSDP,16,34,3937,66,Asphalt,0,0,,,,,
SSDQ,05,23,2297,66,Grass,0,0,,,,,
SSDT,13,31,3281,66,Asphalt,0,0,,,,,
SSDV,01,19,3609,66,Grass,0,0,,,,,
SSDW,17,35,3609,59,Gravel,0,0,,,,,
SSDX,17,35,1969,59,Gravel,0,0,,,,,
SSEB,13,31,3904,98,Gravel,0,0,,,,,
SSEC,27,36,59,59,Concrete,0,0,,,,,
SSED,07,25,2717,66,Asphalt,0,0,,,,,
SSEE,6,24,1870,59,Grass,0,0,,,,,
SSEF,2,20,1969,66,TER,0,0,,,,,
SSEJ,17,35,59,59,Concrete,0,0,,,,,
SSEK,6,24,2625,98,Gravel,0,0,,,,,
SSEN,9,23,66,66,Concrete,0,0,,,,,
SSEO,16,34,3281,164,Gravel,0,0,,,,,
SSEP,14,32,3740,59,Gravel,0,0,,,,,
SSEQ,18,36,2953,151,Grass,0,0,,,,,
SSER,14,32,4199,98,Asphalt,0,0,,,,,
SSEU,03,21,2953,59,Gravel,0,0,,,,,
SSEV,07,25,1969,115,Grass,0,0,,,,,
SSEW,15,33,2625,59,Grass,0,0,,,,,
SSEX,04,22,3117,85,Gravel,0,0,,,,,
SSEZ,7,25,2339,98,Gravel,0,0,,,,,
SSFA,07,25,4921,98,Asphalt,0,0,,,,,
SSFB,7,25,4331,98,Asphalt,0,0,,,,,
SSFD,4,22,3937,59,Grass,0,0,,,,,
SSFE,02,20,3100,59,Asphalt,0,0,,,,,
SSFG,6,24,3937,75,Gravel,0,0,,,,,
SSFH,1,19,2297,49,TER,0,0,,,,,
SSFJ,04,22,2789,59,Grass,0,0,,,,,
SSFK,4,22,3346,98,Asphalt,0,0,,,,,
SSFL,11,29,4921,82,Asphalt,0,0,,,,,
SSFO,3,21,2625,75,Grass,0,0,,,,,
SSFR,6,24,5643,98,Asphalt,0,0,,,,,
SSFX,11,29,2461,59,Grass,0,0,,,,,
SSFY,1,10,85,85,Concrete,0,0,,,,,
SSGA,15,33,3937,98,Asphalt,0,0,,,,,
SSGB,02,20,3281,59,Asphalt,0,0,,,,,
SSGE,07,25,3340,66,Gravel,0,0,,,,,
SSGF,2,20,3445,59,Asphalt,0,0,,,,,
SSGH,11,29,3445,66,Asphalt,0,0,,,,,
SSGJ,10,28,3117,66,Gravel,0,0,,,,,
SSGL,5,23,2756,66,TER,0,0,,,,,
SSGM,9,27,2625,59,Gravel,0,0,,,,,
SSGN,18,36,3281,98,Grass,0,0,,,,,
SSGO,16,34,3921,75,Gravel,1,0,,,,,
SSGP,10,28,1936,59,Asphalt,0,0,,,,,
SSGT,14,32,2953,82,Gravel,0,0,,,,,
SSGU,6,24,2690,131,Grass,0,0,,,,,
SSGV,1,H1,59,59,Concrete,1,0,,,,,
SSGW,05,23,3278,59,Asphalt,0,0,,,,,
SSGX,1,19,2953,66,Grass,0,0,,,,,
SSGY,08,26,4265,98,Asphalt,0,0,,,,,
SSGZ,4,22,3281,59,Grass,0,0,,,,,
SSHA,6,24,3937,131,Asphalt,0,0,,,,,
SSHD,12,30,2493,66,Grass,0,0,,,,,
SSHE,15,33,5249,66,Asphalt,0,0,,,,,
SSHG,14,32,3937,75,Asphalt,0,0,,,,,
SSHH,12,32,59,59,Asphalt,0,0,,,,,
SSHK,6,24,4429,66,Gravel,0,0,,,,,
SSHL,9,27,2625,75,Gravel,0,0,,,,,
SSHM,9,27,59,59,Concrete,0,0,,,,,
SSHN,10,28,3281,59,Grass,0,0,,,,,
SSHR,16,35,59,59,Concrete,0,0,,,,,
SSHS,1,10,59,59,Concrete,0,0,,,,,
SSHT,14,32,3937,59,Grass,0,0,,,,,
SSHU,12,30,2297,66,Grass,0,0,,,,,
SSHV,11,29,3773,98,Earth,0,0,,,,,
SSHX,18,36,4167,59,Asphalt,0,0,-23.9197,-55.3013,-23.9265,-55.2987,161
SSHZ,15,33,3445,59,Asphalt,0,0,,,,,
SSIC,1,19,2461,75,Asphalt,0,0,,,,,
SSIE,6,24,4921,98,Gravel,0,0,,,,,
SSIF,17,35,4265,59,Asphalt,0,0,,,,,
SSIH,8,26,3281,131,Gravel,0,0,,,,,
SSIJ,18,36,4200,70,Asphalt,0,0,-28.3633,-53.8484,-28.3741,-53.8445,162
SSIP,2,20,2953,98,Grass,0,0,,,,,
SSIQ,15,33,3169,75,Grass,0,0,,,,,
SSIR,9,27,2493,82,Gravel,0,0,,,,,
SSIS,18,36,3281,79,Asphalt,0,0,,,,,
SSIT,18,27,66,66,Concrete,0,0,,,,,
SSIU,11,29,1969,98,Grass,0,0,,,,,
SSIW,1,19,1640,75,ASP/GRS,0,0,,,,,
SSIX,01,19,3281,59,Asphalt,0,0,,,,,
SSIZ,17,,62,62,Concrete,0,0,,,,,
SSJA,15,33,4396,99,Asphalt,1,0,,,,,128
SSJB,03,21,3610,66,Earth,0,0,,,,,
SSJC,6,24,2297,66,Grass,0,0,,,,,
SSJF,23,32,82,82,Concrete,0,0,,,,,
SSJG,2,20,2297,59,Grass,0,0,,,,,
SSJH,8,26,3510,75,Grass,0,0,,,,,
SSJI,18,36,3117,59,Asphalt,0,0,,,,,
SSJJ,4,22,2559,75,Gravel,0,0,,,,,
SSJK,11,29,3904,98,Gravel,0,0,,,,,
SSJM,5,23,4921,75,Asphalt,0,0,,,,,
SSJO,2,20,2165,59,Grass,0,0,,,,,
SSJP,7,25,1969,59,Asphalt,0,0,,,,,
SSJQ,11,29,4265,82,TER,0,0,,,,,
SSJS,13,26,72,72,Concrete,0,0,,,,,
SSJV,2,20,2165,59,Grass,0,0,,,,,
SSJW,14,32,2461,59,Gravel,0,0,,,,,
SSJX,16,34,2953,59,Grass,0,0,,,,,
SSJY,3,21,2165,59,Grass,0,0,,,,,
SSJZ,1,19,2822,131,Grass,0,0,,,,,
SSKA,1,19,1969,75,Grass,0,0,,,,,
SSKB,15,33,2461,75,Grass,0,0,,,,,
SSKC,13,31,1969,59,Gravel,0,0,,,,,
SSKE,2,20,2461,98,Grass,0,0,,,,,
SSKF,18,36,3281,98,Grass,0,0,,,,,
SSKG,6,24,3609,75,Asphalt,0,0,,,,,
SSKH,8,26,2625,98,Grass,0,0,,,,,
SSKI,11,29,2953,75,Grass,0,0,,,,,
SSKK,8,26,2297,89,Grass,0,0,,,,,
SSKM,02,20,4495,98,Asphalt,1,0,,,,,
SSKP,2,20,2533,62,Gravel,0,0,,,,,
SSKQ,3,21,3281,115,Gravel,0,0,,,,,
SSKR,6,24,2953,62,TER,0,0,,,,,
SSKS,12,30,3346,59,Asphalt,0,0,,,,,
SSKT,03,21,3910,55,Asphalt,1,0,-27.6173,-48.6743,-27.6067,-48.6723,10
SSKU,10,28,3281,98,Gravel,0,0,,,,,
SSKW,15,35,6890,148,Asphalt,0,0,,,,,
SSKX,17,35,3773,82,Grass,0,0,,,,,
SSKY,15,33,3937,66,Gravel,0,0,,,,,
SSKZ,11,29,5118,98,Asphalt,0,0,-28.3207,-52.8242,-28.3229,-52.8084,
SSLB,7,25,1837,66,Grass,0,0,,,,,
SSLD,2,20,2625,75,Grass,0,0,,,,,
SSLE,H1,H1,79,79,Concrete,0,0,,,,,
SSLG,6,24,3937,197,Gravel,0,0,,,,,
SSLH,H1,H1,69,69,Concrete,0,0,,,,,
SSLL,17,35,2625,98,Grass,0,0,,,,,
SSLN,7,25,3609,75,Asphalt,0,0,,,,,
SSLO,5,23,3609,75,Asphalt,0,0,,,,,
SSLP,1,19,3281,98,Asphalt,0,0,,,,,
SSLQ,16,34,3281,98,Grass,0,0,,,,,
SSLR,2,20,2133,66,Gravel,0,0,,,,,
SSLT,15,33,3937,59,Asphalt,0,0,,,,,
SSLU,17,35,2297,115,Grass,0,0,,,,,
SSLX,2,20,3281,82,Grass,0,0,,,,,
SSLY,17,26,59,59,Concrete,0,0,,,,,
SSMC,16,34,2953,98,Grass,0,0,,,,,
SSME,2,20,3281,98,Grass,0,0,,,,,
SSMG,13,,69,69,Concrete,0,0,,,,,
SSMH,16,34,1969,75,Grass,0,0,,,,,
SSMJ,1,19,2625,98,Grass,0,0,,,,,
SSMK,9,27,1312,59,Grass,0,0,,,,,
SSMP,6,24,2297,59,Grass,0,0,,,,,
SSMQ,2,30,66,66,Concrete,0,0,,,,,
SSMR,17,35,3937,98,Asphalt,0,0,,,,,
SSMT,5,23,3199,59,Asphalt,0,0,,,,,
SSMU,19,,59,59,Grass,0,0,,,,,
SSMV,16,34,2592,59,TER,0,0,,,,,
SSMW,1,19,1969,59,Grass,0,0,,,,,
SSMX,12,30,2116,59,TER,0,0,,,,,
SSMY,2,20,3281,59,Asphalt,0,0,,,,,
SSMZ,16,34,3937,66,Gravel,0,0,,,,,
SSNA,6,24,3609,75,Asphalt,0,0,,,,,
SSNB,10,28,4586,75,Asphalt,0,0,,,,,
SSND,1,19,4593,66,Gravel,0,0,,,,,
SSNF,17,35,2165,59,Asphalt,0,0,,,,,
SSNG,13,31,3018,75,Grass,0,0,,,,,
SSNH,2,20,3937,262,Gravel,0,0,,,,,
SSNI,3,21,3281,98,Grass,0,0,,,,,
SSNJ,16,34,3615,164,Grass,0,0,,,,,
SSNK,3,21,3445,72,Asphalt,0,0,,,,,
SSNM,02,20,3937,59,Gravel,0,0,,,,,4
SSNP,13,31,3281,98,Asphalt,0,0,,,,,
SSNQ,18,36,3937,131,Grass,0,0,,,,,
SSNR,18,36,3281,98,Grass,0,0,,,,,
SSNS,13,31,4921,98,Gravel,0,0,,,,,
SSNU,11,29,2953,98,Gravel,0,0,,,,,
SSNV,3,21,1804,66,Grass,0,0,,,,,
SSNW,13,31,4593,75,Asphalt,0,0,,,,,
SSNX,7,19,69,69,Concrete,0,0,,,,,
SSNY,4,22,3937,66,Grass,0,0,,,,,
SSOA,4,22,66,66,Concrete,0,0,,,,,
SSOD,14,32,3215,66,Asphalt,0,0,,,,,
SSOE,17,35,4134,59,Asphalt,0,0,,,,,
SSOG,15,33,3937,75,Asphalt,0,0,,,,,
SSOI,15,33,3822,82,Gravel,0,0,,,,,
SSOJ,9,27,2953,98,Grass,0,0,,,,,
SSOK,11,29,3084,59,Asphalt,1,0,-23.2146,-51.1896,-23.2146,-51.1795,89
SSOL,5,23,4921,98,Asphalt,0,0,,,,,
SSON,11,29,2297,82,Grass,0,0,,,,,
SSOQ,9,27,3150,197,Grass,0,0,,,,,
SSOR,15,33,1969,59,Grass,0,0,,,,,
SSOS,11,29,3117,82,Sand,0,0,,,,,
SSOT,1,19,5577,75,Gravel,0,0,,,,,
SSOU,18,36,4593,98,Gravel,0,0,,,,,
SSOY,8,26,2625,59,Gravel,0,0,,,,,
SSOZ,27,,62,62,Concrete,0,0,,,,,
SSPA,09,27,3694,59,Asphalt,0,0,,,,,
SSPC,8,26,4593,98,Gravel,0,0,,,,,
SSPD,8,26,3937,66,Gravel,0,0,,,,,
SSPE,8,26,3281,66,Gravel,0,0,,,,,
SSPG,6,24,4774,98,Asphalt,0,0,,,,,
SSPI,12,30,4921,98,Asphalt,0,0,,,,,
SSPL,5,23,3281,59,Asphalt,0,0,,,,,
SSPM,18,36,4265,75,Asphalt,0,0,,,,,
SSPN,14,32,4331,75,Asphalt,0,0,,,,,
SSPO,4,22,2428,66,Asphalt,0,0,,,,,
SSPQ,17,35,3609,75,Grass,0,0,,,,,
SSPR,01,19,2953,59,Asphalt,0,0,,,,,
SSPS,2,20,3609,98,Asphalt,0,0,,,,,
SSPT,3,21,3937,59,Asphalt,0,0,,,,,
SSPV,16,34,3937,59,Asphalt,0,0,,,,,
SSPX,2,20,2953,75,Asphalt,0,0,,,,,
SSPY,1,19,2953,98,ARG,0,0,,,,,
SSQA,16,34,3937,75,Asphalt,0,0,,,,,
SSQB,13,31,2953,59,Asphalt,0,0,,,,,
SSQC,10,28,3937,75,Asphalt,0,0,,,,,
SSQD,21,30,69,69,Grass,0,0,,,,,
SSQE,7,16,59,59,Concrete,0,0,,,,,
SSQF,12,30,3281,75,Asphalt,0,0,,,,,
SSQH,26,,69,69,Concrete,0,0,,,,,
SSQI,10,28,2756,66,Gravel,0,0,,,,,
SSQJ,25,,59,59,Metal,0,0,,,,,
SSQP,17,35,3281,98,Asphalt,0,0,,,,,
SSQR,09,27,3281,66,TER,0,0,,,,,
SSQS,09,27,5249,82,Asphalt,0,0,,,,,
SSQT,05,23,4659,98,Asphalt,0,0,,,,,
SSQU,10,28,1969,59,Gravel,0,0,,,,,
SSQV,10,28,62,62,Concrete,0,0,,,,,
SSQW,8,26,69,69,Metal,0,0,,,,,
SSQX,17,,69,69,Concrete,0,0,,,,,
SSQY,3,20,69,69,Concrete,0,0,,,,,
SSQZ,10,28,4265,98,Asphalt,0,0,,,,,
SSRB,17,35,2625,89,Gravel,0,0,,,,,
SSRC,4,22,3281,59,Gravel,0,0,,,,,
SSRE,6,24,3937,59,Asphalt,0,0,,,,,
SSRF,13,31,4265,69,Asphalt,0,0,,,,,
SSRH,02,20,2953,59,Gravel,0,0,,,,,
SSRJ,3,21,3937,82,Asphalt,0,0,,,,,
SSRK,11,29,4921,69,Asphalt,0,0,,,,,
SSRM,15,33,2789,98,Asphalt,0,0,,,,,
SSRN,11,29,3609,62,Gravel,0,0,,,,,
SSRS,02,20,1969,59,Gravel,0,0,,,,,
SSRU,3,21,3609,59,Gravel,0,0,,,,,
SSRV,11,,66,66,Concrete,1,0,,,,,
SSRW,13,31,2444,59,Asphalt,0,0,,,,,
SSRZ,10,28,3281,66,Clay,0,0,,,,,
SSSA,02,20,3281,66,Asphalt,0,0,,,,,
SSSB,07,25,4921,98,Asphalt,1,0,,,,,
SSSB,14,32,2297,59,Grass,0,0,,,,,122
SSSC,8,26,3871,59,Asphalt,0,0,,,,,
SSSD,16,34,4265,197,Gravel,0,0,,,,,
SSSE,12,32,59,59,Concrete,0,0,,,,,
SSSG,4,22,3281,328,Gravel,0,0,,,,,
SSSH,7,25,2297,59,Grass,0,0,,,,,
SSSI,12,30,4921,66,Earth,0,0,,,,,
SSSK,16,34,2789,66,Piçarra,0,0,,,,,
SSSN,5,23,82,82,Concrete,0,0,,,,,
SSSO,15,33,2133,66,Gravel,0,0,,,,,
SSSP,10,28,3921,72,Grass,0,0,,,,,
SSSR,9,27,1640,59,Gravel,0,0,,,,,
SSSS,18,36,2297,115,Grass,0,0,,,,,
SSST,17,35,4396,197,Gravel,0,0,,,,,
SSSW,14,32,2297,66,Gravel,0,0,,,,,
SSSY,5,23,3018,98,Gravel,0,0,,,,,
SSSZ,10,28,3773,164,Asphalt,0,0,,,,,
SSTA,9,27,2461,98,Grass,0,0,,,,,
SSTB,3,21,4495,59,Asphalt,0,0,,,,,
SSTC,21,34,66,66,Grass,0,0,,,,,
SSTD,10,28,1345,59,Gravel,0,0,,,,,
SSTF,04,22,3282,98,Earth,0,0,,,,,
SSTG,6,24,1969,66,Grass,0,0,,,,,
SSTH,9,27,3609,75,Asphalt,0,0,,,,,
SSTI,14,32,1804,66,TER,0,0,,,,,
SSTJ,11,29,1969,59,Gravel,0,0,,,,,
SSTK,13,31,2625,66,Gravel,0,0,,,,,
SSTP,16,34,3937,82,TER,0,0,,,,,
SSTQ,3,21,3281,66,TER,0,0,,,,,
SSTS,12,30,2461,75,Grass,0,0,,,,,
SSTT,27,,59,59,Concrete,0,0,,,,,
SSTU,13,31,3281,98,Grass,0,0,,,,,
SSTY,17,35,4921,131,Gravel,0,0,,,,,
SSUA,16,34,2953,98,Gravel,0,0,,,,,
SSUC,13,31,2953,66,Grass,0,0,,,,,
SSUF,H1,H1,69,69,Concrete,1,0,,,,,
SSUG,9,22,66,66,Concrete,0,0,,,,,
SSUH,17,27,66,66,Grass,0,0,,,,,
SSUJ,13,,66,66,Concrete,0,0,,,,,
SSUL,03,21,1755,58,Asphalt,0,0,,,,,
SSUM,04,22,4692,98,Asphalt,1,0,-23.8052,-53.3165,-23.7932,-53.3115,
SSUN,4,13,62,62,Concrete,0,0,,,,,
SSUO,4,31,69,69,Concrete,0,0,,,,,
SSUP,4,22,59,59,Concrete,0,0,,,,,
SSUR,14,32,3399,59,Grass,0,0,,,,,
SSUS,08,26,3281,66,Gravel,0,0,,,,,
SSUU,11,29,2953,98,Gravel,0,0,,,,,
SSUV,17,35,3281,98,Asphalt,0,0,,,,,
SSUY,6,24,4331,59,Asphalt,0,0,,,,,
SSVA,16,34,1673,59,Asphalt,0,0,,,,,
SSVB,18,36,1575,66,Grass,0,0,,,,,
SSVE,3,21,2953,98,Grass,0,0,,,,,
SSVG,01,19,3117,82,Gravel,0,0,,,,,
SSVH,18,36,3937,98,Grass,0,0,,,,,
SSVI,10,28,4594,76,Asphalt,0,0,,,,,
SSVK,3,21,3281,82,Grass,0,0,,,,,
SSVL,1,19,2953,131,Grass,0,0,,,,,
SSVN,12,30,3281,59,Clay,0,0,,,,,
SSVO,15,33,3281,75,Asphalt,0,0,,,,,
SSVS,02,20,59,59,Concrete,0,0,,,,,
SSVU,9,27,4196,59,PIÇ,0,0,,,,,
SSVV,01,19,2625,66,Gravel,0,0,,,,,
SSVW,10,28,2822,66,Gravel,0,0,,,,,
SSVY,14,32,2625,75,Grass,0,0,,,,,
SSVZ,11,20,72,72,Concrete,0,0,,,,,
SSWG,3,,59,59,MTAL,0,0,,,,,
SSWH,3,21,2625,98,Grass,0,0,,,,,
SSWI,20,29,79,79,Concrete,0,0,,,,,
SSWJ,7,H1,66,66,Grass,0,0,,,,,
SSWM,10,28,3740,82,Grass,0,0,,,,,
SSWP,16,34,4921,131,Asphalt,0,0,,,,,
SSWR,01,19,3281,66,Gravel,0,0,,,,,
SSWS,09,27,3281,59,Earth,0,0,,,,,
SSWS,17,35,2690,328,Gravel,0,1,,,,,
SSWU,9,,69,69,Concrete,0,0,,,,,
SSWV,13,31,2789,79,Grass,0,0,,,,,
SSWW,3,21,1673,98,Grass,0,0,,,,,
SSWY,02,28,79,79,Concrete,1,0,,,,,
SSWZ,2,20,2723,66,Gravel,0,0,,,,,
SSXA,11,29,2297,82,Grass,0,0,,,,,
SSXB,14,32,2789,66,Grass,0,1,,,,,
SSXB,15,33,3934,75,Grass,0,0,,,,,
SSXD,14,32,3937,197,Gravel,0,0,,,,,
SSXF,18,36,59,59,Concrete,0,0,,,,,
SSXH,12,30,5709,98,Asphalt,0,0,,,,,
SSXI,3,21,4265,131,Gravel,0,0,,,,,
SSXJ,8,26,98,98,Concrete,0,0,,,,,
SSXL,3,21,2953,82,Grass,0,0,,,,,
SSXM,9,27,2953,131,Gravel,0,0,,,,,
SSXN,7,25,3609,164,Asphalt,0,0,,,,,
SSXO,12,30,3281,59,Asphalt,0,0,,,,,
SSXQ,06,24,2953,66,Gravel,0,0,,,,,
SSXS,19,,62,62,Concrete,0,0,,,,,
SSXT,7,28,62,62,Concrete,0,0,,,,,
SSXV,2,20,3281,66,Gravel,0,0,,,,,
SSXW,12,30,2953,82,Asphalt,0,0,,,,,
SSXX,18,36,3773,59,Asphalt,0,0,,,,,
SSXZ,2,20,2953,66,Gravel,0,0,,,,,
SSYA,07,25,3445,59,Gravel,0,0,,,,,
SSYC,12,30,2625,59,Gravel,0,0,,,,,
SSYD,11,29,5906,69,Gravel,0,0,,,,,
SSYE,18,36,1969,59,Grass,0,0,,,,,
SSYF,4,22,3937,79,Gravel,0,0,,,,,
SSYG,9,20,69,69,Concrete,0,0,,,,,
SSYJ,8,,69,69,Concrete,0,0,,,,,
SSYL,18,36,3937,82,Grass,0,0,,,,,
SSYO,17,35,2297,59,Gravel,0,0,,,,,
SSYQ,5,23,2133,59,Grass,0,0,,,,,
SSYR,9,27,3445,148,Gravel,0,0,,,,,
SSYS,18,36,2625,82,Gravel,0,0,,,,,
SSYT,18,36,3002,98,Gravel,0,0,,,,,
SSYU,16,34,2297,59,Gravel,0,0,,,,,
SSYV,18,36,3281,82,Gravel,0,0,,,,,
SSYW,09,27,3281,98,Gravel,0,0,,,,,
SSYY,10,28,3281,66,Gravel,0,0,,,,,
SSYZ,7,25,4757,98,Grass,0,0,,,,,
SSZA,8,26,1969,66,Grass,0,0,,,,,
SSZC,18,36,3937,131,Grass,0,0,,,,,
SSZF,8,26,2165,59,Grass,0,0,,,,,
SSZG,4,22,3281,66,Gravel,0,0,,,,,
SSZH,4,22,4265,131,Grass,0,0,,,,,
SSZI,5,32,62,62,Asphalt,0,0,,,,,
SSZL,6,24,3281,82,Grass,0,0,,,,,
SSZM,7,25,2297,98,Grass,0,0,,,,,
SSZN,7,25,1312,59,Gravel,0,0,,,,,
SSZO,10,28,3281,98,Gravel,0,0,,,,,
SSZP,18,36,2953,82,Gravel,0,0,,,,,
SSZQ,17,35,4266,66,Asphalt,0,0,,,,,
SSZR,7,25,3937,98,Asphalt,0,0,,,,,
SSZT,4,22,3937,98,Gravel,0,0,,,,,
SSZU,10,28,3281,131,Gravel,0,0,,,,,
SSZW,5,23,3117,59,Gravel,0,0,,,,,
SUAA,01,19,4101,75,Concrete,1,0,-34.7946,-56.2645,-34.7834,-56.2653,7
SUAG,11,29,4183,,,0,0,,,,,
SUAN,01,19,4100,131,Grass,0,0,,,,,
SUCA,13,31,4495,,Concrete,0,0,,,,,
SUCD,05,23,2559,115,Grass,0,0,,,,,
SUCD,09,27,1772,98,Grass,0,0,,,,,
SUCH,10,28,2789,82,Grass,0,0,,,,,
SUCL,01,19,5577,148,Grass,0,0,,,,,
SUCM,17,35,3478,92,Gravel,0,0,-33.9615,-58.3271,-33.9706,-58.3237,
SUCN,03,21,2297,98,Grass,0,0,,,,,
SUCN,09,27,3281,98,Grass,0,0,,,,,
SUCN,15,33,1476,98,Grass,0,0,,,,,
SUDU,03,21,7477,148,Asphalt,1,0,-33.3694,-56.5046,-33.3505,-56.4949,23
SUDU,10,28,4764,98,Asphalt,1,0,-33.3596,-56.5108,-33.3588,-56.4953,90
SULS,01,19,5249,125,Asphalt,1,0,-34.8646,-55.0938,-34.8502,-55.0945,358
SULS,08,26,6998,148,Asphalt,1,0,-34.8598,-55.1123,-34.8540,-55.0901,73
SUME,08,26,3675,,,0,0,,,,,
SUMO,07,25,4573,98,,0,0,-32.3414,-54.2236,-32.3350,-54.2109,
SUMU,01,19,7382,148,Permeable,1,0,-34.8419,-56.0307,-34.8217,-56.0310,359
SUMU,07,25,10499,148,Permeable,1,0,-34.8440,-56.0400,-34.8268,-56.0119,53
SUMU,10,28,5577,148,Concrete,0,1,-34.8374,-56.0357,-34.8376,-56.0171,91
SUPE,02,20,1870,65,Concrete,0,0,-34.9120,-54.9204,-34.9069,-54.9199,17
SUPU,02,20,4331,98,Asphalt,1,0,-32.3701,-58.0634,-32.3583,-58.0612,
SUPU,10,28,2953,,,0,1,,,,,
SURB,14,32,2815,,,0,0,,,,,
SURV,05,23,6004,,,0,0,,,,,
SUSJ,08,26,3937,98,Grass,0,0,,,,,
SUSJ,12,30,2789,98,Grass,0,0,,,,,
SUSJ,17,35,2034,115,Grass,0,0,,,,,
SUSO,05,23,5210,148,Asphalt,1,0,-31.4441,-57.9905,-31.4329,-57.9801,39
SUSO,13,31,2461,164,Grass,0,0,-31.4308,-57.9891,-31.4338,-57.9821,116
SUTB,10,28,3806,,,0,0,,,,,
SUTG,9,27,3609,,Grass,0,0,,,,,
SUTR,01,19,3510,125,Grass,0,0,,,,,
SUTR,10,28,1970,80,Grass,0,0,,,,,
SUVE,14,32,2067,79,Grass,0,1,,,,,
SUVE,3,21,2165,79,Grass,0,0,,,,,
SUYI,18,36,1969,148,Grass,0,0,,,,,
SVAC,05,23,2461,75,Asphalt,0,0,9.5460,-69.2413,9.5510,-69.2367,42
SVAC,11,29,5990,131,Asphalt,1,0,9.5556,-69.2456,9.5513,-69.2295,105
SVAE,09,27,4120,50,Asphalt,0,0,10.3289,-72.4864,10.3283,-72.4750,93
SVAJ,11,29,4420,45,Asphalt,0,0,8.8197,-65.8927,8.8177,-65.8807,100
SVAN,09,27,4134,131,Asphalt,0,0,9.4303,-64.4764,9.4302,-64.4654,90
SVAS,05,23,4592,72,Asphalt,0,0,6.5730,-66.8215,6.5815,-66.8123,47
SVAX,01,19,3345,70,Asphalt,0,0,9.9957,-72.5831,10.0049,-72.5830,1
SVBC,02,20,9186,131,Asphalt,1,0,10.0974,-64.6914,10.1195,-64.6864,13
SVBC,15,33,9842,131,Asphalt,1,0,10.1218,-64.7005,10.1003,-64.6839,143
SVBI,03,21,3940,130,Asphalt,0,0,8.6122,-70.2260,8.6212,-70.2201,33
SVBI,13,31,6560,135,Asphalt,1,0,8.6202,-70.2218,8.6103,-70.2066,123
SVBK,04,22,4199,59,Asphalt,0,0,9.2613,-70.2339,9.2708,-70.2268,36
SVBL,09,27,10400,157,Concrete,1,0,10.1813,-67.5715,10.1854,-67.5431,82
SVBM,09,27,9350,147,Asphalt,1,0,10.0403,-69.3718,10.0444,-69.3459,81
SVBS,06,24,4453,131,Asphalt,0,0,10.2453,-67.6551,10.2531,-67.6454,51
SVBS,11,29,6846,131,Asphalt,1,0,10.2530,-67.6615,10.2483,-67.6431,104
SVCB,07,25,5527,148,Asphalt,1,0,8.1176,-63.5438,8.1262,-63.5311,56
SVCB,12,30,4605,135,Asphalt,0,1,8.1240,-63.5411,8.1186,-63.5298,116
SVCD,11,29,4920,100,Asphalt,0,0,7.6274,-66.1716,7.6247,-66.1582,102
SVCE,12,30,3350,50,Asphalt,0,0,9.3517,-65.2851,9.3489,-65.2762,108
SVCG,10,28,3450,70,Asphalt,0,0,8.7566,-72.5414,8.7562,-72.5318,93
SVCJ,15,33,6575,98,Asphalt,0,0,9.6548,-68.5803,9.6406,-68.5690,142
SVCL,09,27,4790,115,Asphalt,0,0,8.9239,-67.4237,8.9254,-67.4105,84
SVCN,01,19,7070,98,Asphalt,0,0,6.2223,-62.8534,6.2417,-62.8555,354
SVCP,17,35,6611,148,Asphalt,0,0,10.6689,-63.2637,10.6511,-63.2597,168
SVCR,09,27,6761,148,Asphalt,1,0,11.4131,-69.6909,11.4167,-69.6724,79
SVCS,10,28,6562,98,Asphalt,1,0,10.2872,-66.8253,10.2859,-66.8071,94
SVCU,08,26,10171,148,Asphalt,1,0,10.4438,-64.1430,10.4568,-64.1179,62
SVCZ,08,26,9842,195,Asphalt,1,0,9.3693,-66.9363,9.3750,-66.9096,78
SVDP,15,33,4331,40,ground,0,0,,,,,
SVDS,06,25,2820,197,Grass,0,0,,,,,
SVDW,07,25,5212,131,Asphalt,0,0,7.4907,-63.2771,7.4948,-63.2633,74
SVDZ,04L,22R,5266,,Grass,0,0,,,,,
SVDZ,04R,22L,7546,,Dirt,0,0,,,,,
SVEB,09,27,3281,42,Asphalt,0,0,8.6762,-72.3393,8.6760,-72.3302,91
SVED,08,26,4000,125,Asphalt,0,0,6.7152,-61.6447,6.7157,-61.6337,88
SVEN,05,23,4118,53,Asphalt,0,0,9.0339,-72.2522,9.0416,-72.2437,48
SVEP,08,26,4137,49,Asphalt,0,0,10.1953,-67.4494,10.1999,-67.4390,66
SVET,10,28,3937,98,Asphalt,0,0,7.3505,-62.5379,7.3504,-62.5270,90
SVEZ,07,25,3937,98,Asphalt,0,0,7.0585,-69.5019,7.0610,-69.4914,77
SVFM,11,29,6475,140,Asphalt,1,0,10.4869,-66.8523,10.4831,-66.8347,102
SVFU,08,26,3278,50,Asphalt,0,0,7.5507,-71.4755,7.5532,-71.4668,74
SVGC,03,21,3937,49,Asphalt,0,0,9.7723,-72.4894,9.7818,-72.4842,28
SVGC,XX,XX,,,,0,1,,,,,
SVGD,05,23,6792,98,Asphalt,0,0,7.2058,-70.7643,7.2163,-70.7486,56
SVGI,05,23,6585,131,Asphalt,0,0,10.5664,-62.3176,10.5816,-62.3077,33
SVGU,05,23,5905,131,Asphalt,1,0,9.0212,-69.7609,9.0327,-69.7494,45
SVHD,12,30,3084,49,Asphalt,0,0,9.8986,-72.5542,9.8947,-72.5467,118
SVHG,08,26,3937,98,Asphalt,0,0,10.4606,-66.0979,10.4643,-66.0876,70
SVHH,12,30,4265,66,Asphalt,0,0,10.8100,-69.6438,10.8051,-69.6330,115
SVIC,11,29,3937,65,ground,0,0,,,,,
SVIE,09,27,3937,98,Asphalt,0,0,10.7942,-63.9870,10.7947,-63.9762,87
SVJC,09,27,9186,148,Asphalt,1,0,11.7797,-70.1643,11.7819,-70.1387,85
SVJM,06,24,4990,75,Asphalt,0,0,9.9024,-67.3849,9.9115,-67.3744,49
SVLF,01,19,6643,190,Asphalt,1,0,8.2300,-72.2711,8.2483,-72.2710,360
SVLF,18,36,,,,0,0,,,,,
SVLM,07,25,4095,35,Asphalt,0,0,9.4935,-62.9059,9.4999,-62.8967,55
SVLM,XX,XX,,,,0,1,,,,,
SVLO,08,26,9843,148,Asphalt,1,0,11.8046,-66.1920,11.8131,-66.1662,72
SVMC,03L,21R,9843,148,Permeable,1,0,10.5459,-71.7341,10.5709,-71.7235,31
SVMC,03R,21L,8202,98,Permeable,1,0,10.5476,-71.7313,10.5684,-71.7225,31
SVMD,06,24,5348,148,Asphalt,0,0,8.5783,-71.1675,8.5857,-71.1553,59
SVMG,09,27,10433,150,Asphalt,1,0,10.9093,-63.9809,10.9152,-63.9523,78
SVMG,09L,27R,9629,100,Asphalt,1,0,10.9109,-63.9820,10.9164,-63.9548,78
SVMI,09,27,9930,148,Asphalt,1,0,10.5987,-66.9977,10.6052,-66.9711,76
SVMI,10,28,11483,148,Asphalt,1,0,10.6038,-67.0128,10.6048,-66.9808,88
SVMP,08,26,4659,98,Asphalt,0,0,10.1318,-66.7942,10.1346,-66.7815,77
SVMT,06,24,6890,148,Asphalt,1,0,9.7428,-63.1605,9.7553,-63.1463,49
SVMZ,08,26,3905,59,Asphalt,0,0,7.5550,-69.1459,7.5605,-69.1370,59
SVMZ,XX,XX,,,,0,1,,,,,
SVNX,08,26,4921,98,Asphalt,0,0,8.8262,-63.1015,8.8301,-63.0885,73
SVOE,08,26,3675,72,Asphalt,0,0,8.7429,-69.9188,8.7453,-69.9089,76
SVOF,10,28,3609,59,Asphalt,0,0,9.7023,-63.6304,9.7022,-63.6203,91
SVOK,08,26,3490,60,Asphalt,0,0,9.0611,-63.4495,9.0619,-63.4399,85
SVON,06,24,6160,95,Asphalt,0,0,10.3254,-71.3296,10.3348,-71.3154,56
SVPA,04,22,8272,140,Asphalt,1,0,5.6102,-67.6119,5.6298,-67.6003,30
SVPB,08,26,3051,70,Asphalt,0,0,10.7827,-68.3478,10.7852,-68.3395,73
SVPC,10,28,6970,145,Asphalt,1,0,10.4815,-68.0826,10.4795,-68.0634,96
SVPE,09,27,4180,80,Asphalt,0,0,9.9769,-62.2368,9.9805,-62.2257,72
SVPF,10,28,3435,60,Asphalt,0,0,8.8192,-64.7444,8.8191,-64.7349,91
SVPH,09,27,3001,65,Grass,0,0,,,,,134
SVPH,10,28,3051,,Grass,0,0,,,,,
SVPI,06,24,3871,59,ground,0,0,,,,,
SVPM,02,20,3576,131,Asphalt,0,0,7.7966,-72.2039,7.8062,-72.2017,13
SVPM,H,,,,Asphalt,0,0,,,,,
SVPP,09,27,6080,98,Asphalt,0,0,5.7888,-61.4488,5.7932,-61.4327,75
SVPR,07,25,6726,148,Asphalt,1,0,8.2845,-62.7687,8.2926,-62.7520,64
SVPT,05,23,3775,66,Asphalt,0,0,7.5725,-70.1784,7.5789,-70.1702,52
SVQL,10,28,5905,82,Asphalt,0,0,7.7597,-63.0903,7.7558,-63.0744,104
SVQU,09,27,3720,39,Asphalt,0,0,8.7496,-69.7273,8.7487,-69.7171,95
SVRA,10,28,3281,49,Asphalt,0,0,10.5738,-62.9897,10.5744,-62.9806,86
SVRB,08,26,3910,70,Asphalt,0,0,11.5111,-69.3201,11.5138,-69.3095,76
SVRS,07,25,2756,,Asphalt,0,0,,,,,
SVRX,13,31,3835,55,Asphalt,0,0,9.8463,-72.5517,9.8406,-72.5428,123
SVSA,17,35,6135,131,Asphalt,1,0,7.8490,-72.4419,7.8327,-72.4376,166
SVSB,12,30,5560,131,Asphalt,0,0,7.8063,-71.1730,7.8007,-71.1587,111
SVSB,XX,XX,,,,0,1,,,,,
SVSE,11,29,5445,98,Asphalt,0,0,4.5563,-61.1522,4.5532,-61.1376,102
SVSN,09,27,4810,72,Asphalt,0,0,8.8740,-66.8464,8.8765,-66.8333,79
SVSO,11,29,9990,148,Asphalt,1,0,7.5699,-72.0481,7.5603,-72.0222,110
SVSP,05,23,4921,131,Asphalt,0,0,10.2733,-68.7592,10.2842,-68.7512,36
SVSR,11,29,6420,160,Asphalt,0,0,7.8860,-67.4525,7.8807,-67.4356,108
SVST,08,26,6299,148,Asphalt,1,0,8.9419,-64.1592,8.9484,-64.1429,68
SVST,18,36,1785,90,Asphalt,0,1,8.9544,-64.1481,8.9496,-64.1473,171
SVSZ,18,36,8835,130,Asphalt,1,0,8.9866,-71.9432,8.9623,-71.9429,179
SVTC,07,25,5512,131,Asphalt,0,0,9.0858,-62.1011,9.0922,-62.0872,65
SVTK,07,25,4836,64,Asphalt,0,0,7.1054,-69.7951,7.1113,-69.7831,64
SVTM,08,26,9765,125,Asphalt,0,0,7.2443,-61.5414,7.2544,-61.5164,68
SVTP,11,29,,,Surface paved,0,0,10.1418,-65.4416,10.1402,-65.4332,115
SVTY,9,27,2296,,,1,0,,,,,
SVUP,12,30,3645,98,Asphalt,0,0,7.9814,-62.3333,7.9768,-62.3243,117
SVVA,10,28,9842,164,Asphalt,1,0,10.1504,-67.9420,10.1491,-67.9148,93
SVVG,09,27,10645,145,Asphalt,1,0,8.6220,-71.6874,8.6262,-71.6582,82
SVVL,03,21,6791,148,Asphalt,1,0,9.3319,-70.5870,9.3497,-70.5812,27
SVVP,08,26,4921,164,Asphalt,0,0,9.2199,-66.0002,9.2241,-65.9870,73
SVVQ,13,31,3800,44,Asphalt,0,0,10.2454,-70.5061,10.2398,-70.4972,122
SVWB,09,27,3915,50,Asphalt,0,0,10.4794,-68.4783,10.4795,-68.4674,89
SVWQ,16,34,3585,40,Asphalt,0,0,8.6029,-69.7618,8.5937,-69.7581,158
SWAA,12,30,2119,59,Asphalt,0,0,,,,,
SWAB,H1,,,,,0,0,,,,,
SWAD,03,21,2953,59,Gravel,0,0,,,,,
SWAE,2,20,2625,98,Grass,0,0,,,,,
SWAJ,03,21,4921,66,Clay/Gravel,0,0,,,,,
SWAK,06,24,3117,98,Clay,0,0,,,,,
SWAO,14,32,3281,75,Asphalt,0,0,,,,,
SWAQ,14,32,2625,98,Gravel,0,0,,,,,
SWAR,1,19,3937,98,Asphalt,0,0,,,,,
SWAU,8,26,3281,59,TER,0,0,,,,,
SWAZ,17,35,2953,98,Gravel,0,0,,,,,
SWBC,9,27,3937,98,Asphalt,0,0,,,,,
SWBF,11,29,3655,66,Asphalt,0,0,,,,,
SWBG,1,19,4921,98,Asphalt,0,0,,,,,
SWBI,7,25,3937,75,Asphalt,0,0,,,,,
SWBJ,9,27,3084,59,Gravel,0,0,,,,,
SWBK,10,28,4921,66,Gravel,0,0,,,,,
SWBR,12,30,3937,75,Asphalt,0,0,,,,,
SWBU,13,31,2953,59,Gravel,0,0,,,,,
SWBV,13,31,3740,75,Asphalt,0,0,,,,,
SWBX,11,29,3281,98,Grass,0,0,,,,,
SWBY,8,26,3281,98,Gravel,0,0,,,,,
SWBZ,15,33,2592,59,Gravel,0,0,,,,,
SWCA,4,22,5463,59,Asphalt,0,0,,,,,
SWCB,11,29,3937,66,Gravel,0,1,,,,,
SWCB,18,36,3937,66,Asphalt,0,0,,,,,
SWCC,18,36,3215,66,Grass,0,0,,,,,
SWCE,4,22,4921,66,Asphalt,0,0,,,,,
SWCF,17,35,4921,79,Asphalt,1,0,,,,,
SWCJ,18,36,2953,98,Asphalt,0,0,,,,,
SWCM,07,25,5249,75,Asphalt,0,0,,,,,
SWCO,02,20,3281,75,Eerth,0,0,,,,,
SWCQ,02,20,4905,66,Asphalt,0,0,,,,,
SWCT,13,31,3281,59,Grass,0,0,,,,,
SWCU,8,26,3576,92,Gravel,0,0,,,,,
SWCZ,15,33,3537,75,Asphalt,0,0,,,,,
SWDC,4,22,3281,66,Gravel,0,0,,,,,
SWDE,12,30,4593,66,Asphalt,0,0,,,,,
SWDF,16,36,1805,59,Earth,0,0,,,,,
SWDG,11,29,3609,66,TER,0,0,,,,,
SWDJ,18,36,2953,131,Grass,0,0,,,,,
SWDM,17,35,5348,59,Asphalt,0,0,,,,,
SWDN,10,28,4167,98,Gravel,0,0,,,,,
SWDP,13,25,69,69,Concrete,1,0,,,,,
SWDQ,12,30,2297,75,Asphalt,0,0,,,,,
SWDV,8,26,3773,131,Grass,0,0,,,,,
SWDY,12,30,2608,59,Gravel,0,0,,,,,
SWEC,3,21,3806,59,Asphalt,0,0,,,,,
SWED,10,28,3937,98,Gravel,0,0,,,,,
SWEF,10,28,2625,59,Asphalt,0,0,,,,,
SWEI,16,34,7546,148,Asphalt,0,0,,,,,
SWEK,18,36,2247,59,Gravel,0,0,,,,,
SWEM,8,26,2953,66,Asphalt,0,0,,,,,
SWEN,13,31,2953,59,Earth,0,0,,,,,
SWEO,13,31,2297,59,Gravel,0,0,,,,,
SWET,18,36,3281,59,Asphalt,0,0,,,,,
SWEU,3,21,2297,59,Gravel,0,0,,,,,
SWEW,17,35,4921,98,Grass,0,0,,,,,
SWFA,3,21,3937,98,Grass,0,0,,,,,
SWFG,18,36,2953,98,Gravel,0,0,,,,,
SWFL,03,21,3904,79,Gravel,0,0,,,,,
SWFN,11,29,2621,98,Asphalt,0,0,,,,,
SWFP,9,27,3281,66,Gravel,0,0,,,,,
SWFQ,3,21,5906,98,Asphalt,0,0,,,,,
SWFR,5,23,4593,98,Asphalt,0,0,,,,,
SWFT,11,29,3773,92,Asphalt,0,0,,,,,
SWFU,1,19,3271,98,Asphalt,0,0,,,,,
SWFV,15,33,1969,59,Asphalt,0,0,,,,,
SWFX,12,30,4757,98,Asphalt,0,0,,,,,
SWFZ,6,24,4790,82,Asphalt,0,0,,,,,
SWGC,18,36,3281,98,Gravel,0,0,,,,,
SWGD,01,19,2625,62,Gravel,0,0,,,,,
SWGH,3,21,3281,59,Asphalt,0,0,,,,,
SWGI,12,30,5577,98,Asphalt,0,0,,,,,
SWGK,12,30,2953,131,Asphalt,0,0,,,,,
SWGN,9,27,5919,148,Asphalt,0,0,,,,,
SWGO,08,26,4272,75,Asphalt,0,0,,,,,
SWGO,7,25,3937,105,Gravel,0,1,,,,,
SWGP,3,21,3740,66,Asphalt,0,0,,,,,
SWGQ,3,21,3281,75,Grass,0,0,,,,,
SWGT,1,19,3937,62,TER,0,0,,,,,
SWGU,6,24,3609,98,Grass,0,0,,,,,
SWGV,8,26,4921,98,Gravel,0,0,,,,,
SWGW,14,32,3773,98,Asphalt,0,0,,,,,
SWGX,12,,59,59,Concrete,0,0,,,,,
SWGZ,2,20,4921,98,Asphalt,0,0,,,,,
SWHI,12,H1,62,62,MTAL,0,0,,,,,
SWHL,1,19,3281,66,Asphalt,0,0,,,,,
SWHM,16,34,3937,59,Asphalt,1,0,,,,,
SWHP,03,21,5208,60,Asphalt,1,0,-14.0267,-52.1537,-14.0130,-52.1502,14
SWHQ,9,27,3281,131,Grass,0,0,,,,,
SWHR,04,22,2625,82,Grass,0,0,,,,,
SWHS,9,27,2625,66,Asphalt,0,0,,,,,
SWHT,14,32,4987,98,Asphalt,0,0,,,,,
SWHU,12,30,3934,59,Asphalt,0,0,,,,,
SWHZ,18,36,2625,66,Grass,0,0,,,,,
SWIB,7,25,3609,59,Asphalt,0,0,,,,,
SWIC,02,20,3281,66,Earth,0,0,,,,,
SWIE,14,32,3773,82,Asphalt,0,0,,,,,
SWIF,28,,59,59,Concrete,1,0,,,,,
SWIH,01,19,3937,62,Asphalt,0,0,,,,,
SWII,01,19,4921,97,Concrete,0,0,,,,,
SWIK,5,23,3281,98,Asphalt,0,0,,,,,
SWIL,3,21,2625,115,Grass,0,0,,,,,
SWIM,15,33,3609,66,Asphalt,0,0,,,,,
SWIN,1,19,6562,98,Asphalt,0,0,,,,,
SWIP,02,20,4921,98,Asphalt,0,0,,,,,
SWIR,16,28,69,69,Concrete,0,0,,,,,
SWIS,13,31,4593,82,Asphalt,0,0,,,,,
SWIT,01,19,3151,56,Asphalt,1,0,-25.4893,-54.4410,-25.4806,-54.4416,356
SWIU,15,33,2625,75,Gravel,0,0,,,,,
SWIV,10,28,2297,59,Asphalt,0,0,,,,,
SWIX,01,19,4265,66,Gravel,0,0,,,,,
SWIY,12,30,5052,98,Asphalt,0,0,,,,,
SWIZ,17,35,3937,66,Asphalt,1,0,,,,,
SWJB,14,32,3904,79,Asphalt,0,0,,,,,
SWJC,6,24,3570,72,Asphalt,0,0,,,,,
SWJD,2,20,3609,131,Gravel,0,0,,,,,
SWJE,8,26,3609,115,Gravel,0,0,,,,,
SWJF,15,33,3281,75,Grass,0,0,,,,,
SWJG,3,21,3937,98,Gravel,0,0,,,,,
SWJL,14,32,2625,66,Gravel,0,0,,,,,
SWJM,6,24,2953,131,Gravel,0,0,,,,,
SWJN,17,35,5249,98,Asphalt,0,0,,,,,
SWJP,13,31,3937,98,Asphalt,0,0,,,,,
SWJQ,7,25,2953,131,Gravel,0,0,,,,,
SWJT,9,27,4593,131,Gravel,0,0,,,,,
SWJU,15,33,4265,59,Asphalt,0,0,,,,,
SWJV,5,23,3937,98,Asphalt,0,0,,,,,
SWJW,13,31,4921,75,Asphalt,0,0,,,,,
SWJX,2,20,1640,59,Grass,0,0,,,,,
SWJY,2,20,3510,66,Gravel,0,0,,,,,
SWJZ,2,20,2625,59,Grass,0,0,,,,,
SWKA,5,23,2953,66,Gravel,0,0,,,,,
SWKB,13,31,2297,59,Grass,0,0,,,,,
SWKC,17,35,6070,98,Asphalt,0,0,,,,,
SWKE,15,33,3281,59,Asphalt,0,0,,,,,
SWKG,17,35,4593,66,Gravel,0,0,,,,,
SWKJ,6,24,3609,72,Gravel,0,0,,,,,
SWKK,30,,64,64,Concrete,1,0,,,,,
SWKL,11,29,2625,66,Grass,0,0,,,,,
SWKM,15,33,1969,75,Asphalt,0,0,,,,,
SWKO,10,28,5249,118,Asphalt,0,0,,,,,
SWKP,16,34,3281,82,Asphalt,0,0,,,,,
SWKQ,16,34,5413,148,Asphalt,0,0,-9.0781,-42.6499,-9.0887,-42.6393,
SWKR,8,26,2625,82,Gravel,0,0,,,,,
SWKT,17,35,4593,98,Asphalt,0,0,,,,,
SWKU,17,35,3937,98,Asphalt,0,0,,,,,
SWKV,6,24,3609,98,Asphalt,0,0,,,,,
SWKX,16,34,3609,98,Grass,0,0,,,,,
SWKY,4,22,2592,66,Asphalt,0,0,,,,,
SWKZ,1,19,3281,82,Asphalt,0,0,,,,,
SWLA,9,27,3281,98,Asphalt,0,0,,,,,
SWLB,18,36,3937,98,Asphalt,0,0,,,,,
SWLC,3,21,4921,98,Asphalt,0,0,,,,,
SWLD,6,24,3281,66,Asphalt,0,0,,,,,
SWLF,18,36,2592,59,Asphalt,0,0,,,,,
SWLN,5,23,2625,66,Gravel,0,0,,,,,
SWLO,4,22,59,59,Concrete,0,0,,,,,
SWLP,7,25,3281,105,Gravel,0,0,,,,,
SWLR,18,36,5906,98,Grass,0,0,,,,,
SWLS,13,31,3281,49,Grass,0,0,,,,,
SWLT,8,26,3281,98,Asphalt,0,0,,,,,
SWLV,18,31,3937,59,Asphalt,0,0,,,,,
SWLW,10,,62,62,Concrete,0,0,,,,,
SWMA,5,23,2625,66,Gravel,0,0,,,,,
SWMB,17,35,2625,62,Asphalt,0,0,,,,,
SWMC,5,23,2625,98,Gravel,0,0,,,,,
SWMD,6,33,59,59,Concrete,0,0,,,,,
SWME,18,36,3281,59,ASP/GRE,0,0,,,,,
SWMG,5,23,3937,59,Asphalt,0,0,,,,,
SWMH,16,34,2625,66,Asphalt,0,0,,,,,
SWMJ,1,19,2133,105,Grass,0,0,,,,,
SWMK,7,25,3937,98,Asphalt,0,0,0.6262,-66.1199,0.6301,-66.1105,
SWMN,11,29,3937,66,Gravel,0,0,,,,,
SWMO,1,19,3281,98,Gravel,0,0,,,,,
SWMQ,09,27,3937,59,Grass,0,0,,,,,
SWMT,3,21,2789,98,Gravel,0,0,,,,,
SWMU,12,30,3281,49,Asphalt,0,0,,,,,
SWMV,14,32,2789,82,Gravel,0,0,,,,,
SWMW,1,19,3937,82,Asphalt,0,0,,,,,
SWMX,5,23,3560,66,Asphalt,0,0,,,,,
SWMY,11,29,3937,98,Grass,0,0,,,,,
SWMZ,14,32,2789,66,Asphalt,0,0,,,,,
SWNA,7,25,3937,89,Asphalt,0,0,,,,,
SWNE,07,25,2953,59,Asphalt,0,0,,,,,
SWNG,3,21,2625,59,Asphalt,0,0,,,,,
SWNH,06,24,4951,98,Asphalt,1,0,,,,,
SWNI,12,30,3117,164,Gravel,0,0,,,,,
SWNJ,09,27,4265,59,Gravel,0,0,,,,,
SWNJ,18,36,2625,59,Gravel,0,1,,,,,
SWNK,18,36,5249,98,Asphalt,0,0,,,,,
SWNQ,02,20,4852,59,Asphalt,0,0,,,,,
SWNS,7,25,6043,148,Asphalt,0,0,,,,,
SWNU,08,26,2953,59,Earth,0,0,,,,,
SWNV,14,32,3609,66,Asphalt,0,0,-16.6238,-49.3494,-16.6256,-49.3494,
SWNX,02,20,3281,59,Gravel,0,0,,,,,
SWNX,3,21,3281,66,Gravel,0,1,-14.8681,-53.5011,-14.8681,-53.5011,
SWNY,12,28,69,69,Concrete,0,0,,,,,
SWOA,18,36,2822,59,Gravel,0,0,,,,,
SWOB,18,36,4167,89,Asphalt,0,0,,,,,
SWOC,15,33,2133,125,Asphalt,0,0,,,,,
SWOE,8,26,3281,66,Gravel,0,0,,,,,
SWOG,10,28,2621,59,Asphalt,0,0,,,,,
SWOK,7,25,2297,98,Grass,0,0,,,,,
SWOL,9,27,2953,98,Gravel,0,0,,,,,
SWON,16,34,3281,75,Asphalt,0,0,,,,,
SWOP,16,34,3937,82,Asphalt,0,0,,,,,
SWOR,3,21,2953,105,Gravel,0,0,,,,,
SWOT,02,20,4922,75,Gravel,0,0,,,,,
SWOU,12,,65,65,Concrete,1,0,,,,,
SWOW,12,30,3675,98,Asphalt,0,0,,,,,
SWOZ,01,19,3937,98,Asphalt,1,0,,,,,
SWPB,17,35,4921,98,Gravel,0,0,,,,,
SWPC,13,31,3937,98,Piçarra,0,0,,,,,
SWPD,6,24,2461,59,Asphalt,0,0,,,,,
SWPE,18,36,3281,66,Gravel,0,0,,,,,
SWPF,02,20,4265,59,Gravel,0,0,,,,,
SWPH,10,28,2953,66,Asphalt,0,0,,,,,
SWPI,6,24,5906,98,Asphalt,0,0,,,,,
SWPK,18,36,4265,131,Asphalt,0,0,,,,,
SWPL,7,25,3281,66,Grass,0,0,,,,,
SWPM,4,22,4265,66,Asphalt,0,0,,,,,
SWPP,05,23,3740,157,Earth,0,0,,,,,
SWPQ,13,31,3330,62,Earth,0,0,,,,,
SWPR,10,28,4757,131,Asphalt,0,0,,,,,
SWPU,06,,65,65,Concrete,1,0,,,,,
SWPX,11,29,3117,59,Gravel,0,0,,,,,
SWPY,1,19,3609,75,Asphalt,0,0,,,,,
SWPZ,10,28,4921,82,Asphalt,1,0,,,,,
SWQA,6,,59,59,Concrete,0,0,,,,,
SWQB,24,,75,75,Concrete,0,0,,,,,
SWQE,18,36,3182,98,Asphalt,0,0,,,,,
SWQF,H1,,59,59,Concrete,0,0,,,,,
SWQG,11,29,2953,115,Grass,0,0,,,,,
SWQH,10,28,4265,82,Asphalt,0,0,,,,,
SWQI,4,22,8202,262,Gravel,0,0,,,,,
SWQL,2,20,4068,75,Asphalt,0,0,,,,,
SWQP,16,34,3281,59,Gravel,0,0,,,,,
SWQS,12,30,3117,131,Grass,0,0,-20.9459,-53.4408,-20.9480,-53.4319,
SWQT,01,19,3117,66,Piçarra,0,0,,,,,
SWQU,01,19,3379,66,Gravel,0,0,,,,,
SWQW,18,36,2953,66,Gravel,0,0,,,,,
SWRA,2,20,4265,59,Asphalt,0,0,,,,,
SWRC,4,22,2789,66,Gravel,0,0,,,,,
SWRD,01,19,2625,59,Gravel,0,0,,,,,
SWRF,3,21,3117,59,Gravel,0,0,,,,,
SWRG,5,23,3281,66,Grass,0,0,,,,,
SWRI,9,27,4134,75,Asphalt,0,0,,,,,
SWRJ,18,36,3609,98,Gravel,0,0,,,,,
SWRL,2,20,3117,66,Grass,0,0,,,,,
SWRN,H1,H1,62,62,Concrete,0,0,,,,,
SWRO,01,19,4265,98,Earth,0,0,,,,,
SWRR,08,26,3609,59,Gravel,0,0,,,,,
SWRS,3,21,2789,59,Asphalt,0,0,,,,,
SWRT,17,35,3937,75,Grass,0,0,,,,,
SWRW,17,35,3937,79,Asphalt,0,0,,,,,
SWRY,18,36,3937,98,Asphalt,0,0,,,,,
SWRZ,18,36,4528,98,Asphalt,0,0,,,,,
SWSC,12,30,2953,98,Gravel,0,0,,,,,
SWSD,1,19,3855,98,Asphalt,0,0,,,,,
SWSF,18,36,3609,59,Asphalt,0,0,,,,,
SWSG,10,28,4921,75,Asphalt,0,0,,,,,
SWSI,14,32,2625,59,Earth,0,0,,,,,
SWSL,18,36,66,66,Concrete,0,0,,,,,
SWSN,01,19,4265,75,Grass,0,0,,,,,
SWSP,1,19,328,66,Asphalt,0,0,,,,,
SWSQ,10,28,3937,98,Asphalt,0,0,,,,,
SWSV,15,33,3281,98,Grass,0,0,,,,,
SWSW,H1,H1,62,62,Asphalt,0,0,,,,,
SWSZ,18,36,3609,59,Asphalt,0,0,,,,,
SWTA,2,20,2461,59,Asphalt,0,0,,,,,
SWTG,13,31,5020,75,Asphalt,0,0,,,,,
SWTH,11,29,2953,43,Gravel,0,0,,,,,
SWTI,15,33,4429,59,Asphalt,0,0,,,,,
SWTJ,2,20,3281,66,Asphalt,0,0,,,,,
SWTK,10,28,4265,82,Asphalt,0,0,,,,,
SWTL,10,28,3281,59,Asphalt,0,0,,,,,
SWTN,01,19,3281,59,Gravel,0,0,,,,,
SWTO,10,28,3937,98,Asphalt,0,0,,,,,
SWTP,9,27,3937,98,Sand,0,0,,,,,
SWTQ,6,24,3609,59,Asphalt,0,0,,,,,
SWTR,2,20,3281,98,Gravel,0,0,,,,,
SWTS,18,36,4921,98,Asphalt,0,0,,,,,
SWTT,H1,H1,66,66,Concrete,0,0,,,,,
SWTU,3,21,4921,75,Asphalt,0,0,,,,,
SWTV,18,36,2953,131,Gravel,0,0,,,,,
SWTY,06,24,4593,98,Asphalt,0,0,,,,,
SWUA,8,26,4921,98,Asphalt,0,0,,,,,
SWUE,14,32,3281,66,Gravel,0,0,,,,,
SWUF,22,,69,69,Grass,0,0,,,,,
SWUK,18,36,2953,98,Asphalt,0,0,,,,,
SWUL,16,34,3281,82,Gravel,0,0,,,,,
SWUQ,12,30,3543,98,Asphalt,0,0,,,,,
SWUR,2,20,3609,59,Asphalt,0,0,,,,,
SWUW,1,19,2297,59,Grass,0,0,,,,,
SWUZ,12,30,4265,66,Asphalt,0,0,,,,,
SWVB,28,,59,59,Concrete,1,0,,,,,
SWVC,07,25,4429,98,Gravel,0,0,,,,,
SWVF,6,24,4127,98,Gravel,0,0,,,,,
SWVG,07,,66,66,Concrete,1,0,,,,,
SWVH,06,24,2789,66,Earth,0,0,,,,,
SWVH,14,32,2789,262,Asphalt,0,1,,,,,
SWVJ,02,20,3938,75,Gravel,0,0,,,,,
SWVK,16,34,3609,59,Asphalt,0,0,,,,,
SWVN,18,36,3806,98,Gravel,0,0,,,,,
SWVR,2,20,2543,59,Asphalt,0,0,,,,,
SWVS,16,34,2953,66,Gravel,0,0,,,,,
SWVU,18,36,2789,66,Grass,0,0,,,,,
SWVV,12,30,3071,98,Gravel,0,0,,,,,
SWVW,06,24,2395,46,Asphalt,0,0,-20.5378,-45.6061,-20.5327,-45.6017,39
SWVX,17,35,2953,66,Gravel,0,0,-10.2372,-60.1427,-10.2457,-60.1391,158
SWVY,14,32,3510,66,Grass,0,0,,,,,
SWVZ,13,31,2625,66,Asphalt,0,0,,,,,
SWWA,14,32,4921,75,Asphalt,0,0,,,,,
SWWE,13,31,1640,48,Grass,0,0,,,,,
SWWF,18,36,3609,79,Gravel,0,0,,,,,
SWWG,03,21,3280,66,TER,0,0,,,,,
SWWH,03,21,3281,59,Grass,0,0,-21.9873,-53.9047,-21.9782,-53.9033,8
SWWI,09,27,3281,59,Gravel,0,0,,,,,
SWWM,10,28,3445,59,Asphalt,0,0,,,,,
SWWN,3,21,3773,66,Asphalt,0,0,,,,,
SWWT,16,34,2625,82,Gravel,0,0,,,,,
SWWU,18,36,4724,98,Asphalt,0,0,,,,,
SWWV,17,35,2297,59,Earth,0,0,,,,,
SWWW,09,27,1968,59,Gravel,0,0,,,,,
SWWX,1,19,2625,59,Gravel,0,0,,,,,
SWWY,10,28,1837,59,Gravel,0,0,,,,,
SWWZ,13,31,1969,66,Asphalt,0,0,,,,,
SWXA,08,26,2953,59,Gravel,0,0,,,,,
SWXB,18,36,3281,131,Grass,0,0,,,,,
SWXC,18,36,3609,59,Asphalt,0,0,,,,,
SWXE,05,23,5249,75,Asphalt,0,0,,,,,
SWXH,18,36,3281,98,Grass,0,0,,,,,
SWXJ,14,32,1969,59,Gravel,0,0,,,,,
SWXM,02,20,6096,98,Asphalt,0,0,,,,,
SWXO,3,21,3281,98,Asphalt,0,0,,,,,
SWXP,15,33,4921,98,Asphalt,0,0,,,,,
SWXS,1,19,2493,59,Asphalt,0,0,,,,,
SWXT,3,21,2625,59,Asphalt,0,0,,,,,
SWXU,15,33,3340,98,Asphalt,0,0,,,,,
SWXV,04,22,4888,148,Gravel,1,0,,,,,
SWXW,18,36,1969,59,Gravel,0,0,,,,,
SWXX,05,23,3937,66,Grass,0,0,,,,,
SWXY,2,20,3937,59,Asphalt,0,0,,,,,
SWXZ,15,33,2297,59,Grass,0,0,,,,,
SWYB,25,,59,59,Concrete,1,0,,,,,
SWYC,14,32,3609,79,Asphalt,0,0,,,,,
SWYH,18,36,2625,59,Grass,0,0,,,,,
SWYK,3,21,4528,66,Asphalt,0,0,,,,,
SWYM,16,34,3871,138,Asphalt,0,0,,,,,
SWYN,8,26,3937,75,Asphalt,0,0,,,,,
SWYO,3,21,3117,82,Gravel,0,0,,,,,
SWYP,18,36,3281,59,Asphalt,1,0,,,,,
SWYR,18,36,2297,59,Gravel,0,0,,,,,
SWYU,05,23,4121,118,Earth,0,0,,,,,
SWYV,12,30,2887,66,Grass,0,0,,,,,
SWYW,06,24,7087,59,Asphalt,0,0,,,,,38
SWYY,17,35,3773,98,Asphalt,0,0,,,,,
SWYZ,6,21,85,85,Asphalt,0,0,,,,,
SWZA,01,19,4921,98,Gravel,0,0,,,,,
SWZB,18,36,2461,52,Grass,0,0,,,,,
SWZC,09,27,3116,66,Grass,0,0,,,,,
SWZD,01,19,2953,59,Asphalt,0,0,,,,,
SWZE,13,31,3281,75,Grass,0,0,,,,,
SWZG,12,30,4921,164,Grass,0,0,,,,,
SWZK,8,31,69,69,Concrete,0,0,,,,,
SWZL,10,28,2625,59,Grass,0,0,,,,,
SWZN,3,21,2133,59,Gravel,0,0,,,,,
SWZO,13,31,3937,98,Asphalt,0,0,,,,,
SWZP,12,30,2625,98,Asphalt,0,0,,,,,
SWZQ,11,29,3445,75,Earth,0,0,,,,,
SWZS,1,19,1968,75,Gravel,0,0,,,,,
SWZT,3,21,3802,75,Asphalt,0,0,,,,,
SWZY,17,35,2953,66,Asphalt,0,0,,,,,
SWZZ,4,,69,69,Concrete,0,0,,,,,
SYAH,06,24,,,,0,0,,,,,
SYCJ,06,24,11023,148,Asphalt,1,0,6.4919,-58.2608,6.5064,-58.2463,45
SYCJ,11,29,5002,148,Asphalt,1,0,6.4986,-58.2624,6.4986,-58.2487,90
SYGO,07,25,4201,100,Concrete,1,0,,,,,69
SYKA,07,25,2018,98,Asphalt,1,0,,,,,
SYKR,07,25,4501,,Dirt,0,0,,,,,
SYLD,11,29,5000,98,Asphalt,0,0,5.9660,-58.2773,5.9658,-58.2636,91
SYLT,07,25,5985,98,Asphalt,0,0,3.3684,-59.7964,3.3771,-59.7825,57
TAPA,07,25,9003,148,Asphalt,1,0,17.1302,-61.8037,17.1432,-61.7817,58
TAPH,10,28,1640,,,0,0,,,,,
TBPB,09,27,11000,150,Asphalt,1,0,13.0709,-59.5075,13.0783,-59.4774,76
TDCF,01,19,3130,75,Asphalt,1,0,15.3324,-61.3919,15.3410,-61.3925,356
TDPD,09,27,6352,148,Asphalt,1,0,15.5448,-61.3064,15.5493,-61.2936,70
TFFA,09,27,1985,,Paved,0,0,16.2969,-61.0844,16.2979,-61.0819,
TFFF,10,28,9843,148,Asphalt,1,0,14.5885,-61.0183,14.5928,-60.9931,80
TFFG,12,30,3937,98,Asphalt,1,0,18.1015,-63.0527,18.0983,-63.0418,107
TFFJ,10,28,2119,59,Concrete,0,0,17.9043,-62.8466,17.9045,-62.8405,89
TFFM,09,27,4068,98,Asphalt,1,0,15.8676,-61.2758,15.8699,-61.2645,78
TFFR,12,30,11499,148,Asphalt,1,0,16.2683,-61.5479,16.2623,-61.5157,101
TFFS,09,27,1786,49,Asphalt,0,0,15.8649,-61.5833,15.8659,-61.5783,78
TGPY,10,28,9003,148,Asphalt,1,0,12.0043,-61.7988,12.0042,-61.7736,90
TGPZ,09,27,2625,,Concrete,0,0,,,,,
TIST,10,28,7000,150,Asphalt,1,0,18.3369,-64.9834,18.3377,-64.9633,88
TISX,10,28,10002,150,Asphalt,1,0,17.7001,-64.8162,17.7029,-64.7877,84
TJAB,08,26,3975,60,Asphalt,1,0,18.4479,-66.6806,18.4520,-66.6700,68
TJBQ,08,26,11702,200,Asphalt,1,0,18.4900,-67.1454,18.4997,-67.1131,72
TJCP,13,31,2600,50,Asphalt,0,0,,,,,
TJIG,09,27,5317,100,Asphalt,1,0,18.4559,-66.1057,18.4577,-66.0905,83
TJMZ,09,27,4998,100,Asphalt,1,0,18.2540,-67.1555,18.2573,-67.1414,76
TJPS,12,30,6904,150,Asphalt,1,0,18.0112,-66.5725,18.0054,-66.5536,108
TJRV,18,36,5800,100,ASPH-CONC,0,1,,,,,
TJRV,7,25,11000,150,Permeable,1,0,,,,,
TJSJ,08,26,10002,200,Asphalt,1,0,18.4388,-66.0149,18.4495,-65.9883,67
TJSJ,10,28,8016,150,Concrete,1,0,18.4336,-66.0137,18.4335,-65.9906,90
TJVQ,09,27,4301,75,Asphalt,1,0,18.1334,-65.4996,18.1362,-65.4876,77
TKPK,07,25,7602,148,Asphalt,1,0,17.3055,-62.7278,17.3169,-62.7095,57
TKPN,10,28,3996,98,Asphalt,1,0,17.2056,-62.5956,17.2057,-62.5841,89
TLPC,09,27,5735,148,Asphalt,1,0,14.0177,-61.0012,14.0217,-60.9856,75
TLPL,10,28,9003,148,Asphalt,1,0,13.7332,-60.9653,13.7332,-60.9399,90
TNCA,11,29,9000,148,Asphalt,1,0,12.5044,-70.0275,12.4984,-70.0030,104
TNCB,10,28,9449,148,Asphalt,1,0,12.1314,-68.2818,12.1306,-68.2553,92
TNCC,11,29,11188,197,Asphalt,1,0,12.1921,-68.9751,12.1856,-68.9445,102
TNCE,06,24,4265,100,Asphalt,1,0,17.4927,-62.9842,17.5003,-62.9747,50
TNCM,10,28,7546,148,Asphalt,1,0,18.0394,-63.1197,18.0425,-63.0982,96
TNCS,12,30,1312,59,Concrete,1,0,17.6461,-63.2223,17.6447,-63.2188,
TQPF,11,29,5462,98,Asphalt,1,0,18.2049,-63.0617,18.2047,-63.0460,91
TRPG,10,28,1968,,Asphalt,0,0,,,,,
TTCP,11,29,9002,159,Asphalt,1,0,11.1506,-60.8447,11.1488,-60.8197,94
TTPP,10,28,10500,150,Asphalt,1,0,10.5953,-61.3519,10.5954,-61.3226,90
TUPA,09,27,2500,,,0,0,,,,,
TUPJ,07,25,4642,89,Asphalt,1,0,18.4424,-64.5474,18.4487,-64.5358,61
TUPW,03,21,3100,98,Gravel,0,0,,,,,
TVSA,04,22,9000,148,Asphalt,1,0,,,,,
TVSB,12,30,3609,98,Asphalt,1,0,12.9896,-61.2670,12.9873,-61.2571,103
TVSC,13,31,5900,98,Asphalt,1,0,12.7050,-61.3521,12.6966,-61.3380,122
TVSM,09,27,3255,75,Asphalt,1,0,12.8865,-61.1845,12.8894,-61.1758,71
TVSU,08,26,2467,98,Asphalt,0,0,,,,,
TXKF,12,30,9705,150,Asphalt,1,0,32.3667,-64.6941,32.3614,-64.6633,117
UAAA,05L,23R,14764,148,Asphalt,1,0,43.3473,77.0252,43.3701,77.0711,
UAAA,05R,23L,14436,148,Asphalt,1,0,43.3412,77.0175,43.3635,77.0623,56
UAAH,05,23,8208,131,Concrete,1,0,46.8873,74.9917,46.9011,75.0178,53
UAAL,09,27,7546,144,Concrete,0,0,,,,,
UAAT,02,20,9846,164,Concrete,1,0,45.1105,78.4344,45.1347,78.4512,
UACC,04,22,11484,148,Asphalt,1,0,51.0110,71.4496,51.0334,71.4846,45
UACK,02,20,8325,125,Asphalt,0,0,53.3194,69.5846,53.3388,69.6047,32
UACP,05,23,8190,128,Asphalt,0,0,54.7697,69.1663,54.7790,69.2017,66
UADD,13,31,9514,148,Asphalt,1,0,42.8631,71.2916,42.8440,71.3158,137
UAFG,16,34,5708,131,Asphalt,0,0,,,,,
UAFI,10,28,5577,115,ASB,0,0,,,,,
UAFM,07,25,13780,180,Concrete,1,0,43.0580,74.4522,43.0646,74.5030,80
UAFO,12,30,10538,148,Asphalt,1,0,40.6158,72.7807,40.6001,72.8096,125
UAFP,10,28,8202,148,Asphalt,1,0,,,,,
UAFW,11,29,8859,164,Concrete,0,0,42.8584,74.8311,42.8484,74.8610,115
UAII,10,28,9186,144,Concrete,1,0,42.3678,69.4628,42.3607,69.4954,107
UAIT,05,23,10827,148,Asphalt,1,0,43.3028,68.5336,43.3195,68.5672,
UAKD,04,22,8530,138,Concrete,1,0,47.7015,67.7256,47.7160,67.7528,52
UAKK,05,23,10831,197,Concrete,1,0,49.6630,73.3151,49.6786,73.3540,58
UAOL,05,23,10500,197,Asphalt,1,0,,,,,
UAON,06,24,14765,275,Asphalt,1,0,,,,,
UAOO,05,23,8858,148,Asphalt,0,0,44.7005,65.5758,44.7122,65.6057,
UARR,04,22,9183,148,Concrete,1,0,51.1443,51.5282,51.1598,51.5597,52
UASK,12,30,8234,138,Asphalt,1,0,50.0439,82.4809,50.0293,82.5075,131
UASK,12L,30R,6088,200,Grass,0,0,50.0372,82.4948,50.0263,82.5145,131
UASP,03,21,8202,148,Concrete,1,0,52.1867,77.0617,52.2031,77.0864,43
UASS,02,20,3270,253,Concrete,0,0,50.3453,80.2305,50.3536,80.2361,24
UASS,08,26,10159,145,Concrete,1,0,50.3498,80.2127,50.3528,80.2560,84
UASZ,09,27,4938,115,Concrete,0,0,,,,,
UATE,12,30,10013,148,Asphalt,1,0,43.8665,51.0781,43.8536,51.1059,123
UATE,12L,30R,9630,150,Gravel,0,1,43.8674,51.0769,43.8531,51.1076,123
UATG,14,32,9842,144,Asphalt,1,0,47.1336,51.8114,47.1103,51.8312,150
UATG,14R,32L,7776,148,Asphalt,1,1,,,,,
UATT,12,30,10505,151,Concrete,1,0,50.2555,57.1918,50.2358,57.2224,135
UAUR,08,26,8185,148,Asphalt,0,0,50.3189,66.9348,50.3186,66.9699,91
UAUU,14,32,9229,148,Asphalt,1,0,53.2202,63.5399,53.1969,63.5564,157
UBBB,16,34,13123,197,Asphalt,1,0,40.4909,50.0304,40.4559,50.0414,167
UBBB,17,35,10499,148,Concrete,1,0,40.4867,50.0633,40.4567,50.0633,179
UBBF,11,29,9843,148,Asphalt,0,0,39.5967,47.1861,39.5849,47.2175,
UBBG,12,30,10827,148,Concrete,1,0,40.7480,46.3048,40.7298,46.3355,128
UBBL,15,33,10837,148,Asphalt,0,0,38.7716,48.7972,38.7457,48.8155,151
UBBN,14L,32R,10826,148,Asphalt,1,0,39.1990,45.4456,39.1772,45.4713,137
UBBN,14R,32L,10826,148,Concrete,1,0,39.1983,45.4445,39.1765,45.4704,137
UBBQ,16,34,11811,197,Asphalt/Concrete,1,0,,,,,
UBBY,15,33,9843,148,Asphalt,1,0,,,,,
UBBZ,03,21,9843,148,Asphalt,0,0,39.1016,46.7338,39.1247,46.7519,
UCFL,07,25,12467,148,Asphalt,1,0,42.5850,76.7017,42.5900,76.7250,74
UDLS,13,31,6555,92,Asphalt,0,0,41.0543,44.3282,41.0426,44.3462,131
UDSG,02,20,10564,147,Asphalt,1,0,40.7371,43.8517,40.7636,43.8670,24
UDYE,03,21,9134,132,Asphalt,0,0,40.1115,44.4563,40.1327,44.4737,33
UDYZ,08,26,12631,184,Asphalt,1,0,40.1472,44.3733,40.1474,44.4185,90
UECT,01,19,10170,138,Concrete,0,0,,,,,
UEEA,06,24,4514,111,Asphalt,0,0,,,,,
UEEE,05L,23R,8202,161,Concrete,1,1,62.0827,129.7540,62.1022,129.7770,30
UEEE,05R,23L,11155,197,Concrete,1,0,62.0819,129.7570,62.1063,129.7960,37
UELL,08,26,11811,148,Concrete,1,0,56.9081,124.8860,56.9197,124.9410,69
UEMA,16,34,5906,98,,0,0,,,,,
UEMM,01,19,4265,65,Concrete,1,0,,,,,
UEMO,16,34,4265,,Asphalt,0,0,,,,,
UEMT,08,26,5020,,Asphalt,0,0,,,,,
UENI,04,22,4593,,Asphalt,0,0,,,,,
UENN,16,34,4265,,,0,0,,,,,
UENS,17,35,5906,,Concrete,0,0,,,,,
UENW,12,30,5249,105,Concrete,1,0,,,,,
UERL,07,25,6562,,Gravel,0,0,,,,,
UERO,18,36,7874,,,0,0,,,,,
UERP,17,35,10170,138,Concrete,1,0,66.4137,112.0210,66.3871,112.0400,164
UERR,07,25,9187,148,Concrete,1,0,62.5277,114.0170,62.5417,114.0610,56
UESK,01,19,5906,197,Concrete,1,0,,,,,
UESO,07,25,6233,98,Concrete,1,0,,,,,
UESS,13,31,5577,,Asphalt,0,0,,,,,
UEST,03,21,9845,194,Concrete,1,0,71.6843,128.8970,71.7110,128.9090,8
UGAM,11,29,3609,98,Concrete,0,0,42.5290,43.1294,42.5248,43.1415,
UGKO,07,25,8202,144,Concrete,1,0,42.1748,42.4677,42.1785,42.4975,81
UGSB,12,30,8202,148,Asphalt,1,0,41.6162,41.5902,41.6031,41.6105,131
UGSS,12,30,12012,172,Concrete,1,0,42.8671,41.1093,42.8494,41.1470,123
UGTB,13L,31R,8202,196,Asphalt,0,1,41.6769,44.9439,41.6614,44.9657,133
UGTB,13R,31L,9843,147,Concrete,1,0,41.6778,44.9401,41.6582,44.9649,136
UHBB,18,36,9256,148,Asphalt,1,0,50.4378,127.4080,50.4130,127.4170,168
UHHH,05L,23R,11483,148,Asphalt,1,0,48.5164,135.1700,48.5397,135.2020,42
UHHH,05R,23L,13124,197,Concrete,1,0,48.5147,135.1730,48.5413,135.2090,42
UHHT,06,24,3116,98,Concrete,1,0,,,,,
UHKD,01,19,8202,246,Concrete,1,0,,,,,
UHKG,12,30,11154,256,Concrete,1,0,,,,,
UHKK,18,36,8202,131,Concrete,1,0,,,,,
UHKM,09,27,9842,151,Concrete,1,0,,,,,
UHKP,13,31,8202,138,Concrete,1,0,,,,,
UHMA,02,20,11483,196,Concrete,1,0,64.7198,177.7320,64.7501,177.7510,14
UHMD,02,20,7190,240,Grass,0,0,64.3690,-173.2520,64.3873,-173.2350,22
UHMG,06,24,6561,98,Concrete,1,0,,,,,
UHMK,09,27,11482,197,Concrete,1,0,,,,,
UHMM,10,28,11326,195,Concrete,1,0,59.9119,150.6900,59.9101,150.7510,93
UHMO,09,27,7874,,,0,0,,,,,
UHMP,17,35,8202,138,Concrete,1,0,69.7942,170.5900,69.7724,170.6040,167
UHMW,03,21,5249,,Gravel,0,0,,,,,
UHNB,03,21,4593,92,Concrete,1,0,,,,,
UHNN,11,29,6233,131,Concrete,1,0,,,,,
UHOO,03,21,6562,164,Concrete,1,0,,,,,
UHPD,02,20,5249,115,Concrete,1,0,,,,,
UHPK,01,19,4100,115,Concrete,1,0,,,,,
UHPP,-12,30,735,50,Asphalt,0,1,53.1570,158.4490,53.1560,158.4520,118
UHPP,16L,34R,11155,197,Concrete,1,1,53.1836,158.4408,53.1554,158.4604,157
UHPP,16R,34L,11155,148,Concrete,1,0,53.1842,158.4440,53.1560,158.4640,157
UHSB,14,32,7808,,Concrete,0,0,,,,,
UHSH,13,31,5262,118,Concrete,1,0,,,,,120
UHSH,13L,31R,4265,138,,0,1,,,,,
UHSI,13,31,7546,138,Concrete,1,0,,,,,
UHSK,16,34,5249,,,0,0,,,,,
UHSN,04,22,5741,115,Asphalt,0,0,,,,,
UHSS,01,19,11155,148,Concrete,1,0,46.8704,142.7170,46.9008,142.7180,1
UHWK,13,31,4265,131,Concrete,1,0,,,,,
UHWP,13,31,5249,,Gravel,0,0,,,,,
UHWW,06,24,3191,65,Asphalt,0,1,43.3646,132.1390,43.3702,132.1490,51
UHWW,07L,25R,11483,197,Concrete,0,1,43.3913,132.1290,43.4066,132.1670,61
UHWW,07R,25L,11483,197,Asphalt,1,0,43.3937,132.1420,43.4045,132.1690,61
UHWW,16,34,1975,65,Asphalt,0,1,43.3725,132.1400,43.3680,132.1450,147
UIAA,11,29,9430,184,Concrete,1,0,52.0287,113.2850,52.0239,113.3260,101
UIAA,11L,29R,5905,245,Grass,0,0,52.0303,113.2860,52.0272,113.3110,101
UIAE,15,33,8202,131,Concrete,1,0,,,,,
UIAR,06,24,5905,164,Concrete,1,0,,,,,
UIBB,12,30,10368,148,Concrete,1,0,56.3765,101.6750,56.3646,101.7220,115
UIBS,07,25,9843,131,Concrete,1,0,,,,,
UIBV,10,18,4594,131,Concrete,1,0,,,,,
UIIB,15,33,13123,262,Concrete,1,0,,,,,
UIII,12,30,11696,148,Concrete,1,0,52.2737,104.3700,52.2623,104.4130,114
UIKB,06,24,5436,,Dirt,1,0,,,,,
UIKK,09,27,5085,131,Concrete,1,0,,,,,
UITK,04,22,5248,105,Concrete,1,0,,,,,
UITT,12,33,6561,147,Concrete,1,0,,,,,
UIUN,05,23,5249,105,Concrete,1,0,,,,,
UIUU,08,26,11155,148,Concrete,1,0,51.8067,107.4170,51.8130,107.4650,83
UIUU,08L,26R,6700,340,Grass,0,1,51.8083,107.4290,51.8121,107.4580,78
UIUU,14,32,4630,315,Grass,0,1,51.8190,107.4340,51.8100,107.4490,135
UKBB,18L,36R,13123,197,Concrete,1,0,50.3606,30.9081,50.3247,30.9056,183
UKBB,18R,36L,11483,206,Concrete,1,0,50.3522,30.8831,50.3208,30.8808,183
UKCM,02,20,8431,164,Asphalt,1,0,47.0653,37.4435,47.0869,37.4557,21
UKCM,11,29,4624,280,Gravel,0,0,47.0775,37.4533,47.0728,37.4706,112
UKDB,09,27,8202,157,Concrete,0,0,,,,,95
UKDD,09,27,9320,144,Concrete,1,0,48.3572,35.0814,48.3572,35.1197,90
UKDE,02,20,8210,138,Concrete,1,0,47.8567,35.3091,47.8774,35.3223,23
UKDR,18,36,8202,138,Concrete,1,0,48.0544,33.2117,48.0322,33.2083,186
UKFF,01,19,,,,0,0,,,,,
UKFF,01L,19R,12142,197,Concrete,1,0,45.0361,33.9697,45.0683,33.9806,13
UKFK,07,25,5420,115,Asphalt,0,0,45.3707,36.3927,45.3751,36.4129,73
UKGW,10,28,2297,131,Grass,0,0,,,,,
UKHH,08,26,7285,165,Permeable,1,0,49.9249,36.2745,49.9247,36.3054,90
UKKE,15,33,8180,138,Asphalt,1,0,49.4252,31.9866,49.4059,32.0040,150
UKKK,08,26,7579,148,Concrete,1,0,50.4011,30.4351,50.4024,30.4672,86
UKKM,15,33,11483,184,Concrete,1,0,50.6177,30.1813,50.5893,30.2026,155
UKLC,07,25,5446,,Concrete,1,0,,,,,
UKLH,16,34,7219,140,Concrete,0,0,49.3687,26.9303,49.3496,26.9376,166
UKLI,10,28,8226,144,Concrete,1,0,48.8867,24.6700,48.8817,24.7033,104
UKLL,13,31,10843,148,Asphalt,1,0,49.8208,23.9439,49.8044,23.9683,136
UKLN,15,33,7270,138,Asphalt,1,0,48.2682,25.9740,48.2504,25.9876,153
UKLR,05,23,2150,65,Asphalt,0,1,50.5992,26.1580,50.6024,26.1656,56
UKLR,11,29,8615,138,Concrete,1,0,50.6127,26.1254,50.6016,26.1579,118
UKLT,10,28,6465,140,Concrete,1,0,49.5264,25.6869,49.5220,25.7132,104
UKLU,10,28,6686,131,Concrete,1,0,48.6364,22.2499,48.6322,22.2768,103
UKOH,03,21,8202,138,Concrete,1,0,46.6666,32.4974,46.6854,32.5151,
UKON,05,23,8438,144,Asphalt,1,0,47.0506,31.9067,47.0652,31.9329,51
UKON,05L,23R,5905,250,Grass,0,0,47.0554,31.9137,47.0656,31.9322,51
UKOO,07,25,1815,197,Grass,0,0,46.4270,30.6673,46.4282,30.6742,75
UKOO,16,34,9186,148,Permeable,1,0,46.4388,30.6713,46.4147,30.6817,156
UKOO,18,36,2950,190,BRI,0,1,46.4468,30.6672,46.4387,30.6669,182
UKOR,05,23,10568,,Concrete,0,0,,,,,
UKVN,07,25,1346,66,Asphalt,0,0,,,,,
UKWW,13,31,8175,117,Concrete,0,0,,,,,
ULAA,08,26,8202,144,Concrete,1,0,64.6016,40.6907,64.5990,40.7426,97
ULAH,12,30,7875,98,Concrete,1,0,,,,,
ULAL,03,21,2132,197,Dirt,0,0,,,,,
ULAL,11,29,5236,118,Concrete,1,0,,,,,
ULAM,06,24,8202,131,Concrete,1,0,,,,,
ULAS,10,28,4920,105,Concrete,1,0,,,,,
ULBZ,01,19,1969,197,Dirt,0,0,,,,,
ULDW,04,22,5905,105,Concrete,1,0,,,,,
ULEH,16,34,2133,197,Dirt,0,0,,,,,
ULKK,13,31,4757,,Asphalt,0,0,,,,,
ULKS,13,31,8202,157,Concrete,1,0,,,,,
ULLI,10L,28R,11146,197,Concrete,1,0,59.8097,30.2454,59.8011,30.3035,106
ULLI,10R,28L,12402,197,Concrete,1,0,59.7999,30.2183,59.7904,30.2829,106
ULLP,03,21,8202,144,Concrete,0,0,59.6750,30.3250,59.6940,30.3500,30
ULMM,13,31,8202,138,Concrete,1,0,68.7910,32.7336,68.7724,32.7680,146
ULNP,13,31,2625,,,0,0,,,,,
ULOO,01,19,8281,144,Concrete,1,0,57.7754,28.3904,57.7925,28.4008,18
ULOO,01R,19L,5578,144,Gravel,0,1,57.7765,28.3927,57.7912,28.4019,18
ULPB,02,20,8202,157,Concrete,1,0,61.8748,34.1454,61.8955,34.1641,23
ULPK,02,20,2133,98,Asphalt concrete,0,0,,,,,
ULPP,05,23,2295,98,Asphalt,1,0,,,,,
ULPS,15,33,2559,164,Grass,0,0,,,,,
ULWC,03,21,8202,131,Concrete,1,0,59.2676,38.0038,59.2845,38.0336,42
ULWU,06,24,5069,,Asphalt,0,0,,,,,
ULWW,15,33,4921,131,Concrete,1,0,,,,,
UMBB,11,29,8596,138,Asphalt,1,0,52.1130,23.8788,52.1035,23.9137,114
UMBK,10,28,1640,66,Asphalt,0,0,,,,,
UMGG,10,28,8428,141,Asphalt,1,0,52.5311,30.9990,52.5229,31.0344,112
UMII,06,24,8550,138,Asphalt,1,0,55.1210,30.3316,55.1320,30.3677,62
UMKK,06,24,10991,148,Concrete,1,0,54.8855,20.5748,54.8978,20.6224,66
UMLI,15,33,9836,164,Concrete,1,0,,,,,
UMMA,04,22,9836,164,Concrete,1,0,,,,,
UMMG,09,27,2172,92,Asphalt,0,0,53.5970,24.0428,53.5971,24.0528,89
UMMG,17,35,8399,138,Concrete,1,0,53.6134,24.0531,53.5905,24.0544,178
UMMS,13L,31R,12139,197,Concrete,1,0,53.9053,28.0333,53.8803,28.0704,138
UMMS,13R,31L,11946,197,Concrete,1,0,53.8948,28.0125,53.8702,28.0490,139
UMNB,08,26,9836,164,Concrete,1,0,,,,,
UMNM,04,22,1969,,ground,0,0,,,,,
UMNV,15,33,8202,144,Concrete,0,0,,,,,
UMOO,13,31,8422,138,Asphalt,1,0,53.9632,30.0817,53.9466,30.1084,137
UNAA,02,20,10663,148,Asphalt,1,0,53.7268,91.3747,53.7532,91.3955,26
UNAA,02C,20C,8202,263,Grass,0,1,53.7312,91.3770,53.7514,91.3929,25
UNAA,02L,20R,4265,92,Asphalt,0,1,53.7437,91.3832,53.7543,91.3914,25
UNAU,08,26,5906,115,Concrete,1,0,,,,,
UNBB,06,24,9350,164,Concrete,1,0,53.3588,83.5188,53.3687,83.5583,67
UNBG,02,20,7546,138,Asphalt,0,0,51.9600,85.8294,51.9786,85.8436,25
UNCC,02,20,2460,115,Asphalt,0,0,55.1000,82.9000,55.1000,82.9000,26
UNEE,05,23,10499,197,Concrete,1,0,55.2616,86.0869,55.2786,86.1275,54
UNEE,05L,23R,8655,155,Asphalt,0,1,55.2657,86.0915,55.2792,86.1256,55
UNHZ,13,31,1837,148,Gravel,0,0,,,,,134
UNIB,07,29,3581,92,Concrete,0,0,,,,,
UNII,17,35,7217,131,Concrete,1,0,,,,,
UNIP,04,22,5597,92,,0,0,,,,,
UNIS,03,21,4920,66,Concrete,1,0,,,,,
UNIT,17,35,4593,92,Concrete,1,0,,,,,
UNIW,06,24,4592,72,Concrete,1,0,,,,,
UNKB,08,26,3938,66,Concrete,1,0,,,,,
UNKI,06,24,5250,105,Concrete,1,0,,,,,
UNKL,11,29,12139,197,Asphalt,1,0,56.1795,92.4659,56.1664,92.5207,113
UNKM,11,29,5905,115,Concrete,1,0,,,,,
UNKO,03,21,4922,115,Concrete,0,0,,,,,
UNKS,08,26,8038,138,Concrete,0,0,,,,,87
UNKY,05,23,8858,131,Concrete,1,0,,,,,
UNLK,03,21,8202,72,Concrete,1,0,,,,,
UNLL,17,35,4430,98,Concrete,1,0,,,,,
UNLW,05,23,2133,72,Concrete,1,0,,,,,
UNNE,01,19,10500,246,Concrete,1,0,,,,,
UNNT,07,25,11801,197,Asphalt,1,0,55.0101,82.6229,55.0151,82.6785,81
UNNT,16,34,11818,148,Asphalt,1,0,55.0500,82.5933,55.0167,82.6033,170
UNOO,06,24,9435,270,Grass,0,0,54.9663,73.2890,54.9721,73.3327,77
UNOO,07,25,8202,148,Asphalt,1,0,54.9645,73.2915,54.9696,73.3296,77
UNOO,15,33,2380,250,Grass,0,0,54.9654,73.3396,54.9591,73.3426,165
UNOS,04,22,9842,262,Concrete,1,0,,,,,
UNSS,15,33,6562,131,Concrete,1,0,,,,,
UNTR,01,19,2952,92,Grass,0,0,56.5000,84.7000,56.5000,84.7000,14
UNTT,03,21,8202,164,Asphalt,1,0,56.3738,85.1994,56.3925,85.2217,25
UNWW,01,19,8789,148,Concrete,0,0,53.8006,86.8715,53.8233,86.8853,
UODD,05,23,4920,66,Concrete,1,0,,,,,
UOHH,06,24,8872,158,Concrete,1,0,71.9729,102.4550,71.9832,102.5260,65
UOIG,07,25,5248,98,Concrete,1,0,,,,,
UOII,12,30,8202,147,Concrete,1,0,,,,,
UOOO,01,19,11254,148,Concrete,1,0,69.2980,87.3086,69.3194,87.3469,32
UOOW,13,31,5085,,Asphalt,0,1,,,,,
UOOW,13H,31H,394,,Asphalt,0,0,,,,,
UOTT,13,31,5905,92,Concrete,1,0,,,,,
URKA,04,22,8202,138,Concrete,1,0,44.9937,37.3367,45.0105,37.3579,42
URKG,01,19,10171,148,Concrete,1,0,44.5685,38.0083,44.5955,38.0177,14
URKK,05L,23R,7218,160,Asphalt,1,0,45.0291,39.1414,45.0411,39.1635,53
URKK,05R,23L,9835,145,Concrete,1,0,45.0260,39.1734,45.0424,39.2036,53
URMG,08,26,8202,148,Concrete,1,0,,,,,
URML,14,32,8662,148,Concrete,1,0,42.8238,47.6465,42.8067,47.6610,149
URML,14R,32L,8688,230,Grass,0,1,42.8264,47.6429,42.8063,47.6602,148
URMM,11,29,12795,197,Concrete,1,0,44.2344,43.0613,44.2157,43.1025,122
URMN,06,24,7218,138,Asphalt,1,0,43.5083,43.6244,43.5175,43.6487,63
URMO,09,27,9843,148,Concrete,1,0,43.2078,44.5886,43.2024,44.6247,102
URMS,09,27,9842,151,Asphalt,0,0,43.3249,44.9937,43.3222,45.0306,96
URMT,07,25,8530,157,Asphalt,1,0,45.1064,42.0966,45.1121,42.1291,76
UROD,01,19,4758,92,Concrete,1,0,,,,,
URRP,05,23,11811,148,Concrete,1,0,47.4845,39.9054,47.5034,39.9442,54
URRT,10,28,9052,131,Concrete,0,0,47.2013,38.8318,47.1958,38.8638,104
URSS,02,20,8202,161,Concrete,1,0,43.4358,39.9458,43.4532,39.9591,22
URSS,06,24,9498,148,Concrete,1,0,43.4395,39.9259,43.4506,39.9585,58
URWA,09,27,10499,148,Concrete,1,0,46.2846,47.9901,46.2812,48.0314,96
URWA,11,29,5090,328,Dirt,0,0,46.2827,47.9947,46.2737,48.0163,121
URWI,09,27,10499,148,Asphalt,1,0,46.3766,44.3033,46.3727,44.3445,98
URWI,09L,27R,7555,280,Gravel,0,0,46.3758,44.3171,46.3731,44.3467,98
URWW,05,23,9186,148,Concrete,1,0,48.7748,44.3185,48.7857,44.3528,64
URWW,08,26,1595,350,Grass,0,1,48.7822,44.3522,48.7827,44.3587,84
URWW,11,29,8101,161,Asphalt,1,1,48.7881,44.3310,48.7770,44.3601,120
URWW,11R,29L,5575,330,Grass,0,1,48.7808,44.3470,48.7732,44.3669,120
USCC,09,27,10499,197,Concrete,1,0,55.3092,61.4789,55.3025,61.5278,104
USCG,12,30,8202,131,Concrete,1,0,,,,,
USCM,36,18,10663,148,Concrete,1,0,53.3791,58.7488,53.4071,58.7625,16
USCV,13,31,1967,91,Concrete,1,0,,,,,
USDA,04,22,8858,151,Concrete,1,0,71.2096,72.0046,71.2195,72.0733,
USDB,10,28,8698,151,Concrete,1,0,70.3220,68.3049,70.3083,68.3624,
USDB,10H,28H,722,59,Asphalt,0,0,,,,,
USDD,04,22,8917,151,Concrete,1,0,66.5849,66.5841,66.5966,66.6379,61
USHH,06,24,9180,141,Asphalt,1,0,61.0253,69.0610,61.0317,69.1111,75
USHN,16,34,8307,144,Concrete,1,0,62.1218,65.6149,62.0991,65.6128,
USHQ,16,34,7028,144,Concrete,0,0,63.6976,66.7006,63.6784,66.6989,161
USHS,12,30,8202,144,Concrete,1,0,61.3333,63.5900,61.3156,63.6187,
USHU,18,36,7218,138,Concrete,1,0,,,,,
USII,01,19,8202,142,Concrete,0,0,,,,,
USKK,03,21,7230,150,Asphalt,0,0,58.4953,49.3297,58.5116,49.3641,48
USKK,06,24,2247,65,Grass,0,0,58.5000,49.3280,58.5019,49.3392,73
USMM,14,32,8360,151,Concrete,0,0,65.4932,72.6872,65.4714,72.7093,136
USMU,09,27,8366,151,Concrete,0,0,,,,,88
USNN,03,21,10499,197,Asphalt,1,0,60.9387,76.4638,60.9598,76.5034,42
USPP,03,21,10520,161,Concrete,1,0,57.9045,56.0018,57.9245,56.0407,46
USPT,17,35,4921,131,Concrete,1,0,,,,,
USRK,17,35,8225,138,Concrete,1,0,62.2015,74.5380,62.1793,74.5296,190
USRN,14,32,8858,131,Concrete,1,0,,,,,
USRO,01,19,8202,138,Asphalt,0,0,63.1737,75.2585,63.1941,75.2795,25
USRR,07,25,9154,148,Asphalt,1,0,61.3436,73.3758,61.3438,73.4279,90
USSK,08,26,5905,124,Concrete,1,0,,,,,
USSS,08L,26R,8192,148,Asphalt,0,0,56.7448,60.7814,56.7448,60.8222,90
USSS,08R,26L,9925,148,Concrete,1,0,56.7424,60.7791,56.7405,60.8282,94
USTJ,08,26,7875,137,Concrete,1,0,,,,,90
USTL,02,20,3609,131,Concrete,1,0,,,,,
USTO,07,25,3938,82,Concrete,1,0,,,,,
USTR,03,21,9852,148,Permeable,1,0,57.1692,65.2810,57.1873,65.3177,48
USTR,12,30,8871,164,Asphalt,1,0,57.1898,65.3239,57.1727,65.3555,135
USUU,02,20,8530,138,Concrete,1,0,55.4650,65.4048,55.4852,65.4255,
UTAA,11,29,5907,114,Asphalt,0,1,37.9780,58.3579,37.9719,58.3769,112
UTAA,11L,29R,12467,148,Concrete,1,0,38.0002,58.3431,37.9834,58.3808,119
UTAA,11R,29L,12467,197,Concrete,1,0,37.9899,58.3358,37.9731,58.3735,119
UTAE,16,34,8858,148,Asphalt,0,0,37.8340,65.1312,37.8105,65.1394,169
UTAK,16L,34R,8202,148,Concrete,1,0,40.0743,53.0039,40.0527,53.0107,167
UTAK,16R,34L,11483,148,Concrete,1,0,40.0815,52.9993,40.0510,53.0089,167
UTAM,17L,35R,9252,135,Concrete,1,0,37.6328,61.8972,37.6078,61.8981,178
UTAM,17R,35L,12467,148,Concrete,1,0,37.6297,61.8956,37.6078,61.8964,178
UTAT,08,26,12467,148,Concrete,1,0,41.7613,59.8253,41.7613,59.8578,90
UTAT,09R,27L,4921,98,Asphalt,0,1,41.7601,59.8253,41.7601,59.8433,90
UTAV,13,31,12467,197,Concrete,1,0,38.9418,63.5471,38.9196,63.5806,126
UTDD,09,27,10170,147,Asphalt,1,0,38.5435,68.8068,38.5435,68.8424,90
UTDK,01,19,9843,137,Asphalt,1,0,37.9750,69.8017,38.0017,69.8117,17
UTDL,08,26,10433,164,Asphalt,1,0,40.2135,69.6762,40.2173,69.7132,82
UTDT,17,35,7497,132,Asphalt,1,0,,,,,
UTFN,10,28,10698,160,Asphalt,0,0,40.9891,71.5383,40.9801,71.5752,108
UTKA,04,22,9770,125,Concrete,0,0,40.7184,72.2814,40.7371,72.3066,46
UTKF,18,36,9383,164,Asphalt,0,0,40.3719,71.7461,40.3456,71.7439,184
UTNM,04,22,4964,100,Asphalt,0,0,43.7507,59.0238,43.7597,59.0379,49
UTNN,07,25,1985,65,Asphalt,0,0,42.4889,59.6245,42.4902,59.6316,76
UTNN,15,33,9865,148,Concrete,0,0,42.5014,59.6149,42.4770,59.6306,155
UTNT,02,20,4930,125,Asphalt,0,0,41.5689,60.9626,41.5810,60.9707,27
UTNU,13,31,11065,165,Asphalt,1,0,41.5945,60.6300,41.5717,60.6567,140
UTSA,07,25,13123,148,Asphalt,1,0,40.1134,65.1483,40.1213,65.1941,
UTSB,01,19,9843,147,Asphalt,1,0,39.7617,64.4800,39.7883,64.4867,10
UTSK,16,34,9299,144,Asphalt,0,0,38.8141,65.7702,38.7896,65.7793,164
UTSL,07,25,8195,132,Concrete,1,0,38.8311,65.9074,38.8362,65.9355,77
UTSN,18,36,6098,135,Asphalt,0,0,41.6223,64.2337,41.6056,64.2327,183
UTSR,15,33,5000,115,Asphalt,0,0,38.4166,67.9411,38.4045,67.9492,153
UTSS,09,27,10187,148,Asphalt,1,0,39.7030,66.9644,39.7003,67.0005,97
UTST,07,25,9843,138,Concrete,1,0,37.2833,67.2933,37.2900,67.3250,75
UTSU,09,27,4844,115,Asphalt,0,0,42.0832,63.4404,42.0830,63.4582,91
UTTP,08,26,10630,197,Concrete,0,0,41.3106,69.3724,41.3147,69.4105,82
UTTT,08L,26R,13123,197,Concrete,1,0,41.2567,69.2617,41.2600,69.3017,76
UTTT,08R,26L,12812,148,Asphalt,1,0,41.2533,69.2617,41.2583,69.3033,76
UTTZ,07,25,3937,,Asphalt,0,0,,,,,
UUAN,10,28,39,33,Concrete,0,0,,,,,
UUBA,13,31,5577,157,Concrete,1,0,,,,,
UUBC,13,31,6885,131,Asphalt,1,0,,,,,
UUBI,11,29,8202,138,Concrete,1,0,56.9482,40.9147,56.9365,40.9499,
UUBK,04,22,3282,92,Concrete,0,0,,,,,
UUBN,03,21,2789,984,Ground,0,0,,,,,
UUBN,16,34,1969,328,Ground,0,0,,,,,
UUBP,16,34,7874,138,Concrete,1,0,53.2248,34.1738,53.2035,34.1791,172
UUBS,08,26,5249,,Concrete,0,0,,,,,
UUBW,12,30,15092,230,Concrete,1,0,,,,,
UUDD,14C,32C,7776,174,Concrete,1,0,55.4169,37.9154,55.3994,37.9365,146
UUDD,14L,32R,12448,174,Concrete,1,1,55.4245,37.9118,55.3963,37.9456,146
UUDD,14R,32L,11483,197,Concrete,1,0,55.4211,37.8721,55.3951,37.9034,146
UUDL,05,23,9870,135,Asphalt,1,0,57.5546,40.1349,57.5667,40.1798,63
UUEE,06C,24C,11647,197,Concrete,1,0,55.9698,37.3867,55.9780,37.4417,64
UUEE,06L,24R,10499,197,Concrete,1,0,55.9810,37.3289,55.9884,37.3785,64
UUEE,06R,24L,12139,197,Concrete,1,0,55.9671,37.3863,55.9757,37.4437,64
UUEI,06,24,4642,138,Asphalt,0,0,,,,,
UUEM,07,25,8202,160,Concrete,1,0,56.8218,35.7379,56.8276,35.7774,75
UUMI,06,24,6889,131,Concrete,1,0,,,,,
UUMO,07,25,6729,157,Concrete,1,0,55.5067,37.4880,55.5084,37.5203,
UUMO,H,,50,50,Asphalt,0,0,,,,,
UUMT,10,28,9842,190,,1,0,,,,,
UUMU,12L,30R,9842,315,Concrete,1,0,55.8898,38.0435,55.8722,38.0801,
UUMU,12R,30L,11811,190,Concrete,1,0,55.8889,38.0374,55.8677,38.0816,
UUOB,11,29,8202,138,Asphalt,1,0,50.6485,36.5757,50.6390,36.6046,117
UUOB,12,30,7930,220,Gravel,0,0,50.6497,36.5747,50.6397,36.6051,117
UUOD,03,21,6889,138,Concrete,1,0,,,,,
UUOK,12,30,8202,131,Concrete,1,0,51.7569,36.2806,51.7443,36.3106,124
UUOL,15,33,7546,131,Concrete,1,0,,,,,
UUOO,12,30,7546,161,Concrete,1,0,51.8209,39.2170,51.8075,39.2422,131
UUOO,18,36,,,Grass,0,0,,,,,
UUOT,14,32,6889,138,Concrete,0,0,52.8148,41.4758,52.7980,41.4897,142
UUWL,02,20,66,66,Grass,0,0,,,,,24
UUWW,01,19,10039,148,Asphalt,1,0,55.5866,37.2576,55.6118,37.2769,12
UUWW,06,24,11483,197,Asphalt,1,0,55.5865,37.2387,55.5980,37.2903,57
UUYH,18,36,8691,148,Concrete,1,0,63.5784,53.8116,63.5555,53.7975,
UUYK,17,35,4921,115,Concrete,1,0,,,,,
UUYP,16,34,5905,131,Concrete,1,0,,,,,
UUYS,13,31,8202,138,Concrete,1,0,66.0151,57.3564,65.9945,57.3781,
UUYV,01,19,4264,105,Concrete,1,0,,,,,
UUYW,08,26,7218,157,Concrete,1,0,,,,,
UUYX,15,33,4265,98,Concrete,1,0,,,,,
UUYY,18,36,8203,148,Asphalt,1,0,61.6574,50.8539,61.6365,50.8364,22
UWGG,06,24,1640,72,Asphalt,0,0,56.2100,43.7864,56.2117,43.7939,68
UWGG,15,33,1969,72,Asphalt,0,0,56.2152,43.7830,56.2101,43.7865,159
UWGG,18L,36R,9843,148,Asphalt,1,0,56.2416,43.7900,56.2195,43.7819,191
UWGG,18R,36L,9203,148,Concrete,1,0,56.2420,43.7867,56.2173,43.7776,191
UWKB,01,19,6561,131,Concrete,0,0,,,,,12
UWKD,11,29,12303,197,Concrete,1,0,55.6170,49.2509,55.5980,49.3000,126
UWKD,11R,29L,8196,148,Concrete,0,1,55.6106,49.2668,55.5979,49.2995,124
UWKE,03,21,8209,138,Asphalt,1,0,55.5571,52.0781,55.5723,52.1069,34
UWKE,04,22,5620,190,Grass,0,1,55.5576,52.0771,55.5681,52.0970,47
UWKG,11,29,10826,290,Concrete,1,0,,,,,
UWKJ,16,34,7874,,Asphalt,0,0,,,,,
UWKS,06,24,8241,161,Asphalt,1,0,56.0868,47.3281,56.0938,47.3664,72
UWKS,06R,24L,4950,270,Grass,0,0,56.0867,47.3363,56.0909,47.3593,73
UWLL,03,21,12533,148,Concrete,1,0,54.2593,48.2139,54.2829,48.2393,19
UWLS,13L,31R,3280,115,Concrete,1,0,,,,,
UWLW,02,20,16404,323,Concrete,1,0,54.3818,48.7825,54.4203,48.8229,18
UWOO,08,26,8212,138,Concrete,1,0,51.7958,55.4386,51.7958,55.4749,90
UWOR,01,19,1980,160,Grass,0,0,51.0730,58.5829,51.0782,58.5853,17
UWOR,07,25,9514,138,Asphalt,1,0,51.0695,58.5754,51.0755,58.6158,77
UWOR,07R,25L,5840,300,Grass,0,0,51.0710,58.5914,51.0747,58.6161,77
UWOR,16,34,2030,170,Grass,0,0,51.0782,58.5853,51.0727,58.5865,172
UWPP,11,29,9155,145,Asphalt,0,0,,,,,
UWPS,02,20,9186,138,Concrete,0,0,54.1147,45.2011,54.1357,45.2243,33
UWSB,03,21,7710,131,Concrete,1,0,,,,,
UWSG,08,26,9843,148,Concrete,1,0,51.7131,46.1495,51.7121,46.1929,81
UWUB,08,26,4920,131,Concrete,1,0,,,,,
UWUK,01,19,6562,131,Concrete,1,0,,,,,
UWUU,01,19,2215,345,Gravel,0,1,54.5597,55.8977,54.5650,55.9027,29
UWUU,05,23,2380,300,Gravel,0,1,54.5587,55.8947,54.5619,55.9044,60
UWUU,14,32,2115,315,Gravel,0,0,54.5624,55.9019,54.5573,55.9067,152
UWUU,14L,32R,8245,161,Concrete,1,1,54.5668,55.8750,54.5471,55.8940,151
UWUU,14R,32L,12339,148,Concrete,1,0,54.5732,55.8493,54.5437,55.8777,151
UWWB,01,19,7217,138,Concrete,1,0,,,,,
UWWG,02,20,11482,295,Concrete,1,0,,,,,
UWWS,04,22,3938,124,Concrete,0,0,,,,,
UWWW,05,23,8379,197,Asphalt,1,0,53.4984,50.1349,53.5094,50.1693,49
UWWW,15,33,9846,148,Concrete,1,0,53.5186,50.1690,53.4932,50.1845,148
VAAH,05,23,11499,150,Asphalt,1,0,23.0660,72.6227,23.0884,72.6466,45
VAAK,10,28,4600,145,Permeable,0,0,20.7003,77.0530,20.6978,77.0643,103
VAAU,09,27,9314,148,Macadam,1,0,19.8629,75.3820,19.8632,75.4090,89
VABB,09,27,11511,197,Asphalt,1,0,19.0884,72.8480,19.0889,72.8811,89
VABB,14,32,9419,148,Asphalt,1,0,19.0985,72.8573,19.0801,72.8772,134
VABJ,05,23,8205,150,Asphalt,1,0,23.2798,69.6615,23.2958,69.6789,45
VABM,08,26,7546,148,Macadam,1,0,15.8580,74.6103,15.8609,74.6263,79
VABO,04,22,8100,150,Asphalt,1,0,22.3282,73.2180,22.3441,73.2346,44
VABP,06,24,3420,148,Asphalt,1,1,23.2852,77.3377,23.2905,77.3461,55
VABP,12,30,9022,148,Asphalt,1,0,23.2914,77.3240,23.2828,77.3417,118
VABV,07,25,6300,150,Asphalt,1,0,21.7490,72.1772,21.7555,72.1943,68
VADN,03,21,5909,150,Asphalt,1,0,20.4230,72.8375,20.4377,72.8449,25
VADN,09,27,3282,80,Asphalt,0,0,20.4349,72.8355,20.4342,72.8451,94
VADS,06,24,3300,65,Asphalt,0,0,24.2652,72.2005,24.2707,72.2084,53
VAGN,14,32,3000,45,Asphalt,0,0,24.6579,77.3445,24.6515,77.3502,141
VAHB,08,26,5479,100,Asphalt,0,0,15.3608,75.0771,15.3627,75.0926,83
VAHS,05,23,9974,148,Asphalt,1,0,22.3700,71.0288,22.3883,71.0507,
VAID,07,25,9035,148,Composite,1,0,22.7175,75.7910,22.7261,75.8111,65
VAJB,06,24,6522,150,Asphalt,1,0,23.1731,80.0438,23.1825,80.0603,59
VAJJ,08,26,3750,,,0,0,,,,,
VAJL,09,27,5577,148,Asphalt,1,0,20.9632,75.6195,20.9622,75.6358,89
VAJM,06,24,8242,148,Concrete,1,0,22.4573,69.9964,22.4681,70.0178,61
VAJM,12,30,8236,148,Asphalt,0,0,22.4710,70.0008,22.4609,70.0225,116
VAKE,05,23,4997,94,Concrete,0,0,23.1083,70.0946,23.1171,70.1060,50
VAKJ,01,19,7460,148,Asphalt,1,0,24.8072,79.9160,24.8272,79.9212,13
VAKP,07,25,6332,147,Asphalt,1,0,16.6625,74.2833,16.6668,74.2954,70
VAKS,05,23,4500,150,Asphalt,1,0,21.3131,70.2653,21.3211,70.2755,50
VALT,05,23,7546,100,Asphalt,0,0,18.4069,76.4588,18.4160,76.4706,51
VAND,09,27,7546,148,Asphalt,1,0,19.1828,77.3119,19.1812,77.3249,99
VANP,09,27,6358,150,Asphalt,0,1,21.0913,79.0373,21.0930,79.0560,84
VANP,14,32,10500,150,Asphalt,1,0,21.1090,79.0338,21.0858,79.0523,143
VAOZ,09,27,9843,148,CON/ASP,1,0,20.1178,73.8987,20.1204,73.9271,85
VAPO,10,28,10000,150,Asphalt,1,0,18.5829,73.9063,18.5814,73.9303,94
VAPO,14,32,5893,150,Asphalt,0,0,18.5850,73.9164,18.5738,73.9287,134
VAPR,09,27,4500,150,Asphalt,0,0,21.6485,69.6506,21.6489,69.6639,88
VARG,05,23,6890,148,Asphalt,0,0,17.0091,73.3234,17.0182,73.3322,43
VARK,05,23,6040,148,Asphalt,1,0,22.3035,70.7730,22.3148,70.7860,47
VARP,06,24,6414,150,Asphalt,1,0,21.1758,81.7308,21.1850,81.7468,58
VASD,09,27,8202,148,Hard,0,0,19.6885,74.3652,19.6891,74.3889,89
VASL,15,33,6591,145,Asphalt,0,0,17.6330,75.9312,17.6229,75.9385,145
VASU,04,22,9530,148,Asphalt,1,0,21.1104,72.7382,21.1177,72.7454,43
VAUD,08,26,7484,150,Asphalt,1,0,24.6162,73.8849,24.6192,73.9073,82
VCBI,04,22,10991,148,Asphalt,1,0,7.1687,79.8749,7.1928,79.8933,37
VCCA,05,23,4876,150,Asphalt,0,0,8.2968,80.4230,8.3061,80.4328,46
VCCB,06,24,5118,151,Asphalt,1,0,7.7034,81.6744,7.7081,81.6831,61
VCCC,04,22,6013,100,Asphalt,1,0,6.8151,79.8817,6.8289,79.8908,33
VCCG,07,25,3600,151,Asphalt,0,0,7.3350,81.6214,7.3392,81.6304,65
VCCJ,05,23,4593,98,Asphalt,1,0,9.7907,80.0683,9.7995,80.0775,
VCCK,07,25,3142,140,Asphalt,0,0,5.9922,80.3162,5.9952,80.3243,70
VCCN,11,29,3200,145,Asphalt,0,0,6.5535,79.9733,6.5507,79.9818,108
VCCS,04,22,5925,145,Asphalt,0,0,7.9503,80.7233,7.9630,80.7337,39
VCCT,06,24,7850,85,Asphalt,0,0,8.5330,81.1725,8.5440,81.1912,59
VCCV,05,23,5060,80,Asphalt,0,0,8.7362,80.4928,8.7466,80.5019,41
VCCW,07,25,4000,93,Asphalt,0,0,6.2525,81.2300,6.2565,81.2403,69
VCRI,05,23,11483,197,Asphalt,1,0,,,,,
VDBG,07,25,5250,112,Asphalt,0,0,13.0930,103.2180,13.0981,103.2310,69
VDKH,18,36,7874,150,Concrete,0,0,12.2661,104.5640,12.2444,104.5630,182
VDPP,05,23,9843,144,Asphalt,1,0,11.5371,104.8340,11.5560,104.8540,46
VDRK,18,36,3937,,,0,0,,,,,
VDSA,05,23,11827,197,Concrete,0,0,,,,,
VDST,02,20,4248,70,Asphalt,0,0,13.5260,106.0120,13.5371,106.0160,19
VDSV,03,21,8202,112,Asphalt,1,0,10.5740,103.6340,10.5844,103.6400,28
VDSY,18,36,4800,148,Gravel,0,0,,,,,
VEAN,05,23,3675,100,Asphalt,0,0,28.1746,94.8009,28.1761,94.8032,54
VEAT,05,23,,,,0,1,,,,,
VEAT,18,36,7500,148,Asphalt,1,0,23.8973,91.2413,23.8767,91.2396,184
VEAZ,01,19,3755,70,Asphalt,0,0,23.7415,92.8020,23.7517,92.8035,7
VEBA,18,36,2830,100,Asphalt,0,0,,,,,
VEBD,18,36,9035,150,Permeable,1,0,26.6936,88.3289,26.6689,88.3282,181
VEBG,09,27,4906,,,0,0,,,,,
VEBI,04,22,6000,150,Concrete,0,0,25.6973,91.9730,25.7100,91.9845,39
VEBK,13,31,5300,100,Asphalt,0,0,23.6483,86.1429,23.6387,86.1549,131
VEBN,09,27,9006,148,Asphalt,1,0,25.4529,82.8486,25.4518,82.8704,93
VEBS,05,23,4524,150,Asphalt,0,0,20.2402,85.8123,20.2484,85.8232,51
VEBS,14,32,9003,150,Asphalt,1,0,20.2572,85.8078,20.2409,85.8205,144
VEBU,17,35,5035,82,Asphalt,0,0,21.9952,82.1095,21.9816,82.1125,168
VECA,05,23,9003,148,Asphalt,1,0,27.4542,95.1071,27.4702,95.1282,50
VECC,01L,19R,9291,150,Asphalt,1,0,22.6402,88.4440,22.6617,88.4465,6
VECC,01R,19L,11919,150,Asphalt,1,0,22.6422,88.4463,22.6748,88.4501,6
VECO,04,22,3500,100,Asphalt,0,0,26.3271,89.4635,26.3339,89.4709,45
VEDB,07,25,3728,93,Asphalt,0,0,23.8332,86.4201,23.8364,86.4307,72
VEDG,16,34,9186,138,Asphalt,0,0,,,,,
VEDH,10,28,9000,150,Concrete,0,0,26.1950,85.9038,26.1915,85.9309,98
VEDO,09,27,2398,,Paved,0,0,,,,,
VEDX,17,35,9000,150,Concrete,1,0,22.3518,87.2127,22.3272,87.2162,173
VEDZ,07,25,3030,,,0,0,,,,,
VEGK,11,29,9000,150,Permeable,1,0,26.7446,83.4370,26.7349,83.4624,113
VEGT,02,20,9000,150,Asphalt,1,0,26.0947,91.5806,26.1175,91.5912,23
VEGY,10,28,7500,148,Asphalt,1,0,24.7468,84.9402,24.7419,84.9621,104
VEHK,15,33,4185,55,Asphalt,0,0,21.5846,84.0025,21.5748,84.0090,148
VEHX,10L,28R,6000,110,Asphalt,0,1,26.7132,89.3575,26.7087,89.3750,106
VEHX,11R,29L,9000,148,Permeable,1,0,26.7017,89.3559,26.6948,89.3823,106
VEIM,04,22,9009,148,Asphalt,1,0,24.7498,93.8890,24.7701,93.9044,35
VEJH,06,24,7844,148,Concrete,0,0,21.9084,84.0409,21.9183,84.0615,63
VEJP,16,34,3937,,Asphalt,0,0,,,,,
VEJS,08,26,4010,100,Asphalt,0,0,22.8123,86.1630,22.8140,86.1747,81
VEJT,04,22,9000,150,Concrete,1,0,26.7227,94.1658,26.7404,94.1852,44
VEKI,11,29,10500,148,Asphalt,0,0,,,,,
VEKM,01,19,4500,,Asphalt,0,0,,,,,
VEKR,03,21,3300,100,Asphalt,0,0,24.3041,92.0049,24.3122,92.0094,27
VEKU,06,24,5993,148,Asphalt,1,0,24.9084,92.9712,24.9174,92.9863,57
VEKW,18,36,3000,,,0,0,,,,,
VELP,17,35,8202,148,Asphalt,1,0,23.8518,92.6179,23.8294,92.6216,171
VELR,04,22,7500,150,Permeable,1,0,27.2879,94.0898,27.3031,94.1055,43
VEMH,11,29,3600,,,0,0,,,,,
VEMN,05,23,6000,148,Asphalt,1,0,27.4780,95.0103,27.4897,95.0235,45
VEMR,12,30,7513,148,Asphalt,1,0,25.8888,93.7615,25.8791,93.7817,118
VEMZ,10,28,3990,90,Asphalt,0,0,26.1205,85.3078,26.1177,85.3195,105
VENP,01,19,3380,96,Composite,0,0,20.8654,82.5194,20.8747,82.5197,1
VEPG,17,35,3300,,,0,0,,,,,
VEPH,15,33,9000,150,Asphalt,1,0,23.4850,87.4207,23.4637,87.4343,149
VEPI,02,20,6116,150,Asphalt,1,0,22.7729,88.3566,22.7891,88.3619,17
VEPT,07,25,6410,148,Asphalt,1,0,25.5881,85.0789,25.5946,85.0970,68
VEPU,09,27,8700,150,Concrete,1,0,25.7596,87.3968,25.7596,87.4232,90
VERC,13,31,8855,148,Asphalt,1,0,23.3225,85.3116,23.3068,85.3318,130
VERK,09,27,5987,98,Asphalt,0,0,22.2565,84.8057,22.2568,84.8234,89
VETJ,14,22,4500,,,0,0,,,,,
VETZ,05,23,9010,150,Asphalt,1,0,26.7003,92.7751,26.7180,92.7944,44
VEUK,03,21,3000,100,Asphalt,0,0,20.0939,83.1815,20.1009,83.1861,31
VEVZ,05,23,6000,150,Asphalt,1,0,17.7156,83.2181,17.7267,83.2309,48
VEVZ,10,28,10007,148,Asphalt,0,0,17.7243,83.2188,17.7220,83.2475,96
VEZO,18,36,4010,100,Asphalt,0,0,27.5938,93.8284,27.5828,93.8277,183
VGBR,17,35,5995,100,Asphalt,1,0,22.8092,90.3002,22.7928,90.3021,174
VGCB,17,35,6790,125,Asphalt,0,0,21.4613,91.9620,21.4431,91.9657,169
VGEG,05,23,9646,148,Concrete,1,0,22.2408,91.8027,22.2584,91.8239,48
VGHS,14,32,11500,150,Permeable,1,0,23.8550,90.3885,23.8317,90.4069,144
VGIS,15,33,4700,80,Concrete,0,0,24.1583,89.0463,24.1467,89.0525,154
VGJR,16,34,8000,150,Asphalt,1,0,23.1938,89.1563,23.1738,89.1653,158
VGRJ,17,35,6000,100,Asphalt,1,0,24.4453,88.6150,24.4291,88.6181,170
VGSD,16,34,6000,100,Asphalt,1,0,25.7670,88.9057,25.7515,88.9121,160
VGSY,11,29,9478,150,Asphalt,1,0,24.9683,91.8536,24.9581,91.8800,113
VGTJ,17,35,9315,98,Asphalt,0,0,23.7911,90.3790,23.7664,90.3864,164
VHHH,07C,25C,12467,197,Asphalt,1,0,22.3104,113.8960,22.3216,113.9310,71
VHHH,07L,25R,12467,197,Asphalt,1,0,22.3211,113.8807,22.3323,113.9156,74
VHHH,07R,25L,12467,197,Asphalt,1,0,22.2962,113.8980,22.3074,113.9328,71
VHSK,11,29,6180,110,Asphalt,0,0,22.4397,114.0720,22.4335,114.0890,111
VIAG,05,23,9000,148,Concrete,1,0,27.1494,77.9515,27.1666,77.9714,46
VIAG,12,30,5964,148,Concrete,1,0,27.1612,77.9526,27.1540,77.9691,116
VIAH,11,29,4882,75,Asphalt,0,0,27.8638,78.1381,27.8592,78.1523,
VIAL,06,24,4800,150,Concrete,1,0,25.4353,81.7239,25.4410,81.7370,64
VIAL,12,30,8110,150,Asphalt,1,0,25.4436,81.7261,25.4329,81.7476,119
VIAM,12L,30R,9224,150,Asphalt,1,0,30.3783,76.8023,30.3650,76.8272,122
VIAM,12R,30L,7952,150,Asphalt,1,1,30.3704,76.8078,30.3589,76.8293,122
VIAR,16,34,12000,148,Asphalt,1,0,31.7233,74.7906,31.6959,74.8039,158
VIAW,12,30,10500,150,Asphalt,1,0,33.8847,74.9613,33.8686,74.9900,124
VIAX,13,31,9039,148,Asphalt,1,0,31.4422,75.7482,31.4253,75.7694,133
VIBK,05,23,8960,148,Asphalt,1,0,28.0617,73.1973,28.0795,73.2171,45
VIBL,09,27,8990,150,Concrete,1,0,26.9888,80.8793,26.9879,80.9069,92
VIBR,16,34,3690,100,Asphalt,1,0,31.8814,77.1522,31.8720,77.1565,159
VIBT,13,31,9200,150,Asphalt,1,0,30.2784,74.7447,30.2619,74.7668,131
VIBW,12,30,4200,72,Asphalt,1,0,28.8394,76.1743,28.8347,76.1839,118
VIBY,11,29,9000,150,Concrete,1,0,28.4267,79.4379,28.4174,79.4638,112
VICG,11,29,12467,148,Asphalt,1,0,30.6785,76.7755,30.6684,76.8016,114
VICX,09,27,9000,150,Concrete,1,0,26.4041,80.4001,26.4046,80.4283,89
VIDD,12,30,4520,150,Asphalt,0,0,28.5881,77.2001,28.5809,77.2115,125
VIDF,14,32,4335,50,Asphalt,0,0,29.5984,80.2351,29.5889,80.2434,143
VIDN,08,26,7000,150,Asphalt,1,0,30.1888,78.1745,30.1906,78.1860,80
VIDP,09,27,9229,148,Asphalt,1,0,28.5705,77.0880,28.5698,77.1170,92
VIDP,10,28,12500,148,Asphalt,1,0,28.5672,77.0848,28.5585,77.1225,105
VIDP,11L,29R,14436,148,Asphalt,0,0,28.5501,77.0682,28.5407,77.1119,103
VIDP,11R,29L,14534,197,Asphalt,1,0,28.5472,77.0655,28.5377,77.1095,103
VIDX,09,27,9000,150,Permeable,1,0,28.7078,77.3449,28.7076,77.3729,90
VIGG,15,33,4620,98,Asphalt,0,0,32.1705,76.2594,32.1598,76.2674,148
VIGR,06,24,9000,150,Concrete,1,0,26.2873,78.2158,26.2994,78.2397,61
VIHR,12,30,10236,150,Asphalt,1,0,29.1822,75.7499,29.1767,75.7607,120
VIHX,13,31,10007,148,Permeable,1,0,30.7567,75.6190,30.7404,75.6406,131
VIJN,15,33,3630,70,Asphalt,0,0,25.4953,78.5554,25.4870,78.5615,146
VIJO,05,23,9005,150,Permeable,1,0,26.2423,73.0392,26.2599,73.0585,45
VIJP,08,26,9177,148,Permeable,1,0,26.8229,75.7982,26.8255,75.8262,84
VIJP,15,33,5223,148,Asphalt,0,0,26.8351,75.7946,26.8235,75.8040,144
VIJR,04,22,9000,150,Concrete,0,0,26.8796,70.8556,26.8977,70.8743,43
VIJU,18,36,6700,148,Asphalt,1,0,32.6984,74.8368,32.6799,74.8380,177
VIKA,10,28,3685,135,Concrete,0,0,26.4425,80.3594,26.4404,80.3704,102
VIKG,05,23,7060,150,Concrete,0,0,,,,,
VIKO,08,26,4078,150,Asphalt,0,0,25.1589,75.8396,25.1616,75.8516,76
VILD,12,30,4800,98,Asphalt,0,0,30.8579,75.9459,30.8515,75.9593,119
VILH,06,24,500,85,Asphalt,0,1,34.1268,77.5566,34.1274,77.5578,59
VILH,07,25,500,60,Asphalt,0,1,34.1288,77.5378,34.1291,77.5392,72
VILH,07L,25R,9040,150,Asphalt,1,0,34.1313,77.5326,34.1404,77.5604,69
VILK,09,27,8996,148,Permeable,1,0,26.7604,80.8755,26.7608,80.9031,89
VIPK,01,19,8970,150,Asphalt,1,0,32.2215,75.6323,32.2458,75.6369,9
VIPL,15,33,3830,150,Asphalt,0,0,30.3193,76.3613,30.3104,76.3676,149
VIPT,10,28,4500,100,Asphalt,0,0,29.0341,79.4681,29.0327,79.4794,98
VIRB,09,27,5650,138,Asphalt,1,0,26.2484,81.3719,26.2485,81.3891,90
VISA,05,23,8987,140,Asphalt,1,0,29.5531,74.9948,29.5680,75.0174,53
VISM,14,32,4035,75,Asphalt,0,0,31.0864,77.0644,31.0772,77.0716,146
VISP,09,27,9000,150,Concrete,1,0,29.9939,77.4111,29.9940,77.4395,90
VISR,13,31,12090,150,Asphalt,1,0,33.9990,74.7607,33.9753,74.7878,136
VIST,11,29,3476,95,Asphalt,0,0,24.5638,80.8500,24.5608,80.8599,108
VISV,12,30,5019,,Asphalt,1,0,,,,,
VIUT,02,20,9002,150,Concrete,1,0,25.8014,71.4775,25.8246,71.4870,20
VIUX,18,36,9000,148,Permeable,0,0,32.9146,75.1559,32.8898,75.1565,179
VLHS,16,34,4922,75,Asphalt,0,0,20.2636,100.4350,20.2510,100.4400,156
VLLB,06,24,8202,148,Asphalt,1,0,19.8925,102.1520,19.9020,102.1700,61
VLLN,18,36,5249,98,Asphalt,0,0,,,,,
VLPS,15,33,7874,147,Concrete,1,0,15.1382,105.7770,15.1259,105.7860,147
VLPV,14,32,3090,65,Composite,0,0,19.4581,103.2150,19.4517,103.2210,139
VLSK,04,22,5358,125,Concrete,0,0,16.5509,104.7550,16.5623,104.7640,39
VLSN,08,26,3715,80,Asphalt,0,0,20.4172,104.0610,20.4195,104.0720,77
VLVT,13,31,9843,148,Asphalt,1,0,17.9980,102.5533,17.9787,102.5732,135
VLXK,07,25,8555,130,Asphalt,0,0,19.4442,103.1450,19.4514,103.1690,72
VMMC,16,34,10544,148,Concrete,1,0,22.1623,113.5860,22.1350,113.5970,160
VNBP,15,33,3799,98,Asphalt,0,0,,,,,
VNBW,10,28,9843,148,Asphalt,1,0,27.5068,83.3958,27.5027,83.4258,99
VNCG,10,28,3965,95,Asphalt,0,0,26.5718,88.0736,26.5698,88.0855,101
VNDG,16,34,2730,,,0,0,,,,,
VNDH,09,27,5000,,,0,0,,,,,
VNJL,09,27,2165,82,Asphalt,0,0,,,,,
VNJP,09,27,3300,100,Asphalt,0,0,26.7089,85.9174,26.7087,85.9274,90
VNJS,06,24,2424,,Asphalt,0,0,,,,,
VNKT,02,20,10991,148,Asphalt,1,0,27.6838,85.3534,27.7094,85.3648,22
VNLK,06,24,1729,98,Asphalt,0,0,27.6857,86.7272,27.6880,86.7317,60
VNMA,11,29,2133,,Asphalt,0,0,,,,,
VNMG,08,26,3560,,Grass,0,0,,,,,
VNMN,17,35,2900,,,0,0,,,,,
VNNG,08,26,4935,100,Asphalt,0,0,28.1026,81.6594,28.1047,81.6746,81
VNPK,04,22,4720,100,Asphalt,1,0,28.1958,83.9774,28.2059,83.9867,39
VNPL,02,20,2201,,Asphalt,0,0,,,,,
VNPL,H1,,,,Concrete,0,0,,,,,
VNRK,03,21,1969,,Asphalt,0,0,,,,,
VNSI,01,19,3911,98,Asphalt,1,0,27.1542,84.9789,27.1647,84.9814,12
VNSK,02,20,3400,,,0,0,,,,,
VNTJ,07,25,2313,,,0,0,,,,,
VNTR,16,34,4000,,,0,0,,,,,
VNVT,09,27,4937,100,Asphalt,1,0,26.4817,87.2565,26.4812,87.2716,92
VOAR,06,24,13460,155,Permeable,1,0,13.0616,79.6750,13.0808,79.7074,59
VOAT,04,22,4235,98,Asphalt,0,0,10.8189,72.1726,10.8284,72.1795,35
VOBG,09,27,10850,200,Asphalt,1,0,12.9488,77.6555,12.9515,77.6858,85
VOBI,12,30,3630,50,Asphalt,0,0,15.1655,76.8785,15.1601,76.8871,123
VOBL,09L,27R,13123,148,Asphalt,1,0,13.2072,77.6861,13.2068,77.7230,
VOBL,09R,27L,13123,148,Asphalt,1,0,13.1897,77.6900,13.1894,77.7269,92
VOBR,02,20,6955,148,Asphalt,1,0,17.8970,77.4834,17.9154,77.4897,18
VOBR,08,26,6798,150,Asphalt,1,0,17.9047,77.4704,17.9085,77.4894,78
VOBZ,08,26,11023,148,Asphalt,1,0,16.5289,80.7888,16.5320,80.8049,79
VOCB,05,23,8480,150,Asphalt,1,0,11.0219,77.0349,11.0382,77.0519,46
VOCC,13,31,4640,145,Asphalt,0,0,9.9489,76.2712,9.9408,76.2813,129
VOCC,17,35,5960,145,Asphalt,1,0,9.9554,76.2712,9.9394,76.2749,167
VOCI,09,27,11155,148,Asphalt,1,0,10.1514,76.3864,10.1526,76.4174,88
VOCL,10,28,9383,150,Asphalt,1,0,11.1393,75.9424,11.1344,75.9682,101
VOCP,11,29,6562,148,Asphalt,0,0,14.5115,78.7681,14.5084,78.7775,108
VOCX,02,20,8914,140,Concrete,1,0,9.1411,92.8153,9.1639,92.8239,20
VODG,10L,28R,8250,150,Concrete,1,0,17.6314,78.3902,17.6277,78.4135,99
VODG,10R,28L,6800,150,Asphalt,0,0,17.6264,78.3953,17.6233,78.4145,100
VOGA,10,28,11483,148,Asphalt,0,0,15.7457,73.8445,15.7431,73.8771,
VOGB,09,27,10417,,Asphalt,1,0,,,,,
VOGO,08,26,11345,148,Asphalt,1,0,15.3778,73.8156,15.3839,73.8472,79
VOHK,09,27,6873,148,Concrete,1,0,17.5525,78.5127,17.5541,78.5324,85
VOHS,09L,27R,12162,148,Asphalt,1,0,17.2306,78.4123,17.2311,78.4533,90
VOHS,09R,27L,13976,197,Asphalt,1,0,17.2286,78.4128,17.2291,78.4529,90
VOHY,09,27,10600,148,Asphalt,1,0,17.4530,78.4539,17.4536,78.4843,89
VOJV,13,31,5049,100,Bitumen,1,0,,,,,135
VOKN,07,25,10007,148,Asphalt,1,0,,,,,
VOKP,10,28,6000,,,0,0,,,,,
VOKU,10,28,6562,98,Concrete,0,0,15.7178,78.1591,15.7150,78.1775,
VOMD,09,27,5990,148,Asphalt,1,0,9.8340,78.0851,9.8350,78.1017,86
VOMD,13,31,4603,148,Concrete,0,1,9.8406,78.0821,9.8327,78.0928,127
VOML,06,24,8035,151,Concrete,1,0,12.9491,74.8776,12.9601,74.8959,
VOML,09,27,5300,150,Asphalt,1,1,12.9612,74.8826,12.9614,74.8975,89
VOMM,07,25,12001,148,Asphalt,1,0,12.9841,80.1530,12.9960,80.1844,69
VOMM,12,30,6708,148,Permeable,1,0,13.0019,80.1658,12.9934,80.1825,118
VOMY,09,27,5709,98,Concrete,0,0,,,,,
VONS,09,27,5050,100,Asphalt,0,0,16.5424,79.3115,16.5429,79.3259,88
VOPB,04,22,10795,148,Asphalt,1,0,11.6292,92.7208,11.6531,92.7387,36
VOPC,07,25,4921,100,Asphalt,0,0,11.9667,79.8049,11.9707,79.8152,68
VOPN,09,27,7315,145,Asphalt,1,0,14.1498,77.7808,14.1488,77.8015,93
VORM,01,19,2385,150,Asphalt,0,0,,,,,
VORY,05,23,10384,148,Asphalt,0,0,17.0973,81.8013,17.1144,81.8251,54
VOSM,04,22,5925,150,Asphalt,0,0,11.7766,78.0609,11.7901,78.0703,34
VOSX,05,23,8255,148,Asphalt,1,0,11.0061,77.1510,11.0210,77.1684,49
VOTJ,07,25,5680,150,Concrete,0,0,10.7194,79.0946,10.7257,79.1090,66
VOTJ,14,32,4757,150,Concrete,0,0,10.7244,79.0996,10.7149,79.1088,136
VOTK,10,28,4434,95,Asphalt,0,0,8.7254,78.0199,8.7231,78.0318,101
VOTP,08,26,12500,148,Asphalt,1,0,13.6310,79.5328,13.6340,79.5537,81
VOTR,09,27,6115,150,Asphalt,1,0,10.7652,78.7073,10.7665,78.7243,86
VOTR,15,33,4776,150,Asphalt,0,1,10.7688,78.7076,10.7575,78.7145,149
VOTV,14,32,11148,150,Asphalt,1,0,8.4931,76.9094,8.4711,76.9309,136
VOTX,05,23,4965,150,Asphalt,1,0,12.9005,80.1155,12.9105,80.1250,43
VOTX,12,30,5965,150,Asphalt,1,0,12.9100,80.1169,12.9019,80.1315,119
VOWA,09,27,6000,,,0,0,,,,,
VOYK,09,27,7205,145,Asphalt,1,0,13.1356,77.5959,13.1354,77.6161,91
VQBT,14,32,3937,,Asphalt,0,0,,,,,
VQGP,11,29,4921,115,Asphalt,0,0,26.8878,90.4575,26.8814,90.4708,118
VQPR,15,33,7431,98,Asphalt,1,0,27.4122,89.4191,27.3944,89.4304,151
VQTY,12,30,4154,120,Asphalt,0,0,27.2596,91.5092,27.2533,91.5198,124
VRDA,06,24,9350,148,Asphalt,1,0,5.8096,73.4566,5.8242,73.4779,
VRMD,11,29,3901,,Asphalt,0,0,,,,,
VRMG,10,28,12000,165,Concrete,1,0,-0.6906,73.1385,-0.6947,73.1647,99
VRMH,03,21,8087,148,Asphalt,1,0,6.7393,73.1680,6.7492,73.1730,27
VRMK,03,21,4003,98,Asphalt,1,0,1.8542,73.5196,1.8642,73.5243,25
VRMM,18,36,11155,197,Asphalt,1,0,4.2126,73.5310,4.1819,73.5310,179
VRMO,18,36,5905,98,,0,0,0.7419,73.4339,0.7256,73.4345,
VRMT,16,34,4003,98,Asphalt,1,0,0.4932,72.9947,0.4831,72.9991,155
VRMU,10,28,6099,,Asphalt,0,0,,,,,
VRMV,09,27,5905,98,Asphalt,0,0,,,,,
VTBD,03L,21R,12139,197,Asphalt,1,0,13.8971,100.5960,13.9264,100.6120,29
VTBD,03R,21L,11483,148,Asphalt,1,0,13.8995,100.6020,13.9274,100.6170,29
VTBE,H1,H1,,,Concrete,0,0,,,,,
VTBH,01,19,3300,98,Asphalt,1,0,14.9449,100.6420,14.9539,100.6440,9
VTBH,06,24,3890,98,Asphalt,1,0,14.9458,100.6370,14.9514,100.6460,58
VTBI,17,35,3280,112,Asphalt,0,0,14.0822,101.3790,14.0733,101.3810,172
VTBK,03,21,9000,148,Concrete,1,0,14.0912,99.9109,14.1128,99.9235,30
VTBL,05,23,4435,148,Concrete,1,0,14.8694,100.6580,14.8777,100.6670,47
VTBL,10,28,600,64,Asphalt,0,0,14.8863,100.6610,14.8862,100.6630,96
VTBL,16,34,7252,148,Asphalt,1,0,14.8839,100.6600,14.8651,100.6670,160
VTBO,05,23,5899,150,Asphalt,1,0,12.2703,102.3140,12.2789,102.3240,51
VTBP,08,26,6562,131,Asphalt,1,0,11.7852,99.7899,11.7891,99.8079,78
VTBP,18,36,3281,131,Asphalt,0,0,11.7931,99.8046,11.7841,99.8047,179
VTBS,01,19,13123,197,Asphalt,1,0,13.6567,100.7518,13.6917,100.7610,14
VTBS,02L,20R,13123,197,Asphalt,1,0,13.6652,100.7292,13.7002,100.7384,14
VTBS,02R,20L,12139,197,Asphalt,1,0,13.6713,100.7347,13.7037,100.7432,14
VTBT,05,23,3031,,Asphalt,0,0,,,,,
VTBU,18,36,11500,197,Asphalt,1,0,12.6958,101.0060,12.6641,101.0040,185
VTBV,16,34,3000,50,Concrete,1,0,12.2539,102.5152,12.2461,102.5181,
VTBW,05,23,4922,115,Asphalt,0,0,13.7644,102.3100,13.7732,102.3210,50
VTCC,18,36,11155,148,Asphalt,1,0,18.7838,98.9629,18.7530,98.9629,180
VTCH,11,29,6562,98,Asphalt,1,0,19.3040,97.9668,19.2985,97.9849,107
VTCI,01,19,2329,59,Asphalt,0,0,19.3696,98.4352,19.3751,98.4368,
VTCL,18,36,6465,95,Asphalt,1,0,18.2798,99.5035,18.2620,99.5050,175
VTCN,02,20,6562,148,Asphalt,1,0,18.7995,100.7800,18.8163,100.7870,21
VTCP,01,19,4921,98,Asphalt,1,0,18.1254,100.1640,18.1389,100.1650,6
VTCS,01,19,2400,,Asphalt,0,0,,,,,
VTCT,03,21,9843,148,Asphalt,1,0,19.9405,99.8760,19.9642,99.8899,29
VTCY,16,34,,,,0,0,,,,,
VTPB,18,36,6890,148,Asphalt,1,0,16.6855,101.1950,16.6665,101.1950,180
VTPH,16,34,6890,115,Asphalt,1,0,12.6451,99.9482,12.6273,99.9549,160
VTPI,18,36,9843,148,Concrete,1,0,15.2909,100.2960,15.2637,100.2960,181
VTPL,01,19,3281,98,Asphalt,0,0,16.8199,101.2510,16.8288,101.2520,8
VTPM,09,27,4921,98,Asphalt,1,0,16.6998,98.5380,16.7000,98.5521,89
VTPN,05,23,4481,98,Asphalt,1,0,15.6693,100.1320,15.6767,100.1420,53
VTPO,18,36,6890,148,Asphalt,1,0,17.2475,99.8184,17.2285,99.8180,181
VTPP,14,32,9843,148,Asphalt,1,0,16.7939,100.2710,16.7720,100.2870,144
VTPT,09,27,4921,98,Asphalt,1,0,16.8960,99.2463,16.8960,99.2604,90
VTPY,05,23,4899,98,Asphalt,0,0,17.2296,99.0527,17.2388,99.0631,48
VTSA,17,35,3609,131,Asphalt,0,0,6.6664,100.0800,6.6564,100.0810,174
VTSB,04,22,9843,148,Asphalt,1,0,9.1228,99.1260,9.1424,99.1451,44
VTSC,02,20,8202,148,Asphalt,1,0,6.5116,101.7400,6.5282,101.7470,23
VTSE,06,24,6890,148,Asphalt,1,0,10.7065,99.3534,10.7159,99.3700,60
VTSF,01,19,6890,148,Asphalt,1,0,8.5301,99.9437,8.5491,99.9457,6
VTSG,14,32,9842,148,Asphalt,1,0,8.1065,98.9801,8.0918,98.9922,141
VTSH,13,31,4954,148,Asphalt,1,0,7.1913,100.6030,7.1817,100.6130,135
VTSK,08,26,4593,131,Asphalt,0,0,6.7850,101.1470,6.7859,101.1600,86
VTSM,17,35,6759,148,Asphalt,1,0,9.5572,100.0620,9.5387,100.0630,175
VTSN,18,36,7546,148,Asphalt,0,0,8.4815,99.9544,8.4608,99.9569,173
VTSP,09,27,10171,148,Asphalt,1,0,8.1120,98.3033,8.1145,98.3304,85
VTSR,02,20,6562,148,Concrete,1,0,9.7693,98.5818,9.7859,98.5892,24
VTSS,08,26,10007,148,Asphalt,1,0,6.9308,100.3790,6.9342,100.4070,83
VTST,08,26,6890,148,Asphalt,1,0,7.5072,99.6072,7.5103,99.6260,81
VTSW,13,31,1640,59,Grass,0,0,,,,,
VTUD,12,30,10000,148,Asphalt,1,0,17.3927,102.7750,17.3802,102.8010,117
VTUI,05,23,8530,148,Asphalt,1,0,17.1868,104.1100,17.2035,104.1270,45
VTUJ,01,19,5053,115,Asphalt,0,0,14.8614,103.4970,14.8752,103.4990,8
VTUK,03,21,10007,148,Asphalt,1,0,16.4550,102.7760,16.4782,102.7910,33
VTUL,01,19,6890,148,Asphalt,1,0,17.4300,101.7190,17.4482,101.7250,17
VTUN,06,24,9843,148,Concrete,1,0,14.9281,102.0660,14.9408,102.0910,62
VTUO,04,22,6890,148,Asphalt,1,0,15.2218,103.2480,15.2373,103.2590,35
VTUQ,06,24,6890,148,Asphalt,1,0,14.9449,102.3040,14.9541,102.3210,61
VTUR,17,35,3125,98,Asphalt,0,0,16.0745,103.6450,16.0662,103.6470,167
VTUU,05,23,9848,148,Asphalt,1,0,15.2428,104.8590,15.2597,104.8810,52
VTUV,18,36,6890,148,Asphalt,1,0,16.1263,103.7740,16.1073,103.7730,183
VTUW,15,33,8203,148,Asphalt,1,0,17.3930,104.6360,17.3745,104.6500,145
VTUZ,01,19,10359,148,Concrete,0,0,16.6384,102.9660,16.6667,102.9690,7
VVBM,09,27,9843,148,Asphalt,0,0,12.6685,108.1060,12.6681,108.1340,91
VVCA,14,32,10007,148,Asphalt,0,0,15.4157,108.6958,15.3963,108.7160,135
VVCI,07,25,10007,164,Asphalt,1,0,20.8161,106.7140,20.8227,106.7360,72
VVCM,09,27,4921,98,Asphalt,0,0,9.1776,105.1710,9.1773,105.1847,
VVCR,02L,20R,10000,148,Concrete,1,0,11.9851,109.2148,12.0112,109.2238,19
VVCR,02R,20L,10000,150,Concrete,0,0,11.9816,109.2166,12.0077,109.2256,
VVCS,11,29,6004,98,Asphalt,0,0,8.7347,106.6248,8.7292,106.6405,111
VVCT,06,24,9843,148,Asphalt,1,0,10.0797,105.7020,10.0906,105.7210,60
VVDB,17,35,7874,98,Concrete,0,0,21.4052,103.0022,21.3901,103.0093,156
VVDH,11,29,7874,148,Concrete,0,0,17.5178,106.5850,17.5090,106.6050,114
VVDL,09,27,10663,148,Asphalt,0,0,11.7523,108.3470,11.7538,108.3767,
VVDN,17L,35R,11483,148,Asphalt,1,0,16.0577,108.1980,16.0304,108.2020,172
VVDN,17R,35L,10000,148,Asphalt,0,0,16.0574,108.1960,16.0301,108.2000,172
VVGL,02,20,6571,100,Asphalt,0,0,21.0322,105.8820,21.0487,105.8900,24
VVKP,07,25,7230,150,Asphalt,0,0,21.3907,106.2510,21.3984,106.2710,67
VVNB,11L,29R,10499,148,Concrete,1,0,21.2255,105.7920,21.2165,105.8230,107
VVNB,11R,29L,12466,148,Concrete,1,0,21.2250,105.7854,21.2143,105.8222,107
VVNS,12,30,7874,,,0,0,,,,,
VVPB,09,27,8775,130,Asphalt,1,0,16.4022,107.6900,16.4008,107.7150,93
VVPC,15,33,10010,148,Concrete,0,0,13.9665,109.0350,13.9435,109.0500,147
VVPK,09,27,7874,148,Asphalt,0,0,14.0047,108.0036,14.0043,108.0258,91
VVPQ,10,28,9843,150,Asphalt,1,0,10.1712,103.9790,10.1685,104.0070,96
VVPR,04,22,9990,148,Concrete,0,0,11.6241,108.9420,11.6429,108.9620,47
VVRG,08,26,4921,98,Asphalt,0,0,9.9565,105.1260,9.9599,105.1393,
VVTH,02,20,2770,90,Asphalt,0,1,13.0471,109.3310,13.0540,109.3350,32
VVTH,03,21,9520,148,Concrete,0,0,13.0371,109.3274,13.0598,109.3407,30
VVTH,03R,21L,9300,150,Concrete,0,1,13.0361,109.3300,13.0583,109.3430,30
VVTS,07L,25R,10007,148,Concrete,1,0,10.8150,106.6370,10.8249,106.6630,69
VVTS,07R,25L,12468,148,Concrete,1,0,10.8115,106.6370,10.8237,106.6700,69
VVTX,13,31,10499,164,Asphalt,0,0,19.9116,105.4574,19.8935,105.4812,
VVVD,03,21,11811,148,Concrete,1,0,21.1058,107.4080,21.1351,107.4230,
VVVH,17,35,7875,148,Asphalt,0,0,18.7483,105.6693,18.7295,105.6718,173
VYAN,18,36,8500,100,Concrete,0,0,19.7808,94.0265,19.7575,94.0257,182
VYAS,03,21,10020,205,Concrete,0,0,21.9429,96.3998,21.9679,96.4123,25
VYBG,18,36,8500,100,Asphalt,1,0,21.1904,94.9302,21.1671,94.9301,180
VYBM,15,33,5502,102,Asphalt,0,0,24.2754,97.2418,24.2626,97.2505,148
VYBP,17,35,10024,102,Concrete,0,0,11.1629,98.7316,11.1362,98.7386,166
VYCI,01,19,4443,101,Asphalt,0,0,14.1355,93.3674,14.1475,93.3696,10
VYCZ,01,19,6500,100,Asphalt,1,0,21.9317,96.0882,21.9494,96.0909,8
VYDW,16,34,12013,98,Concrete,0,0,14.1128,98.1997,14.0950,98.2075,157
VYHH,18,36,8500,148,Asphalt,1,0,,,,,
VYHL,16,34,11970,200,Concrete,0,0,24.9151,94.9080,24.8841,94.9200,161
VYKG,12,30,7815,75,Asphalt,0,0,21.3071,99.6261,21.2961,99.6459,121
VYKL,09,27,5502,102,Asphalt,0,0,23.1886,94.0429,23.1879,94.0593,93
VYKP,18,36,4600,100,Asphalt,1,0,19.4328,93.5348,19.4201,93.5348,180
VYKT,02,20,6000,150,Asphalt,1,0,10.0414,98.5354,10.0571,98.5406,18
VYLK,01,19,5200,75,Asphalt,1,0,19.6843,97.2143,19.6987,97.2154,4
VYLS,01,19,5285,95,Asphalt,1,0,22.9706,97.7516,22.9851,97.7528,4
VYLY,18,36,3821,61,Asphalt,0,0,20.9456,94.8229,20.9351,94.8223,183
VYMD,17,35,14003,200,Concrete,1,0,21.7200,95.9744,21.6820,95.9812,171
VYME,18,36,8795,180,Asphalt,1,0,12.4520,98.6220,12.4276,98.6209,183
VYMK,04,22,6100,100,Asphalt,1,0,25.3768,97.3465,25.3904,97.3582,38
VYMM,04,22,5260,150,Asphalt,1,0,16.4388,97.6564,16.4507,97.6650,35
VYMO,12,30,4498,102,Asphalt,0,0,23.0952,96.6393,23.0898,96.6513,116
VYMS,12,30,5000,102,Asphalt,0,0,20.5205,99.2507,20.5130,99.2630,123
VYMW,01,19,8530,,Concrete,0,0,,,,,
VYMY,18,36,8530,98,Asphalt,0,0,,,,,
VYNP,18,36,11025,190,Asphalt,0,0,25.3695,97.2950,25.3392,97.2953,180
VYNS,03,21,12005,200,Concrete,1,0,20.8758,97.7279,20.9052,97.7439,27
VYNT,16,34,12000,500,Concrete,1,0,19.6389,96.1936,19.6085,96.2071,157
VYPA,03,21,4502,102,Asphalt,0,0,16.8884,97.6712,16.8990,97.6779,31
VYPN,06,24,4400,100,Concrete,0,0,16.8126,94.7743,16.8179,94.7856,64
VYPT,17,35,7002,102,Asphalt,1,0,27.3394,97.4250,27.3205,97.4276,174
VYPU,18,36,8530,,Asphalt,0,0,,,,,
VYPY,07,25,4502,131,Asphalt,0,0,18.8218,95.2601,18.8271,95.2719,65
VYST,01,19,8501,150,Concrete,1,0,20.9301,95.9131,20.9532,95.9159,7
VYSW,11,29,6001,151,Asphalt,1,0,20.1347,92.8641,20.1307,92.8812,104
VYTD,02,20,5502,102,Asphalt,0,0,18.4537,94.2974,18.4678,94.3028,20
VYTL,04,22,7002,102,Asphalt,1,0,20.4762,99.9291,20.4915,99.9416,38
VYTO,18,36,12005,200,Asphalt,0,0,19.0477,96.4013,19.0148,96.4012,180
VYXG,04,22,6560,102,Concrete,0,0,21.4001,94.1255,21.4140,94.1379,40
VYYY,03,21,11200,200,Asphalt,1,0,16.8980,96.1269,16.9166,96.1395,33
WAAA,03,21,10171,148,Asphalt,1,0,-5.0923,119.5440,-5.0680,119.5580,29
WAAA,13,31,8202,148,Asphalt,1,0,-5.0543,119.5450,-5.0690,119.5630,131
WAAT,12,30,3500,,,0,0,,,,,123
WABB,11,29,11715,150,Asphalt,1,0,-1.1847,136.0930,-1.1953,136.1230,109
WABC,05,23,1804,66,Grass,0,0,,,,,
WABK,17,35,2402,66,Asphalt,0,0,,,,,
WABL,07,25,1968,59,Asphalt,0,0,,,,,
WABN,13,31,1969,59,Asphalt,0,0,,,,,
WABP,12,30,7841,148,Asphalt,1,0,-4.5225,136.8780,-4.5340,136.8970,122
WABT,08,26,3585,,,0,0,,,,,
WABW,04,22,1541,148,Grass,0,0,,,,,
WABY,01,19,2440,98,Gravel,0,0,,,,,
WADB,13,31,5405,98,Asphalt,1,0,-8.5341,118.6820,-8.5452,118.6920,138
WADD,09,27,9790,148,Asphalt,1,0,-8.7487,115.1540,-8.7476,115.1810,88
WADE,14,32,2233,59,Asphalt,0,0,-8.1387,114.6150,-8.1428,114.6180,141
WADL,13,31,10826,197,Asphalt,1,0,-8.7493,116.2660,-8.7650,116.2850,127
WADS,14,32,5906,98,Asphalt,0,0,-8.4840,117.4080,-8.4941,117.4160,141
WADT,10,28,5905,98,Asphalt,0,0,-9.4084,119.2360,-9.4110,119.2530,99
WADW,15,33,5415,98,Asphalt,0,0,-9.6627,120.2980,-9.6758,120.3060,151
WADY,08,26,4593,98,Asphalt,0,0,-8.3111,114.3340,-8.3092,114.3460,81
WAEE,14,32,5875,98,Asphalt,1,0,0.8377,127.3760,0.8251,127.3870,141
WAEW,09,27,7880,95,Asphalt,0,0,2.0457,128.3140,2.0462,128.3350,89
WAFB,04,22,6562,,Asphalt,1,0,,,,,
WAFD,17,35,4593,,Asphalt,0,0,,,,,
WAFF,15,33,6781,98,Asphalt,1,0,-0.9100,119.9060,-0.9270,119.9140,156
WAFJ,05,23,6398,30,Asphalt,0,0,,,,,
WAFL,11,29,4593,98,Asphalt,0,0,,,,,
WAFM,02,20,3133,82,Asphalt,0,0,-2.5621,120.3230,-2.5540,120.3260,19
WAFP,03,21,3650,75,Asphalt,0,0,-1.4210,120.6550,-1.4125,120.6600,33
WAFU,12,30,6070,,Asphalt,0,0,,,,,
WAFW,03,21,6070,98,Asphalt,0,0,-1.0437,122.7690,-1.0341,122.7750,35
WAFZ,09,27,3937,,Asphalt,0,0,,,,,
WAGG,16,34,8202,148,Asphalt,1,0,-2.2163,113.9390,-2.2340,113.9460,159
WAGL,04,22,1312,,,0,0,,,,,
WAHI,11,29,10663,148,Asphalt,1,0,-7.9003,110.0434,-7.9104,110.0711,
WAHL,13,31,4593,96,Asphalt,1,0,-7.6407,109.0290,-7.6494,109.0390,133
WAHP,10,28,5249,98,Asphalt,0,0,,,,,
WAHU,13,31,3937,98,Asphalt,0,0,,,,,
WAJB,10,28,2798,75,Asphalt,0,0,,,,,
WAJC,06D,24A,1870,56,Grass,0,0,,,,,
WAJD,10,28,,,Grass,0,0,,,,,
WAJG,07,25,2530,70,Asphalt,0,0,-4.4434,140.8802,-4.4420,140.8870,78
WAJI,13,31,2451,72,Asphalt,0,0,-1.8711,138.7510,-1.7859,138.7560,136
WAJJ,12,30,9842,148,Asphalt,1,0,-2.5712,140.5086,-2.5873,140.5302,127
WAJK,07,25,1448,59,Gravel,0,0,,,,,
WAJL,12,30,2016,62,Grass,0,0,,,,,
WAJM,09,27,2615,89,Asphalt,0,0,,,,,
WAJO,11,29,2854,59,,0,0,,,,,
WAJO,error,error,,,,0,0,,,,,
WAJY,06,24,,,Sand/Grass,0,0,,,,,
WAKE,02,20,1969,,Asphalt,0,0,-7.1787,139.5822,-7.1736,139.5842,21
WAKK,16,34,6070,98,Asphalt,1,0,-8.5124,140.4160,-8.5282,140.4210,160
WAKM,09,27,2130,49,Grass,0,0,,,,,
WAKO,08,26,1968,59,Asphalt,0,0,,,,,
WAKP,15,33,2005,79,Asphalt,0,0,,,,,
WAKQ,09,27,2154,30,Asphalt,0,0,,,,,
WALE,03,21,2953,75,Asphalt,0,0,,,,,
WALG,03,21,3773,75,Asphalt,0,0,2.8316,117.3710,2.8412,117.3760,29
WALJ,02,20,2461,59,Asphalt,0,0,,,,,
WALL,07,25,8202,148,Asphalt,1,0,-1.2727,116.8840,-1.2639,116.9050,67
WALQ,01,19,3937,98,Asphalt,0,0,-0.3114,117.4150,-0.3007,117.4170,10
WALR,06,24,7382,147,Asphalt,1,0,3.3198,117.5560,3.3305,117.5730,56
WALS,04,22,7382,148,Asphalt,1,0,-0.3815,117.2425,-0.3669,117.2567,34
WALT,08,26,4501,98,Asphalt,0,0,-0.0940,117.4330,-0.0916,117.4450,79
WALV,04,22,3281,98,Asphalt,1,0,3.4522,117.8650,3.4593,117.8700,38
WALX,07,25,5690,145,Concrete,1,0,2.0048,117.7420,2.0103,117.7560,69
WAMA,04,22,2460,75,Asphalt,0,0,,,,,
WAMG,09,27,8202,148,Asphalt,1,0,0.6386,122.8380,0.6357,122.8603,97
WAMH,15,33,3597,98,Asphalt,0,0,3.6875,125.5260,3.6789,125.5300,150
WAMI,11,29,5249,,Asphalt,0,0,,,,,
WAMJ,18,36,2953,75,Coral,0,0,,,,,
WAMK,18,36,2963,75,Asphalt,0,0,,,,,
WAMM,18,36,8693,148,Asphalt,1,0,1.5593,124.9260,1.5354,124.9250,182
WAMN,18,36,4593,95,Asphalt,0,0,,,,,
WAMO,02,20,4625,98,Asphalt,1,0,2.6431,125.4214,2.6544,125.4255,20
WAMP,13,31,6201,98,Asphalt,0,0,,,,,
WAMY,06,24,2461,69,Concrete,0,0,,,,,
WAOC,09,27,5930,98,Asphalt,0,0,-3.4122,115.9870,-3.4126,116.0030,91
WAOH,12,30,4100,75,Asphalt,0,0,-3.9873,116.0970,-3.9925,116.1070,117
WAOI,13,31,5415,98,Asphalt,0,0,-2.7002,111.6680,-2.7102,111.6790,133
WAOK,15,33,5413,98,Asphalt,0,0,,,,,
WAON,06,24,4601,94,Asphalt,0,0,-2.2197,115.4310,-2.2134,115.4420,60
WAOO,10,28,8202,148,Asphalt,1,0,-3.4403,114.7510,-3.4444,114.7740,100
WAOS,13,31,6060,98,Asphalt,0,0,-2.4935,112.9690,-2.5049,112.9810,133
WAOT,12,30,1660,82,Gravel,0,0,,,,,
WAOW,09,27,2953,75,Asphalt,0,0,,,,,
WAPA,13,31,2460,75,Coral penetration,0,0,,,,,
WAPC,10,28,,,Asphalt,0,0,,,,,
WAPD,05,23,2625,75,Asphalt,0,0,,,,,
WAPF,13,31,7710,,Asphalt,0,0,,,,,
WAPG,06,24,2953,75,Asphalt,0,0,,,,,
WAPH,04,24,4300,75,Asphalt,0,0,,,,,
WAPI,12,30,2953,75,Asphalt,0,0,-7.9863,131.3030,-7.9914,131.3090,129
WAPK,04,22,4265,59,Concrete,0,0,-6.0706,134.2700,-6.0617,134.2780,41
WAPL,09,27,4265,98,Concrete,0,0,-5.6614,132.7260,-5.6619,132.7370,92
WAPN,11,29,5249,98,Asphalt,1,0,,,,,
WAPO,09,27,2645,75,Asphalt,0,0,,,,,
WAPP,04,22,8202,148,Asphalt,1,0,-3.7183,128.0810,-3.7023,128.0970,45
WAPR,15,33,2460,75,Asphalt,0,0,,,,,
WAPV,05,23,2461,59,Asphalt,0,0,,,,,
WAQT,01,19,4625,75,Asphalt,0,0,2.1493,117.4310,2.1617,117.4340,14
WARA,17,35,8202,131,Asphalt,1,0,-7.9183,112.7120,-7.9356,112.7160,166
WARA,17L,35R,4921,98,Asphalt,0,0,-7.9195,112.7140,-7.9327,112.7170,166
WARC,08,26,2953,98,Asphalt,0,0,,,,,
WARE,02,20,5594,98,Asphalt,0,0,,,,,
WARI,17L,35R,8448,92,Asphalt,1,0,-7.6030,111.4340,-7.6262,111.4360,176
WARI,17R,35L,10030,186,Asphalt,1,0,-7.6031,111.4320,-7.6308,111.4340,176
WARJ,09,27,7215,148,Asphalt,1,0,-7.7886,110.4220,-7.7878,110.4420,88
WARJ,09R,27L,4385,265,Grass,0,0,-7.7895,110.4270,-7.7891,110.4390,88
WARP,12,30,3009,98,Asphalt,1,0,-6.9542,115.9280,-6.9590,115.9350,126
WARQ,08,26,8530,148,Asphalt,1,0,-7.5186,110.7450,-7.5135,110.7680,78
WARR,10,28,9843,148,Asphalt,1,0,-7.3776,112.7730,-7.3820,112.8000,99
WARS,13,31,8399,148,Asphalt,1,0,-6.9673,110.3690,-6.9781,110.3820,130
WART,12,30,5249,98,Asphalt,0,0,-7.0207,113.8850,-7.0265,113.8930,126
WASA,09,27,,,Grass,0,0,,,,,
WASB,13,31,1969,59,Asphalt,0,0,,,,,
WASC,12,30,3445,98,Turf/Grass,0,0,-1.4941,134.1711,-1.4994,134.1788,
WASF,10,28,3415,65,Asphalt,0,0,-2.9196,132.2620,-2.9208,132.2720,97
WASI,08,26,1969,75,Asphalt,0,0,,,,,
WASK,01,19,5249,98,Asphalt,0,0,-3.6516,133.6940,-3.6374,133.6970,11
WASN,18,36,4396,98,Asphalt,0,0,-0.4198,130.7739,-0.4319,130.7729,184
WASO,02,20,4280,98,Asphalt,0,0,-2.5377,133.4370,-2.5268,133.4410,23
WASR,17,35,6562,148,Asphalt,0,0,-0.8828,134.0490,-0.9009,134.0490,178
WASS,09,27,6070,90,Asphalt,0,0,-0.8947,131.2770,-0.8957,131.2940,94
WAST,12,30,1929,49,Grass,0,0,,,,,
WASU,06,24,1810,79,Dirt/rock,0,0,,,,,
WASW,17,35,1755,98,Grass,0,0,,,,,
WATA,08,26,3937,98,Asphalt,0,0,,,,,
WATB,10,28,4588,75,Asphalt,0,0,,,,,
WATC,05,23,5980,98,Asphalt,1,0,-8.6458,122.2300,-8.6355,122.2430,51
WATE,09,27,5440,98,Asphalt,0,0,-8.8494,121.6530,-8.8491,121.6680,89
WATG,09,27,4186,100,Asphalt,0,0,-8.5966,120.4710,-8.5975,120.4820,95
WATL,10,28,2953,75,Asphalt,0,0,,,,,
WATM,03,21,4586,90,Asphalt,0,0,-8.1376,124.5940,-8.1270,124.6000,33
WATO,17,35,7381,145,Asphalt,0,0,-8.4804,119.8880,-8.4929,119.8900,172
WATQ,11,29,2789,75,Coral,0,0,,,,,109
WATR,03,21,5413,98,Asphalt,0,0,,,,,
WATS,07,25,2577,75,Asphalt,0,0,,,,,
WATT,07,25,8202,148,Asphalt,1,0,-10.1748,123.6610,-10.1696,123.6830,76
WATT,12,30,4175,210,Gravel,0,0,-10.1713,123.6590,-10.1779,123.6680,125
WATW,02,20,2953,75,Asphalt,0,0,,,,,
WAVV,15,33,7135,147,Asphalt,1,0,-4.0958,138.9540,-4.1092,138.9610,153
WAWB,04,22,5905,98,Asphalt,0,0,-5.4905,122.5660,-5.4833,122.5720,41
WAWD,04,22,6959,,Asphalt,0,0,,,,,
WAWP,18,36,6070,,Asphalt,0,0,,,,,
WAWR,08,26,5249,,,0,0,,,,,
WAWS,12,30,3340,75,Asphalt,0,0,-2.5286,121.3540,-2.5338,121.3610,125
WAWT,12,30,3440,70,Asphalt,0,0,-3.0420,119.8180,-3.0475,119.8250,125
WAWW,08,26,6890,98,Asphalt,1,0,-4.0833,122.4090,-4.0799,122.4280,80
WBGB,17,35,9006,147,Asphalt,1,0,3.1360,113.0180,3.1117,113.0230,168
WBGG,07,25,12402,151,Asphalt,1,0,1.4810,110.3369,1.4936,110.3685,68
WBGJ,04,22,4922,98,Asphalt,1,0,4.8029,115.0060,4.8137,115.0140,37
WBGK,15,33,4921,98,Asphalt,0,0,,,,,
WBGM,10,28,3274,81,Asphalt,0,0,4.1785,114.3180,4.1765,114.3260,103
WBGP,16,34,1401,,Asphalt,0,0,,,,,
WBGR,02,20,9006,197,Asphalt,1,0,4.3108,113.9820,4.3333,113.9920,25
WBGS,13,31,9036,148,Asphalt,1,0,2.2696,111.9760,2.2536,111.9950,130
WBGW,01,19,2251,59,,0,0,,,,,
WBGZ,11,29,2198,,,0,0,,,,,
WBKD,11,29,4498,98,Asphalt,1,0,5.0350,118.3180,5.0295,118.3300,116
WBKK,02,20,12402,148,Asphalt,1,0,5.9182,116.0432,5.9496,116.0564,23
WBKL,14,32,9006,148,Asphalt,1,0,5.3127,115.2420,5.2922,115.2560,146
WBKM,11,29,2198,,Gravel,0,0,,,,,
WBKS,08,26,8202,148,Asphalt,1,0,5.8993,118.0500,5.9025,118.0690,81
WBKW,06,24,8800,155,Asphalt,1,0,4.3070,118.1120,4.3198,118.1320,58
WBMU,03,21,4921,100,Asphalt,1,0,4.0427,114.8010,4.0539,114.8090,35
WBSB,03,21,12000,150,Asphalt,1,0,4.9300,114.9200,4.9584,114.9370,31
WBTM,05,23,4912,98,Asphalt,0,0,2.1734,111.1970,2.1823,111.2070,49
WIAJ,02,20,,,Gravel,0,0,,,,,
WIAK,13,31,,,Gravel,0,0,,,,,
WIBB,18,36,7360,98,Asphalt,1,0,0.4709,101.4450,0.4507,101.4440,182
WIBD,03,21,5905,98,Asphalt,1,0,1.6021,101.4300,1.6163,101.4380,30
WIBJ,10,28,4265,98,Asphalt,0,0,-0.3519,102.3290,-0.3538,102.3410,99
WIBL,18,36,,,Asphalt,0,0,,,,,
WIBS,18,36,2626,98,Asphalt,0,0,,,,,
WIBT,09,27,2953,75,Asphalt,0,0,,,,,
WICA,14,32,9843,197,,0,0,-6.6370,108.1568,-6.6578,108.1743,
WICB,04L,22R,3600,40,Gravel,0,0,-6.2909,106.5690,-6.2837,106.5760,44
WICB,04R,22L,5255,150,Asphalt,1,0,-6.2953,106.5680,-6.2848,106.5780,44
WICB,12,30,5975,100,Asphalt,1,0,-6.2880,106.5610,-6.2962,106.5750,120
WICC,11,29,7381,148,Asphalt,1,0,-6.8973,107.5670,-6.9039,107.5860,109
WICD,04,22,4131,98,Asphalt,0,0,-6.7605,108.5360,-6.7518,108.5430,41
WICM,15,33,3590,64,Asphalt,0,0,-7.3424,108.2430,-7.3508,108.2490,148
WICN,07,25,4549,94,Asphalt,0,0,-7.7218,108.4830,-7.7181,108.4950,72
WIDD,04,22,13218,148,Asphalt,1,0,1.1075,104.1070,1.1346,104.1310,42
WIDE,18,36,4240,98,Asphalt,0,0,0.8514,100.3700,0.8397,100.3700,181
WIDM,18,36,3905,98,Asphalt,1,0,3.3535,106.2580,3.3427,106.2580,180
WIDN,04,22,7380,98,Asphalt,1,0,0.9166,104.5270,0.9288,104.5380,43
WIDS,14,32,3839,98,Asphalt,1,0,-0.4749,104.5760,-0.4834,104.5820,143
WIHH,06,24,9843,148,Asphalt,1,0,-6.2722,106.8790,-6.2610,106.9030,66
WIHP,18,36,6516,146,Asphalt,0,0,-6.3280,106.7650,-6.3459,106.7640,184
WIII,06,24,9843,197,Concrete,1,0,-6.1139,106.6446,-6.1038,106.6698,
WIII,07L,25R,11812,197,Concrete,1,0,-6.1211,106.6390,-6.1090,106.6690,68
WIII,07R,25L,12008,197,Concrete,1,0,-6.1426,106.6440,-6.1303,106.6740,68
WIIK,09,27,,,Gravel,0,0,,,,,
WILL,14,32,9088,148,Asphalt,1,0,-5.2375,105.1748,-5.2566,105.1910,140
WILP,12,30,4300,,Asphalt,0,0,,,,,
WIMA,06,24,6070,98,Asphalt,1,0,5.2228,96.9430,5.2306,96.9577,62
WIMB,09,27,4445,98,Asphalt,0,0,1.1666,97.6986,1.1661,97.7108,92
WIME,11,29,4580,75,Asphalt,0,0,1.4025,99.4247,1.3977,99.4362,113
WIMK,05,23,9514,148,Asphalt,1,0,3.5491,98.6622,3.5670,98.6812,47
WIMM,05,23,12303,197,asphalt/concrete,1,0,3.6259,98.8586,3.6498,98.8825,
WIMN,09,27,7875,98,Asphalt,0,0,2.2601,98.9786,2.2594,98.9990,93
WIMS,12,30,5655,98,Asphalt,1,0,1.5603,98.8825,1.5516,98.8953,124
WIMU,15,33,5358,98,Asphalt,1,0,3.3971,97.8599,3.3859,97.8677,146
WIOD,18,36,8202,148,Asphalt,1,0,-2.7328,107.7538,-2.7553,107.7553,176
WIOG,10,28,3272,75,Asphalt,0,0,-0.3481,111.7430,-0.3496,111.7520,99
WIOH,05,23,,,Grass,0,0,,,,,
WIOI,01,19,2953,75,Compacted sand,0,0,,,,,
WIOK,17,35,4585,95,Asphalt,0,0,-1.8104,109.9630,-1.8229,109.9640,172
WION,18,36,8410,105,Asphalt,1,0,3.9203,108.3880,3.8971,108.3870,182
WIOO,15,33,7380,98,Asphalt,1,0,-0.1413,109.4000,-0.1601,109.4080,158
WIOP,10,28,3294,75,Asphalt,0,0,0.8369,112.9330,0.8343,112.9410,106
WIPA,13,31,8537,148,Asphalt,1,0,-1.6323,103.6370,-1.6437,103.6510,130
WIPB,02,20,4428,99,Asphalt,0,0,,,,,
WIPD,15,33,3302,72,Asphalt,0,0,-4.7829,103.9310,-4.7911,103.9350,152
WIPI,13,31,4430,,Asphalt,0,0,,,,,
WIPK,16,34,7382,148,Asphalt,1,0,-2.1535,106.1370,-2.1709,106.1410,165
WIPL,13,31,7345,98,Asphalt,1,0,,,,,133
WIPO,03,21,6890,125,Asphalt,0,0,-4.4001,104.3970,-4.3835,104.4060,29
WIPP,11,29,8202,148,Asphalt,1,0,-2.8939,104.6900,-2.9026,104.7100,113
WIPQ,03,21,4265,66,Permeable,1,0,-3.2910,103.8760,-3.2811,103.8830,32
WIPT,15,33,9843,148,Asphalt,1,0,-0.7756,100.2760,-0.7982,100.2860,155
WITA,14,32,4170,75,Asphalt,0,0,,,,,
WITK,09,27,3837,100,Asphalt,0,0,4.7209,96.8460,4.7209,96.8565,90
WITL,16,34,3675,69,Asphalt,1,0,5.0741,97.2570,5.0649,97.2613,155
WITN,10,28,6050,98,Asphalt,1,0,5.8752,95.3314,5.8731,95.3479,97
WITT,17,35,9843,148,Asphalt,1,0,5.5346,95.4181,5.5125,95.4227,168
WMAP,05,23,4101,121,Gravel,0,0,2.0377,103.3030,2.0451,103.3120,49
WMBI,18,36,,,,0,0,,,,,
WMBT,02,20,3255,100,Asphalt,0,0,2.8142,104.1580,2.8222,104.1620,26
WMGK,08,26,6600,150,Asphalt,1,0,5.7983,102.4750,5.8008,102.4930,82
WMKA,04,22,9005,151,Asphalt,1,0,6.1805,100.3900,6.1988,100.4070,43
WMKB,18,36,8000,150,Asphalt,1,0,5.4769,100.3920,5.4549,100.3910,184
WMKC,10,28,7874,148,Asphalt,1,0,6.1685,102.2840,6.1652,102.3020,100
WMKD,18,36,9200,150,Asphalt,1,0,3.7883,103.2100,3.7630,103.2080,183
WMKE,16,34,4446,98,Asphalt,1,0,4.5431,103.4250,4.5314,103.4290,163
WMKF,03,21,517,97,Gravel,0,0,3.1122,101.7010,3.1134,101.7020,35
WMKF,04,22,6205,148,Asphalt,1,0,3.1054,101.6980,3.1191,101.7070,35
WMKI,04,22,5900,121,Asphalt,1,0,4.5619,101.0870,4.5741,101.0980,41
WMKJ,16,34,12467,150,Asphalt,1,0,1.6555,103.6640,1.6271,103.6750,160
WMKK,14L,32R,13530,197,Permeable,1,0,2.7783,101.7020,2.7474,101.7220,146
WMKK,14R,32L,13288,197,Permeable,1,0,2.7435,101.6980,2.7131,101.7180,146
WMKK,15,33,12993,197,Permeable,1,0,2.7382,101.6775,2.7085,101.6973,146
WMKL,03,21,12500,148,Asphalt,1,0,6.3155,99.7189,6.3439,99.7384,34
WMKM,03,21,7005,148,Asphalt,1,0,,,,,30
WMKN,04,22,11417,150,Asphalt,1,0,5.3762,103.0970,5.3891,103.1100,45
WMKP,04,22,10997,150,Asphalt,1,0,5.2859,100.2670,5.3084,100.2870,42
WMPA,04,22,2402,98,Asphalt,0,0,,,,,
WMSA,15,33,12401,148,Asphalt,1,0,3.1453,101.5410,3.1158,101.5580,150
WPAS,11,29,6562,148,Asphalt,0,0,-7.8444,131.3291,-7.8523,131.3455,116
WPDB,16,34,4921,98,Asphalt,1,0,-9.2987,125.2860,-9.3080,125.2880,167
WPDL,08,26,6065,98,Asphalt,1,0,-8.5484,125.5170,-8.5447,125.5330,77
WPEC,14,32,8233,182,Asphalt,1,0,-8.4765,126.3920,-8.4944,126.4060,142
WPFL,02,20,1969,39,,0,0,,,,,
WPOC,09,27,7218,148,Asphalt,1,0,,,,,
WRLA,02,20,2585,75,Asphalt/Grass,0,0,,,,,
WRLB,04,22,2953,75,Asphalt,0,0,,,,,
WRLC,04,22,3350,75,Asphalt,1,0,0.1185,117.4740,0.1248,117.4790,39
WRLF,13,31,3609,75,Asphalt,0,0,,,,,
WRLJ,04,22,2381,57,Asphalt,0,0,0.5576,117.6421,0.5634,117.6464,37
WRLJ,H,,60,60,,0,0,,,,,
WRLN,18,36,1444,49,Grass/Clay,0,0,,,,,
WRLP,17,35,2620,75,Asphalt,0,0,,,,,
WRLW,10,28,2297,66,Compacted sand,0,0,,,,,
WRLY,03,21,2461,66,Asphalt,0,1,-0.9799,117.1450,-0.9743,117.1490,34
WSAG,04,22,6255,100,Asphalt,0,0,1.4175,103.8040,1.4301,103.8150,43
WSAG,05,23,3400,100,Asphalt,1,0,1.4233,103.8130,1.4297,103.8190,47
WSAP,02,20,12401,200,Asphalt,1,0,1.3446,103.9030,1.3762,103.9160,23
WSAT,01,19,2258,66,Asphalt,0,0,1.3869,103.6990,1.3931,103.7000,10
WSAT,18,36,8999,148,Asphalt,1,0,1.3996,103.7100,1.3749,103.7080,185
WSAT,18R,36L,1155,236,Grass,0,0,1.3834,103.7090,1.3803,103.7090,185
WSSL,03,21,6023,151,Asphalt,1,0,1.4104,103.8630,1.4225,103.8710,33
WSSS,02C,20C,13123,197,Permeable,1,0,1.3288,103.9850,1.3621,103.9990,23
WSSS,02L,20R,13123,197,Permeable,1,0,1.3490,103.9780,1.3824,103.9920,23
WSSS,02R,20L,13123,197,Asphalt,1,1,1.3224,104.0000,1.3557,104.0140,23
XRMU,08,26,8210,148,Asphalt,0,0,43.2969,45.7698,43.2984,45.7880,87
XRWL,03,21,8202,246,Concrete,1,0,,,,,
YAAL,09,27,3116,,,0,0,,,,,
YABA,05,23,3596,98,Gravel,1,0,-34.9471,117.8060,-34.9401,117.8140,45
YABA,14,32,5906,98,Asphalt,1,0,-34.9403,117.8040,-34.9516,117.8180,134
YABF,04,22,2175,39,Dirt,0,0,,,,,
YABG,17,35,3603,131,Dirt,0,0,,,,,
YABS,01,19,4265,,Concrete,0,0,,,,,
YABS,09,27,6233,,Concrete,0,0,,,,,
YABU,12,30,3280,,,0,0,,,,,
YACI,18,36,3280,,Grass,0,0,,,,,
YACR,04,22,2861,66,Dirt,0,0,-22.4759,149.1533,-22.4705,149.1594,46
YACS,03,21,3395,,,0,0,,,,,
YACS,15,33,4179,,,0,0,,,,,
YADA,04,22,4002,256,Dirt,0,0,-25.9000,144.5637,-25.8927,144.5728,
YADA,10,28,4483,285,Dirt,0,0,-25.8927,144.5622,-25.8961,144.5740,
YADD,01,19,3280,,,0,0,,,,,
YADD,07,25,3280,,,0,0,,,,,
YADE,06,24,,,Grass,0,0,,,,,73
YADG,03,21,2515,30,Asphalt,1,0,,,,,30
YADG,08,26,1456,30,Grass,0,0,,,,,80
YADG,14,32,2556,30,Grass,0,0,,,,,140
YADG,18,36,1931,30,Grass,0,0,,,,,180
YADL,18,36,,,Dirt,0,1,,,,,
YADM,05,23,3937,,,0,0,,,,,
YADO,13,31,3051,,,0,0,,,,,
YADS,01,19,3772,,,0,0,,,,,
YADY,09,27,2898,158,Grass,0,0,,,,,
YAFD,H16,,121,121,Concrete,1,0,,,,,
YAGD,03,21,5498,,,0,0,,,,,
YAHD,13,31,3956,167,Dirt,0,0,,,,,128
YAKG,13,31,3280,,,0,0,,,,,
YALA,18,36,5413,,,0,0,,,,,
YALC,12,30,3999,,,0,0,,,,,
YALG,05,23,3707,,,0,0,,,,,
YALH,01,19,2952,,,0,0,,,,,
YALM,18,36,1968,,,0,0,,,,,
YALN,09,27,2296,,Concrete,0,0,,,,,
YALN,14,32,3608,,Concrete,0,0,,,,,
YALP,15,33,4152,79,Asphalt,0,0,-20.9794,137.8303,-20.9901,137.8347,
YALT,11,29,2297,98,Dirt,0,1,,,,,
YALX,15,33,3280,,,0,0,,,,,
YALY,18,36,3280,,,0,0,,,,,
YAMB,04,22,4997,148,Permeable,1,0,-27.6446,152.7080,-27.6366,152.7200,54
YAMB,15,33,9997,148,Permeable,1,0,-27.6217,152.7050,-27.6473,152.7160,159
YAMC,11,29,3937,,,0,0,,,,,
YAMJ,13,31,3937,,,0,0,,,,,
YAMK,07,25,3280,,,0,0,,,,,
YAMK,17,35,2050,,,0,0,,,,,
YAML,09,27,4002,,,0,0,,,,,
YAMM,18,36,3608,,,0,0,,,,,
YAMN,17,35,3218,95,Dirt,0,0,-32.5332,137.6927,-32.5420,137.6932,
YAND,05,23,3280,,,0,0,,,,,
YANG,04,22,5906,131,,0,0,,,,,
YANL,11,29,4297,,,0,0,,,,,
YANN,01,19,3444,,,0,0,,,,,
YANW,15,33,3205,,,0,0,,,,,
YAOR,18,36,3280,,,0,0,,,,,
YAPA,10,28,5905,,,0,0,,,,,
YARA,04,22,2165,98,Grass,0,0,-37.3110,142.9870,-37.3075,142.9930,55
YARA,12,30,4068,60,Asphalt,1,0,-37.3082,142.9850,-37.3147,142.9970,125
YARD,14,32,3205,,,0,0,,,,,
YARG,01,19,7546,98,Asphalt,1,0,-16.6448,128.4470,-16.6254,128.4540,21
YARI,15,33,2998,,Concrete,0,0,,,,,
YARK,03,21,2132,,,0,0,,,,,
YARL,09,27,2624,,,0,0,,,,,
YARM,05,23,5702,98,Asphalt,1,0,-30.5330,151.6090,-30.5248,151.6250,58
YARM,09,27,3661,98,Gravel,0,0,-30.5241,151.6100,-30.5253,151.6220,97
YARN,12,30,3215,,,0,0,,,,,
YARP,12,30,3280,,,0,0,,,,,
YARS,15,33,3211,,,0,0,,,,,
YARY,16,34,3379,,,0,0,,,,,
YASF,08,26,3280,,,0,0,,,,,
YATL,14,32,3116,,,0,0,,,,,
YATN,15L,33R,3815,,Grass,0,0,,,,,
YATR,10,36,3599,,Grass,0,0,,,,,
YATY,08,26,2132,,,0,0,,,,,
YATY,18,36,2952,,,0,0,,,,,
YAUG,17,35,3887,,Asphalt,0,0,,,,,
YAUR,16,34,4140,98,Permeable,1,0,-13.3484,141.7180,-13.3591,141.7220,161
YAUS,16,34,3937,,,0,0,,,,,
YAUV,17,35,3789,,,0,0,,,,,
YAVD,15,33,3569,,,0,0,,,,,
YAVM,04,22,2493,,Grass,0,0,,,,,
YAWT,15,33,3280,,Grass,0,0,,,,,
YAYE,13,31,8527,98,Asphalt,1,0,-25.1781,130.9670,-25.1930,130.9870,130
YAYR,01,19,4796,98,Asphalt,0,0,-19.5981,147.3240,-19.5858,147.3290,22
YAYR,11,29,3697,98,Grass,0,0,,,,,115
YBAD,11,29,4855,,Concrete,0,0,,,,,
YBAF,04L,22R,4085,98,Grass,0,0,-27.5710,153.0020,-27.5640,153.0118,51
YBAF,04R,22L,3609,98,Grass,0,0,-27.5717,153.0044,-27.5655,153.0131,51
YBAF,10L,28R,4859,98,Asphalt,1,0,-27.5704,152.9972,-27.5749,153.0132,107
YBAF,10R,28L,3609,98,Asphalt,0,0,-27.5722,152.9981,-27.5752,153.0087,103
YBAF,H1,,98,81,Concrete,1,0,,,,,
YBAL,13,31,4429,,,0,0,,,,,
YBAN,05,23,4593,,Dirt,0,0,,,,,
YBAO,07,25,2132,,Grass,0,0,,,,,
YBAR,01,19,5591,98,Asphalt,1,0,-23.5728,145.2999,-23.5580,145.3046,17
YBAR,14,32,3104,98,Clay,0,0,-23.5592,145.3030,-23.5657,145.3090,139
YBAS,12,30,7999,148,Asphalt,1,0,-23.8010,133.8930,-23.8121,133.9140,120
YBAS,17,35,3717,60,Asphalt,1,0,-23.7973,133.8870,-23.8075,133.8870,178
YBAU,12,30,2788,,,0,0,,,,,
YBAW,15,33,4796,,,0,0,,,,,
YBBA,15,33,3937,,Grass,0,0,,,,,
YBBC,03,21,4593,,,0,0,,,,,
YBBE,06,24,4921,,,0,0,,,,,
YBBL,18,36,3608,,,0,0,,,,,
YBBN,01L,19R,10827,197,Asphalt,1,0,-27.3831,153.1070,-27.3566,153.1220,27
YBBN,01R,19L,11680,148,Asphalt,1,0,-27.4039,153.1180,-27.3753,153.1340,27
YBBN,14,32,5577,98,Asphalt,1,1,-27.3578,153.1240,-27.3706,153.1330,147
YBBO,02,20,4921,,,0,0,,,,,
YBBT,10,28,3608,,Grass,0,0,,,,,
YBCB,16,34,3182,,,0,0,,,,,
YBCG,14,32,8176,148,Asphalt,1,0,-28.1565,153.5010,-28.1761,153.5132,150
YBCG,17,35,1909,59,Asphalt,0,0,-28.1644,153.5070,-28.1696,153.5060,184
YBCH,15,33,2001,,,0,0,,,,,
YBCK,06,24,5538,98,Asphalt,1,0,-24.4350,145.4210,-24.4291,145.4360,67
YBCK,12,30,5259,98,Clay,1,0,-24.4207,145.4200,-24.4294,145.4330,128
YBCL,17,35,4921,,,0,0,,,,,
YBCR,14,32,5249,,Asphalt,0,0,,,,,
YBCS,12,30,3035,60,Asphalt,0,1,-16.8807,145.7520,-16.8855,145.7590,126
YBCS,15,33,10489,148,Asphalt,1,0,-16.8658,145.7440,-16.8923,145.7560,156
YBCV,12,30,5000,98,Asphalt,1,0,-26.4079,146.2580,-26.4180,146.2680,137
YBCV,18,36,3501,75,Asphalt,0,0,-26.4127,146.2620,-26.4224,146.2620,182
YBDF,18,36,4002,,,0,0,,,,,
YBDG,05,23,2516,60,Paved,0,0,-36.7413,144.3239,-36.7380,144.3314,61
YBDG,17,35,5249,98,Asphalt,1,0,-36.7285,144.3305,-36.7429,144.3299,182
YBDP,10,28,2486,,Gravel,0,0,,,,,133
YBDS,03,21,4101,,,0,0,,,,,
YBDV,03,21,3937,59,Clay,1,0,-25.9039,139.3430,-25.8955,139.3510,40
YBDV,14,32,5682,98,Asphalt,1,0,-25.8852,139.3410,-25.8986,139.3500,149
YBDX,09,27,3444,,,0,0,,,,,
YBEC,18,36,3937,,,0,0,,,,,
YBEF,18,36,2624,,Grass,0,0,,,,,
YBEG,07,25,5600,95,Dirt,0,0,-19.6553,146.2861,-19.6510,146.3018,
YBEL,09,27,4790,,Grass,0,0,,,,,
YBEO,11,29,3543,,Concrete,0,0,,,,,
YBEU,18,36,1998,,Grass,0,0,,,,,
YBEV,08,26,4101,,Grass,0,0,,,,,
YBEV,16,34,4790,,,0,0,,,,,
YBFR,06,24,1968,,,0,0,,,,,
YBGB,08,26,3280,,,0,0,,,,,
YBGI,01,19,3280,,Grass,0,0,,,,,
YBGI,15,33,3772,,Grass,0,0,,,,,
YBGO,04,22,2270,,,0,0,,,,,
YBGO,15,33,5282,,,0,0,,,,,
YBGR,09,27,7217,,Grass,0,0,,,,,
YBGR,18,36,2493,,Grass,0,0,,,,,
YBGT,02,20,3001,,,0,0,,,,,
YBGY,18,36,6561,,Grass,0,0,,,,,
YBHB,12,30,1574,,,0,0,,,,,
YBHI,05,23,8251,98,Asphalt,1,0,-32.0090,141.4610,-31.9963,141.4830,56
YBHI,14,32,3281,98,Sand,1,0,-32.0038,141.4670,-32.0110,141.4730,143
YBHK,12,30,3280,,,0,0,,,,,
YBHM,14,32,5591,148,Asphalt,1,0,-20.3513,148.9470,-20.3636,148.9570,143
YBIA,10,28,4476,71,Grass,0,0,,,,,110
YBIE,14,32,4921,98,Asphalt,1,0,-24.3388,139.4550,-24.3520,139.4647,145
YBIL,11,29,3608,,,0,0,,,,,
YBIN,03,21,2965,,Grass,0,0,,,,,
YBIR,04,22,3422,59,Asphalt,1,0,-36.0004,142.9140,-35.9946,142.9230,52
YBIR,09,27,1719,98,Grass,0,0,-36.0006,142.9150,-36.0012,142.9210,98
YBIU,06,24,2690,,,0,0,,,,,
YBIU,12,30,2493,,,0,0,,,,,
YBIZ,18,36,3608,,,0,0,,,,,
YBJW,09,27,4921,,,0,0,,,,,
YBJW,18,36,3937,,,0,0,,,,,
YBKE,05,23,6004,98,Asphalt,1,0,-30.0449,145.9370,-30.0373,145.9540,64
YBKE,18,36,3281,98,Grass,0,0,-30.0324,145.9570,-30.0413,145.9560,188
YBKS,12,30,3608,,,0,0,,,,,
YBKT,03,21,4501,98,Asphalt,1,0,-17.7551,139.5310,-17.7459,139.5400,42
YBKT,14,32,2484,98,Clay,0,0,-17.7495,139.5270,-17.7540,139.5320,132
YBLA,08L,26R,3422,60,Grass,0,0,,,,,60
YBLA,08R,26L,3422,60,Permeable,1,0,-36.5520,146.0070,-36.5527,146.0180,94
YBLA,17L,35R,2356,60,Grass,0,0,,,,,60
YBLA,17R,35L,2356,98,Grass,0,0,-36.5497,146.0050,-36.5562,146.0050,175
YBLB,18,36,3280,,,0,0,,,,,
YBLC,05,23,4199,,Concrete,0,0,,,,,
YBLD,09,27,3608,,,0,0,,,,,
YBLD,15,33,3280,,,0,0,,,,,
YBLG,09,27,4593,,Concrete,0,0,,,,,
YBLG,18,36,4593,,Concrete,0,0,,,,,
YBLH,12,30,3608,,,0,0,,,,,
YBLI,15,33,2675,98,Turf/Grass,0,0,-30.3274,152.4568,-30.3340,152.4604,
YBLL,05,23,3500,,,0,0,,,,,
YBLM,04,22,3608,,,0,0,,,,,
YBLM,14,32,1968,,,0,0,,,,,
YBLN,03,21,8071,148,Asphalt,1,0,-33.6973,115.3963,-33.6773,115.4078,26
YBLT,05,23,4150,98,Asphalt,1,0,-37.5126,143.7864,-37.5072,143.7991,62
YBLT,13,31,1864,98,Grass,0,0,-37.5054,143.7874,-37.5090,143.7920,135
YBLT,18,36,4085,98,Asphalt,1,0,-37.5069,143.7949,-37.5180,143.7928,189
YBLU,01,19,5223,,,0,0,,,,,
YBMA,12,30,2802,59,Gravel,0,1,-20.6589,139.4840,-20.6636,139.4920,124
YBMA,16,34,8399,148,Asphalt,1,0,-20.6550,139.4860,-20.6776,139.4910,169
YBMD,12,30,3198,,,0,0,,,,,
YBMI,18,36,4265,,,0,0,,,,,
YBMK,05,23,4409,98,Asphalt,1,1,-21.1757,149.1740,-21.1692,149.1850,58
YBMK,14,32,6499,148,Asphalt,1,0,-21.1632,149.1770,-21.1783,149.1880,148
YBMM,08,26,2395,,,0,0,,,,,
YBMY,11,29,2604,,,0,0,,,,,
YBNA,06,24,6234,98,Asphalt,1,0,-28.8358,153.5520,-28.8309,153.5700,74
YBNC,06,24,4921,,,0,0,,,,,
YBNM,09,27,3280,,,0,0,,,,,
YBNS,04,22,3612,98,Asphalt,1,0,-37.8903,147.5643,-37.8847,147.5746,55
YBNS,14,32,2789,60,Asphalt,0,0,-37.8834,147.5658,-37.8897,147.5714,145
YBNY,13,31,2706,,,0,0,,,,,
YBOA,04,22,3976,,Grass,0,0,,,,,
YBOD,04,22,3280,,,0,0,,,,,
YBOD,13,31,2099,,,0,0,,,,,
YBOG,03,21,3280,,,0,0,,,,,
YBOG,14,32,3018,,Grass,0,0,,,,,
YBOI,09,27,2165,,Grass,0,0,,,,,
YBOK,05,23,2999,98,Asphalt,1,0,-27.4061,151.7310,-27.4013,151.7380,55
YBOK,09,27,3278,75,Asphalt,1,0,-27.4091,151.7250,-27.4106,151.7350,100
YBOK,14,32,5410,98,Asphalt,1,0,-27.4027,151.7370,-27.4149,151.7470,145
YBOK,H09L,H27R,1000,95,Asphalt,0,0,-27.4061,151.7342,-27.4065,151.7373,98
YBOK,H09R,H27L,1000,95,Asphalt,0,0,-27.4080,151.7310,-27.4084,151.7340,100
YBOM,10,28,2624,,Grass,0,0,,,,,
YBOM,18,36,2132,,Grass,0,0,,,,,
YBOP,18,36,3280,,Grass,0,0,,,,,
YBOR,13,31,2559,,,0,0,,,,,
YBOR,17,35,4265,,,0,0,,,,,
YBOT,06,24,3280,,,0,0,,,,,
YBOU,14,32,4180,98,Asphalt,1,0,-22.9057,139.8963,-22.9197,139.9053,150
YBOV,06,24,3937,,,0,0,,,,,
YBOV,18,36,3937,,,0,0,,,,,
YBPI,14,32,2709,,Asphalt,0,0,,,,,
YBPN,06,24,3609,98,Asphalt,1,1,-20.4933,148.5570,-20.4895,148.5660,67
YBPN,11,29,6801,148,Asphalt,1,0,-20.4905,148.5440,-20.4983,148.5630,115
YBRA,14,32,3805,,Gravel,1,0,,,,,
YBRC,13,31,3937,,,0,0,,,,,
YBRJ,14,32,4048,,,0,0,,,,,
YBRK,04,22,5397,98,Asphalt,1,0,-23.3825,150.4650,-23.3758,150.4747,53
YBRK,15,33,8622,148,Asphalt,1,0,-23.3687,150.4700,-23.3907,150.4800,159
YBRL,02,20,3770,59,Asphalt,1,0,-16.0811,136.3000,-16.0707,136.3050,23
YBRM,10,28,7769,148,Asphalt,1,0,-17.9456,122.2160,-17.9514,122.2380,105
YBRN,08,26,2133,98,Grass,1,0,-34.6219,143.5760,-34.6217,143.5830,88
YBRN,18,36,3888,60,Asphalt,1,0,-34.6195,143.5780,-34.6301,143.5770,186
YBRO,08,26,3690,,,0,0,,,,,
YBRO,14,32,2690,,,0,0,,,,,
YBRS,09,27,1706,98,Grass,0,0,,,,,
YBRS,18,36,2625,33,Asphalt,0,0,,,,,
YBRU,09,27,4888,,,0,0,,,,,
YBRU,14,32,3248,,,0,0,,,,,
YBRW,03,21,4547,98,Asphalt,1,0,-29.9809,146.8100,-29.9707,146.8190,36
YBRY,10,28,6365,99,Permeable,1,0,-22.6723,119.1576,-22.6768,119.1752,103
YBSG,12,30,10003,148,Asphalt,1,0,-12.6158,142.0763,-12.6304,142.1004,125
YBSR,10,28,5905,,,0,0,,,,,
YBSS,01,19,5098,82,Asphalt,0,0,-37.7396,144.4188,-37.7289,144.4236,
YBSS,09,27,5000,82,Asphalt,0,0,-37.7296,144.4167,-37.7330,144.4335,
YBSU,13,31,9186,148,Asphalt,1,0,-26.5832,153.0745,-26.6032,153.0917,142
YBSU,18,36,5896,98,Asphalt,1,1,-26.5944,153.0940,-26.6101,153.0900,194
YBTH,08,26,4314,98,Gravel,0,0,-33.4067,149.6490,-33.4068,149.6630,91
YBTH,17,35,5594,98,Asphalt,1,0,-33.4008,149.6507,-33.4161,149.6519,176
YBTI,15,33,4823,98,Asphalt,1,0,-11.7590,130.6120,-11.7705,130.6190,150
YBTL,01,19,7999,148,Asphalt,1,0,-19.2583,146.7650,-19.2382,146.7740,24
YBTL,07,25,3609,98,Asphalt,1,0,-19.2558,146.7560,-19.2531,146.7660,74
YBTN,09,27,3937,,,0,0,,,,,
YBTR,18,36,5023,98,Asphalt,1,0,-23.5963,148.8070,-23.6100,148.8050,187
YBTS,12,30,3280,,,0,0,,,,,
YBTT,10,28,4226,69,Dirt,0,0,,,,,110
YBTV,07,25,3280,,Grass,0,0,,,,,
YBUD,07,25,3701,98,Clay,0,0,-24.9064,152.3140,-24.9027,152.3240,69
YBUD,14,32,6562,98,Asphalt,1,0,-24.8973,152.3173,-24.9126,152.3280,148
YBUG,09,27,3280,,,0,0,,,,,
YBUG,18,36,3937,,,0,0,,,,,
YBUI,05,23,3897,,,0,0,,,,,
YBUI,09,27,5413,,Asphalt,0,0,,,,,
YBUL,12,30,2952,,,0,0,,,,,
YBUL,16,34,3937,,,0,0,,,,,
YBUN,07,25,3330,98,Asphalt,1,0,-33.3805,115.6724,-33.3756,115.6841,60
YBUP,08,26,2250,,,0,0,,,,,
YBUX,05,23,2624,,,0,0,,,,,
YBUY,09,27,4000,,Grass,0,0,,,,,109
YBUY,12,30,2300,,Grass,0,0,,,,,129
YBUY,15,33,3600,,Grass,0,0,,,,,161
YBUY,16,34,1800,,Grass,0,0,,,,,167
YBVA,13,31,2982,,,0,0,,,,,
YBVA,18,36,3986,,,0,0,,,,,
YBVL,18,36,2788,,,0,0,,,,,
YBWG,09,27,6692,98,Asphalt,1,0,-27.3664,121.0240,-27.3658,121.0450,88
YBWI,18,36,3280,,Grass,0,0,,,,,
YBWM,13,31,3280,,,0,0,,,,,
YBWN,04,22,4399,,Grass,0,0,,,,,
YBWN,12,30,3290,,Grass,0,0,,,,,
YBWP,12,30,5397,98,Asphalt,1,0,-12.6733,141.9160,-12.6816,141.9290,124
YBWR,04,22,4265,,,0,0,,,,,
YBWT,16,34,3608,,,0,0,,,,,
YBWW,12,30,9416,148,Asphalt,1,0,-27.5487,151.7845,-27.5663,151.8060,133
YBWX,03,21,6234,98,Asphalt,1,0,-20.8690,115.4030,-20.8536,115.4110,27
YBXH,09,27,1998,,Grass,0,0,,,,,
YBXH,18,36,3999,,Grass,0,0,,,,,
YBYA,05,23,3937,,,0,0,,,,,
YBYA,17,35,3280,,,0,0,,,,,
YBYD,09,27,2296,,,0,0,,,,,
YBYD,12,30,1968,,,0,0,,,,,
YBYI,14,32,2460,,,0,0,,,,,
YBYR,13,31,5272,,,0,0,,,,,
YBYS,16,34,3605,,Grass,0,0,,,,,
YBYW,06,24,3937,,,0,0,,,,,
YCAB,06,24,2952,,Grass,0,0,,,,,
YCAB,11,29,4429,,Grass,0,0,,,,,
YCAC,13,31,3937,,,0,0,,,,,
YCAE,16,34,3280,,H,0,0,,,,,
YCAG,04,22,4265,,,0,0,,,,,
YCAH,08,26,3523,,,0,0,,,,,
YCAI,09,27,3937,,,0,0,,,,,
YCAL,09,27,2982,,,0,0,,,,,
YCAL,18,36,1988,,,0,0,,,,,
YCAM,18,36,3937,,Concrete,0,0,,,,,
YCAN,01,19,3280,,,0,0,,,,,
YCAR,04,22,5509,98,Asphalt,1,0,-24.8867,113.6640,-24.8757,113.6750,43
YCAR,18,36,3740,98,Asphalt,0,0,-24.8787,113.6660,-24.8889,113.6660,180
YCAS,10,28,3609,98,Asphalt,0,0,-28.8800,153.0550,-28.8827,153.0660,105
YCBA,05,23,5564,98,Asphalt,1,0,-31.5415,145.7870,-31.5332,145.8011,55
YCBA,17,35,2949,98,Clay,0,0,-31.5381,145.7948,-31.5463,145.7960,175
YCBB,01,19,2129,98,Grass,0,0,-31.3350,149.2700,-31.3299,149.2740,29
YCBB,11,29,4987,98,Asphalt,1,0,-31.3271,149.2560,-31.3346,149.2690,123
YCBG,09,27,2070,60,Asphalt,1,0,-42.8282,147.4760,-42.8296,147.4830,108
YCBG,12,30,3200,60,Asphalt,1,0,-42.8224,147.4740,-42.8288,147.4820,135
YCBG,14,32,2540,60,APSH,0,0,-42.8218,147.4740,-42.8281,147.4780,156
YCBN,08,26,2099,,,0,0,,,,,
YCBN,12,30,1541,,Grass,0,0,,,,,
YCBP,04,22,4685,98,Permeable,1,0,-29.0443,134.7140,-29.0359,134.7250,48
YCBP,14,32,2720,98,Grass,1,0,-29.0365,134.7210,-29.0430,134.7250,149
YCBR,04,22,2145,,,0,0,,,,,
YCBR,18,36,3996,,,0,0,,,,,
YCBY,03,21,3937,,Grass,0,0,,,,,
YCCA,03,21,1949,60,Clay,0,0,-26.7721,150.6180,-26.7679,150.6220,39
YCCA,14,32,3497,60,Asphalt,1,0,-26.7681,150.6140,-26.7758,150.6210,142
YCCK,12,30,3083,,Concrete,0,0,,,,,
YCCT,09,27,2395,,,0,0,,,,,
YCCY,06,24,3796,60,Asphalt,0,0,-20.6703,140.4990,-20.6664,140.5090,68
YCCY,12,30,6562,98,Asphalt,1,0,-20.6602,140.5000,-20.6713,140.5150,128
YCDB,02,20,2624,,,0,0,,,,,
YCDB,15,33,2624,,,0,0,,,,,
YCDE,18,36,3431,,,0,0,,,,,
YCDL,02,20,3018,,,0,0,,,,,
YCDO,01,19,4501,98,Asphalt,1,0,-33.0702,147.2110,-33.0589,147.2170,25
YCDO,10,28,3947,98,Gravel,0,0,-33.0630,147.2000,-33.0658,147.2120,105
YCDR,05,23,2608,,Asphalt,0,0,,,,,
YCDR,12,30,2608,,Asphalt,0,0,,,,,
YCDS,10,28,3280,,,0,0,,,,,
YCDT,09,27,4921,,,0,0,,,,,
YCDT,18,36,3280,,,0,0,,,,,
YCDU,11,29,5709,98,Asphalt,1,0,-32.1278,133.6980,-32.1334,133.7150,111
YCDU,17,35,3327,98,Gravel,1,0,-32.1266,133.7130,-32.1357,133.7140,173
YCDV,02,20,2952,,,0,0,,,,,
YCEE,08,26,4429,59,Asphalt,1,0,-33.7102,136.4990,-33.7104,136.5140,90
YCEE,18,36,2936,59,Grass,1,0,-33.7077,136.5040,-33.7157,136.5040,182
YCEL,18,36,3200,,unsealed,0,0,,,,,
YCEM,17,35,2427,,,0,0,,,,,
YCES,18,36,2706,,Grass,0,0,,,,,
YCFD,04,22,3805,,,0,0,,,,,
YCFH,03,12,2952,,,0,0,,,,,
YCFH,15,33,2624,,,0,0,,,,,
YCFL,12,30,2919,,,0,0,,,,,
YCFN,06,24,2625,98,Grasss,0,0,,,,,
YCFS,03,21,6824,148,Asphalt,1,0,-30.3384,153.1066,-30.3242,153.1210,41
YCFS,10,28,2785,60,Asphalt,0,0,-30.3165,153.1140,-30.3187,153.1230,107
YCGI,11,29,6233,,,0,0,,,,,
YCGI,18,36,3608,,,0,0,,,,,
YCGO,17,35,3218,60,Asphalt,0,0,-17.1335,144.5284,-17.1423,144.5288,177
YCHB,10,28,2805,,,0,0,,,,,
YCHK,09,27,8202,148,Asphalt,0,0,,,,,
YCHL,03,21,3740,,Asphalt,0,0,,,,,
YCHR,11,29,4265,,,0,0,,,,,
YCHR,18,36,2624,,,0,0,,,,,
YCHT,01,19,3297,98,Gravel,0,0,,,,,17
YCHT,06,24,5699,100,Composite,1,0,-20.0475,146.2664,-20.0401,146.2810,63
YCIG,05,23,2132,,,0,0,,,,,
YCIG,09,27,2952,,,0,0,,,,,
YCIN,11,29,10003,148,Asphalt,1,0,-17.5756,123.8150,-17.5852,123.8420,111
YCJU,08,26,3280,,,0,0,,,,,
YCKA,09,27,5249,,,0,0,,,,,
YCKD,05,23,1391,,,0,0,,,,,
YCKD,14,32,1391,,,0,0,,,,,
YCKI,13,31,4701,,,0,0,,,,,
YCKN,11,29,5338,98,Asphalt,1,0,-15.4407,145.1760,-15.4461,145.1900,111
YCKY,04,22,3280,,,0,0,,,,,
YCLE,01,19,3280,,,0,0,,,,,
YCLE,09,27,2296,,,0,0,,,,,
YCLG,14,32,2788,,Dirt,0,0,,,,,
YCLQ,14,32,3937,,,0,0,,,,,
YCLT,07,25,3280,,Grass,0,0,,,,,
YCLY,18,36,3608,,Grass,0,0,,,,,
YCMH,12,30,3001,,Grass,0,0,,,,,
YCMK,07,25,3001,,Grass,0,0,,,,,
YCMM,13,31,3215,,,0,0,,,,,
YCMT,01,19,3504,98,Gravel,0,0,-22.7747,147.6210,-22.7661,147.6260,27
YCMT,15,33,4301,98,Asphalt,1,0,-22.7669,147.6170,-22.7779,147.6210,160
YCMU,06,24,2999,59,Asphalt,1,0,-28.0333,145.6140,-28.0302,145.6230,68
YCMU,12,30,5686,98,Asphalt,1,0,-28.0267,145.6200,-28.0368,145.6330,130
YCMW,13,31,3500,,Asphalt,0,0,,,,,
YCNF,12,30,5577,,,0,0,,,,,
YCNG,06,24,3018,,,0,0,,,,,
YCNG,18,36,3018,,,0,0,,,,,
YCNH,10,28,2918,111,Dirt,0,0,,,,,99
YCNH,16,34,1804,,,0,0,,,,,
YCNK,17,35,3600,60,Asphalt,1,0,-32.7799,151.3410,-32.7897,151.3393,186
YCNM,05,23,5010,98,Asphalt,1,0,-30.9863,148.3690,-30.9782,148.3820,54
YCNM,12,30,1903,98,Grass,0,0,-30.9768,148.3740,-30.9801,148.3790,129
YCNN,14,32,3937,,,0,0,,,,,
YCNO,05,23,4002,,,0,0,,,,,
YCNQ,18,36,3280,,Asphalt,0,0,,,,,
YCNR,04,22,2001,,,0,0,,,,,
YCNS,12,30,3937,,,0,0,,,,,
YCNX,18,36,2296,,,0,0,,,,,
YCNY,14,32,5734,98,Asphalt,1,0,-18.7538,138.7050,-18.7661,138.7150,142
YCOD,15,33,4527,,,0,0,,,,,
YCOE,11,29,4107,75,Asphalt,1,0,-13.7606,143.1120,-13.7649,143.1220,113
YCOF,03,21,2578,,,0,0,,,,,
YCOF,08,26,3677,,,0,0,,,,,
YCOG,07,25,2296,,,0,0,,,,,
YCOH,16,34,3280,,,0,0,,,,,
YCOI,10,28,3772,,XU,0,0,,,,,
YCOL,09,27,3897,,Grass,0,0,,,,,
YCOM,14,32,2041,59,Gravel,0,1,-36.3048,148.9700,-36.3096,148.9730,150
YCOM,18,36,6955,148,Asphalt,1,0,-36.2905,148.9750,-36.3091,148.9700,193
YCOO,09,27,4235,,,0,0,,,,,
YCOR,05,23,5994,148,Asphalt,1,0,-36.0008,146.3450,-35.9927,146.3584,55
YCOR,14,32,5000,98,Asphalt,0,0,-35.9831,146.3460,-35.9925,146.3548,145
YCOY,02,20,3280,,,0,0,,,,,
YCPD,16,34,3608,,,0,0,,,,,
YCPG,06,24,3444,,,0,0,,,,,
YCPH,09,27,3280,,,0,0,,,,,
YCPK,07,25,3805,82,Dirt,0,0,,,,,
YCPN,14,32,4002,,Concrete,0,0,,,,,
YCPT,01,19,5249,98,BITUM,0,0,-31.3156,137.4412,-31.3016,137.4454,
YCRA,06,24,3730,,,0,0,,,,,
YCRG,06,24,4596,98,Asphalt,1,0,-36.1853,147.8800,-36.1815,147.8940,72
YCRK,13,31,3608,,,0,0,,,,,
YCRL,09,27,3001,,Grass,0,0,,,,,
YCRN,10,28,5249,,Grass,0,0,,,,,
YCRT,03,21,3937,,,0,0,,,,,
YCRT,18,36,1640,,,0,0,,,,,
YCRY,09,27,4799,,,0,0,,,,,
YCSK,09,27,6556,279,Snow/Ice,0,0,-66.2880,110.7381,-66.2879,110.7828,
YCSL,01,19,3937,,Grass,0,0,,,,,
YCSP,12,30,4265,,,0,0,,,,,
YCSV,06,24,4599,,,0,0,,,,,
YCTH,03,21,3100,,,0,0,,,,,
YCTI,12,30,2395,,,0,0,,,,,
YCTM,10,28,2805,98,Grass,0,0,-34.6242,148.0290,-34.6269,148.0370,111
YCTM,16,34,4682,60,Asphalt,1,0,-34.6172,148.0356,-34.6297,148.0374,174
YCTN,16,34,3937,,,0,0,,,,,
YCTS,15,33,3280,,,0,0,,,,,
YCUA,09,27,4445,,Asphalt,0,0,,,,,
YCUE,04,22,6499,,,0,0,,,,,
YCUE,11,29,3270,,,0,0,,,,,
YCUN,05,23,6089,148,Asphalt,1,0,-31.6273,117.2115,-31.6167,117.2240,45
YCUN,14,32,4997,148,Asphalt,0,0,-31.6174,117.2103,-31.6272,117.2220,135
YCUR,12,30,2362,,Gravel,0,0,,,,,
YCUS,08,26,2372,59,Permeable,0,0,,,,,73
YCUS,17,35,4124,59,Permeable,1,0,-34.2117,135.6345,-34.2230,135.6345,174
YCUT,02,20,2624,,Concrete,0,0,,,,,
YCUT,11,29,4265,,Concrete,0,0,,,,,
YCVA,09,27,1969,,Grass,0,0,,,,,
YCVA,17,35,3937,,Clay,0,0,,,,,
YCVS,17,35,2952,,XUG,0,0,,,,,
YCWA,08,26,6398,,Concrete,0,0,,,,,
YCWE,12,30,1968,,,0,0,,,,,
YCWH,08,26,3937,,,0,0,,,,,
YCWH,17,35,4265,,,0,0,,,,,
YCWI,17,35,4265,,,0,0,,,,,
YCWL,04,22,3897,,,0,0,,,,,
YCWL,12,30,,,,0,0,,,,,
YCWL,17,35,4829,,,0,0,,,,,
YCWN,04,22,3280,,,0,0,,,,,
YCWO,18,36,2591,,,0,0,,,,,
YCWR,03,21,3825,60,Gravel,0,0,-33.8464,148.6430,-33.8385,148.6520,41
YCWR,15,33,5348,98,Asphalt,1,0,-33.8392,148.6449,-33.8531,148.6505,162
YCWY,08,26,3280,,,0,0,,,,,
YCXA,16,34,3280,,,0,0,,,,,
YCYT,17,35,3608,,,0,0,,,,,
YDAG,10,28,3937,,,0,0,,,,,
YDAJ,11,29,3733,,Concrete,0,0,,,,,
YDAJ,15,33,2598,,,0,0,,,,,
YDAL,09,27,3608,,,0,0,,,,,
YDAL,18,36,2132,,,0,0,,,,,
YDAR,08,26,2001,,Grass,0,0,,,,,
YDAY,04,22,2999,60,Asphalt,0,0,,,,,50
YDAY,13,31,4160,75,Asphalt,1,0,-27.1542,151.2592,-27.1627,151.2677,140
YDBI,01,19,3993,60,Asphalt,1,0,-28.5958,148.2140,-28.5856,148.2180,21
YDBR,09,27,3313,,,0,0,,,,,
YDBY,05,23,3799,59,Gravel,1,0,-17.3746,123.6580,-17.3688,123.6670,56
YDBY,11,29,5696,98,Asphalt,1,0,-17.3688,123.6530,-17.3743,123.6690,111
YDDF,06,24,3215,,,0,0,,,,,
YDEA,09,27,2859,66,Asphalt,0,0,-13.6680,134.2866,-13.6694,134.2957,
YDEG,15,33,2624,,,0,0,,,,,
YDER,16,34,2296,,Grass,0,0,,,,,
YDEV,09,27,3100,,,0,0,,,,,
YDEV,17,35,2788,,,0,0,,,,,
YDGI,02,20,4757,,,0,0,,,,,
YDGN,04,22,3608,,,0,0,,,,,
YDGR,03,21,3280,,,0,0,,,,,
YDGT,10,28,4921,,Concrete,0,0,,,,,
YDGY,14,33,3280,,,0,0,,,,,
YDHL,12,30,2624,,,0,0,,,,,
YDIM,14,32,3280,,,0,0,,,,,
YDIX,07,25,3182,,,0,0,,,,,
YDKI,14,32,2673,,Asphalt,0,0,,,,,
YDLD,12,30,3937,,,0,0,,,,,
YDLH,03,21,3280,,,0,0,,,,,
YDLH,18,36,2952,,,0,0,,,,,
YDLK,08,26,1968,,,0,0,,,,,
YDLK,17,35,3805,,,0,0,,,,,
YDLL,10,28,3280,,Grass,0,0,,,,,
YDLO,13,31,6036,,,0,0,,,,,
YDLQ,06,24,3999,98,Asphalt,1,0,-35.5611,144.9400,-35.5566,144.9530,66
YDLQ,12,30,1969,98,Gravel,0,0,-35.5526,144.9430,-35.5630,144.9531,142
YDLT,09,27,3215,,,0,0,,,,,
YDLV,12,30,2811,,,0,0,,,,,
YDLW,14,32,6233,,,0,0,,,,,
YDME,08,26,3280,,,0,0,,,,,
YDMF,01,19,3198,,Concrete,0,0,,,,,
YDMG,12,30,5433,98,Asphalt,1,0,-17.9332,138.8080,-17.9408,138.8210,120
YDMN,12,30,3149,,,0,0,,,,,
YDMR,10,28,5249,,,0,0,,,,,
YDNB,18,36,4921,,,0,0,,,,,
YDNI,10,28,1640,,Asphalt,0,0,,,,,
YDNV,09,27,3444,,Concrete,0,0,,,,,
YDNV,18,36,2624,,Concrete,0,0,,,,,
YDOC,14,32,5643,,Grass,0,0,,,,,
YDOC,18,36,10203,,Grass,0,0,,,,,
YDOD,09,27,3825,60,Asphalt,1,0,-36.3597,143.0050,-36.3611,143.0180,98
YDOD,18,36,2585,98,Grass,0,0,-36.3608,143.0070,-36.3681,143.0060,188
YDON,07,25,3444,,,0,0,,,,,
YDOO,08,26,2624,,,0,0,,,,,
YDOP,11,29,3018,,Grass,0,0,,,,,
YDOR,14,32,4461,,,0,0,,,,,
YDPD,03,21,3297,,Concrete,0,0,,,,,
YDPD,14,32,2559,,Concrete,0,0,,,,,
YDPO,06,24,6030,148,Asphalt,1,0,-41.1697,146.4190,-41.1658,146.4400,76
YDPO,14,32,2887,98,Grass,0,0,-41.1657,146.4290,-41.1729,146.4330,156
YDPR,10,28,2952,,,0,0,,,,,
YDPS,09,27,3280,,,0,0,,,,,
YDPS,18,36,3018,,,0,0,,,,,
YDPT,06,24,2952,,Grass,0,0,,,,,
YDPT,15,33,1804,,Grass,0,0,,,,,
YDPW,16,34,2952,,,0,0,,,,,
YDRA,18,36,3280,,,0,0,,,,,
YDRC,01,19,1968,,,0,0,,,,,
YDRC,12,30,3937,,,0,0,,,,,
YDRD,05,23,4589,,Grass,0,0,,,,,
YDRH,01,19,3031,,Concrete,0,0,,,,,
YDRH,07,25,2687,,Concrete,0,0,,,,,
YDRI,17,35,3116,,Concrete,0,0,,,,,
YDRL,09,27,3280,,,0,0,,,,,
YDRL,17,35,1968,,,0,0,,,,,
YDUK,07,25,3937,,,0,0,,,,,
YDUM,09,27,2952,,Concrete,0,0,,,,,
YDUN,15,33,2919,,,0,0,,,,,
YDVE,15,33,3280,,NSGG,0,0,,,,,
YDVR,09,27,4406,,Concrete,0,0,,,,,
YDWU,14,32,4271,,XS,0,0,,,,,
YDYS,14,32,5085,98,Asphalt,1,0,-22.6167,148.3590,-22.6283,148.3670,146
YEAB,05,23,3500,,,0,0,,,,,
YEAT,18,36,2696,,,0,0,,,,,
YECH,05,23,1674,59,Gravel,0,0,-36.1579,144.7590,-36.1555,144.7640,59
YECH,17,35,3615,60,Asphalt,1,0,-36.1578,144.7620,-36.1691,144.7623,178
YECL,08,26,4265,,,0,0,,,,,
YECL,18,36,1640,,,0,0,,,,,
YEDA,09,27,3904,,,0,0,,,,,
YEDA,17,35,3805,,,0,0,,,,,
YEDE,18,36,3280,,Asphalt,0,0,,,,,
YEDM,04,22,4265,,,0,0,,,,,
YEDM,13,31,4265,,,0,0,,,,,
YEEB,03,21,4429,,,0,0,,,,,
YEES,10,28,2296,,,0,0,,,,,
YEGA,04,22,3500,,,0,0,,,,,
YEIN,17,35,3937,,,0,0,,,,,
YELD,10,28,4724,98,Asphalt,1,0,-12.0181,135.5680,-12.0203,135.5810,99
YELE,12,30,3116,,,0,0,,,,,
YELK,13,31,3205,,,0,0,,,,,
YELL,14,32,3740,,,0,0,,,,,
YELM,01,19,2952,,GG,0,0,,,,,15
YELN,18,36,3937,,,0,0,,,,,
YELS,18,36,3999,,Asphalt,0,0,,,,,
YEMG,18,36,3956,,,0,0,,,,,
YEML,06,24,6234,98,Asphalt,1,0,-23.5722,148.1710,-23.5665,148.1890,71
YEML,15,33,3038,59,Gravel,1,0,-23.5648,148.1750,-23.5697,148.1777,152
YEMP,16,34,2208,,Grass,0,0,,,,,
YENO,03,21,3608,,Grass,0,0,,,,,
YENO,H1,,115,85,Concrete,0,0,,,,,
YEPL,05,23,3464,,,0,0,,,,,
YEPL,18,36,3494,,,0,0,,,,,
YEPR,16,34,2952,,,0,0,,,,,
YEQO,14,32,4265,,,0,0,,,,,
YERA,10,28,3280,,,0,0,,,,,
YERA,16,34,6561,,,0,0,,,,,
YERH,04,22,3937,,,0,0,,,,,
YERH,18,36,3937,,,0,0,,,,,
YERL,09,27,3772,,Concrete,0,0,,,,,
YERN,05,23,3838,,,0,0,,,,,
YERO,15,33,3608,,,0,0,,,,,
YERU,08,26,2952,,Concrete,0,0,,,,,
YERU,17,35,3280,,Concrete,0,0,,,,,
YESC,17,35,3608,,Concrete,0,0,,,,,
YESE,14,32,6799,269,Dirt,0,0,-20.9657,140.9979,-20.9828,141.0117,
YESP,03,21,3865,59,Gravel,0,0,-33.6892,121.8210,-33.6798,121.8270,28
YESP,11,29,4921,98,Asphalt,1,0,-33.6793,121.8128,-33.6851,121.8310,111
YEUA,01,19,2952,33,Grass and granite sand,0,0,,,,,
YEUA,15,33,2296,33,Grass and granite sand,0,0,,,,,
YEUD,10,28,2854,,,0,0,,,,,
YEUD,18,36,2080,,,0,0,,,,,
YEUO,04,22,4675,,Concrete,0,0,,,,,
YEVD,18,36,4275,60,Asphalt,0,0,-29.0938,153.4200,-29.1055,153.4190,186
YEVD,H,,328,197,Asphalt,0,0,,,,,
YEVP,09,27,4921,,,0,0,,,,,
YEWA,28,10,8202,98,Asphalt,0,0,,,,,279
YEXM,02,20,4215,,,0,0,,,,,
YEYD,06,24,3280,,Concrete,0,0,,,,,
YEYD,11,29,3280,,Concrete,0,0,,,,,
YFBS,09,27,4029,60,Asphalt,1,0,-33.3618,147.9210,-33.3635,147.9340,99
YFCK,18,36,1476,,Grass,0,0,,,,,
YFDF,12,30,7546,98,Asphalt,0,0,,,,,
YFFT,03,21,1443,,Grass,0,0,,,,,
YFFT,14,32,2486,,Grass,0,0,,,,,
YFIL,05,23,2952,,Asphalt,0,0,,,,,
YFLI,05,23,3510,,Asphalt,0,0,,,,,
YFLI,14,32,5643,,,0,0,,,,,
YFLS,18,36,3280,,Grass,0,0,,,,,
YFOR,09,27,4593,,,0,0,,,,,
YFRD,06,24,3608,,,0,0,,,,,
YFRD,18,36,1804,,,0,0,,,,,
YFRG,17,35,3805,,,0,0,,,,,
YFRK,08,26,6561,,,0,0,,,,,
YFRT,09,27,4426,148,Asphalt,1,0,-30.8365,128.1100,-30.8373,128.1240,94
YFRT,18,36,4984,148,Asphalt,1,0,-30.8327,128.1130,-30.8464,128.1130,180
YFRV,14,32,3855,,Dirt,0,0,,,,,
YFSA,09,27,3297,,,0,0,,,,,
YFSK,09,27,2624,,Grass,0,0,,,,,
YFSK,18,36,2296,,Grass,0,0,,,,,
YFTA,15,33,5029,,,0,0,,,,,
YFTN,14,32,2460,,Concrete,0,0,,,,,
YFTN,18,36,3608,,Concrete,0,0,,,,,
YFTZ,01,19,4265,98,Asphalt,1,0,-18.1892,125.5580,-18.1779,125.5620,18
YFVW,04,22,2395,,Grass,0,0,,,,,
YFVW,10,28,1804,,Grass,0,0,,,,,
YFWY,08,26,2952,,,0,0,,,,,
YGAH,15,33,2486,,,0,0,,,,,
YGAM,03,21,1804,,,0,0,,,,,
YGAN,12,30,2493,,,0,0,,,,,
YGAR,04,22,2657,,SU,0,0,,,,,
YGAS,01,19,2460,125,Hard,0,0,-27.5932,152.2557,-27.5855,152.2586,
YGAW,05,23,4970,,Asphalt,0,0,,,,,
YGAW,13,31,4970,,Asphalt,0,0,,,,,
YGAY,06,24,4150,59,Asphalt,1,0,-25.6181,151.6152,-25.6134,151.6266,67
YGBI,10,28,4527,,,0,0,,,,,
YGBW,14,32,2788,,,0,0,,,,,
YGCR,17,35,2634,,Grass,0,0,,,,,
YGDA,12,30,3530,60,Permeable,1,0,-29.0698,147.3810,-29.0758,147.3890,131
YGDH,11,29,5400,98,Asphalt,1,0,-30.9536,150.2410,-30.9616,150.2550,123
YGDH,17,35,1942,98,Grass,0,0,-30.9552,150.2510,-30.9605,150.2510,183
YGDI,04,22,4396,98,Asphalt,1,0,-28.5270,150.3160,-28.5180,150.3250,42
YGDI,12,30,2608,98,Clay,0,0,-28.5207,150.3180,-28.5255,150.3240,132
YGDR,14,32,2624,,,0,0,,,,,
YGDS,17,35,3871,,Concrete,0,0,,,,,
YGDV,16,34,3182,,,0,0,,,,,
YGDW,05,23,3615,,Concrete,0,0,,,,,
YGEL,03,21,7838,148,Asphalt,1,0,-28.8045,114.7030,-28.7875,114.7100,18
YGEL,08,26,2953,59,Gravel,0,0,-28.7880,114.7000,-28.7865,114.7090,80
YGEL,14,32,2769,59,Asphalt,0,0,-28.7881,114.7000,-28.7941,114.7060,143
YGFN,18,36,5607,98,Asphalt,1,0,-29.7472,153.0320,-29.7625,153.0300,186
YGGE,12,30,4580,,,0,0,,,,,
YGGI,02,20,3608,,,0,0,,,,,
YGGL,11,29,3280,,,0,0,,,,,
YGGO,03,21,3280,,,0,0,,,,,
YGGS,08,26,3280,,,0,0,,,,,
YGHG,01,19,1968,,,0,0,,,,,
YGIA,09,27,8202,148,Concrete,0,0,,,,,
YGIB,07,25,3497,,,0,0,,,,,
YGID,06,24,5249,,,0,0,,,,,
YGIF,18,36,2985,,,0,0,,,,,
YGIG,08,26,5997,148,Asphalt,1,0,-31.4665,115.8540,-31.4622,115.8720,75
YGIL,08,26,1902,,,0,0,,,,,
YGIL,15,33,4206,,,0,0,,,,,
YGIR,18,36,3018,,,0,0,,,,,
YGKL,12,30,2870,,Asphalt,0,0,,,,,
YGLA,10,28,5364,98,Asphalt,1,0,-23.8669,151.2170,-23.8727,151.2341,110
YGLB,04,22,4209,98,Asphalt,1,0,-34.8132,149.7220,-34.8054,149.7320,48
YGLB,08,26,2218,98,Gravel,0,0,-34.8097,149.7270,-34.8099,149.7350,92
YGLD,16,34,3937,,,0,0,,,,,
YGLE,15,33,2887,,Concrete,0,0,,,,,
YGLI,10,28,5499,98,Gravel,1,0,-29.6739,151.6825,-29.6768,151.6944,106
YGLI,14,32,4915,98,Asphalt,1,0,-29.6671,151.6860,-29.6792,151.6930,154
YGLN,11,29,1968,,,0,0,,,,,
YGLN,15,33,2624,,,0,0,,,,,
YGLO,08,26,1998,,Concrete,0,0,,,,,
YGLO,16,34,3405,,Concrete,0,0,,,,,
YGLP,13,31,3772,,,0,0,,,,,
YGLS,12,30,5249,,,0,0,,,,,
YGLY,15,33,3937,,,0,0,,,,,
YGMD,07,25,2624,,,0,0,,,,,
YGMP,09,27,3707,,Grass,0,0,,,,,
YGNA,09,27,3280,,,0,0,,,,,
YGNF,03,21,2657,,Grass,0,0,,,,,
YGNV,08,26,3018,,,0,0,,,,,
YGNW,12,30,4921,,,0,0,,,,,
YGOM,06,24,3280,,Grass,0,0,,,,,
YGPI,09,27,4921,,,0,0,,,,,
YGPR,09,27,4265,,,0,0,,,,,
YGPT,04,22,4314,98,Composite,1,0,-11.4041,130.4210,-11.3959,130.4290,46
YGRU,03,21,4593,,Grass,0,0,,,,,
YGSC,13,31,4035,,,0,0,,,,,
YGSD,09,27,4429,66,Gravel,0,0,,,,,
YGTE,10,28,6237,98,Asphalt,1,0,-13.9710,136.4500,-13.9738,136.4670,100
YGTH,06,24,4931,98,Asphalt,1,0,-34.2572,146.0518,-34.2509,146.0688,66
YGTH,18,36,1969,98,Grass,0,0,-34.2467,146.0690,-34.2520,146.0680,189
YGTN,06,24,3799,59,Asphalt,0,0,-18.3050,143.5259,-18.3004,143.5357,61
YGTO,06L,24R,1804,66,Grass,0,0,,,,,
YGTO,06R,24L,3280,66,Asphalt,0,0,,,,,
YGTO,11,29,1968,66,Grass,0,0,,,,,
YGTO,14,32,,66,Grass,0,0,,,,,
YGUL,09,27,3280,,,0,0,,,,,
YGUW,15,33,3937,,,0,0,,,,,
YGVE,13,31,1998,,Grass,0,0,,,,,
YGWA,01,19,3576,,,0,0,,,,,
YGWD,08,26,1640,,,0,0,,,,,
YGWD,18,36,3280,,,0,0,,,,,
YGYM,03,21,1955,98,Clay,0,0,,,,,36
YGYM,14,32,4600,59,Asphalt,0,0,-26.2847,152.6993,-26.2947,152.7061,148
YHAA,12,30,3254,,Concrete,0,0,,,,,
YHAB,17,35,3986,,Grass,0,0,,,,,
YHAE,08,26,2788,,,0,0,,,,,
YHAG,09,27,3937,,,0,0,,,,,
YHAW,18,36,3280,,,0,0,,,,,
YHAY,04,22,4800,98,Asphalt,1,0,-34.5374,144.8240,-34.5279,144.8350,44
YHAY,15,33,3740,98,Gravel,0,0,-34.5239,144.8270,-34.5332,144.8320,155
YHBA,11,29,6561,98,Asphalt,1,0,-25.3155,152.8720,-25.3242,152.8890,119
YHBK,04,22,2657,,,0,0,,,,,
YHBK,14,32,1902,,,0,0,,,,,
YHBR,08,26,3937,,,0,0,,,,,
YHBY,11,29,3280,,Grass,0,0,,,,,
YHDD,10,28,3280,,,0,0,,,,,
YHDY,09,27,3999,,,0,0,,,,,
YHDY,18,36,3937,,,0,0,,,,,
YHEC,10,28,2296,,Grass,0,0,,,,,
YHEC,18,36,2296,,Grass,0,0,,,,,
YHEG,09,27,4921,,,0,0,,,,,
YHEW,07,25,3608,,Grass,0,0,,,,,
YHEW,17,35,3999,,Grass,0,0,,,,,
YHGR,14,32,5019,,,0,0,,,,,
YHGS,09,27,3937,,,0,0,,,,,
YHHY,11,29,2624,,,0,0,,,,,
YHID,08,26,4557,98,Asphalt,1,0,-10.5867,142.2810,-10.5855,142.2940,85
YHID,14,32,4052,75,Asphalt,1,0,-10.5810,142.2890,-10.5895,142.2960,140
YHIL,09,27,4921,,,0,0,,,,,
YHKT,15,33,3280,,,0,0,,,,,
YHLC,04,22,4839,98,Asphalt,1,0,-18.2410,127.6610,-18.2313,127.6710,44
YHLC,08,26,3104,59,Gravel,1,0,-18.2356,127.6630,-18.2350,127.6720,86
YHLM,03,21,4101,,Asphalt,0,0,,,,,
YHLS,06,24,4262,60,Asphalt,0,0,-33.4961,145.5170,-33.4923,145.5303,72
YHLS,14,32,2690,98,Grass,0,0,,,,,151
YHMB,11,29,3704,,,0,0,,,,,
YHML,10,28,4045,98,Gravel,0,0,-37.6460,142.0590,-37.6504,142.0720,113
YHML,17,35,4606,98,Asphalt,1,0,-37.6386,142.0619,-37.6540,142.0620,180
YHMT,02,20,3608,,Concrete,0,0,,,,,
YHMT,03,21,3280,,Concrete,0,0,,,,,
YHOA,10,28,2296,,,0,0,,,,,
YHOO,10,28,5118,,,0,0,,,,,
YHOT,11,29,4762,98,Asphalt,1,0,-37.0451,147.3280,-37.0512,147.3420,119
YHOV,14,32,2952,,,0,0,,,,,
YHOY,03,21,3510,,Grass,0,0,,,,,
YHPE,15,33,2985,,,0,0,,,,,
YHPE,18,36,2493,,,0,0,,,,,
YHPN,01,19,3730,60,Asphalt,1,0,-35.7199,142.3580,-35.7105,142.3630,21
YHPN,08,26,1598,98,Grass,1,0,-35.7140,142.3580,-35.7140,142.3630,91
YHRD,09,27,4494,,,0,0,,,,,
YHRD,18,36,3280,,,0,0,,,,,
YHRG,12,30,5577,,,0,0,,,,,
YHRG,15,33,4593,,,0,0,,,,,
YHSB,01,19,4921,,,0,0,,,,,
YHSL,12,30,5249,,,0,0,,,,,
YHSM,08,26,4337,98,Asphalt,1,0,-36.6689,142.1710,-36.6688,142.1860,90
YHSM,17,35,2621,60,Sand,0,0,-36.6690,142.1720,-36.6788,142.1721,180
YHTA,06,24,2952,,,0,0,,,,,
YHTA,10,28,2624,,,0,0,,,,,
YHTL,10,28,3937,,,0,0,,,,,
YHTN,16,33,3188,,Grass,0,0,,,,,
YHTR,01,19,1640,,Grass,0,0,,,,,
YHTS,16,34,4265,,,0,0,,,,,
YHUG,06,24,3051,59,Gravel,1,0,-20.8185,144.2180,-20.8150,144.2260,66
YHUG,12,30,5394,98,Asphalt,1,0,-20.8083,144.2190,-20.8174,144.2310,127
YHVH,14,32,3280,,Grass,0,0,,,,,
YIDK,11,29,3969,,,0,0,,,,,
YIDR,09,27,2805,,,0,0,,,,,
YIDR,13,31,3205,,,0,0,,,,,
YIFL,03,21,4409,98,Clay,0,0,-17.5644,146.0090,-17.5544,146.0160,35
YIFL,14,32,4439,98,Asphalt,1,0,-17.5542,146.0070,-17.5637,146.0150,141
YIFY,12,30,2887,,Concrete,0,0,,,,,
YIGM,05,23,5006,98,Asphalt,1,0,-18.6683,146.1390,-18.6609,146.1513,58
YIGR,09,27,2624,,,0,0,,,,,
YIGR,14,32,2296,,,0,0,,,,,
YIKL,17,35,4593,,,0,0,,,,,
YIKM,17,35,3018,,,0,0,,,,,
YILA,02,20,3280,,Grass,0,0,,,,,
YILT,09,27,2296,,Grass,0,0,,,,,
YILW,08,26,2998,,Grass,0,0,,,,,
YIMA,14,32,3018,,,0,0,,,,,
YIMB,03,21,5183,,Asphalt,0,0,,,,,
YIMB,15,33,4288,,,0,0,,,,,
YIMP,05,23,4757,,,0,0,,,,,
YING,04,22,3608,,Grass,0,0,,,,,
YINJ,14,32,3956,,,0,0,,,,,
YINN,02,20,4071,,Concrete,0,0,,,,,
YINO,09,27,3280,,,0,0,,,,,
YINV,07,25,6561,,,0,0,,,,,
YINV,18,36,3280,,,0,0,,,,,
YISD,09,27,3280,,,0,0,,,,,
YISF,14,32,4498,100,Composite,0,0,-24.2541,144.4207,-24.2646,144.4278,148
YISV,10,28,3805,,Concrete,0,0,,,,,
YITT,14,32,2986,,Gravel,0,0,,,,,
YIVL,04,22,2297,60,Grass,0,0,-29.8925,151.1378,-29.8893,151.1440,51
YIVL,16,34,6936,98,Asphalt,1,0,-29.8786,151.1430,-29.8974,151.1470,170
YIVO,09,27,3343,100,Clay,0,0,,,,,98
YIVO,16,34,4088,60,Asphalt,1,0,-32.8813,144.3105,-32.8924,144.3121,173
YJAB,09,27,4670,100,Permeable,1,0,-12.6575,132.8880,-12.6586,132.9010,95
YJAK,17,35,5905,,Asphalt,0,0,,,,,
YJAM,01,19,5249,,,0,0,,,,,
YJBY,08,26,4800,150,Asphalt,0,0,-35.1453,150.6882,-35.1464,150.7042,94
YJBY,15,33,5000,150,Asphalt,0,0,-35.1417,150.6949,-35.1549,150.6996,166
YJCO,01,19,2385,,Grass,0,0,,,,,
YJDA,01,19,4498,,,0,0,,,,,
YJEM,01,19,1968,,Grass,0,0,,,,,
YJEM,09,27,2952,,Grass,0,0,,,,,
YJER,01,19,3700,,Asphalt,0,0,,,,,
YJEY,07,25,2952,,,0,0,,,,,
YJGP,14,32,5249,,,0,0,,,,,
YJIG,14,32,4593,,,0,0,,,,,
YJIN,10,28,2854,,Grass,0,0,,,,,
YJIN,12,30,3280,,Grass,0,0,,,,,
YJLC,10,28,4600,98,Asphalt,1,0,-20.6664,141.7120,-20.6701,141.7250,107
YJNB,02,20,4265,,Asphalt,0,0,,,,,
YJNK,15,33,3937,,,0,0,,,,,
YJNY,06,24,4921,,,0,0,,,,,
YJRO,18,36,3280,,,0,0,,,,,
YJST,16,34,3937,,,0,0,,,,,
YJUK,15,33,5249,,,0,0,,,,,
YJUN,08,26,6889,,,0,0,,,,,
YJVM,17,35,3937,,,0,0,,,,,
YJVS,14,32,3205,,,0,0,,,,,
YJWB,03,21,3280,,Grass,0,0,,,,,
YKAE,14,32,3937,,XUG,0,0,,,,,
YKAJ,15,33,2296,,,0,0,,,,,
YKAL,05,23,3418,,,0,0,,,,,
YKAL,10,28,3126,,,0,0,,,,,
YKAN,10,28,3937,,Concrete,0,0,,,,,
YKAN,18,36,3937,,Concrete,0,0,,,,,
YKAP,04,22,2099,,Grass,0,1,,,,,
YKAP,15,33,1968,,Grass,0,0,,,,,
YKAR,12,30,4593,,Asphalt,0,0,,,,,
YKAT,06,24,2952,,,0,0,,,,,
YKAY,01,19,3937,,Concrete,0,0,,,,,
YKAY,12,30,4593,,Concrete,0,0,,,,,
YKBA,14,32,6890,,,0,0,,,,,134
YKBG,12,30,3280,,,0,0,,,,,
YKBL,16,34,3576,,,0,0,,,,,
YKBN,12,30,4593,,Asphalt,0,0,,,,,
YKBR,18,36,5246,60,Asphalt,0,0,-27.6850,114.2593,-27.6994,114.2592,181
YKBY,05,23,2559,59,Gravel,0,0,-32.8445,134.2940,-32.8402,134.3000,52
YKBY,13,31,4432,59,Asphalt,1,0,-32.8326,134.2870,-32.8403,134.2980,130
YKCA,12,30,4908,,,0,0,,,,,
YKCK,09,27,4593,,Grass,0,0,,,,,
YKCS,10,28,5029,,,0,0,,,,,
YKDD,12,30,7612,148,Asphalt,0,0,,,,,116
YKDI,05,23,3937,,Asphalt,0,0,,,,,
YKDL,04,22,3280,,,0,0,,,,,
YKDL,17,35,4265,,,0,0,,,,,
YKDM,07,25,3605,,,0,0,,,,,
YKDN,18,36,3608,,,0,0,,,,,
YKEB,11,29,3280,,,0,0,,,,,
YKEN,07,25,2998,,,0,0,,,,,
YKER,05,23,2267,60,Gravel,1,0,-35.7527,143.9390,-35.7495,143.9460,59
YKER,14,32,3501,60,Asphalt,1,0,-35.7479,143.9340,-35.7561,143.9400,149
YKGA,04,22,3904,,,0,0,,,,,
YKGA,14,32,5216,,,0,0,,,,,
YKHA,13,31,4937,,Grass,0,0,,,,,
YKHG,17,35,5577,,,0,0,,,,,
YKID,03,21,4101,,,0,0,,,,,
YKIG,02,20,3248,,Asphalt,0,0,,,,,
YKII,06,24,2626,98,Gravel,1,0,-39.8779,143.8790,-39.8758,143.8880,74
YKII,10,28,5198,98,Asphalt,1,0,-39.8734,143.8700,-39.8794,143.8870,115
YKII,17,35,3632,98,Composite,1,0,-39.8728,143.8850,-39.8828,143.8840,185
YKIL,16,34,3474,,Concrete,0,0,,,,,
YKIU,04,22,4002,,,0,0,,,,,
YKKG,03,21,4101,98,Asphalt,1,0,-17.4330,130.8070,-17.4235,130.8130,33
YKKG,13,31,3038,60,Gravel,1,0,-17.4334,130.8080,-17.4394,130.8140,134
YKKH,16,34,4265,,,0,0,,,,,
YKLA,07,25,2296,,Concrete,0,0,,,,,
YKLB,08,26,3280,,Grass,0,0,,,,,
YKLC,11,29,6890,98,Asphalt,0,0,-16.1213,123.7262,-16.1290,123.7440,114
YKLG,05,23,3280,,Grass,0,0,,,,,
YKLL,08,26,3280,,Concrete,0,0,,,,,
YKLL,16,34,3280,,Concrete,0,0,,,,,
YKLN,15,33,3280,,Grass,0,0,,,,,
YKLR,17,35,2624,,,0,0,,,,,
YKMB,03,21,4169,,,0,0,,,,,
YKML,14,32,5275,,Concrete,0,0,,,,,
YKMP,04,22,5413,98,Asphalt,1,0,-31.0765,152.7580,-31.0679,152.7720,54
YKMP,16,34,2014,60,Grass,0,1,-31.0688,152.7690,-31.0744,152.7700,170
YKNG,06,24,4921,,,0,0,,,,,
YKNG,07,25,,,,0,0,,,,,
YKNM,05,23,3280,,,0,0,,,,,
YKNM,09,27,2952,,,0,0,,,,,
YKNP,12,30,4265,,UG,0,0,,,,,
YKNT,10,28,4429,,,0,0,,,,,
YKNV,06,24,1797,,,0,0,,,,,
YKOG,08,26,2952,,,0,0,,,,,
YKOJ,17,35,4265,,,0,0,,,,,
YKOK,13,31,3280,,Concrete,0,0,,,,,
YKOL,17,35,2952,,Concrete,0,0,,,,,
YKOW,12,30,4528,98,Asphalt,1,0,-15.4824,141.7470,-15.4886,141.7580,120
YKPR,11,29,4921,,,0,0,,,,,
YKRV,18,36,3280,,,0,0,,,,,
YKRY,05,23,4275,98,Grass,0,0,-26.5855,151.8360,-26.5806,151.8480,65
YKRY,16,34,5249,98,Asphalt,1,0,-26.5725,151.8380,-26.5866,151.8410,168
YKSC,01,19,4600,98,Asphalt,1,0,-35.7236,137.5217,-35.7084,137.5290,22
YKSC,06,24,3720,98,Gravel,1,0,-35.7149,137.5170,-35.7108,137.5280,67
YKSC,15,33,3819,98,Gravel,1,0,-35.7093,137.5179,-35.7203,137.5240,157
YKTH,18,36,3937,,,0,0,,,,,
YKTN,09,27,2165,,Grass,0,0,,,,,
YKTN,18,36,2329,,,0,0,,,,,
YKUB,11,29,3281,60,Permeable,0,0,-10.2245,142.2156,-10.2282,142.2239,113
YKUR,16,34,2936,289,Dirt,0,0,-20.5055,134.6688,-20.5142,134.6721,
YKUW,09,27,3018,,Grass,0,0,,,,,
YKUW,18,36,1978,,Grass,0,0,,,,,
YKUY,18,36,3280,,Concrete,0,0,,,,,
YKWG,18,36,3608,,Concrete,0,0,,,,,
YKYB,09,27,2998,,Grass,0,0,,,,,
YKYB,18,36,1797,,Grass,0,0,,,,,
YKYN,02,20,3149,,,0,0,,,,,
YLAG,03,21,2034,,Grass,0,0,,,,,
YLAH,04,22,4002,,,0,0,,,,,
YLAM,02,20,2952,,Concrete,0,0,,,,,
YLAN,16,34,2296,,,0,0,,,,,
YLAN,18,36,1968,,,0,0,,,,,
YLAO,09,27,2952,,Grass,0,0,,,,,
YLAO,18,36,1968,,Grass,0,0,,,,,
YLAW,10,28,6562,,,0,0,,,,,
YLBD,10,28,3937,,,0,0,,,,,
YLBG,08,26,3937,,,0,0,,,,,
YLCG,06,24,3937,,,0,0,,,,,
YLCG,12,30,2887,,Concrete,0,0,,,,,
YLDB,07,25,4265,,,0,0,,,,,
YLDO,01,19,4921,,,0,0,,,,,
YLEA,03,21,3937,56,Dirt,0,0,,,,,
YLEA,13,31,3280,,,0,0,,,,,
YLEC,02,20,3999,59,Asphalt,0,0,-30.6037,138.4200,-30.5942,138.4270,30
YLEC,11,29,5610,98,Asphalt,1,0,-30.5957,138.4240,-30.6036,138.4400,121
YLED,10,28,3608,39,Sealed bitumen,0,0,-37.9203,144.0974,-37.9235,144.1100,
YLED,16,34,3444,62,Grass,0,0,-37.9165,144.1000,-37.9259,144.1019,
YLEE,04,22,4921,,,0,0,,,,,
YLEG,04,22,3032,59,Permeable,0,0,-38.4991,145.8570,-38.4927,145.8656,47
YLEG,18,36,2195,59,Gravel,0,0,-38.4933,145.8611,-38.4993,145.8600,188
YLEO,04,22,6621,98,Asphalt,1,0,-28.8891,121.3060,-28.8745,121.3180,37
YLEO,12,30,3740,98,Gravel,1,0,-28.8750,121.3080,-28.8822,121.3170,133
YLET,08,26,2952,,Grass,0,0,,,,,
YLEV,08,26,3494,60,Permeable,1,0,-12.4984,135.8020,-12.4977,135.8110,85
YLFD,05,23,3280,,,0,0,,,,,
YLGA,08,26,3608,,,0,0,,,,,
YLGA,16,34,2296,,,0,0,,,,,
YLGB,09,27,3608,,,0,0,,,,,
YLGC,11,29,3958,,Dirt,0,0,,,,,
YLGD,01,19,1312,,Grass,0,0,,,,,
YLGD,15,33,3280,,Grass,0,0,,,,,
YLGL,15,33,3280,,Grass,0,0,,,,,
YLGN,02,20,2296,,,0,0,,,,,
YLGN,11,29,3937,,,0,0,,,,,
YLGU,11,29,2811,,,0,0,,,,,
YLHI,10,28,2906,,Asphalt,0,0,,,,,
YLHL,13,31,2296,,,0,0,,,,,
YLHR,12,30,4919,98,Asphalt,1,0,-12.7837,143.3010,-12.7915,143.3120,125
YLHS,16,34,4232,,,0,0,,,,,
YLIL,18,36,3280,,Grass,0,0,,,,,
YLIM,12,30,3280,,,0,0,,,,,
YLIS,15,33,5404,98,Asphalt,1,0,-28.8239,153.2550,-28.8377,153.2620,157
YLKD,12,30,3215,,Grass,0,0,,,,,
YLKN,11,29,2559,,,0,0,,,,,
YLKN,14,32,3015,,,0,0,,,,,
YLLA,04,22,3608,,,0,0,,,,,
YLLA,14,32,3937,,,0,0,,,,,
YLLC,13,31,3280,,,0,0,,,,,
YLLD,07,25,2296,,,0,0,,,,,
YLLE,03,21,5906,98,Asphalt,1,0,-27.4119,141.8040,-27.3994,141.8150,40
YLMB,11,29,3497,,Grass,0,0,,,,,
YLMB,18,36,2513,,Grass,0,0,,,,,
YLMQ,07,25,2204,,Asphalt,0,0,,,,,
YLMU,06,24,3280,,Grass,0,0,,,,,
YLND,16,34,3838,,Grass,0,0,,,,,
YLNR,11,29,3280,,,0,0,,,,,
YLNR,18,36,2427,,,0,0,,,,,
YLOC,14,32,2952,,,0,0,,,,,
YLOD,13,31,1968,,Grass,0,0,,,,,
YLOH,09,27,3494,,,0,0,,,,,
YLOK,08,26,3116,,,0,0,,,,,
YLOR,15,33,4504,,Concrete,0,0,,,,,
YLOU,07,25,3280,,,0,0,,,,,
YLOV,08,26,2854,,,0,0,,,,,
YLOX,08,26,3891,,,0,0,,,,,
YLOX,17,35,2801,,,0,0,,,,,
YLOY,09,27,2395,,Grass,0,0,,,,,
YLRA,14,32,3526,,,0,0,,,,,
YLRD,04,22,2405,98,Gravel,1,0,-29.4551,147.9810,-29.4507,147.9860,48
YLRD,10,28,4613,60,Asphalt,1,0,-29.4506,147.9700,-29.4548,147.9840,110
YLRE,04,22,6352,98,Asphalt,1,0,-23.4380,144.2710,-23.4260,144.2840,47
YLRE,09,27,2953,59,Gravel,0,1,-23.4376,144.2700,-23.4380,144.2790,93
YLRG,09,27,3608,,,0,0,,,,,
YLRG,16,34,3937,,,0,0,,,,,
YLRN,09,27,6561,,,0,0,,,,,
YLRS,11,29,3280,,Grass,0,0,,,,,
YLSM,08,26,2296,,Grass,0,0,,,,,
YLSM,15,33,2001,,Grass,0,0,,,,,
YLST,10,28,5906,98,Asphalt,1,0,-27.8427,120.6950,-27.8456,120.7130,100
YLSY,05,23,2952,,,0,0,,,,,
YLSY,12,30,4921,,,0,0,,,,,
YLTN,07,25,5906,98,Asphalt,1,0,-28.6168,122.4210,-28.6111,122.4380,70
YLTN,16,34,3015,98,Gravel,1,0,-28.6064,122.4230,-28.6140,122.4260,157
YLTV,03,21,4692,75,Asphalt,1,0,-38.2155,146.4651,-38.2065,146.4766,45
YLTV,03L,21R,1529,164,Turf/Grass,0,0,-38.2100,146.4701,-38.2066,146.4744,
YLTV,09,27,3015,60,Gravel,1,0,-38.2051,146.4654,-38.2061,146.4758,97
YLUC,09,27,3280,,,0,0,,,,,
YLUI,08,26,3280,,,0,0,,,,,
YLUL,02,20,4051,,,0,0,,,,,
YLUL,16,34,3740,,,0,0,,,,,
YLUW,16,34,3937,,,0,0,,,,,
YLVB,09,27,2132,,Grass,0,0,,,,,
YLVB,18,36,2952,,,0,0,,,,,
YLVD,08,26,3280,,,0,0,,,,,
YLVD,17,35,3608,,,0,0,,,,,
YLVY,04,22,3280,,,0,0,,,,,
YLVY,15,33,3280,,,0,0,,,,,
YLWY,02,20,3280,,,0,0,,,,,
YLWY,13,31,3280,,,0,0,,,,,
YLYD,06,24,4166,,Grass,0,0,,,,,
YLYK,18,36,1699,,Grass,0,0,,,,,
YLYN,10,28,3969,,Dirt,0,0,,,,,
YLYN,17,35,4148,,Dirt,0,0,,,,,
YLZI,12,30,3038,49,Asphalt,1,0,-14.6700,145.4511,-14.6756,145.4569,120
YMAA,15,33,1312,,,0,0,,,,,
YMAC,01,19,2952,,,0,0,,,,,
YMAC,08,26,3608,,,0,0,,,,,
YMAD,01,19,4593,,Concrete,0,0,,,,,
YMAD,09,27,3608,,Concrete,0,0,,,,,
YMAE,14,32,1722,,Grass,0,0,,,,,
YMAG,09,27,2099,,,0,0,,,,,
YMAG,18,36,3280,,,0,0,,,,,
YMAI,10,28,4035,,,0,0,,,,,
YMAI,17,35,3280,,,0,0,,,,,
YMAK,18,36,3280,,,0,0,,,,,
YMAU,12,30,5249,,,0,0,,,,,
YMAV,18,36,10000,148,Asphalt,1,0,-38.0272,144.4694,-38.0544,144.4648,187
YMAY,07,25,6234,98,Asphalt,1,0,-36.0681,146.9490,-36.0654,146.9700,81
YMBA,10,28,4938,98,Asphalt,1,0,-17.0674,145.4158,-17.0729,145.4321,108
YMBD,01,19,3494,,,0,0,,,,,
YMBD,09,27,2985,,Grass,0,0,,,,,
YMBL,09,27,4009,,,0,0,,,,,
YMBL,17,35,3454,,,0,0,,,,,
YMBT,14,32,4921,66,Bitumen,0,0,,,,,
YMBU,06,24,1908,100,Gravel,0,0,-37.0330,143.7088,-37.0304,143.7168,68
YMBU,17,35,3414,100,Permeable,1,0,-37.0305,143.7069,-37.0398,143.7083,174
YMBX,09,27,3215,,Grass,0,0,,,,,
YMBX,18,36,3116,,Grass,0,0,,,,,
YMBZ,12,30,3937,,,0,0,,,,,
YMCE,11,29,1640,164,Dirt,0,0,,,,,
YMCE,17,36,3937,197,Dirt,0,0,,,,,
YMCK,18,36,3349,,,0,0,,,,,
YMCL,06,24,2919,,Concrete,0,0,,,,,
YMCO,07,25,2890,,,0,0,,,,,
YMCO,18,36,3372,,,0,0,,,,,
YMCR,18,36,4002,,,0,0,,,,,
YMCS,09,27,5577,,,0,0,,,,,
YMCT,08,26,3937,60,Asphalt,1,0,-37.5835,140.3598,-37.5820,140.3740,85
YMCU,09,27,5085,,,0,0,,,,,
YMDA,18,36,3116,,,0,0,,,,,
YMDB,01,19,3608,,Concrete,0,0,,,,,
YMDG,04,22,5705,98,Asphalt,1,0,-32.5697,149.6020,-32.5601,149.6170,52
YMDG,16,34,3527,98,Grass,0,0,-32.5551,149.6110,-32.5647,149.6130,171
YMDI,12,30,3444,,Concrete,0,0,,,,,
YMDK,13,31,3280,,,0,0,,,,,
YMDN,10,28,4166,,XSA,0,0,,,,,
YMDN,18,36,3018,,XSA,0,0,,,,,
YMDR,08,26,3280,,Concrete,0,0,,,,,
YMDS,12,30,3608,,,0,0,,,,,
YMDT,08,26,3937,,,0,0,,,,,
YMDT,17,35,3280,,,0,0,,,,,
YMDV,15,33,5905,,,0,0,,,,,
YMDW,10,28,3608,,,0,0,,,,,
YMDY,12,30,3970,59,Permeable,0,0,,,,,124
YMDZ,02,20,3280,,,0,0,,,,,
YMDZ,07,25,4921,,,0,0,,,,,
YMEB,02,20,4921,,Concrete,0,0,,,,,
YMED,01,19,4199,,,0,0,,,,,
YMED,15,33,3001,,,0,0,,,,,
YMEI,12,30,4921,,,0,0,,,,,
YMEK,09,27,7156,98,Asphalt,1,0,-26.6091,118.5350,-26.6074,118.5570,85
YMEK,15,33,3494,98,Sand,0,0,-26.6094,118.5490,-26.6166,118.5560,139
YMEL,04,22,2952,,,0,0,,,,,
YMEL,10,28,2952,,Grass,0,0,,,,,
YMEN,08,26,6302,148,Asphalt,1,0,-37.7314,144.8929,-37.7308,144.9147,88
YMEN,17,35,4311,148,Asphalt,1,0,-37.7204,144.9008,-37.7339,144.9014,177
YMEO,10,28,2198,,Grass,0,0,,,,,
YMEP,01,19,2624,,,0,0,,,,,
YMER,03,21,5256,98,Asphalt,1,0,-36.9129,149.8970,-36.9009,149.9070,34
YMES,04,22,7995,148,Asphalt,1,0,-38.1060,147.1390,-38.0931,147.1610,54
YMES,09,27,7316,148,Asphalt,1,0,-38.0957,147.1280,-38.0988,147.1530,99
YMEU,09,27,3280,,,0,0,,,,,
YMEW,18,36,3937,,,0,0,,,,,
YMEY,01,19,2345,,,0,0,,,,,
YMEY,12,30,3444,,,0,0,,,,,
YMFD,15,33,2952,,Grass,0,0,,,,,
YMGB,11,29,4626,60,Permeable,1,0,-12.0921,134.8870,-12.0978,134.8990,116
YMGD,14,32,5020,98,Asphalt,1,0,-12.0526,134.2330,-12.0644,134.2400,149
YMGG,03,21,2788,,,0,0,,,,,
YMGG,18,36,4855,,,0,0,,,,,
YMGI,01,19,1726,100,Clay,0,0,,,,,19
YMGI,12,30,4606,98,Asphalt,0,0,,,,,128
YMGN,05,23,3608,,,0,0,,,,,
YMGO,02,20,3280,,Concrete,0,0,,,,,
YMGO,09,27,1968,,Concrete,0,0,,,,,
YMGR,07,25,5006,,,0,0,,,,,
YMGS,15,33,3851,,,0,0,,,,,
YMGT,02,20,3619,49,Asphalt,1,0,-33.9354,115.0984,-33.9257,115.1012,19
YMGV,18,36,3280,,,0,0,,,,,
YMHB,12,30,8947,148,Asphalt,1,0,-42.8282,147.5010,-42.8456,147.5246,135
YMHL,13,31,3937,,,0,0,,,,,
YMHO,05,23,3503,85,Dirt,0,0,,,,,56
YMHT,03,21,3280,,,0,0,,,,,
YMHU,06,24,4931,75,Asphalt,1,0,-16.4487,136.0642,-16.4408,136.0861,69
YMHW,09,27,3116,,Concrete,0,0,,,,,
YMIA,09,27,6004,148,Asphalt,1,0,-34.2264,142.0740,-34.2297,142.0930,102
YMIA,18,36,3737,98,Asphalt,1,0,-34.2258,142.0900,-34.2361,142.0890,186
YMIB,05,23,3937,,,0,0,,,,,
YMIG,06,24,3280,,,0,0,,,,,
YMIJ,06,24,3543,,,0,0,,,,,
YMIL,10,28,2952,,,0,0,,,,,
YMIL,16,34,3937,,,0,0,,,,,
YMIN,15,33,4560,,,0,0,,,,,
YMIP,06,24,4635,,,0,0,,,,,
YMIP,17,35,5157,,,0,0,,,,,
YMIR,06,24,1123,79,Dirt,0,0,-17.3286,141.8806,-17.3268,141.8839,
YMIR,11,29,3306,236,Dirt,0,0,-17.3267,141.8811,-17.3312,141.8909,
YMIS,09,27,3444,,,0,0,,,,,
YMIS,15,33,4593,,,0,0,,,,,
YMIT,11,29,4675,98,Asphalt,0,0,-26.4836,147.9373,-26.4888,147.9505,113
YMIV,04,22,3116,,,0,0,,,,,
YMIV,07,25,2460,,,0,0,,,,,
YMIX,09,27,3116,,,0,0,,,,,
YMIX,13,31,3444,,,0,1,,,,,
YMJE,07,25,4429,,Concrete,0,0,,,,,
YMJM,12,30,4016,50,Asphalt,1,0,-34.2628,116.1340,-34.2678,116.1460,117
YMKT,07,25,3116,,,0,0,,,,,
YMLA,16,34,3280,,,0,0,,,,,
YMLC,04,28,1312,,Grass,0,0,,,,,
YMLD,18,36,3937,,,0,0,,,,,
YMLL,12,30,2460,,,0,0,,,,,
YMLN,01,19,3772,,Concrete,0,0,,,,,
YMLN,13,31,3772,,Concrete,0,0,,,,,
YMLR,12,30,2624,,,0,0,,,,,
YMLR,15,33,3608,,,0,0,,,,,
YMLS,04,22,5217,100,Asphalt,1,0,,,,,
YMLT,14L,32R,2297,60,Grass,0,0,-41.5412,147.2140,-41.5466,147.2190,147
YMLT,14R,32L,6499,148,Asphalt,1,0,-41.5371,147.2040,-41.5521,147.2170,146
YMLT,18,36,2264,60,Grass,0,0,-41.5393,147.2180,-41.5453,147.2150,196
YMLX,04,22,3116,,Concrete,0,0,,,,,
YMLX,09,27,4265,,Concrete,0,0,,,,,
YMMB,04,22,1873,60,Asphalt,1,0,-37.9795,145.0981,-37.9766,145.1021,47
YMMB,13L,31R,3770,98,Asphalt,1,0,-37.9722,145.0979,-37.9803,145.1059,142
YMMB,13R,31L,3478,60,Asphalt,0,0,-37.9745,145.0971,-37.9821,145.1046,142
YMMB,17L,35R,4380,98,Asphalt,1,0,-37.9717,145.0993,-37.9837,145.1004,176
YMMB,17R,35L,4069,60,Asphalt,0,0,-37.9720,145.0969,-37.9831,145.0979,176
YMMI,03,21,6562,98,Asphalt,1,0,-28.7125,121.8840,-28.6975,121.8960,34
YMML,09,27,7500,148,Asphalt,1,0,-37.6608,144.8220,-37.6623,144.8480,94
YMML,16,34,11998,197,Asphalt,1,0,-37.6532,144.8350,-37.6858,144.8410,171
YMMN,13,31,4265,,Asphalt,0,0,,,,,
YMMT,01,19,3608,,Asphalt,0,0,,,,,
YMMT,09,27,3576,,,0,0,,,,,
YMMU,11,29,5085,98,Asphalt,0,0,-22.7983,148.6990,-22.8039,148.7130,113
YMNA,16,34,3280,,,0,0,,,,,
YMNB,11,29,3608,,Concrete,0,0,,,,,
YMND,05,23,4022,49,Asphalt,1,0,-32.7036,151.4887,-32.6975,151.4996,62
YMND,08,26,3310,33,Asphalt,0,0,-32.7011,151.4884,-32.7015,151.4992,94
YMND,18,36,1647,59,Grass,0,0,-32.6962,151.4932,-32.7006,151.4920,
YMNE,11,29,5896,98,Asphalt,1,0,-27.2837,120.5460,-27.2903,120.5620,114
YMNF,03,21,3280,,,0,0,,,,,
YMNF,09,27,2624,,,0,0,,,,,
YMNG,05,23,6650,148,Asphalt,1,0,-36.8934,145.1730,-36.8827,145.1914,55
YMNG,18,36,4793,98,Asphalt,1,0,-36.8828,145.1900,-36.8957,145.1874,189
YMNK,18,36,2690,,,0,0,,,,,
YMNN,13,31,3211,,,0,0,,,,,
YMNO,04,22,2952,,,0,0,,,,,
YMNP,01,19,2952,,Concrete,0,0,,,,,
YMNP,10,28,2460,,Concrete,0,0,,,,,
YMNS,11,29,4265,,,0,0,,,,,
YMNT,09,27,3608,,,0,0,,,,,
YMNW,07,25,1968,,,0,0,,,,,
YMNW,16,34,6233,,,0,0,,,,,
YMNX,01,19,3937,,,0,0,,,,,
YMNY,11,29,3608,,Concrete,0,0,,,,,
YMOE,01,19,3280,,Concrete,0,0,,,,,
YMOG,04,22,2953,98,Permeable,1,0,-28.1178,117.8350,-28.1112,117.8400,36
YMOG,16,34,5906,98,Permeable,1,0,-28.1077,117.8370,-28.1227,117.8442,161
YMOM,04,22,3937,,,0,0,,,,,
YMOO,05,23,4724,,Concrete,0,0,,,,,
YMOO,14,32,2887,,Concrete,0,0,,,,,
YMOR,01,19,5292,98,Asphalt,1,0,-29.5063,149.8430,-29.4924,149.8480,17
YMOR,05,23,3205,60,Gravel,0,0,-29.5008,149.8370,-29.4962,149.8450,58
YMOT,14,32,3937,,Grass,0,0,,,,,
YMOU,16,34,5249,,,0,0,,,,,
YMPA,17,35,4475,,Concrete,0,0,,,,,
YMPC,04,22,3730,148,Concrete,0,0,-37.9364,144.7460,-37.9296,144.7560,49
YMPC,08,26,3497,148,Grass,0,0,,,,,90
YMPC,17,35,4508,148,Concrete,1,0,-37.9242,144.7530,-37.9365,144.7550,175
YMQA,12,30,2952,,,0,0,,,,,
YMRA,18,36,7217,,Asphalt,0,0,,,,,
YMRB,16,34,5000,98,Asphalt,1,0,-22.0513,148.0750,-22.0650,148.0770,171
YMRE,04,22,4422,52,Asphalt,0,0,,,,,
YMRS,09,27,2624,,,0,0,,,,,
YMRT,09,27,4038,,Concrete,0,0,,,,,
YMRW,09,27,3034,,,0,0,,,,,
YMRW,14,32,5298,,,0,0,,,,,
YMRW,15,33,,,,0,0,,,,,
YMRY,04,22,2713,60,Gravel,0,0,-35.9038,150.1400,-35.8996,150.1480,57
YMRY,18,36,4997,98,Asphalt,1,0,-35.8888,150.1480,-35.9023,150.1450,192
YMSF,12,30,3205,,Concrete,0,0,,,,,
YMSK,12,30,3280,,,0,0,,,,,
YMSP,04,22,3772,,,0,0,,,,,
YMSS,04,22,2296,,,0,0,,,,,
YMSS,13,31,3280,,,0,0,,,,,
YMST,05,23,4011,285,Dirt,0,0,-21.6265,117.0759,-21.6208,117.0861,
YMST,11,29,4454,131,Dirt,0,0,-21.6209,117.0747,-21.6265,117.0864,
YMTA,09,27,2296,,,0,0,,,,,
YMTA,18,36,3280,,,0,0,,,,,
YMTB,04,22,3608,,,0,0,,,,,
YMTC,06,24,3444,,,0,0,,,,,
YMTC,18,36,3937,,,0,0,,,,,
YMTG,06,24,2776,,Asphalt,0,0,,,,,
YMTG,11,29,3025,,Asphalt,0,0,,,,,
YMTG,18,36,5394,,Asphalt,0,0,,,,,
YMTI,09,27,4987,98,Permeable,1,0,-16.6605,139.1630,-16.6625,139.1770,98
YMTI,12,30,2480,59,Gravel,0,1,-16.6567,139.1620,-16.6619,139.1670,135
YMTO,16,34,4301,100,Asphalt,1,0,-24.8865,151.1004,-24.8980,151.1031,170
YMTW,10,28,2296,,,0,0,,,,,
YMTW,15,33,3608,,,0,0,,,,,
YMTX,15,33,4921,,,0,0,,,,,
YMTZ,04,22,5125,45,Dirt,0,0,,,,,45
YMUA,02,20,3608,,Grass,0,0,,,,,
YMUC,08,26,3608,,,0,0,,,,,
YMUE,08,26,3937,,,0,0,,,,,
YMUG,17,35,3444,,,0,0,,,,,
YMUJ,12,30,4330,,,0,0,,,,,
YMUK,12,30,3280,,Concrete,0,0,,,,,
YMUL,05,23,3750,59,Asphalt,1,0,,,,,48
YMUL,09,27,2930,59,Gravel,0,0,,,,,93
YMUP,09,27,3280,,,0,0,,,,,
YMUR,18,36,2624,,Grass,0,0,,,,,
YMUX,09,27,6271,115,Dirt,0,0,,,,,
YMUX,18,36,3178,83,Dirt,0,0,,,,,
YMVH,05,23,3280,,,0,1,,,,,
YMVM,07,25,1640,,,0,0,,,,,
YMVM,18,36,5249,,,0,0,,,,,
YMVN,04,22,5003,,Grass,0,0,,,,,
YMVY,09,27,2624,,Grass,0,0,,,,,
YMWA,05,23,4721,,,0,0,,,,,
YMWO,06,24,3280,,,0,0,,,,,
YMWO,15,33,3937,,,0,0,,,,,
YMWT,08,26,3280,,,0,0,,,,,
YMWT,15,33,4068,,,0,0,,,,,
YMWX,13,31,2798,,,0,0,,,,,
YMYB,12,30,2904,98,Grass,1,0,-25.5118,152.7120,-25.5168,152.7190,129
YMYB,17,35,5207,98,Asphalt,1,0,-25.5064,152.7130,-25.5206,152.7140,174
YMYH,14,32,3805,,,0,0,,,,,
YMYI,13,31,4757,,,0,0,,,,,
YMYR,09,27,3280,,,0,0,,,,,
YMYT,01,19,4035,,Concrete,0,0,,,,,
YMYV,11,29,3280,,,0,0,,,,,
YMYW,15,33,3280,,,0,0,,,,,
YMYY,06,24,3280,,,0,0,,,,,
YMZI,06,24,3608,,,0,0,,,,,
YMZI,14,32,2952,,,0,0,,,,,
YNAB,10,28,5249,,Asphalt,0,0,,,,,
YNAN,05,23,3608,,,0,0,,,,,
YNAP,14,32,3474,,Concrete,0,0,,,,,
YNAR,05,23,3346,98,Gravel,0,0,-34.7037,146.5090,-34.6987,146.5171,53
YNAR,14,32,5302,98,Asphalt,1,0,-34.6933,146.5050,-34.7051,146.5160,144
YNAU,10,28,2296,,XUG,0,0,,,,,
YNAU,18,36,3280,,XUG,0,0,,,,,
YNBR,09,27,3980,98,Grass,0,0,-30.3138,149.8289,-30.3145,149.8370,95
YNBR,18,36,5000,98,Asphalt,1,0,-30.3141,149.8280,-30.3296,149.8235,193
YNCD,04,22,3280,,,0,0,,,,,
YNCD,13,31,2624,,,0,0,,,,,
YNCS,13,31,2952,,Concrete,0,0,,,,,
YNDG,04,22,2657,,XUG,0,0,,,,,
YNDG,13,31,2985,,XUG,0,0,,,,,
YNDR,04,22,2460,,,0,0,,,,,
YNDR,11,29,3280,,,0,0,,,,,
YNDS,06,24,3280,,,0,0,,,,,
YNDS,09,27,3937,,,0,0,,,,,
YNES,07,25,3280,,,0,0,,,,,
YNES,13,31,3937,,,0,0,,,,,
YNGB,02,20,2624,,Grass,0,0,,,,,
YNGU,11,29,5020,59,Asphalt,1,0,-14.7206,134.7410,-14.7263,134.7540,115
YNHL,09,27,3281,60,Asphalt,1,0,-36.3098,141.6420,-36.3117,141.6520,103
YNHL,18,36,3615,98,Grass,1,0,-36.3070,141.6440,-36.3169,141.6420,187
YNHP,06,24,3543,50,Dirt,0,0,,,,,
YNHS,02,20,2952,,Grass,0,0,,,,,
YNHV,13,31,3605,,,0,0,,,,,
YNIC,08,26,3937,,,0,0,,,,,
YNIC,12,30,5479,,,0,0,,,,,
YNIG,08,26,3280,,Grass,0,0,,,,,
YNIN,03,21,3280,,Grass,0,0,,,,,
YNIN,15,33,2788,,Grass,0,0,,,,,
YNKA,16,34,4593,,,0,0,,,,,
YNMN,17,35,3280,,,0,0,,,,,
YNNT,09,27,4921,,Concrete,0,0,,,,,
YNOC,08,26,328,,Concrete,0,0,,,,,
YNOF,16,34,2624,,,0,0,,,,,
YNON,03,21,3280,,,0,0,,,,,
YNON,12,30,3280,,,0,0,,,,,
YNOO,09,27,1476,,,0,0,,,,,
YNOO,18,36,2788,,Concrete,0,0,,,,,
YNOV,06,24,6562,99,Asphalt,1,0,,,,,59
YNPA,17,35,4593,,,0,0,,,,,
YNPB,12,30,2887,,Concrete,0,0,,,,,
YNPD,01,19,2624,,,0,0,,,,,
YNPE,13,31,5462,98,Asphalt,1,0,-10.9384,142.4479,-10.9508,142.4590,137
YNPU,05,23,3274,,,0,0,,,,,
YNRB,01,19,2952,,,0,0,,,,,
YNRB,08,26,3444,,,0,0,,,,,
YNRC,02,20,3668,98,Gravel,1,0,-36.9900,140.7230,-36.9792,140.7300,27
YNRC,08,26,3438,60,Asphalt,1,0,-36.9809,140.7170,-36.9799,140.7290,84
YNRG,10,28,4101,,Sealed,1,0,,,,,
YNRG,18,36,3937,,Sealed,0,0,,,,,
YNRL,02,20,3182,,Concrete,0,0,,,,,
YNRL,06,24,3592,,Concrete,0,0,,,,,
YNRM,04,22,3609,148,Asphalt,0,0,-32.2184,148.2210,-32.2126,148.2300,54
YNRM,11,29,4990,98,Asphalt,1,0,-32.2123,148.2180,-32.2195,148.2310,121
YNRN,05,23,4407,164,Dirt,0,0,-25.6846,150.8541,-25.6774,150.8648,
YNRR,07,25,4593,,,0,0,,,,,
YNRV,06,24,5512,98,Permeable,1,0,-33.8018,120.2000,-33.7940,120.2160,59
YNRV,14,32,3927,98,Gravel,0,0,-33.7934,120.2070,-33.8015,120.2150,139
YNSH,11,29,3280,,,0,0,,,,,
YNSM,01,19,4960,,Concrete,0,0,,,,,
YNSM,04,22,3405,,Concrete,0,0,,,,,
YNTM,14,32,4494,,Asphalt,0,0,,,,,
YNTN,14,32,5499,98,Asphalt,1,0,-17.6808,141.0670,-17.6935,141.0760,146
YNUB,10,28,3608,,,0,0,,,,,
YNUD,14,32,4593,,,0,0,,,,,
YNUE,16,34,3280,,,0,0,,,,,
YNUL,14,32,4002,,SU,0,0,,,,,
YNUM,15,33,4331,59,Permeable,1,0,-14.2644,135.7120,-14.2747,135.7180,151
YNVE,04,22,2798,,Grass,0,0,,,,,
YNVL,13,31,1499,,Grass,0,0,,,,,
YNWL,05,23,2296,,,0,0,,,,,
YNWL,17,35,3608,,Concrete,0,0,,,,,
YNWN,05,23,6798,98,Asphalt,1,0,-23.4238,119.7950,-23.4132,119.8110,56
YNWT,07,25,3605,,,0,0,,,,,
YNYG,09,27,3608,,,0,0,,,,,
YNYM,13,31,3500,,,0,0,,,,,
YNYN,05,23,5390,98,Asphalt,1,0,-31.5544,147.1960,-31.5469,147.2100,59
YNYN,18,36,3484,98,Grass,0,0,-31.5446,147.2010,-31.5539,147.1980,193
YNYP,10,28,4494,,,0,0,,,,,
YOAD,15,33,6561,,,0,0,,,,,
YOAP,06,24,3904,,,0,0,,,,,
YOAS,08,26,2788,,Grass,0,0,,,,,
YOAS,18,36,2788,,Grass,0,0,,,,,
YODA,10,28,3937,,,0,0,,,,,
YODL,09,27,4921,,,0,0,,,,,
YODL,18,36,3608,,,0,0,,,,,
YOEN,12,30,4331,98,Permeable,1,0,-12.3226,133.0020,-12.3283,133.0120,119
YOIT,07,25,4593,,,0,0,,,,,
YOKE,11,29,3280,,,0,0,,,,,
YOKV,18,36,4593,,,0,0,,,,,
YOLA,09,27,2788,33,Asphalt,0,0,-38.2853,143.6706,-38.2865,143.6806,
YOLD,07,25,6102,98,Asphalt,1,0,-30.4868,136.8669,-30.4812,136.8851,64
YOLW,03,21,5249,,Asphalt,1,0,,,,,
YOLW,12,30,3257,,,0,1,,,,,
YOMI,04,22,4921,,,0,0,,,,,
YOMI,13,31,2624,,,0,0,,,,,
YOMO,13,31,2624,,Grass,0,0,,,,,
YOOD,04,22,4488,,,0,0,,,,,
YOOD,13,31,4215,,,0,0,,,,,
YOOK,09,27,4691,,,0,0,,,,,
YOOK,17,35,4461,,,0,0,,,,,
YOOM,12,30,5636,98,Asphalt,1,0,-28.0943,140.1910,-28.1036,140.2050,127
YOOO,12,30,3608,,,0,0,,,,,
YORA,04,20,3116,,Grass,0,0,,,,,
YORA,13,31,1968,,Grass,0,0,,,,,
YORB,07,25,3740,,,0,0,,,,,
YORG,04,22,2559,98,Grass,0,0,-33.3784,149.1210,-33.3732,149.1290,52
YORG,11,29,5499,98,Asphalt,1,0,-33.3747,149.1191,-33.3863,149.1380,125
YORL,15,33,5511,,,0,0,,,,,
YORR,15,33,3740,,,0,0,,,,,
YORT,14,32,3149,,,0,0,,,,,
YORV,09,27,3198,,Grass,0,0,,,,,
YORV,18,36,3503,,Grass,0,0,,,,,
YORW,05,23,4265,,,0,0,,,,,
YOSB,12,30,6550,75,Asphalt,0,0,,,,,
YOTN,14,32,2624,,,0,0,,,,,
YOUN,10,28,3937,,,0,0,,,,,
YOUY,09,27,3280,,,0,0,,,,,
YPAC,02,20,3280,,Asphalt,0,0,,,,,
YPAD,05,23,10171,148,Asphalt,1,0,-34.9585,138.5170,-34.9406,138.5430,50
YPAD,12,30,5420,148,Asphalt,1,0,-34.9412,138.5220,-34.9494,138.5370,123
YPAG,15,33,5413,98,Asphalt,1,0,-32.4981,137.7110,-32.5120,137.7180,159
YPAM,14,32,3730,59,Asphalt,1,0,-18.7510,146.5781,-18.7592,146.5846,143
YPAY,13,31,4015,,,0,0,,,,,
YPBH,09,27,3608,,Grass,0,0,,,,,
YPBH,18,36,2099,,Grass,0,0,,,,,
YPBO,06,24,6995,148,Asphalt,1,0,-23.1755,117.7370,-23.1674,117.7560,65
YPCC,15,33,7999,148,Asphalt,1,0,-12.1819,96.8279,-12.2008,96.8394,149
YPCE,06,24,3454,,,0,0,,,,,
YPCH,06,24,2500,,Grass,0,0,,,,,
YPCH,18,36,2952,,,0,0,,,,,
YPCM,16,34,4668,161,Dirt,0,0,-11.7563,130.8787,-11.7678,130.8829,
YPCS,03,21,5249,,,0,0,,,,,
YPCS,07,25,1476,,,0,0,,,,,
YPDA,16,34,4104,75,Grass,0,0,,,,,
YPDI,15,33,3608,,,0,0,,,,,
YPDN,11,29,11004,197,Asphalt,1,0,-12.4094,130.8650,-12.4192,130.8940,109
YPDN,18,36,5000,98,Asphalt,1,0,-12.4088,130.8710,-12.4226,130.8710,180
YPDO,09,27,3280,,,0,0,,,,,
YPDY,16,34,3280,,,0,0,,,,,
YPEA,05,23,5548,148,Asphalt,1,0,-31.6723,116.0090,-31.6615,116.0210,45
YPEA,18L,36R,8002,148,Asphalt,1,0,-31.6624,116.0140,-31.6843,116.0170,174
YPEA,18R,36L,5712,98,Asphalt,0,0,-31.6688,116.0130,-31.6844,116.0150,173
YPED,04,22,6437,150,Grass,1,1,-34.7112,138.6160,-34.6993,138.6320,48
YPED,18,36,8399,150,Asphalt,1,0,-34.6919,138.6180,-34.7184,138.6132,189
YPEF,15,33,2494,,Grass,0,0,,,,,
YPEF,18,36,4265,,Grass,0,0,,,,,
YPFT,12,30,2998,,,0,0,,,,,
YPFT,18,36,2500,,,0,0,,,,,
YPGH,09,27,3396,65,Dirt,0,0,,,,,
YPGH,18,36,3280,,,0,1,,,,,
YPGV,13,31,7244,148,Asphalt,1,0,-12.2628,136.8100,-12.2757,136.8250,130
YPID,04,22,3220,59,Gravel,0,0,,,,,
YPIN,05,23,3510,,,0,0,,,,,
YPIR,03,21,2205,98,Grass,1,0,-33.2410,137.9980,-33.2365,138.0030,41
YPIR,08,26,3422,98,Asphalt,1,0,-33.2381,137.9910,-33.2381,138.0020,90
YPIR,17,35,3507,98,Gravel,1,0,-33.2351,137.9910,-33.2447,137.9910,180
YPIX,14,32,4265,,,0,0,,,,,
YPIX,18,36,3608,,,0,0,,,,,
YPJI,09,27,4593,,,0,0,,,,,
YPJI,14,32,3280,,,0,0,,,,,
YPJT,06L,24R,4569,98,Asphalt,1,0,-32.1006,115.8740,-32.0933,115.8860,54
YPJT,06R,24L,3773,59,Asphalt,0,0,-32.1009,115.8770,-32.0948,115.8870,54
YPJT,12,30,4948,98,Asphalt,1,0,-32.0999,115.8725,-32.1056,115.8870,114
YPKA,08,26,7480,148,Asphalt,1,0,-20.7140,116.7647,-20.7117,116.7864,83
YPKE,04,22,3608,,,0,0,,,,,
YPKG,11,29,6562,148,Asphalt,1,0,-30.7883,121.4550,-30.7946,121.4740,110
YPKG,18,36,3936,59,Asphalt,1,0,-30.7814,121.4620,-30.7922,121.4610,185
YPKH,18,36,2296,,Grass,0,0,,,,,
YPKI,03,21,2755,,,0,0,,,,,
YPKI,14,32,1804,,,0,0,,,,,
YPKL,03,21,2624,,Asphalt,0,0,,,,,
YPKS,04,22,5525,148,Asphalt,1,0,-33.1372,148.2310,-33.1285,148.2450,55
YPKS,11,29,5322,98,Asphalt,0,0,-33.1248,148.2300,-33.1332,148.2450,124
YPKT,16,34,4626,59,Asphalt,1,0,-14.2435,129.5280,-14.2556,129.5320,161
YPKU,12,30,6000,98,Asphalt,1,0,-15.7739,128.7017,-15.7820,128.7170,119
YPLC,01,19,4918,98,Asphalt,1,0,-34.6126,135.8770,-34.5997,135.8810,17
YPLC,05,23,4183,98,Gravel,0,0,-34.6074,135.8750,-34.6012,135.8870,58
YPLC,15,33,4757,98,Gravel,1,0,-34.5991,135.8750,-34.6108,135.8820,154
YPLG,17,35,3412,,Concrete,0,0,,,,,
YPLI,09,27,2998,,Grass,0,0,,,,,
YPLL,08,26,5249,,,0,0,,,,,
YPLM,18,36,9997,148,Asphalt,1,0,-22.2200,114.0910,-22.2474,114.0890,184
YPLU,07,25,4921,,,0,0,,,,,
YPMB,09,27,2624,,,0,0,,,,,
YPMB,15,33,3608,,,0,0,,,,,
YPME,11,29,3280,,,0,0,,,,,
YPMH,18,36,7218,98,Gravel,0,0,-29.7061,135.5263,-29.7257,135.5225,
YPMP,14,32,4462,98,Asphalt,1,0,-14.8910,141.6060,-14.9018,141.6120,151
YPMQ,03,21,5203,98,Asphalt,1,0,-31.4429,152.8572,-31.4289,152.8670,30
YPMQ,10,28,2283,60,Grass,0,1,-31.4326,152.8660,-31.4352,152.8730,114
YPNC,12,30,3182,,Grass,0,0,,,,,
YPNG,05,23,3280,,,0,0,,,,,
YPNG,12,30,3280,,,0,0,,,,,
YPNI,18,36,5249,,,0,0,,,,,
YPNN,18,36,4396,,,0,0,,,,,
YPNW,11,29,4484,,,0,0,,,,,
YPOD,08,26,5302,98,Asphalt,1,0,-38.3195,141.4630,-38.3188,141.4810,87
YPOD,17,35,3871,98,Gravel,0,0,-38.3137,141.4660,-38.3243,141.4670,177
YPOK,18,36,2755,,Grass,0,0,,,,,
YPPD,14,32,8202,148,Asphalt,1,0,-20.3741,118.6220,-20.3907,118.6380,138
YPPD,18,36,3281,59,Asphalt,0,0,-20.3703,118.6290,-20.3793,118.6290,183
YPPF,03L,21R,4429,59,Asphalt,1,0,-34.8038,138.6310,-34.7931,138.6380,28
YPPF,03R,21L,4196,98,Gravel,1,0,-34.8022,138.6340,-34.7920,138.6410,28
YPPF,08L,26R,3143,59,Asphalt,0,0,-34.7935,138.6250,-34.7928,138.6350,85
YPPF,08R,26L,3255,59,Asphalt,0,0,-34.7956,138.6230,-34.7948,138.6340,85
YPPH,03,21,11299,148,Asphalt,1,0,-31.9587,115.9600,-31.9286,115.9680,14
YPPH,06,24,7096,148,Asphalt,1,0,-31.9410,115.9590,-31.9309,115.9790,59
YPRA,04,22,1968,,Grass,0,0,,,,,
YPRA,09,27,2952,,Grass,0,0,,,,,
YPRE,18,36,2788,,Grass,0,0,,,,,
YPSH,04,22,2985,,,0,0,,,,,
YPSR,H1,,59,59,Asphalt,0,0,,,,,
YPTB,18,36,3805,,Concrete,0,0,,,,,
YPTJ,15,33,5905,,,0,0,,,,,
YPTN,14,32,9003,150,Asphalt,1,0,-14.5122,132.3690,-14.5309,132.3860,139
YPUA,18,36,4560,,,0,0,,,,,
YPUN,14,32,4593,,,0,0,,,,,
YPVD,11,29,3116,,Concrete,0,0,,,,,
YPWH,03,21,2493,,Asphalt,0,0,,,,,
YPWR,12,30,5295,98,Gravel,1,0,-31.1369,136.8150,-31.1452,136.8290,125
YPWR,18,36,7782,148,Asphalt,1,0,-31.1351,136.8140,-31.1564,136.8110,186
YPXM,18,36,6900,148,Asphalt,1,0,-10.4408,105.6900,-10.4597,105.6920,175
YPYA,18,36,,,,0,0,,,,,
YPYD,17,35,3608,,,0,0,,,,,
YPYF,10,28,5741,,,0,0,,,,,
YPYF,18,36,4199,,,0,0,,,,,
YQBE,18,36,3280,,,0,0,,,,,
YQBK,05,23,1640,,,0,0,,,,,
YQBK,09,27,2624,,,0,0,,,,,
YQDG,06,24,4265,,,0,0,,,,,
YQDG,09,27,2132,,,0,0,,,,,
YQDI,06,24,3629,60,Asphalt,0,0,-31.5015,150.5130,-31.4974,150.5240,65
YQDI,14,32,5807,98,Gravel,1,0,-31.4909,150.5140,-31.5030,150.5260,140
YQLP,09,27,4898,98,Composite,1,0,-26.6089,144.2500,-26.6098,144.2650,95
YQLP,18,36,3510,98,Clay,0,0,-26.6015,144.2560,-26.6109,144.2532,195
YQNS,09,27,4101,,,0,0,,,,,
YQON,09,27,3937,,,0,0,,,,,
YQON,18,36,2496,,,0,0,,,,,
YQRN,17,35,3608,,Concrete,0,0,,,,,
YQUE,09,27,3280,,,0,0,,,,,
YRAG,18,36,2296,,Grass,0,0,,,,,
YRAM,04,22,1640,,,0,0,,,,,
YRAM,06,24,3444,,Concrete,0,0,,,,,
YRAT,18,36,1716,,Gravel,0,0,,,,,180
YRAV,12,30,2952,,Grass,0,0,,,,,
YRAV,18,36,3937,,Grass,0,0,,,,,
YRAW,09,27,3871,,,0,0,,,,,
YRBB,15,33,2624,,,0,0,,,,,
YRBE,02,20,1360,100,Grass,0,0,,,,,32
YRBE,14,32,2165,180,Grass,0,0,,,,,
YRBH,H1,,66,66,Concrete,1,0,,,,,
YRBK,H1,,59,59,Concrete,1,0,,,,,
YRBK,H2,,59,59,Concrete,1,0,,,,,
YRBN,06,24,1614,167,Turf/Grass,0,0,-34.6462,150.6393,-34.6440,150.6449,
YRBR,13,31,3805,,Concrete,0,0,,,,,
YRBT,09,27,4396,,,0,0,,,,,
YRDA,05,23,4265,,,0,0,,,,,
YRDA,11,29,3280,,,0,0,,,,,
YRDM,09,27,3854,,,0,0,,,,,
YRDY,01,19,3608,,,0,0,,,,,
YRDY,10,28,4593,,,0,0,,,,,
YRED,07,25,2798,,Asphalt,0,0,,,,,
YREN,07,25,5709,98,Asphalt,1,0,-34.2004,140.6600,-34.1961,140.6780,74
YREN,12,30,,,,0,0,,,,,
YREN,18,36,3360,98,Gravel,0,0,-34.1964,140.6790,-34.2055,140.6780,185
YRHL,06,24,2624,,,0,0,,,,,
YRHL,14,32,2296,,,0,0,,,,,
YRID,02,20,2789,,Asphalt,0,0,,,,,
YRKE,02,20,2952,,Grass,0,0,,,,,
YRKS,06,24,3280,,,0,0,,,,,
YRKS,15,33,3280,,,0,0,,,,,
YRLE,12,30,3608,,,0,0,,,,,
YRLL,13,31,3215,,,0,0,,,,,
YRMD,09,27,5000,98,Asphalt,1,0,-20.7002,143.1070,-20.7022,143.1210,98
YRNG,09,27,4825,59,Permeable,1,0,-12.3568,134.8860,-12.3573,134.8990,92
YRNW,06,24,3999,,,0,0,,,,,
YRNW,18,36,1899,,,0,0,,,,,
YROB,34,11,0,,,0,0,,,,,
YROE,09,27,5137,,Dirt,0,0,,,,,
YROE,18,36,5666,,Dirt,0,1,,,,,
YROI,01,19,3740,,Asphalt,0,0,,,,,
YROI,12,30,3854,,,0,0,,,,,
YROK,14,32,3280,,,0,0,,,,,
YROM,09,27,2628,98,Grass,0,0,-26.5441,148.7660,-26.5456,148.7740,102
YROM,18,36,4934,98,Asphalt,1,0,-26.5377,148.7770,-26.5510,148.7740,192
YROT,11,29,3937,,,0,0,,,,,
YROV,08,26,2952,,,0,0,,,,,
YRRB,13,31,4107,,,0,0,,,,,
YRRG,10,28,5905,,,0,0,,,,,
YRRR,10,28,2132,,Grass,0,0,,,,,
YRSB,14,32,4455,,Concrete,0,0,,,,,
YRSK,11,29,3280,,,0,0,,,,,
YRSY,03,21,3198,,Grass,0,0,,,,,
YRSY,15,33,2395,,Grass,0,0,,,,,
YRTI,09,27,4242,59,Asphalt,1,0,-32.0063,115.5330,-32.0063,115.5470,91
YRTP,12,30,3205,,Concrete,0,0,,,,,
YRUD,06,24,3280,,,0,0,,,,,
YRUD,15,33,4921,,,0,0,,,,,
YRVE,09,27,2952,,,0,0,,,,,
YRWA,02,20,3608,,,0,0,,,,,
YRWA,12,30,3280,,,0,0,,,,,
YRWH,05,23,3608,,Concrete,0,0,,,,,
YRXB,01,19,2001,,,0,0,,,,,
YRXB,09,27,2919,,,0,0,,,,,
YRYH,09,27,3937,,,0,0,,,,,
YRYH,13,31,3116,,,0,0,,,,,
YRYK,03,21,3608,,,0,0,,,,,
YRYL,09,27,2900,100,Grass,0,0,,,,,
YRYL,17,35,2600,100,Grass,0,0,,,,,
YSAH,09,27,3280,,,0,0,,,,,
YSAI,18,36,3937,,Concrete,0,0,,,,,
YSAN,09,27,3280,,,0,0,,,,,
YSAN,18,36,3280,,,0,0,,,,,
YSAR,16,34,3444,,Concrete,0,0,,,,,
YSBK,11C,29C,4644,98,Asphalt,1,0,-33.9196,150.9840,-33.9268,150.9960,124
YSBK,11L,29R,3609,98,Asphalt,1,0,-33.9201,150.9870,-33.9257,150.9970,124
YSBK,11R,29L,3419,75,Asphalt,1,0,-33.9216,150.9850,-33.9268,150.9940,124
YSBO,18,36,3280,,,0,0,,,,,
YSCA,08,26,5500,60,Earth/sand,0,0,,,,,8
YSCA,17,35,2700,60,Earth/sand,0,0,,,,,170
YSCB,12,30,5509,98,Asphalt,1,0,-35.3007,149.1850,-35.3104,149.1990,130
YSCB,17,35,10771,148,Asphalt,1,0,-35.2906,149.1944,-35.3202,149.1944,180
YSCD,06,24,6562,98,,0,0,,,,,
YSCN,06,24,4804,98,Asphalt,1,0,-34.0406,150.6810,-34.0350,150.6950,65
YSCN,10,28,2372,98,Grass,0,0,-34.0415,150.6820,-34.0438,150.6890,111
YSCO,11,29,4606,98,Asphalt,1,0,-32.0348,150.8259,-32.0415,150.8385,124
YSCR,09,27,4337,,,0,0,,,,,
YSCR,14,32,4609,,,0,0,,,,,
YSDL,14,32,4265,,,0,0,,,,,
YSDU,05,23,5604,148,Asphalt,1,0,-32.2228,148.5690,-32.2137,148.5830,53
YSDU,11,29,3501,60,Asphalt,0,0,-32.2144,148.5730,-32.2190,148.5830,118
YSDW,08,26,2624,,Grass,0,0,,,,,
YSDW,18,36,1640,,Grass,0,0,,,,,
YSEN,05,23,2952,,Asphalt,0,0,,,,,
YSEN,09,27,1968,,Grass,0,0,,,,,
YSFI,10,28,2952,,,0,0,,,,,
YSFY,09,27,2296,,Grass,0,0,,,,,
YSGD,14,32,3280,,,0,0,,,,,
YSGE,11,29,4987,98,Asphalt,1,0,-28.0469,148.5890,-28.0539,148.6020,120
YSGR,08,26,3280,,,0,0,,,,,
YSGT,10,28,3608,,Asphalt,0,0,,,,,
YSGW,08,26,3572,,,0,0,,,,,
YSHG,10,28,4757,,,0,0,,,,,
YSHK,18,36,5545,98,Asphalt,1,0,-25.8889,113.5756,-25.9041,113.5761,178
YSHL,08,26,4367,98,Asphalt,1,0,-34.5623,150.7820,-34.5632,150.7960,94
YSHL,16,34,5967,98,Asphalt,1,0,-34.5515,150.7850,-34.5675,150.7890,169
YSHN,02,20,2952,,,0,0,,,,,
YSHR,14,32,3608,,,0,0,,,,,
YSHT,09,27,1388,98,Gravel,0,0,-36.4295,145.3909,-36.4301,145.3956,98
YSHT,18,36,4521,60,Asphalt,1,0,-36.4221,145.3930,-36.4323,145.3906,191
YSIA,13,34,2296,,,0,0,,,,,
YSIA,16,34,3608,,,0,0,,,,,
YSII,12,30,2099,,,0,0,,,,,
YSLG,13,31,3937,,,0,0,,,,,
YSLK,09,27,3412,,Grass,0,0,,,,,
YSLK,17,35,2296,,Grass,0,0,,,,,
YSLN,12,30,2624,,Grass,0,0,,,,,
YSLV,08,26,3280,,,0,0,,,,,
YSMB,17,35,,,,0,0,,,,,
YSMI,06,24,5246,60,Asphalt,1,0,-40.8386,145.0750,-40.8335,145.0930,69
YSMI,10,28,2034,98,Gravel,0,0,-40.8310,145.0850,-40.8329,145.0910,113
YSMR,11,29,3280,,,0,0,,,,,
YSMY,12,30,3280,,Concrete,0,0,,,,,
YSNB,13,31,4734,98,Asphalt,1,0,-11.4137,130.6440,-11.4220,130.6540,129
YSNF,04,22,4708,98,Asphalt,1,0,-29.0466,167.9330,-29.0382,167.9450,50
YSNF,11,29,6398,150,Asphalt,1,0,-29.0364,167.9300,-29.0458,167.9470,122
YSNT,09,27,1988,,,0,0,,,,,
YSNT,18,36,2283,,,0,0,,,,,
YSNW,03,21,6713,148,Asphalt,1,0,-34.9489,150.5360,-34.9357,150.5520,45
YSNW,08,26,6870,148,Asphalt,1,0,-34.9479,150.5270,-34.9493,150.5490,95
YSOL,09,27,6562,148,,0,0,,,,,
YSOW,09,27,3280,,,0,0,,,,,
YSPE,08,26,5597,98,Asphalt,0,0,-28.6199,151.9725,-28.6202,151.9900,91
YSPF,14,32,2624,,Concrete,0,0,,,,,
YSPI,01,19,1968,,,0,0,,,,,
YSPI,12,30,3982,,,0,0,,,,,
YSPK,08,26,3248,,,0,0,,,,,
YSPT,01,19,2871,,Asphalt,0,0,-27.9254,153.3700,-27.9183,153.3730,25
YSPV,01,19,5000,,,0,0,,,,,
YSPV,13,31,2624,,,0,0,,,,,
YSRD,06,24,6397,,,0,0,,,,,
YSRI,10,28,7001,148,Asphalt,1,0,-33.6016,150.7710,-33.6073,150.7930,107
YSRN,18,36,4002,,,0,0,,,,,
YSRT,04,22,2001,,,0,0,,,,,
YSRT,08,26,3526,,Asphalt,0,0,,,,,
YSSY,07,25,8300,148,Asphalt,1,0,-33.9437,151.1640,-33.9375,151.1900,74
YSSY,16L,34R,7999,148,Asphalt,1,0,-33.9496,151.1880,-33.9711,151.1940,168
YSSY,16R,34L,12999,148,Asphalt,1,0,-33.9294,151.1720,-33.9643,151.1810,168
YSTA,09,27,1755,60,Gravel,0,0,-36.6444,143.1770,-36.6450,143.1830,97
YSTA,18,36,3278,60,Permeable,1,0,-36.6365,143.1850,-36.6454,143.1840,187
YSTB,10,28,2952,,,0,0,,,,,
YSTC,09,27,3937,,Concrete,0,0,,,,,
YSTH,08,26,3510,,,0,0,,,,,
YSTO,04,22,3280,,,0,0,,,,,
YSTR,05,23,3608,,,0,0,,,,,
YSTR,13,31,3937,,,0,0,,,,,
YSTT,10,28,3316,,,0,0,,,,,
YSTW,06,24,2762,98,Grass,0,0,-31.0832,150.8430,-31.0810,150.8510,73
YSTW,12L,30R,7218,148,Asphalt,1,0,-31.0711,150.8370,-31.0846,150.8540,133
YSTW,12R,30L,3642,60,Asphalt,0,0,-31.0813,150.8330,-31.0881,150.8410,133
YSTW,18,36,3346,98,Grass,0,0,-31.0771,150.8470,-31.0862,150.8450,188
YSUJ,13,31,3205,,,0,0,,,,,
YSVN,17,35,3116,,Grass,0,0,,,,,
YSWA,03,21,2952,,Grass,0,0,,,,,
YSWE,12,30,3608,,Concrete,0,0,,,,,
YSWG,05,23,5807,148,Asphalt,1,0,-35.1671,147.4600,-35.1596,147.4770,62
YSWG,12,30,2792,59,Clay,1,0,-35.1642,147.4631,-35.1687,147.4707,125
YSWH,04,22,3166,75,Grass,1,0,-35.3821,143.5309,-35.3763,143.5391,49
YSWH,08,26,4905,98,Asphalt,1,0,-35.3749,143.5250,-35.3751,143.5410,92
YSWH,15,33,2329,98,Grass,1,0,-35.3762,143.5350,-35.3820,143.5380,156
YSWI,09,27,1473,70,Grass,0,0,,,,,104
YSWK,01,19,2752,164,Turf/Grass,0,0,-30.9288,153.0261,-30.9202,153.0270,
YSWL,11,29,4603,98,Asphalt,1,0,-37.0656,142.7270,-37.0709,142.7410,115
YSWL,18,36,2802,60,Asphalt,0,0,-37.0713,142.7420,-37.0790,142.7410,185
YSYN,10,28,2624,,Concrete,0,0,,,,,
YSYN,14,32,3280,,Concrete,0,0,,,,,
YTAA,17,35,4803,,,0,0,,,,,
YTAB,09,27,3444,,,0,0,,,,,
YTAD,06,24,3937,,Concrete,0,0,,,,,
YTAD,15,33,4799,,Concrete,0,0,,,,,
YTAM,08,26,3579,,Concrete,0,0,,,,,
YTAM,12,30,3608,,,0,0,,,,,
YTAN,11,29,3280,,,0,0,,,,,
YTAR,04,22,4166,,,0,0,,,,,
YTAR,09,27,4265,,,0,0,,,,,
YTBB,15,33,3608,,,0,0,,,,,
YTBG,04,22,984,,Asphalt,0,0,,,,,
YTBR,10,28,3408,,,0,0,,,,,
YTCF,10,28,3608,,,0,0,,,,,
YTCK,08,26,5511,,,0,0,,,,,
YTCY,13,31,4101,,,0,0,,,,,
YTDL,03,21,1968,,Grass,0,0,,,,,
YTDL,09,27,1968,,Grass,0,0,,,,,
YTDM,15,33,3280,,,0,0,,,,,
YTDN,04,22,3115,79,Asphalt,0,0,-38.2182,145.4187,-38.2133,145.4277,
YTDN,14,32,950,33,Gravel,0,0,,,,,
YTDR,17,35,4406,,,0,0,,,,,
YTEC,08,26,3444,,,0,0,,,,,
YTEE,14,32,5902,98,Permeable,1,0,-21.8288,140.8830,-21.8417,140.8926,141
YTEF,12,30,6562,98,Asphalt,1,0,-21.7105,122.2220,-21.7199,122.2380,121
YTEK,H1,,20,20,Concrete,0,0,,,,,
YTEK,H2,,20,20,Concrete,0,0,,,,,
YTEK,H3,,20,20,Concrete,0,0,,,,,
YTEM,05,23,6454,98,Permeable,1,0,-34.4258,147.4950,-34.4175,147.5140,62
YTEM,09,27,2674,98,Gravel,0,0,-34.4218,147.5080,-34.4230,147.5170,99
YTEM,18,36,4816,98,Asphalt,1,0,-34.4174,147.5150,-34.4305,147.5130,189
YTEN,18,36,3444,,,0,0,,,,,
YTFD,07,25,4167,,Grass,0,0,,,,,
YTGA,18,36,1968,,,1,0,,,,,
YTGA,H1,,,,Concrete,0,0,,,,,
YTGG,02,20,2591,,Grass,0,0,,,,,
YTGI,18,36,5249,,,0,0,,,,,
YTGM,04,22,2776,98,Gravel,0,0,-27.9949,143.8080,-27.9902,143.8150,51
YTGM,13,31,4800,98,Asphalt,1,0,-27.9814,143.8080,-27.9916,143.8170,141
YTGT,11,29,4921,,,0,0,,,,,
YTHD,03,21,3215,,,0,0,,,,,
YTHI,06,24,4593,,,0,0,,,,,
YTHS,01,19,3494,,,0,0,,,,,
YTHV,09,27,3343,,H,0,0,,,,,
YTHY,18,36,3543,,,0,0,,,,,
YTIB,02,20,3202,60,Asphalt,1,0,-29.4575,142.0540,-29.4497,142.0590,30
YTIB,15,33,5026,98,Gravel,1,0,-29.4440,142.0540,-29.4571,142.0590,161
YTII,07,25,1968,,,0,0,,,,,
YTII,15,33,3608,,,0,0,,,,,
YTIT,18,36,4265,,Concrete,0,0,,,,,
YTJI,02,20,3280,,,0,0,,,,,
YTJI,10,28,5380,,,0,0,,,,,
YTJU,06,24,4265,,,0,0,,,,,
YTKY,03,21,4593,,Concrete,0,0,,,,,
YTLG,02,20,1968,,Grass,0,0,,,,,
YTLL,04,22,2460,,Grass,0,0,,,,,
YTLT,14,32,3444,,,0,0,,,,,
YTMB,09,27,4002,,,0,0,,,,,
YTML,18,36,2926,,,0,0,,,,,
YTMN,13,31,4265,,,0,0,,,,,
YTMO,14,32,6233,98,Asphalt,1,0,-21.8019,139.9160,-21.8161,139.9270,145
YTMS,18,36,4265,,Grass,0,0,,,,,
YTMU,17,35,3478,60,Asphalt,0,0,-35.2634,148.2410,-35.2730,148.2400,182
YTMY,08,26,2952,,,0,0,,,,,
YTNE,17,35,3444,,,0,0,,,,,
YTNG,10,28,4993,98,Asphalt,1,0,-24.4927,150.5720,-24.4977,150.5860,111
YTNG,14,32,2605,98,Clay,1,0,-24.4921,150.5750,-24.4976,150.5810,140
YTNK,07,25,6427,98,Asphalt,1,0,-19.6359,134.1697,-19.6311,134.1877,73
YTNK,11,29,3468,59,Asphalt,1,0,-19.6341,134.1760,-19.6387,134.1850,119
YTNN,01,19,3444,,,0,0,,,,,
YTNR,13,31,3280,,,0,0,,,,,
YTNS,05,23,2296,,Concrete,0,0,,,,,
YTOA,01,19,4757,,,0,0,,,,,
YTOB,09,27,2788,,,0,0,,,,,
YTOC,09,27,3937,98,Asphalt,1,0,-35.8101,145.5950,-35.8117,145.6080,98
YTOC,18,36,4596,98,Asphalt,0,0,-35.8041,145.6059,-35.8154,145.6040,188
YTOG,09,27,3937,,,0,0,,,,,
YTOG,17,35,3280,,,0,0,,,,,
YTOK,18,36,2624,,,0,0,,,,,
YTOS,13,31,3444,,,0,0,,,,,
YTOT,03,21,3208,,,0,0,,,,,
YTOT,11,29,2309,,,0,0,,,,,
YTQY,09,27,2985,,,0,0,,,,,
YTQY,18,36,2641,,,0,0,,,,,
YTRB,17,35,3034,,Grass,0,0,,,,,
YTRC,04,22,3280,,,0,0,,,,,
YTRE,04,22,4934,98,Asphalt,1,0,-31.8928,152.5100,-31.8832,152.5210,45
YTRE,12,30,1850,60,Clay,0,0,-31.8845,152.5080,-31.8883,152.5120,138
YTRK,07,25,1640,,,0,0,,,,,
YTRK,09,27,3608,,,0,0,,,,,
YTST,12,30,5643,98,Permeable,1,0,-14.0825,126.3736,-14.0927,126.3867,120
YTTE,16,34,2624,,,0,0,,,,,
YTTI,14,32,3412,,,0,0,,,,,
YTUA,12,30,2385,,Grass,0,0,,,,,
YTUC,06,24,3937,,,0,0,,,,,
YTUN,07,25,1476,,,0,0,,,,,
YTUN,16,34,4265,,,0,0,,,,,
YTUY,18,36,3001,,,0,0,,,,,
YTVA,02,20,3018,,,0,0,,,,,
YTWB,06,24,2165,58,Grass,0,0,-27.5441,151.9110,-27.5423,151.9180,72
YTWB,11,29,3678,98,Asphalt,1,0,-27.5402,151.9120,-27.5454,151.9236,117
YTWE,15,33,2296,,,0,0,,,,,
YTWN,04,22,3799,,,0,0,,,,,
YTYA,08,26,1312,262,Grass,0,0,-38.2652,145.1718,-38.2652,145.1791,
YTYA,17,35,3280,39,Asphalt,0,0,-38.2623,145.1797,-38.2718,145.1795,
YTYH,05,23,2985,,Grass,0,0,,,,,
YTYN,09,27,3001,,Concrete,0,0,,,,,
YTYN,17,35,2837,,Concrete,0,0,,,,,
YUCH,11,29,3815,,,0,0,,,,,
YUDG,18,36,3280,,,0,0,,,,,
YUDL,18,36,2296,,,0,0,,,,,
YUMB,12,30,3116,,,0,0,,,,,
YUMU,08,26,5577,,,0,0,,,,,
YUNY,06,24,3297,,,0,0,,,,,
YUPH,18,36,3280,,,0,0,,,,,
YUSL,01,19,3280,,Dirt,0,0,,,,,
YUTP,07,25,3937,,,0,0,,,,,
YUTS,07,25,3937,,,0,0,,,,,
YVAF,13,31,3772,,Grass,0,0,,,,,
YVAL,06,24,4265,108,Grass,0,0,,,,,
YVIV,09,27,3280,,,0,0,,,,,
YVIV,18,36,3937,,,0,0,,,,,
YVLG,09,27,3280,,,0,0,,,,,
YVNS,14,32,3937,,,0,0,,,,,
YVRD,09,27,3589,,,0,0,,,,,
YVSH,15,33,4593,,,0,0,,,,,
YVVA,17,35,2125,,Grass,0,0,,,,,
YVVL,10,28,2952,,,0,0,,,,,
YWAB,06,24,3772,,Concrete,0,0,,,,,
YWAB,16,34,3871,,Concrete,0,0,,,,,
YWAC,09,27,2624,,,0,0,,,,,
YWAG,17,35,3608,,Asphalt,0,0,,,,,
YWAL,08,26,2952,,,0,0,,,,,
YWAL,14,32,4265,,,0,0,,,,,
YWAT,11,29,3280,,,0,0,,,,,
YWAV,14,32,3805,,Concrete,0,0,,,,,
YWBH,10,28,3280,,Grass,0,0,,,,,
YWBI,12,30,3405,,,0,0,,,,,
YWBL,04,22,3507,98,Asphalt,1,0,-38.2987,142.4436,-38.2923,142.4527,49
YWBL,13,31,4501,98,Asphalt,1,0,-38.2898,142.4414,-38.2990,142.4518,138
YWBN,17,35,2798,,,0,0,,,,,
YWBR,18,36,5216,75,Asphalt,1,0,-26.1188,126.5840,-26.1331,126.5820,185
YWBS,12,30,2362,,,0,0,,,,,
YWCA,03,21,3051,60,Asphalt,0,0,-31.5258,143.3752,-31.5190,143.3810,38
YWCA,09,27,3701,98,Clay,0,0,,,,,98
YWCH,06,24,5167,,,0,0,,,,,
YWCH,13,31,2801,,Grass,0,0,,,,,
YWCK,09,27,4922,59,Permeable,1,0,-28.1484,151.9349,-28.1502,151.9510,101
YWCM,09,27,4593,,,0,0,,,,,
YWDA,14,32,4921,,,0,0,,,,,
YWDG,10,28,6070,98,Concrete,0,0,,,,,
YWDH,04,22,4508,98,Asphalt,1,0,-25.4145,142.6630,-25.4065,142.6740,50
YWDJ,09,27,3608,,Concrete,0,0,,,,,
YWDL,11,29,4035,,Concrete,0,0,,,,,
YWDT,09,27,3280,,,0,0,,,,,
YWEE,08,26,5577,,,0,0,,,,,
YWEO,10,28,4757,,Concrete,0,0,,,,,
YWEO,14,32,2296,,Concrete,0,0,,,,,
YWER,18,36,3280,,,0,0,,,,,
YWEX,12,30,3937,,,0,0,,,,,
YWFD,09,27,3937,,,0,0,,,,,
YWGM,09,27,2700,60,Gravel,0,0,,,,,
YWGM,14,32,3800,50,Unpaved,0,0,-31.8642,116.9361,-31.8725,116.9435,143
YWGN,06,24,3937,,,0,0,,,,,
YWGN,16,34,3608,,,0,0,,,,,
YWGT,09,27,1739,60,Grass,0,0,-36.4189,146.3000,-36.4196,146.3060,98
YWGT,18,36,5381,98,Asphalt,1,0,-36.4083,146.3100,-36.4229,146.3070,188
YWGW,09,27,5249,,,0,0,,,,,
YWGW,17,35,3608,,,0,0,,,,,
YWHA,05,23,4619,98,Gravel,1,0,-33.0600,137.5050,-33.0521,137.5181,54
YWHA,17,35,5531,148,Asphalt,1,0,-33.0511,137.5180,-33.0663,137.5200,175
YWHC,01,19,2454,,Concrete,0,0,,,,,
YWHC,12,30,3379,,Asphalt,0,0,,,,,
YWHI,14,32,3608,,Grass,0,0,,,,,
YWHL,12,30,3854,,,0,0,,,,,
YWIB,05,23,3608,,,0,0,,,,,
YWIE,12,30,4265,,,0,0,,,,,
YWIL,14,32,3280,,,0,0,,,,,
YWIO,02,20,3280,,Grass,0,0,,,,,
YWIO,18,36,2296,,Grass,0,0,,,,,
YWIS,14,32,5928,98,Asphalt,0,0,-22.4666,150.1750,-22.4809,150.1830,152
YWKB,08,26,4501,98,Asphalt,1,0,-36.3221,142.4130,-36.3212,142.4280,86
YWKB,17,35,2503,98,Grass,1,0,-36.3175,142.4180,-36.3244,142.4190,176
YWKI,02,20,2736,59,Gravel,1,0,-34.1836,140.0310,-34.1767,140.0350,24
YWKI,08,26,3151,59,Asphalt,1,0,-34.1871,140.0240,-34.1863,140.0340,86
YWKM,04,22,2788,,,0,0,,,,,
YWKM,09,27,4593,,,0,0,,,,,
YWKS,09T,27T,10499,,Ice,0,0,,,,,
YWKW,10,28,3280,,,0,0,,,,,
YWLA,12,30,3182,,,0,0,,,,,
YWLB,09,27,5249,,,0,0,,,,,
YWLB,18,36,6561,,,0,0,,,,,
YWLG,05,23,5335,98,Asphalt,1,0,-30.0373,148.1180,-30.0296,148.1330,58
YWLG,18,36,3783,98,Grass,1,0,-30.0266,148.1260,-30.0369,148.1240,191
YWLM,12,30,10033,148,Asphalt,1,0,-32.7871,151.8226,-32.8049,151.8475,130
YWLN,10,28,3608,,Concrete,0,0,,,,,
YWLP,03,21,1968,,Grass,0,0,,,,,
YWLP,09,27,3116,,Grass,0,0,,,,,
YWLU,03,21,3999,98,Sand,0,0,-26.6372,120.2160,-26.6280,120.2230,34
YWLU,15,33,5942,98,Asphalt,1,0,-26.6266,120.2170,-26.6396,120.2270,147
YWMA,09,27,4839,,,0,0,,,,,
YWMA,13,31,3937,,,0,0,,,,,
YWMC,03,21,2624,50,Gravel,0,0,,,,,
YWMC,11,29,4265,25,Bitumen,1,0,,,,,
YWMG,18,36,3280,,,0,0,,,,,
YWML,16,34,3280,,,0,0,,,,,
YWMP,06,24,3001,,,0,0,,,,,
YWMY,06,24,3280,,,0,0,,,,,
YWMY,11,29,1968,,,0,0,,,,,
YWNA,09,27,3280,,,0,0,,,,,
YWNA,18,36,2624,,,0,0,,,,,
YWND,18,36,4606,,,0,0,,,,,
YWNI,12,30,2723,,,0,0,,,,,
YWNI,17,35,3280,,,0,0,,,,,
YWNL,11,29,5626,,,0,0,,,,,
YWNO,04,22,4265,,,0,0,,,,,
YWNO,10,28,2624,,,0,0,,,,,
YWOH,07,25,4133,,,0,0,,,,,
YWOH,18,36,2460,,,0,0,,,,,
YWOM,13,31,2296,,,0,0,,,,,
YWOR,08,26,4199,,,0,0,,,,,
YWOV,12,30,3280,,Grass,0,0,,,,,
YWOV,16,34,3280,,Grass,0,0,,,,,
YWOX,01,19,3280,,Concrete,0,0,,,,,
YWOX,12,30,3937,,Concrete,0,0,,,,,
YWPA,10,28,3772,,,0,0,,,,,
YWPE,14,32,2870,,UG,0,0,,,,,
YWPL,10,19,3280,,,0,0,,,,,
YWRA,12,30,2998,,,0,0,,,,,
YWRC,08,26,4593,,,0,0,,,,,
YWRE,12,30,3838,,,0,0,,,,,
YWRL,09,27,4921,,,0,0,,,,,
YWRN,03,21,3461,98,Grass,0,0,-31.7407,147.7920,-31.7335,147.8000,42
YWRN,09,27,3894,60,Asphalt,1,0,-31.7333,147.8030,-31.7350,147.8160,100
YWRR,05,23,2985,,,0,0,,,,,
YWRR,13,31,4035,,,0,0,,,,,
YWRT,09,27,2001,,,0,0,,,,,
YWRV,12,30,3280,,,0,0,,,,,
YWSD,09,27,3280,,Concrete,0,0,,,,,
YWSD,27B,09B,2296,,Concrete,0,0,,,,,
YWSG,03,21,2300,,Grass,0,0,,,,,
YWSG,12L,30L,2600,,Grass,0,0,,,,,
YWSG,12R,30R,2300,,,0,0,,,,,
YWSI,05,23,3937,,,0,0,,,,,
YWSL,05,23,1640,98,Grass,0,0,-38.0948,146.9620,-38.0923,146.9670,57
YWSL,09,27,5010,98,Asphalt,1,0,-38.0897,146.9570,-38.0924,146.9770,100
YWSL,14,32,2293,98,Grass,0,0,-38.0918,146.9640,-38.0970,146.9690,146
YWSX,01,19,1640,,,0,0,,,,,
YWSX,09,27,2952,,,0,0,,,,,
YWTL,10,28,3182,,Concrete,0,0,,,,,
YWTN,05,23,2920,59,Clay,0,0,-22.3639,143.0770,-22.3610,143.0827,60
YWTN,14,32,4600,98,Asphalt,1,0,-22.3571,143.0830,-22.3679,143.0900,149
YWTO,09,27,3280,,,0,0,,,,,
YWTO,17,35,2624,,Grass,0,0,,,,,
YWTV,09,27,4593,,,0,0,,,,,
YWUD,07,25,3081,59,Gravel,1,0,-33.0444,135.4400,-33.0421,135.4490,75
YWUD,14,32,4954,98,Asphalt,1,0,-33.0344,135.4410,-33.0455,135.4500,144
YWVA,02,20,3280,,Concrete,0,0,,,,,
YWWA,04,22,3730,,Asphalt,0,0,,,,,
YWWG,03,21,6561,,,0,0,,,,,
YWWG,13,31,6561,,,0,0,,,,,
YWWH,01,19,3161,71,Dirt,0,0,,,,,13
YWWH,02,20,3280,,,0,0,,,,,
YWWI,15,33,4593,,,0,0,,,,,
YWWL,04,22,2559,60,Gravel,0,0,-33.9397,147.1930,-33.9344,147.1980,42
YWWL,09,27,5200,98,Asphalt,1,0,-33.9380,147.1810,-33.9402,147.1980,99
YWYA,07,25,3838,,Concrete,0,0,,,,,
YWYB,09,27,4130,,Dirt,0,0,,,,,
YWYF,08,26,2355,,Concrete,0,0,,,,,
YWYF,17,35,3385,,Concrete,0,0,,,,,
YWYM,12,30,5272,59,Asphalt,1,0,-15.5044,128.1490,-15.5126,128.1610,124
YWYM,18,36,3287,98,Gravel,0,1,-15.5045,128.1500,-15.5132,128.1490,186
YWYY,05,23,2516,98,Paved,0,0,-40.9981,145.7230,-40.9952,145.7310,65
YWYY,09,27,5413,98,Asphalt,1,0,-40.9968,145.7240,-40.9992,145.7430,99
YXCC,H1,-,,,Grass,0,0,,,,,
YXCF,H1,,33,33,Concrete,1,0,,,,,
YXCF,H2,,33,33,Concrete,1,0,,,,,
YXCK,H1,-,,,Grass,1,1,,,,,
YXCP,H1,-,,,Concrete,1,0,,,,,
YXDB,H1,-,100,100,Concrete,1,0,,,,,
YXDN,H1,-,350,250,Grass,1,0,,,,,
YXEM,H1,-,400,250,Grass,1,0,,,,,
YXGC,H1,-,,,Grass,0,0,,,,,
YXGL,H1,-,400,275,Grass,1,0,,,,,
YXTA,18,36,1968,,,0,1,,,,,
YXTA,H1,,20,20,Concrete,0,0,,,,,
YXTA,H2,,20,20,Concrete,0,0,,,,,
YYAA,14,32,3608,,,0,0,,,,,
YYAC,09,27,3001,,Grass,0,0,,,,,
YYAK,18,36,3116,,,0,0,,,,,
YYAL,06,24,3608,,,0,0,,,,,
YYAL,12,30,4593,,,0,0,,,,,
YYBE,01,19,3116,,,0,0,,,,,
YYDE,02,20,3608,,,0,0,,,,,
YYDM,09,27,3280,,,0,0,,,,,
YYEA,15,33,2952,,Grass,0,0,,,,,
YYER,09,27,4921,,,0,0,,,,,
YYER,18,36,4265,,,0,0,,,,,
YYGG,09,27,3937,,,0,0,,,,,
YYKI,12,30,3281,,,0,0,,,,,
YYLD,08,26,2296,,,0,0,,,,,
YYLD,18,36,2132,,,0,0,,,,,
YYLG,02,20,4593,,,0,0,,,,,
YYLG,09,27,3608,,,0,0,,,,,
YYLR,09,27,4921,,Concrete,0,0,,,,,
YYLR,17,35,2624,,,0,0,,,,,
YYMI,11,29,2329,,,0,0,,,,,
YYND,12,30,4724,60,Asphalt,0,0,-22.2494,131.7764,-22.2577,131.7879,127
YYNG,01,19,4003,60,Asphalt,1,0,-34.2609,148.2454,-34.2503,148.2488,15
YYNR,16,34,2755,,,0,0,,,,,
YYNR,17,35,4921,,,0,0,,,,,
YYOO,13,31,2952,,,0,0,,,,,
YYOR,17,35,3740,295,Gravel,1,0,,,,,
YYRK,06,24,3937,,,0,0,,,,,
YYRM,05,23,3576,59,,0,0,-38.5716,146.7483,-38.5670,146.7593,
YYRM,09,27,2480,75,,0,0,-38.5661,146.7485,-38.5673,146.7580,
YYRN,11,29,3116,,,0,0,,,,,
YYRW,18,36,4921,,,0,0,,,,,
YYTA,11,29,3937,,Asphalt,0,0,,,,,
YYUM,18,36,3011,,,0,0,,,,,
YYUN,15,33,2952,,,0,0,,,,,
YYWG,01,19,3750,75,Permeable,1,0,-36.0373,146.0250,-36.0278,146.0300,22
YZAN,09,27,3937,,,0,0,,,,,
ZBAA,01,19,12467,197,Concrete,1,0,40.0589,116.6176,40.0928,116.6123,353
ZBAA,18L,36R,12467,197,Asphalt,1,0,40.0894,116.5948,40.0555,116.6002,173
ZBAA,18R,36L,10499,164,Permeable,1,0,40.1021,116.5697,40.0735,116.5742,173
ZBAD,01L,19R,11155,197,Concrete,1,0,39.4713,116.4310,39.5017,116.4270,353
ZBAD,11L,29R,12467,197,Concrete,1,0,39.5167,116.4310,39.5089,116.4740,103
ZBAD,17L,35R,12467,197,Concrete,1,0,39.5179,116.3961,39.4839,116.4015,173
ZBAD,17R,35L,12467,148,Concrete,1,0,39.5171,116.3873,39.4831,116.3927,173
ZBBB,18,36,,,Paved,0,0,,,,,
ZBCD,12,30,9186,148,,0,0,,,,,
ZBCF,03,21,5774,,,0,0,,,,,
ZBCZ,01,19,8530,,Concrete,1,0,,,,,
ZBDH,08,26,8530,,Concrete,0,0,,,,,
ZBDS,13,31,10499,148,Asphalt,1,0,39.4998,109.8455,39.4841,109.8767,123
ZBDT,14,32,9843,148,Concrete,1,0,40.0711,113.4665,40.0532,113.4928,132
ZBER,12,30,9186,148,Concrete,1,0,,,,,
ZBES,08,26,7874,,,0,0,,,,,
ZBHD,05,23,8530,148,,0,0,,,,,
ZBHH,08,26,11811,148,Concrete,1,0,40.8470,111.8060,40.8559,111.8420,72
ZBHH,08R,26L,11811,148,Concrete,1,1,40.8448,111.8040,40.8544,111.8450,73
ZBHZ,11,29,8858,148,,0,0,,,,,
ZBLA,09,27,8530,148,Concrete,1,0,49.2037,119.8070,49.2063,119.8430,84
ZBLF,17,35,8530,148,Asphalt,1,0,,,,,
ZBLL,18,36,8530,,,0,0,,,,,
ZBMZ,12,30,9186,148,Concrete,1,0,,,,,107
ZBOW,13,31,9186,200,Asphalt,1,0,,,,,130
ZBSG,06,24,8530,148,Concrete,1,0,,,,,65
ZBSJ,15,33,11155,148,Concrete,1,0,38.2936,114.6870,38.2678,114.7080,147
ZBSN,10,28,8858,,Concrete,1,0,,,,,
ZBTJ,16L,34R,10499,148,Concrete,1,0,39.1415,117.3626,39.1155,117.3786,154
ZBTJ,16R,34L,11811,197,Concrete,1,0,39.1374,117.3382,39.1114,117.3542,155
ZBTL,02,20,7546,,Concrete,0,0,,,,,
ZBUC,09,27,10499,,Concrete,0,0,,,,,
ZBUH,01,19,8530,148,Concrete,1,0,,,,,12
ZBUL,14,32,5906,,,0,0,,,,,
ZBXH,04,22,9186,,Concrete,0,0,,,,,
ZBXZ,08,26,8530,,,0,0,,,,,
ZBYC,08,26,10499,148,Concrete,1,0,35.1152,111.0142,35.1212,111.0485,78
ZBYN,13L,31R,11811,148,Concrete,1,0,37.7556,112.6140,37.7382,112.6430,127
ZBYN,13R,31L,11811,148,Concrete,1,0,,,,,
ZBYZ,11,29,8530,148,Permeable,1,0,,,,,
ZBZJ,12,30,8202,148,Concrete,1,0,,,,,
ZBZL,02,20,8202,148,,0,0,,,,,
ZGBH,01,19,10499,148,Concrete,0,0,,,,,11
ZGBS,12,30,8202,145,Concrete,0,0,,,,,
ZGCD,02,20,8366,,,1,0,,,,,
ZGCJ,04,22,7218,,,0,0,,,,,
ZGCZ,07,25,8530,,,0,0,,,,,
ZGDY,08,26,8530,148,,0,0,29.1001,110.4307,29.1058,110.4565,
ZGFS,01,19,9186,180,,1,0,,,,,
ZGGG,01L,19R,11155,148,Concrete,1,0,23.3807,113.2753,23.4105,113.2833,
ZGGG,01R,19L,11811,148,Concrete,1,0,23.3768,113.2840,23.4084,113.2920,14
ZGGG,02L,20R,12467,197,Asphalt,1,0,23.3757,113.3050,23.4089,113.3140,14
ZGGG,02R,20L,12467,197,Concrete,1,0,23.3695,113.3080,23.4028,113.3170,14
ZGGG,03,21,11811,148,Concrete,1,0,23.3548,113.3191,23.3863,113.3277,14
ZGHA,18L,36R,12467,197,Concrete,1,0,28.2091,113.2224,28.1749,113.2245,177
ZGHA,18R,36L,10499,148,Asphalt,1,0,28.2009,113.2190,28.1774,113.2200,177
ZGHC,14,32,7218,148,Concrete,0,0,,,,,
ZGHY,04,22,8530,,,1,0,,,,,
ZGHZ,09,27,7874,,,1,0,,,,,
ZGKL,01,19,10499,147,Concrete,1,0,25.2055,110.0380,25.2307,110.0400,5
ZGLG,18,36,8530,157,,1,0,,,,,
ZGMX,04,22,7874,,Asphalt,1,0,,,,,
ZGNN,05,23,10499,148,Concrete,1,0,22.5996,108.1630,22.6163,108.1820,47
ZGNT,11H,29H,2150,,Asphalt,0,0,22.5597,113.9223,22.5579,113.9284,108
ZGOW,04,22,10499,148,Concrete,1,0,23.5423,116.4950,23.5616,116.5120,40
ZGSD,05,23,13517,148,Permeable,1,0,21.9955,113.3647,22.0212,113.3920,
ZGSY,03,21,8530,148,,0,0,,,,,
ZGSZ,15,33,11155,148,Concrete,1,0,22.6530,113.8030,22.6256,113.8180,155
ZGSZ,16L,34R,12467,197,Concrete,1,0,22.6545,113.7849,22.6239,113.8016,155
ZGSZ,16R,34L,11811,148,Concrete,0,0,22.6591,113.7763,22.6301,113.7922,153
ZGWZ,04,22,8202,118,Asphalt,1,0,,,,,
ZGXN,15L,33R,,,,0,0,,,,,
ZGXX,04,22,8530,,Concrete,1,0,,,,,
ZGYL,04,22,8530,148,Concrete,1,0,,,,,
ZGYY,18,36,8530,,,0,0,,,,,
ZGZH,16,34,8202,,,0,0,,,,,
ZGZJ,15,33,10499,,,1,0,,,,,
ZHCC,12L,30R,11811,197,,1,0,34.5395,113.8410,34.5272,113.8770,116
ZHCC,12R,30L,11155,148,Asphalt,1,0,34.5255,113.8240,34.5138,113.8580,112
ZHEC,01L,19R,11811,148,Concrete,0,0,,,,,
ZHEC,01R,19L,11811,148,Concrete,0,0,,,,,
ZHES,01,19,6890,,Concrete,0,0,,,,,
ZHHH,04,22,11155,148,Asphalt,1,0,30.7723,114.1960,30.7952,114.2200,42
ZHHH,05L,23R,11811,197,Concrete,1,0,30.7576,114.2108,30.7820,114.2357,46
ZHHH,05R,23L,10498,148,Concrete,1,0,30.7582,114.2164,30.7798,114.2385,
ZHJZ,01,19,8530,,Concrete,1,0,,,,,
ZHLY,08,26,8202,148,Concrete,1,0,,,,,
ZHNY,05,23,9186,,,0,0,,,,,
ZHQQ,03,21,8530,,,0,0,,,,,
ZHSN,17,35,9186,,,1,0,,,,,
ZHSY,13,31,8530,148,,0,0,,,,,
ZHXF,01,19,8530,148,Asphalt,1,0,,,,,
ZHXY,07,25,8858,164,Asphalt,1,0,,,,,
ZHYC,14,32,10499,148,Concrete,1,0,30.5645,111.4702,30.5447,111.4945,
ZJHK,09,27,11811,148,Concrete,1,0,19.9348,110.4420,19.9349,110.4760,90
ZJHK,10,28,11811,197,Concrete,1,0,19.9537,110.4483,19.9538,110.4827,
ZJQH,15,33,10499,148,Concrete,1,0,19.1540,110.4452,19.1289,110.4603,
ZJSY,08,26,11155,148,Concrete,1,0,18.3008,109.3960,18.3050,109.4280,82
ZKHM,04,22,8202,196,Concrete,0,0,,,,,34
ZKPY,01,19,12475,197,Concrete,1,1,39.2277,125.6760,39.2619,125.6760,1
ZKPY,17,35,11490,230,Concrete,1,0,39.2204,125.6640,39.1902,125.6760,163
ZKSD,2,20,8210,,Concrete,0,0,,,,,
ZKSE,07,25,10750,197,Asphalt,0,0,,,,,
ZKUJ,04,22,8180,174,Concrete,0,0,,,,,
ZKWS,15L,33R,11482,198,Concrete,0,0,,,,,
ZKWS,15R,33L,10252,148,Concrete,0,0,,,,,
ZLAK,11,29,8530,100,Concrete,1,0,,,,,
ZLDH,08,26,9186,148,Concrete,1,0,,,,,
ZLDL,07,25,9843,,,0,0,,,,,
ZLGL,12,30,12467,150,Asphalt,0,0,,,,,
ZLGM,09,27,15748,160,Concrete,0,0,,,,,
ZLGY,18,36,9186,148,,0,0,,,,,
ZLHB,10,28,11155,,,0,0,,,,,
ZLHX,15,33,11811,,,0,0,,,,,
ZLHZ,07,25,8202,,,0,0,,,,,
ZLIC,03,21,11811,148,Concrete,1,0,38.3071,106.3821,38.3353,106.4023,
ZLJC,13,31,9843,,Concrete,0,0,,,,,
ZLJQ,14,32,9843,131,Paved,0,0,,,,,
ZLLL,01,19,13123,148,Asphalt,1,0,36.5037,103.6465,36.5397,103.6442,
ZLLL,18L,36R,13123,148,Asphalt,1,0,36.5316,103.6238,36.4956,103.6261,177
ZLLL,18R,36L,11811,148,Asphalt,1,0,,,,,
ZLLN,08,26,9186,148,Concrete,1,0,,,,,
ZLQY,14,32,8530,157,,1,0,,,,,
ZLTS,10,28,9186,148,,0,0,,,,,
ZLXH,10,28,10499,,,1,0,,,,,
ZLXN,11,29,12467,148,Asphalt,1,0,36.5359,102.0195,36.5247,102.0596,
ZLXY,05L,23R,12467,148,Asphalt,1,0,34.4422,108.7356,34.4647,108.7668,49
ZLXY,05R,23L,12467,198,Permeable,1,0,,,,,
ZLXY,06L,24R,12467,197,Concrete,1,0,34.4210,108.7511,34.4435,108.7822,49
ZLXY,06R,24L,9843,148,Concrete,1,0,34.4231,108.7603,34.4409,108.7850,
ZLYA,17,35,9843,200,,1,0,,,,,
ZLYL,16,34,9186,148,Asphalt,1,0,,,,,
ZLYS,10,28,12467,,Concrete,0,0,,,,,
ZLZW,09,27,9186,,Concrete,0,0,,,,,
ZLZY,11,29,9843,,,0,0,,,,,
ZMAH,14,32,7546,,,0,0,,,,,
ZMAT,10,28,7513,,,0,0,,,,,
ZMBD,15,33,3938,,,0,0,,,,,
ZMBH,16,34,9186,114,Asphalt,1,0,46.1748,100.6970,46.1519,100.7110,157
ZMBH,16R,34L,6889,164,Gravel,1,1,46.1747,100.6960,46.1578,100.7060,157
ZMBN,13,31,6234,,,0,0,,,,,
ZMBS,17,35,5906,,,0,0,,,,,
ZMBU,18,36,7217,164,Asphalt,0,0,46.6700,113.2830,46.6507,113.2870,172
ZMCD,12,30,8530,131,Concrete,1,0,48.1401,114.6300,48.1313,114.6620,112
ZMCK,11,29,11811,148,Asphalt,1,0,47.6510,106.7970,47.6428,106.8430,105
ZMDZ,03,21,7545,164,Concrete,0,0,43.5823,104.4230,43.6012,104.4360,27
ZMHH,01,19,5905,,Grass,0,0,,,,,
ZMHU,09,27,7218,,,0,0,,,,,
ZMKD,15,33,,,,0,1,,,,,
ZMKD,16,34,9352,160,Asphalt,1,0,47.9656,91.6199,47.9419,91.6346,157
ZMKD,16L,34R,6535,164,Gravel,0,1,47.9603,91.6250,47.9437,91.6349,158
ZMMN,10,28,7874,138,Asphalt,1,0,49.6656,100.0830,49.6610,100.1160,102
ZMSH,15,33,9183,,,0,0,,,,,
ZMTT,15,33,7710,98,,0,0,,,,,144
ZMUB,14,32,10170,197,Asphalt,1,0,47.8530,106.7530,47.8322,106.7810,136
ZMUB,15,33,6560,131,Gravel,0,0,47.8508,106.7500,47.8360,106.7650,145
ZMUG,13,31,8815,98,Concrete,0,0,,,,,
ZMUL,13,31,7874,,,0,0,,,,,
ZPBS,01,19,7874,,,0,0,,,,,
ZPCW,05,23,8530,148,Concrete,0,0,,,,,
ZPDL,17,35,8202,148,Asphalt,1,0,,,,,
ZPDQ,16,34,11647,,Asphalt,1,0,,,,,
ZPJH,16,34,7874,148,Asphalt,1,0,21.9833,100.7560,21.9646,100.7630,160
ZPJM,12,30,8530,148,,0,0,,,,,
ZPLC,16,34,7874,,,0,0,,,,,
ZPLJ,02,20,9843,148,Asphalt,1,0,26.6641,100.2403,26.6900,100.2492,
ZPMS,05,23,7218,,Asphalt,1,0,,,,,
ZPPP,03,21,13123,148,Concrete,1,0,25.1022,102.9170,25.1305,102.9416,39
ZPPP,04,22,14764,197,Asphalt,1,0,25.0897,102.9307,25.1215,102.9584,39
ZPSM,18,36,8104,,,0,0,,,,,
ZPWS,02,20,7874,,,0,0,,,,,
ZPZT,04,22,8530,148,Asphalt,1,0,,,,,
ZSAM,05,23,11155,148,Asphalt,1,0,24.5346,118.1150,24.5534,118.1410,53
ZSAQ,06,24,9186,,Concrete,1,0,,,,,
ZSCG,11,29,11155,,Concrete,1,0,,,,,
ZSCN,03,21,11155,148,Concrete,1,0,28.8534,115.8940,28.8766,115.9060,23
ZSDL,13,31,,,,0,0,,,,,
ZSDY,18,36,9186,,Concrete,1,0,,,,,
ZSFY,03,21,7874,,Concrete,1,0,,,,,
ZSFZ,03,21,11811,148,Concrete,1,0,25.9204,119.6553,25.9493,119.6716,27
ZSFZ,03R,21L,11811,198,Concrete,1,1,,,,,
ZSFZ,04,22,11811,148,Concrete,1,0,25.9117,119.6719,25.9407,119.6883,27
ZSGZ,07,25,8530,,,1,0,,,,,
ZSHC,06,24,11155,197,Concrete,1,0,30.2382,120.4083,30.2521,120.4398,63
ZSHC,07,25,11811,148,Concrete,1,0,30.2221,120.4178,30.2369,120.4511,63
ZSHZ,18,36,8530,,,0,0,,,,,
ZSJD,04,22,7874,,Concrete,1,0,,,,,
ZSJG,09,27,9186,148,Concrete,1,0,,,,,
ZSJJ,04,22,9186,165,Concrete,1,0,,,,,
ZSJN,01,19,11812,148,Concrete,1,0,36.8410,117.2160,36.8734,117.2160,360
ZSJU,06,24,6234,,,1,0,,,,,
ZSLG,03,21,9186,,,0,0,,,,,
ZSLO,03,21,7874,,Cement,1,0,,,,,
ZSLQ,03,21,8202,,,1,0,,,,,
ZSLY,17,35,10498,196,Paved,1,0,,,,,
ZSNB,13,31,10499,148,Concrete,1,0,29.8346,121.4480,29.8188,121.4760,123
ZSNJ,06,24,11811,148,Concrete,1,0,31.7334,118.8460,31.7506,118.8780,58
ZSNJ,07,25,11810,197,Concrete,1,0,31.7135,118.8481,31.7307,118.8803,58
ZSNT,18,36,11155,148,Concrete,1,0,32.0895,120.9795,32.0588,120.9806,
ZSOF,15,33,11155,164,Concrete,1,0,32.0017,116.9675,31.9752,116.9855,135
ZSPD,15,33,11155,197,Concrete,1,0,,,,,
ZSPD,16L,34R,12467,197,Concrete,1,0,31.1602,121.8162,31.1276,121.8285,162
ZSPD,16R,34L,12467,197,Concrete,1,0,31.1590,121.8120,31.1264,121.8240,162
ZSPD,17L,35R,13123,197,Concrete,1,0,31.1613,121.7860,31.1270,121.7990,162
ZSPD,17R,35L,11154,197,Concrete,1,0,31.1548,121.7832,31.1257,121.7942,162
ZSQD,16,34,11811,197,Concrete,1,0,36.3813,120.0932,36.3504,120.1054,
ZSQD,17,35,11811,148,Concrete,1,0,36.3710,120.0717,36.3401,120.0839,
ZSQZ,03,21,8530,164,Asphalt,1,0,24.7871,118.5827,24.8073,118.5957,34
ZSRZ,13,31,8530,,,1,0,,,,,
ZSSH,04,22,9186,148,Concrete,1,0,33.7821,119.1175,33.8026,119.1352,
ZSSM,06,24,8530,,,1,0,,,,,
ZSSR,06,24,7874,148,Concrete,1,0,,,,,
ZSSS,18L,36R,11154,148,Asphalt,1,0,31.2132,121.3350,31.1825,121.3370,176
ZSSS,18R,36L,10826,197,Concrete,1,0,31.2100,121.3320,31.1860,121.3330,176
ZSTX,13,31,8530,148,Asphalt,1,0,29.7409,118.2456,29.7265,118.2668,
ZSWA,06,24,9186,,,1,0,,,,,
ZSWF,17,35,8530,,Concrete,1,0,,,,,
ZSWH,02,20,8530,148,Concrete,1,0,37.1760,122.2240,37.1983,122.2340,19
ZSWX,03,21,10499,164,Asphalt,1,0,31.4838,120.4247,31.5109,120.4364,20
ZSWY,03,21,7874,,CEM,1,0,,,,,
ZSWZ,03,21,10499,148,Concrete,1,0,27.8958,120.8445,27.9212,120.8599,
ZSXZ,09,27,11548,148,Concrete,1,0,34.0581,117.5381,34.0606,117.5748,90
ZSYA,17,35,10499,148,Concrete,1,0,32.5810,119.7149,32.5529,119.7227,
ZSYC,06,24,7874,,,1,0,,,,,
ZSYN,04,22,9186,164,Concrete,1,0,33.4185,120.1958,33.4382,120.2146,
ZSYT,05,23,11155,,Concrete,1,0,,,,,
ZSYW,02,20,9843,148,Asphalt,1,0,29.3298,120.0267,29.3555,120.0364,
ZSZS,18,36,8202,148,Concrete,1,0,,,,,
ZUAL,15,33,14764,,Asphalt,0,0,,,,,
ZUAS,08,26,9186,,,0,0,,,,,
ZUBD,14,32,14764,148,Asphalt,1,0,,,,,
ZUBJ,08,26,8530,148,Concrete,1,0,,,,,
ZUCK,02L,20R,10499,148,Concrete,1,0,29.7052,106.6367,29.7328,106.6463,17
ZUCK,02R,20L,11811,148,Concrete,1,0,29.7048,106.6407,29.7358,106.6514,19
ZUCK,03L,21R,12467,197,Concrete,1,0,29.7143,106.6615,29.7471,106.6729,
ZUCK,03R,21L,11154,148,Concrete,1,0,29.7210,106.6679,29.7503,106.6781,17
ZUDA,02,20,8530,,,1,0,,,,,
ZUDC,16,34,13780,148,Concrete,1,0,,,,,
ZUDX,02,20,6562,,,0,0,,,,,
ZUGH,13,31,7218,148,Asphalt,1,0,,,,,
ZUGU,08,26,8202,,,0,0,,,,,
ZUGY,01L,19R,10499,148,Concrete,1,0,26.5242,106.7980,26.5527,106.8040,10
ZUGY,01R,19L,13123,148,Concrete,1,0,26.5233,106.8020,26.5571,106.8086,
ZUGZ,12,30,13123,,,0,0,,,,,
ZUHY,16,34,11811,148,Concrete,1,0,32.5470,102.3470,32.5161,102.3580,163
ZUJZ,02,20,10499,,Concrete,0,0,,,,,
ZUKD,15,33,13123,172,Concrete,0,0,,,,,
ZUKJ,04,22,8530,,,0,0,,,,,
ZULB,03,21,7546,90,Asphalt,0,0,,,,,
ZULS,09,27,13123,148,Concrete,1,0,,,,,
ZULS,10L,28R,13123,148,Concrete,1,0,,,,,
ZULS,10R,28L,13123,148,Asphalt,1,0,29.2978,90.8917,29.2984,90.9328,89
ZULZ,07,25,8858,,,0,0,,,,,
ZUMT,17,35,8530,148,,1,0,,,,,
ZUMY,14,32,7874,,,0,0,,,,,
ZUNC,06,24,7874,,,0,0,,,,,
ZUNP,06,24,7218,,,0,0,,,,,
ZUNZ,05,23,9843,,,0,0,,,,,
ZUPS,05,23,8202,,,0,0,,,,,
ZUQJ,03,21,7874,,,0,0,,,,,
ZURK,07,25,9843,35,Concrete,0,0,,,,,
ZURK,09,27,16404,197,Concrete,0,0,,,,,
ZUTC,18,36,7710,,,0,0,,,,,
ZUTF,01,19,13123,197,Concrete,1,0,30.2904,104.4175,30.3238,104.4332,
ZUTF,02,20,10499,148,Concrete,1,0,30.2776,104.4384,30.3044,104.4510,
ZUTF,11,29,12467,148,Concrete,1,0,30.3151,104.4599,30.3022,104.4965,
ZUTR,04,22,9022,,Asphalt,0,0,,,,,
ZUUU,02L,20R,11811,148,Asphalt,1,0,30.5635,103.9400,30.5936,103.9540,24
ZUUU,02R,20L,11811,197,Concrete,1,0,30.5195,103.9370,30.5496,103.9507,24
ZUWL,01,19,9186,,Asphalt,1,0,,,,,
ZUWS,06,24,8530,,,0,0,,,,,
ZUWX,11,29,7874,,,0,0,,,,,
ZUXC,18,36,11811,164,Concrete,1,0,28.0053,102.1840,27.9728,102.1850,178
ZUYB,11,29,8530,,,0,0,,,,,
ZUYI,16,34,7546,,,0,0,,,,,
ZUZH,02,20,9186,,Paved,1,0,,,,,
ZUZY,18,36,9186,,,0,0,,,,,
ZWAK,09,27,7874,,Asphalt,1,0,,,,,
ZWAL,01,19,9186,148,Concrete,0,0,,,,,
ZWAT,12,30,7218,,Concrete,1,0,,,,,
ZWBL,10,28,8530,,,1,0,,,,,
ZWCM,04,22,9186,,,1,0,,,,,
ZWFY,12,30,8530,,,1,0,,,,,
ZWHM,11,29,7874,,Concrete,1,0,,,,,
ZWHZ,09,27,7874,,,1,0,,,,,
ZWKC,08,26,8530,,Asphalt,1,0,41.6762,82.8574,41.6790,82.8882,83
ZWKL,04,22,9121,148,,1,0,,,,,
ZWKM,13,31,8530,,,1,0,,,,,
ZWKN,12,30,8202,,Concrete,0,0,,,,,
ZWNL,08,26,7546,148,Asphalt,1,0,,,,,
ZWRQ,04,22,9186,148,,0,0,,,,,
ZWSC,15,33,9842,148,,0,0,,,,,
ZWSH,08,26,10499,135,Concrete,1,0,39.5419,76.0014,39.5439,76.0385,86
ZWTC,12,30,7808,148,,1,0,,,,,
ZWTL,09,27,9186,,,1,0,,,,,
ZWTN,11,29,10499,164,Concrete,1,0,37.0435,79.8482,37.0335,79.8816,110
ZWWW,07,25,11811,148,Asphalt,1,0,43.9025,87.4527,43.9117,87.4958,74
ZWWW,08L,26R,10498,198,Permeable,1,0,43.9236,87.4545,43.9318,87.4927,
ZWWW,08R,26L,11811,198,Permeable,1,0,43.9194,87.4510,43.9284,87.4941,
ZWYN,06,24,7874,148,,1,0,,,,,
ZWYT,08,26,10499,148,,1,0,,,,,
ZYAS,02,20,8530,,,0,0,,,,,
ZYBA,07,25,8202,147,,0,0,,,,,
ZYBS,01,19,8530,,,0,0,,,,,
ZYCC,06,24,10500,148,Concrete,1,0,43.9868,125.6700,44.0056,125.7000,49
ZYCH,17,35,2625,79,Permeable,1,0,,,,,
ZYCY,18,36,6562,,,0,0,,,,,
ZYDD,01,19,8530,,Concrete,0,0,,,,,
ZYDQ,17,35,8530,148,Concrete,0,0,,,,,
ZYDU,08,26,8202,,,0,0,,,,,
ZYFY,05,23,8202,148,,0,0,,,,,
ZYHB,05L,23R,10499,148,Asphalt,1,0,45.6123,126.2370,45.6345,126.2630,39
ZYHB,05R,23L,11811,148,Concrete,1,0,45.5775,126.2090,45.6025,126.2383,
ZYHE,17,35,8202,148,Asphalt,0,0,,,,,
ZYJD,18,36,7546,,Concrete,0,0,,,,,
ZYJM,06,24,8202,148,Concrete,1,0,46.8359,130.4530,46.8493,130.4750,48
ZYJS,15,33,8202,,Concrete,0,0,,,,,
ZYJX,12,30,7546,155,Concrete,0,0,,,,,
ZYJZ,04,22,8202,,,0,0,,,,,
ZYLD,12,30,7546,,,0,0,,,,,
ZYMD,04,22,8530,148,Concrete,1,0,44.5135,129.5620,44.5346,129.5760,26
ZYMH,15,33,7218,,Concrete,0,0,,,,,
ZYQQ,17L,35R,11811,164,Concrete,1,0,47.2504,123.9120,47.2288,123.9250,158
ZYQQ,17R,35L,9843,164,Concrete,1,0,,,,,
ZYSQ,04,22,8202,148,,0,0,,,,,
ZYTL,10,28,10827,148,Concrete,1,0,38.9671,121.5200,38.9642,121.5580,96
ZYTN,05,23,7546,,,0,0,,,,,
ZYTX,06,24,10499,148,Concrete,1,0,41.6304,123.4690,41.6493,123.4980,49
ZYYJ,09,27,8530,148,Concrete,1,0,42.8811,129.4360,42.8845,129.4670,82
ZYYK,04,22,8202,,,0,0,,,,,
